CustomerID,Churn,Tenure,PreferredLoginDevice,CityTier,WarehouseToHome,PreferredPaymentMode,Gender,HourSpendOnApp,NumberOfDeviceRegistered,PreferedOrderCat,SatisfactionScore,MaritalStatus,NumberOfAddress,Complain,OrderAmountHikeFromlastYear,CouponUsed,OrderCount,DaySinceLastOrder,CashbackAmount
50001,0,25,Computer,1,112,UPI,Male,0,6,Fashion,5,Married,1,1,,13,1,20,130.86
50002,1,9,Computer,1,37,UPI,Female,5,3,Mobile Phone,2,Married,12,0,24,16,3,41,221.94
50003,0,28,Phone,2,23,E wallet,Female,1,4,Grocery,2,Single,8,0,23,7,8,10,320.1
50004,0,53,Phone,1,111,Debit Card,Female,3,6,Mobile Phone,5,Married,8,0,12,7,16,,291.64
50005,0,15,Mobile Phone,2,115,Credit Card,Female,3,1,Others,3,Single,12,0,12,16,3,36,264.45
50006,0,35,Phone,1,125,Debit Card,Female,1,6,Laptop & Accessory,5,Single,4,1,15,0,4,3,264.46
50007,0,19,Mobile Phone,2,20,UPI,Male,5,3,Fashion,2,Married,16,0,18,6,10,25,193.72
50008,1,44,Mobile Phone,1,103,Debit Card,Male,1,2,Laptop & Accessory,5,Married,2,0,,13,2,19,82.15
50009,0,53,Phone,3,15,Cash on Delivery,Male,5,2,Mobile Phone,4,Single,4,0,15,5,3,6,153.38
50010,0,36,Phone,1,79,Cash on Delivery,Male,1,2,Mobile Phone,5,Single,4,0,18,,5,37,46.33
50011,0,21,Phone,1,78,UPI,Male,3,3,Fashion,1,Single,11,0,14,13,12,26,184.09
50012,1,6,Computer,3,102,Debit Card,Female,3,1,Fashion,5,Divorced,3,0,19,6,11,16,7.48
50013,1,,Mobile Phone,1,120,Credit Card,Male,0,5,Laptop & Accessory,2,Married,10,0,,14,16,31,61.58
50014,0,40,Mobile Phone,1,73,UPI,Male,5,6,Grocery,2,Divorced,12,0,14,7,6,9,231.5
50015,0,39,Mobile Phone,1,91,Cash on Delivery,Female,3,2,Laptop & Accessory,2,Single,17,0,15,15,6,10,89.99
50016,0,28,Phone,1,59,UPI,Female,5,1,Mobile Phone,4,Divorced,9,0,22,,7,17,136.49
50017,0,15,Phone,3,29,Debit Card,Female,5,4,Laptop & Accessory,2,Single,21,0,22,,12,1,270.42
50018,0,37,Phone,2,97,Debit Card,Female,2,4,Others,1,Divorced,2,0,22,1,10,34,14.48
50019,0,27,Phone,1,108,Debit Card,Female,2,1,Laptop & Accessory,5,Divorced,18,0,17,7,8,5,7.39
50020,0,47,Phone,2,81,E wallet,Male,1,4,Laptop & Accessory,3,Married,12,0,19,10,6,2,74.42
50021,0,37,Computer,2,115,Debit Card,Female,5,4,Others,2,Married,6,0,25,3,10,6,222.44
50022,0,30,Phone,3,100,Cash on Delivery,Female,1,2,Mobile Phone,5,Divorced,18,0,15,1,6,34,76.74
50023,0,13,Mobile Phone,1,38,Cash on Delivery,Male,1,3,Fashion,4,Single,13,0,24,4,2,12,280.7
50024,0,52,Phone,2,16,E wallet,Male,0,3,Laptop & Accessory,5,Married,15,0,17,13,13,37,114.35
50025,0,32,Mobile Phone,2,92,Cash on Delivery,Female,2,3,Grocery,2,Divorced,1,0,23,12,3,1,92.14
50026,0,56,Phone,1,108,Cash on Delivery,Female,2,3,Fashion,2,Single,8,1,,,16,1,75.7
50027,0,8,Phone,1,25,UPI,Male,3,1,Grocery,2,Married,18,0,14,10,,7,186.54
50028,0,56,Mobile Phone,1,33,Debit Card,Female,2,2,Laptop & Accessory,1,Divorced,20,1,12,7,6,8,278.3
50029,0,26,Mobile Phone,2,55,UPI,Female,3,1,Grocery,5,Single,12,1,12,14,6,33,131.97
50030,0,23,Mobile Phone,1,125,UPI,Female,5,6,Fashion,3,Single,20,0,15,5,15,38,82.07
50031,0,12,Mobile Phone,3,27,Cash on Delivery,Female,0,6,Grocery,1,Divorced,12,0,12,16,,30,136.78
50032,0,25,Computer,1,37,Credit Card,Female,1,4,Grocery,3,Single,1,0,24,10,15,28,294.06
50033,0,28,Mobile Phone,2,12,Debit Card,Male,1,2,Fashion,2,Divorced,10,0,25,,11,35,108.72
50034,1,50,Phone,3,46,Credit Card,Male,5,5,Fashion,3,Single,19,1,12,1,2,21,213.12
50035,1,48,Phone,2,81,Cash on Delivery,Female,,3,Fashion,3,Divorced,19,1,12,2,8,22,107.17
50036,0,42,Computer,3,73,E wallet,Female,4,6,Fashion,1,Married,11,1,14,13,2,12,219.3
50037,0,27,Mobile Phone,3,122,UPI,Male,5,6,Others,1,Single,3,0,18,8,3,34,286.33
50038,0,27,Phone,1,45,Cash on Delivery,Male,3,4,Laptop & Accessory,5,Divorced,14,0,17,7,1,43,194.53
50039,0,,Computer,2,78,Cash on Delivery,Male,5,3,Fashion,3,Divorced,18,1,15,11,9,2,307.92
50040,0,22,Phone,1,67,Credit Card,Female,0,3,Mobile Phone,1,Single,6,0,17,11,3,8,195.49
50041,0,28,Computer,2,18,E wallet,Male,5,3,Grocery,5,Married,9,0,16,9,2,17,316.83
50042,0,,Computer,1,92,UPI,Female,,6,Fashion,3,Divorced,9,1,25,8,6,,235.21
50043,0,41,Mobile Phone,2,66,E wallet,Female,2,5,Fashion,3,Married,17,0,18,1,8,28,212.16
50044,1,6,Computer,2,79,E wallet,Female,,4,Laptop & Accessory,2,Single,4,1,24,10,4,11,269.7
50045,0,41,Phone,1,50,E wallet,Female,0,3,Fashion,1,Married,4,0,25,9,1,38,3.61
50046,0,35,Phone,1,71,Debit Card,Female,1,3,Others,4,Single,19,1,18,7,14,22,83.61
50047,0,40,Mobile Phone,3,97,E wallet,Male,4,2,Mobile Phone,1,Divorced,16,0,17,4,7,,70.23
50048,0,26,Mobile Phone,1,57,Cash on Delivery,Male,4,3,Mobile Phone,2,Married,17,0,15,4,14,23,36.04
50049,0,,Computer,1,116,Debit Card,Male,3,2,Fashion,5,Single,3,1,16,8,14,43,304.78
50050,0,45,Mobile Phone,1,56,Debit Card,Male,5,4,Laptop & Accessory,1,Divorced,7,1,21,10,3,42,42.58
50051,1,1,Phone,3,98,E wallet,Female,2,4,Fashion,3,Married,5,0,21,11,5,43,85.42
50052,0,24,Phone,3,117,Cash on Delivery,Male,5,4,Grocery,4,Single,21,0,20,4,11,29,108.93
50053,1,8,Mobile Phone,2,105,UPI,Male,3,2,Mobile Phone,5,Married,3,1,18,5,2,30,203
50054,1,52,Mobile Phone,3,126,E wallet,Male,4,6,Grocery,1,Divorced,12,0,17,0,15,18,249.43
50055,0,26,Mobile Phone,1,11,Debit Card,Male,4,6,Others,5,Divorced,19,0,15,15,16,20,196.52
50056,1,0,Computer,3,85,UPI,Male,5,5,Mobile Phone,3,Single,9,0,20,,8,9,243.41
50057,0,22,Computer,1,88,UPI,Male,5,5,Mobile Phone,4,Married,3,0,18,13,16,3,130.69
50058,0,9,Phone,1,58,Debit Card,Female,5,6,Others,3,Married,3,0,,12,16,17,323.63
50059,0,41,Computer,1,15,UPI,Female,1,6,Grocery,4,Divorced,16,0,23,11,3,44,55.28
50060,0,51,Computer,2,112,Cash on Delivery,Male,2,3,Fashion,5,Married,20,0,16,6,,36,129.92
50061,0,24,Computer,2,29,Cash on Delivery,Female,2,4,Laptop & Accessory,1,Married,13,0,,5,1,,270.46
50062,0,53,Computer,1,63,E wallet,Female,4,6,Grocery,4,Married,6,1,22,8,16,35,80.2
50063,0,60,Phone,3,92,E wallet,Female,4,1,Others,3,Single,1,1,15,15,6,,244.02
50064,0,2,Mobile Phone,1,70,UPI,Female,3,6,Others,4,Divorced,11,0,20,8,3,26,118.39
50065,0,5,Phone,1,31,Debit Card,Female,3,3,Others,5,Single,18,0,13,13,14,40,57.72
50066,0,60,Computer,1,87,Cash on Delivery,Male,1,6,Mobile Phone,5,Divorced,3,0,12,8,4,23,131.09
50067,0,57,Mobile Phone,2,62,Credit Card,Female,4,5,Fashion,5,Single,18,0,21,3,11,28,255.06
50068,0,5,Mobile Phone,3,97,E wallet,Female,3,5,Mobile Phone,1,Single,11,1,11,8,4,23,36.39
50069,0,52,Mobile Phone,1,105,Cash on Delivery,Male,1,4,Mobile Phone,5,Single,15,1,13,7,15,28,167.73
50070,1,1,Phone,2,15,UPI,Female,2,2,Mobile Phone,1,Married,3,0,23,13,8,38,240.94
50071,0,57,Mobile Phone,1,59,Cash on Delivery,Female,,3,Others,2,Divorced,12,1,21,4,9,17,244.26
50072,0,57,Phone,2,23,Cash on Delivery,Male,0,2,Grocery,4,Single,21,0,11,15,15,9,126.62
50073,0,17,Phone,3,,UPI,Female,4,5,Laptop & Accessory,3,Married,12,0,,9,5,8,151.59
50074,0,22,Computer,1,43,E wallet,Male,,4,Laptop & Accessory,1,Single,17,0,16,,12,10,278.45
50075,0,1,Computer,3,89,E wallet,Female,4,5,Fashion,1,Married,1,1,21,8,11,11,67.72
50076,0,11,Mobile Phone,2,94,Credit Card,Female,0,4,Fashion,3,Single,11,0,12,2,10,1,322.59
50077,0,21,Mobile Phone,1,90,Credit Card,Male,4,6,Others,4,Divorced,15,0,13,0,10,25,136.25
50078,0,36,Computer,3,74,E wallet,Female,3,1,Laptop & Accessory,5,Divorced,9,0,23,14,3,8,89.52
50079,0,19,Phone,1,15,E wallet,Male,2,2,Grocery,4,Single,7,1,18,6,9,16,0.84
50080,0,38,Phone,1,18,E wallet,Female,3,3,Others,1,Single,11,0,15,,16,34,40.63
50081,1,23,Computer,1,64,E wallet,Female,1,4,Fashion,5,Single,18,0,22,15,1,45,245.87
50082,0,47,Phone,1,40,Cash on Delivery,Female,,6,Others,2,Single,7,0,12,7,1,2,211
50083,0,19,Computer,3,108,Credit Card,Female,1,6,Fashion,3,Married,18,0,12,11,3,5,80.11
50084,0,0,Computer,2,45,UPI,Male,4,1,Laptop & Accessory,4,Divorced,15,0,13,5,,42,301.28
50085,0,0,Mobile Phone,3,6,Debit Card,Female,1,6,Others,5,Married,16,0,13,9,8,22,271.6
50086,0,16,Mobile Phone,1,61,UPI,Female,5,6,Mobile Phone,3,Divorced,15,0,18,13,5,34,87.51
50087,0,58,Computer,1,111,Debit Card,Male,4,1,Fashion,4,Single,4,0,15,4,10,14,107.28
50088,0,0,Mobile Phone,1,64,Cash on Delivery,Male,1,2,Mobile Phone,1,Divorced,3,0,18,3,1,7,60.04
50089,1,52,Computer,2,24,Credit Card,Male,3,6,Fashion,1,Single,14,1,14,13,3,31,208.83
50090,0,51,Phone,3,26,Debit Card,Female,0,4,Mobile Phone,1,Single,21,1,19,16,3,33,227.87
50091,0,44,Phone,2,107,E wallet,Male,4,3,Laptop & Accessory,2,Married,3,0,13,0,13,10,128.66
50092,0,29,Phone,1,8,Cash on Delivery,Male,1,3,Laptop & Accessory,1,Divorced,16,0,12,16,2,45,239.58
50093,0,40,Phone,3,60,Debit Card,Male,0,3,Grocery,1,Married,15,0,16,8,9,2,322.26
50094,0,46,Computer,2,97,E wallet,Male,1,5,Grocery,1,Married,19,0,21,15,16,28,198.88
50095,0,2,Phone,1,114,Cash on Delivery,Female,,5,Grocery,5,Married,10,0,25,2,13,9,211.02
50096,0,45,Phone,3,62,Debit Card,Female,1,4,Others,3,Married,21,0,14,9,16,17,121.5
50097,0,54,Phone,1,92,E wallet,Female,,6,Fashion,2,Divorced,17,0,12,16,1,17,3.44
50098,0,10,Phone,1,,Credit Card,Male,1,6,Others,4,Divorced,4,0,24,,16,11,310.02
50099,0,23,Computer,1,92,Cash on Delivery,Male,0,3,Grocery,2,Married,18,0,16,0,10,26,251.01
50100,0,21,Phone,1,62,Debit Card,Male,5,1,Fashion,3,Divorced,10,0,14,14,5,18,226.06
50101,0,43,Mobile Phone,1,34,E wallet,Female,1,6,Others,1,Single,16,0,20,6,9,40,9.69
50102,0,44,Mobile Phone,1,80,Credit Card,Male,5,3,Laptop & Accessory,1,Divorced,3,1,21,7,12,32,246.68
50103,0,25,Mobile Phone,1,23,E wallet,Male,2,4,Fashion,4,Married,12,0,14,3,3,24,217.78
50104,0,12,Mobile Phone,2,105,Credit Card,Female,,3,Grocery,2,Single,19,0,23,11,10,43,184.89
50105,1,0,Mobile Phone,3,66,Debit Card,Female,3,2,Laptop & Accessory,2,Single,21,0,20,1,3,1,202.67
50106,0,23,Mobile Phone,2,126,E wallet,Female,2,3,Fashion,4,Single,3,0,14,6,7,1,298.47
50107,0,9,Computer,1,108,E wallet,Female,2,6,Others,2,Single,9,0,14,5,1,4,2.17
50108,0,34,Mobile Phone,1,111,UPI,Female,0,6,Grocery,2,Single,7,1,18,1,13,21,51.02
50109,0,23,Phone,1,122,Cash on Delivery,Male,,1,Others,2,Married,16,0,11,6,9,32,290.8
50110,0,27,Mobile Phone,1,72,E wallet,Male,5,4,Laptop & Accessory,4,Married,21,1,19,1,7,43,2.67
50111,0,35,Computer,2,83,Credit Card,Male,5,4,Laptop & Accessory,4,Single,21,0,24,3,14,4,293.68
50112,0,15,Mobile Phone,2,88,Cash on Delivery,Female,3,1,Laptop & Accessory,3,Married,1,0,13,15,12,,9.63
50113,1,39,Phone,2,48,Debit Card,Female,3,4,Fashion,2,Divorced,15,1,15,5,12,13,253.28
50114,0,15,Phone,2,88,Cash on Delivery,Female,4,3,Grocery,3,Married,2,0,15,9,8,39,289.55
50115,0,58,Computer,1,122,UPI,Female,1,4,Laptop & Accessory,5,Divorced,16,0,14,13,2,42,199.07
50116,1,16,Computer,1,123,Debit Card,Male,3,3,Others,5,Married,7,1,14,2,15,9,208.47
50117,0,50,Computer,2,65,E wallet,Male,3,4,Grocery,2,Divorced,14,1,17,,3,,16.43
50118,0,53,Computer,1,25,Debit Card,Male,5,6,Others,1,Divorced,2,0,24,10,14,14,68.54
50119,1,14,Mobile Phone,1,14,Debit Card,Male,1,3,Others,5,Single,18,0,14,10,9,9,292.33
50120,0,15,Mobile Phone,1,34,UPI,Male,4,3,Laptop & Accessory,1,Married,1,0,20,10,14,3,267.71
50121,0,14,Phone,1,28,Credit Card,Male,0,6,Grocery,3,Single,16,0,13,3,15,42,19.35
50122,1,56,Computer,1,52,Debit Card,Male,4,1,Mobile Phone,2,Divorced,9,1,21,4,16,17,264.22
50123,0,33,Computer,3,59,Credit Card,Male,1,1,Fashion,3,Married,3,1,19,5,4,16,137.63
50124,0,10,Mobile Phone,3,108,Cash on Delivery,Female,0,6,Mobile Phone,3,Married,13,1,24,13,16,30,182.23
50125,0,0,Computer,1,56,UPI,Male,0,5,Fashion,4,Single,2,1,14,6,5,32,35.23
50126,0,14,Phone,1,108,E wallet,Male,0,1,Grocery,2,Married,18,0,14,5,9,24,129.56
50127,0,25,Phone,2,42,Debit Card,Female,4,3,Laptop & Accessory,4,Married,2,0,,13,10,11,141.35
50128,1,50,Computer,1,71,Credit Card,Female,5,3,Grocery,3,Married,8,0,22,15,8,20,217.58
50129,0,3,Phone,1,97,Debit Card,Male,1,4,Mobile Phone,1,Divorced,3,0,18,3,5,16,213.7
50130,0,42,Phone,1,12,UPI,Male,4,4,Others,2,Single,17,0,22,6,11,19,178.38
50131,0,4,Mobile Phone,1,33,E wallet,Female,4,5,Fashion,2,Divorced,2,0,21,13,2,28,10.22
50132,0,34,Phone,2,123,Cash on Delivery,Female,2,3,Fashion,5,Single,6,0,17,14,3,2,52.49
50133,0,12,Computer,3,14,Cash on Delivery,Female,3,5,Mobile Phone,1,Divorced,8,1,14,5,3,6,52.09
50134,0,9,Computer,1,73,Credit Card,Male,4,3,Laptop & Accessory,1,Divorced,17,0,24,9,12,32,288.51
50135,1,10,Phone,1,,Cash on Delivery,Female,2,1,Grocery,3,Divorced,6,0,18,2,7,25,293.06
50136,0,17,Computer,1,72,Credit Card,Male,,4,Mobile Phone,3,Divorced,12,0,20,12,16,19,262.11
50137,0,33,Mobile Phone,1,53,E wallet,Female,5,6,Grocery,3,Single,21,0,12,2,6,42,56.84
50138,0,38,Phone,3,62,Debit Card,Male,1,6,Laptop & Accessory,5,Married,16,1,23,2,7,36,273.05
50139,0,40,Phone,2,39,UPI,Female,,5,Others,1,Single,6,0,23,16,8,31,60.97
50140,1,41,Phone,2,54,E wallet,Male,4,2,Grocery,4,Married,2,0,19,6,11,34,180.25
50141,1,49,Computer,2,44,E wallet,Female,1,6,Laptop & Accessory,1,Single,3,0,12,1,5,20,238.51
50142,0,22,Computer,3,124,Cash on Delivery,Female,2,3,Mobile Phone,4,Single,9,0,24,4,13,40,16.76
50143,0,6,Phone,3,16,Cash on Delivery,Male,4,1,Others,2,Single,19,0,20,8,15,7,194.33
50144,0,58,Computer,1,89,UPI,Male,1,2,Others,4,Single,10,0,24,2,13,1,81.62
50145,0,38,Computer,1,20,Debit Card,Male,1,1,Others,2,Divorced,13,0,24,7,6,15,161.8
50146,0,2,Phone,2,82,E wallet,Female,3,1,Fashion,3,Single,20,0,13,3,1,26,124.77
50147,0,11,Phone,1,89,Cash on Delivery,Female,5,3,Laptop & Accessory,1,Single,13,0,23,2,14,35,223.14
50148,0,6,Computer,3,52,E wallet,Female,4,1,Grocery,3,Married,20,0,16,14,4,9,158.99
50149,0,48,Phone,2,,Debit Card,Female,3,5,Mobile Phone,1,Divorced,15,1,17,10,6,27,98.03
50150,0,25,Phone,3,104,Credit Card,Female,1,2,Others,4,Divorced,13,0,19,4,4,16,295.87
50151,1,32,Phone,1,5,Debit Card,Male,1,1,Others,1,Single,13,1,18,15,13,24,311.69
50152,0,36,Phone,3,69,E wallet,Male,2,6,Others,4,Single,6,0,21,,16,14,260.62
50153,0,47,Computer,1,26,E wallet,Female,3,6,Laptop & Accessory,1,Divorced,18,0,16,10,1,17,188.74
50154,0,14,Phone,3,19,UPI,Female,0,1,Mobile Phone,2,Divorced,7,0,25,11,16,27,287.43
50155,1,1,Mobile Phone,1,120,E wallet,Male,4,4,Laptop & Accessory,4,Single,3,0,25,4,14,1,195.54
50156,0,40,Phone,2,88,Cash on Delivery,Female,5,4,Mobile Phone,3,Single,1,0,18,9,3,39,48.37
50157,0,6,Mobile Phone,2,71,UPI,Male,3,5,Grocery,3,Single,12,0,21,9,3,,5.66
50158,0,31,Phone,1,18,E wallet,Male,1,6,Fashion,3,Married,5,0,23,4,3,30,235.92
50159,0,3,Mobile Phone,1,77,Debit Card,Male,2,4,Mobile Phone,3,Divorced,11,0,21,4,4,30,244.56
50160,0,19,Mobile Phone,3,23,E wallet,Male,4,1,Laptop & Accessory,2,Married,12,0,15,3,11,24,300.89
50161,0,49,Phone,1,44,Debit Card,Male,5,6,Laptop & Accessory,2,Divorced,16,0,20,3,9,0,267.88
50162,0,52,Phone,2,,Debit Card,Female,,1,Laptop & Accessory,5,Divorced,1,0,20,1,9,,207.86
50163,0,35,Phone,1,8,E wallet,Male,2,2,Fashion,5,Divorced,21,0,23,2,14,15,61.85
50164,0,31,Mobile Phone,3,,Debit Card,Female,1,6,Mobile Phone,5,Divorced,18,0,24,3,8,41,193.07
50165,0,27,Computer,2,47,Credit Card,Male,5,4,Mobile Phone,5,Divorced,1,1,,7,14,36,141.27
50166,1,12,Computer,1,,UPI,Female,,3,Mobile Phone,1,Single,5,0,22,8,3,40,75.44
50167,0,0,Phone,1,,E wallet,Male,2,4,Mobile Phone,4,Married,4,0,19,7,12,41,259.72
50168,0,59,Computer,2,31,Credit Card,Female,0,1,Others,3,Married,1,0,14,11,2,36,48.61
50169,0,55,Computer,1,49,Debit Card,Female,3,2,Others,1,Divorced,15,0,11,9,13,6,204.86
50170,0,34,Phone,1,85,Debit Card,Male,4,4,Laptop & Accessory,2,Married,5,1,25,4,3,5,198.5
50171,0,47,Mobile Phone,2,117,UPI,Male,5,2,Others,3,Married,7,0,23,,15,,98.67
50172,0,29,Phone,1,54,Credit Card,Male,1,4,Mobile Phone,4,Single,17,0,24,14,11,21,139.5
50173,0,53,Computer,1,121,Credit Card,Female,0,5,Mobile Phone,4,Divorced,20,0,18,2,14,30,37.89
50174,0,35,Mobile Phone,2,99,E wallet,Male,1,1,Others,2,Single,6,0,,1,15,,8.3
50175,0,56,Computer,1,67,Debit Card,Male,3,1,Grocery,3,Married,13,0,23,14,5,9,4.23
50176,0,54,Mobile Phone,1,109,Cash on Delivery,Female,0,3,Laptop & Accessory,5,Divorced,15,0,19,12,7,45,56.65
50177,0,24,Computer,1,10,E wallet,Male,1,1,Fashion,3,Divorced,7,1,13,11,2,39,281.77
50178,0,15,Phone,2,120,E wallet,Male,1,3,Laptop & Accessory,3,Divorced,7,1,19,13,6,45,169.85
50179,1,57,Computer,2,99,E wallet,Female,3,1,Laptop & Accessory,4,Divorced,13,0,18,11,11,35,38.06
50180,0,18,Computer,2,71,UPI,Male,2,4,Laptop & Accessory,2,Divorced,4,0,24,14,11,40,294.29
50181,0,0,Mobile Phone,1,108,UPI,Female,5,4,Others,3,Divorced,18,0,25,12,2,,184.89
50182,0,4,Computer,1,71,E wallet,Male,3,5,Laptop & Accessory,1,Single,8,0,16,2,13,33,9.06
50183,1,50,Phone,1,101,Cash on Delivery,Female,0,4,Mobile Phone,1,Single,19,0,25,14,1,2,247.89
50184,1,21,Phone,1,120,Credit Card,Female,0,2,Laptop & Accessory,2,Married,16,0,21,,15,22,153.87
50185,0,23,Phone,3,63,Credit Card,Male,4,4,Mobile Phone,5,Divorced,20,0,20,14,,42,173.18
50186,0,42,Mobile Phone,1,17,Debit Card,Female,1,3,Others,3,Divorced,18,0,20,11,3,16,199.3
50187,0,44,Mobile Phone,1,25,Credit Card,Male,5,6,Others,3,Single,16,1,21,1,14,28,30.7
50188,0,51,Computer,1,68,Credit Card,Female,,5,Laptop & Accessory,4,Married,16,1,18,4,16,0,308.02
50189,0,36,Computer,2,41,Cash on Delivery,Female,2,6,Mobile Phone,3,Married,2,0,18,16,4,2,83
50190,0,52,Computer,2,84,Credit Card,Male,2,6,Mobile Phone,5,Divorced,14,1,17,12,2,13,202.1
50191,0,35,Mobile Phone,2,89,Cash on Delivery,Male,3,2,Mobile Phone,3,Married,19,1,24,12,3,10,278.06
50192,1,35,Mobile Phone,3,124,UPI,Male,0,2,Mobile Phone,3,Married,16,0,17,3,12,,107.87
50193,1,3,Computer,1,52,Cash on Delivery,Female,5,1,Fashion,4,Divorced,4,0,13,15,6,20,203.95
50194,0,35,Mobile Phone,1,60,UPI,Male,5,3,Others,1,Divorced,13,0,17,7,14,15,321.39
50195,0,,Mobile Phone,1,,Cash on Delivery,Female,0,6,Mobile Phone,1,Divorced,8,0,22,2,9,45,276.83
50196,0,52,Phone,2,17,E wallet,Female,4,4,Fashion,5,Single,3,1,13,1,2,8,253.27
50197,0,17,Phone,2,8,UPI,Male,4,4,Fashion,2,Divorced,3,0,21,2,7,1,142.77
50198,1,49,Computer,2,,UPI,Female,4,1,Others,2,Married,5,0,23,10,1,25,146.66
50199,1,15,Computer,2,77,Credit Card,Male,0,4,Grocery,4,Single,11,0,19,10,4,41,157.8
50200,0,40,Phone,2,116,UPI,Female,3,2,Laptop & Accessory,3,Married,13,0,21,9,14,2,224.39
50201,0,17,Mobile Phone,3,37,Cash on Delivery,Male,5,4,Others,4,Single,2,0,15,10,13,14,46.91
50202,0,,Computer,2,41,E wallet,Female,3,6,Grocery,1,Divorced,6,1,21,,14,11,279.83
50203,0,1,Computer,2,57,E wallet,Female,3,4,Laptop & Accessory,5,Married,7,0,18,6,2,18,5.88
50204,1,20,Computer,1,105,Credit Card,Male,3,2,Laptop & Accessory,2,Single,4,0,22,0,13,40,55.25
50205,0,35,Mobile Phone,2,28,Cash on Delivery,Female,2,3,Laptop & Accessory,3,Married,9,0,13,14,4,13,156.59
50206,0,43,Phone,3,93,Cash on Delivery,Female,0,6,Fashion,2,Divorced,18,0,13,6,2,14,81.94
50207,0,38,Computer,1,55,Debit Card,Female,1,3,Mobile Phone,1,Single,14,0,23,3,3,22,118.81
50208,0,46,Phone,2,45,UPI,Female,0,2,Laptop & Accessory,3,Married,6,0,13,2,8,10,108.09
50209,0,38,Phone,2,33,Credit Card,Female,3,2,Mobile Phone,1,Single,20,0,23,2,4,,87.41
50210,0,28,Mobile Phone,1,63,E wallet,Male,2,6,Laptop & Accessory,2,Divorced,2,0,25,9,6,2,123.59
50211,0,53,Mobile Phone,2,44,Debit Card,Male,2,5,Fashion,2,Single,4,0,18,2,12,42,164.22
50212,0,,Mobile Phone,1,55,Cash on Delivery,Female,0,5,Laptop & Accessory,1,Single,15,0,19,4,9,0,154.82
50213,0,20,Mobile Phone,3,54,UPI,Male,1,4,Others,3,Married,3,1,23,9,13,3,263.87
50214,0,16,Mobile Phone,3,,E wallet,Male,3,6,Grocery,1,Single,4,0,24,8,8,,100.15
50215,0,15,Mobile Phone,1,40,Debit Card,Female,2,6,Laptop & Accessory,3,Divorced,4,0,17,10,14,24,91.62
50216,0,59,Computer,1,83,Cash on Delivery,Male,3,4,Grocery,4,Married,15,1,11,0,15,19,163.95
50217,0,30,Phone,2,113,E wallet,Female,3,5,Grocery,4,Single,11,0,16,,14,9,15.58
50218,0,50,Mobile Phone,1,64,E wallet,Male,5,4,Fashion,3,Divorced,17,1,13,3,2,17,36.34
50219,0,8,Computer,1,22,Cash on Delivery,Female,3,3,Grocery,1,Divorced,15,0,11,9,14,32,261
50220,1,30,Phone,2,24,Cash on Delivery,Female,4,3,Fashion,3,Single,21,0,20,3,16,34,160.46
50221,0,13,Mobile Phone,1,9,Credit Card,Female,5,1,Laptop & Accessory,2,Single,3,0,24,7,16,24,21.62
50222,0,48,Mobile Phone,1,22,E wallet,Female,3,5,Mobile Phone,1,Married,10,0,12,16,2,,143.12
50223,0,36,Computer,3,44,Cash on Delivery,Male,3,3,Fashion,3,Divorced,4,0,23,1,3,12,129.44
50224,0,1,Phone,3,5,Debit Card,Male,1,1,Grocery,2,Divorced,13,0,22,6,2,34,79.99
50225,0,51,Mobile Phone,2,23,UPI,Female,5,2,Grocery,5,Divorced,2,0,13,2,3,24,120.93
50226,0,,Phone,3,91,Credit Card,Male,5,6,Laptop & Accessory,2,Single,6,1,17,10,2,17,61.22
50227,1,45,Computer,1,30,Cash on Delivery,Female,1,3,Fashion,3,Single,19,0,16,5,15,29,145.94
50228,0,13,Mobile Phone,1,117,UPI,Female,4,1,Laptop & Accessory,1,Single,8,0,25,13,6,39,132.77
50229,1,58,Phone,1,33,Credit Card,Male,5,4,Fashion,1,Married,6,0,12,,9,45,197.44
50230,0,32,Computer,2,63,E wallet,Female,4,6,Mobile Phone,4,Divorced,20,0,22,1,8,29,306.18
50231,0,34,Computer,3,67,UPI,Female,3,1,Others,3,Divorced,14,0,15,15,6,23,60.28
50232,0,57,Mobile Phone,2,102,Credit Card,Male,2,3,Laptop & Accessory,2,Single,8,0,11,7,4,25,135.67
50233,0,38,Phone,3,87,Cash on Delivery,Female,2,4,Grocery,2,Married,6,0,13,14,10,0,182.72
50234,0,57,Mobile Phone,2,66,Cash on Delivery,Female,0,4,Laptop & Accessory,3,Married,12,0,24,,12,32,177.77
50235,0,46,Mobile Phone,1,52,Credit Card,Male,2,1,Fashion,2,Married,9,1,11,0,5,7,214.94
50236,0,50,Phone,1,66,E wallet,Male,2,1,Laptop & Accessory,5,Married,7,0,13,,4,11,87.08
50237,0,19,Phone,1,22,Credit Card,Female,1,3,Mobile Phone,4,Married,13,1,12,3,5,7,206.23
50238,0,,Phone,1,,Debit Card,Male,0,4,Fashion,1,Single,16,1,14,12,16,10,65.38
50239,0,50,Computer,2,31,Credit Card,Male,0,5,Grocery,2,Single,8,0,15,11,2,13,40.77
50240,0,40,Computer,1,10,Credit Card,Male,1,1,Grocery,5,Single,14,0,13,11,15,17,270.28
50241,1,18,Phone,2,107,Cash on Delivery,Male,2,5,Fashion,3,Divorced,16,1,20,0,8,43,153.97
50242,1,58,Computer,2,74,E wallet,Male,2,5,Mobile Phone,2,Married,20,0,24,5,1,39,129.12
50243,1,36,Mobile Phone,1,63,Credit Card,Male,0,4,Laptop & Accessory,3,Married,6,1,15,10,9,0,301.77
50244,0,17,Phone,1,10,UPI,Female,2,3,Others,5,Divorced,4,0,21,15,12,20,230.67
50245,0,15,Mobile Phone,1,35,Cash on Delivery,Female,0,5,Grocery,5,Married,4,0,17,1,1,9,220.07
50246,1,3,Phone,1,109,Cash on Delivery,Male,2,3,Mobile Phone,1,Married,3,0,20,2,5,36,63.13
50247,0,11,Mobile Phone,3,108,Credit Card,Male,3,1,Mobile Phone,3,Married,10,1,23,10,9,28,68.01
50248,1,,Phone,1,98,UPI,Male,1,4,Mobile Phone,4,Married,6,0,19,8,1,45,157.01
50249,1,,Mobile Phone,2,60,Credit Card,Female,5,2,Laptop & Accessory,1,Married,18,0,18,6,16,39,212
50250,1,13,Phone,3,58,UPI,Female,4,4,Mobile Phone,3,Single,13,0,25,3,14,23,128.46
50251,0,54,Phone,3,89,Cash on Delivery,Female,3,2,Mobile Phone,3,Married,11,0,22,9,,43,20.86
50252,0,11,Computer,3,,UPI,Female,,6,Fashion,5,Single,4,0,22,0,1,35,221.98
50253,1,34,Mobile Phone,1,112,Credit Card,Male,4,1,Fashion,5,Single,8,0,16,12,3,17,251.47
50254,0,4,Computer,1,22,Debit Card,Male,5,3,Mobile Phone,3,Single,3,1,25,3,16,14,306.9
50255,0,16,Mobile Phone,1,91,Debit Card,Male,3,1,Mobile Phone,5,Single,12,0,25,12,8,31,132.85
50256,0,57,Computer,1,106,UPI,Male,5,4,Fashion,3,Divorced,13,0,24,10,3,37,83.87
50257,1,41,Phone,3,,Credit Card,Male,1,2,Laptop & Accessory,3,Single,11,0,19,14,12,42,300.89
50258,0,31,Computer,2,96,E wallet,Female,,6,Fashion,1,Divorced,9,1,18,12,15,44,232.42
50259,0,9,Computer,1,40,Debit Card,Male,5,2,Fashion,1,Divorced,4,0,22,3,,19,20.8
50260,0,42,Phone,1,29,Cash on Delivery,Female,4,4,Fashion,4,Single,11,0,,,2,33,188.51
50261,0,16,Computer,1,11,Credit Card,Male,1,4,Fashion,1,Married,8,0,21,1,6,8,9.27
50262,1,4,Phone,2,86,Credit Card,Male,5,1,Others,2,Married,18,0,12,1,10,40,73.62
50263,0,44,Mobile Phone,2,24,Debit Card,Female,3,5,Grocery,2,Single,3,0,,5,5,33,23.06
50264,0,41,Computer,3,9,E wallet,Female,4,2,Laptop & Accessory,5,Single,4,0,16,2,13,34,66.59
50265,1,8,Phone,3,22,Cash on Delivery,Male,5,4,Laptop & Accessory,2,Divorced,17,1,20,10,12,26,159.22
50266,0,48,Phone,1,110,E wallet,Female,1,1,Mobile Phone,1,Divorced,16,0,18,14,15,41,97.13
50267,0,32,Computer,1,108,Cash on Delivery,Female,5,5,Others,4,Married,7,1,18,8,11,17,28.6
50268,0,35,Mobile Phone,1,37,Debit Card,Female,5,3,Mobile Phone,3,Divorced,2,0,14,6,9,20,156.67
50269,0,35,Computer,1,83,Credit Card,Male,3,4,Laptop & Accessory,4,Divorced,5,0,20,14,11,17,230.26
50270,0,17,Phone,3,39,Cash on Delivery,Male,2,5,Laptop & Accessory,1,Single,1,0,15,9,14,26,17.27
50271,0,8,Mobile Phone,2,115,Credit Card,Male,0,3,Mobile Phone,1,Divorced,13,1,11,10,3,30,286.78
50272,0,56,Computer,2,114,UPI,Female,2,6,Grocery,1,Divorced,12,0,19,1,14,27,212.25
50273,1,28,Phone,1,69,UPI,Female,2,3,Mobile Phone,5,Divorced,19,0,25,13,4,32,168.82
50274,1,60,Computer,1,,Debit Card,Male,0,1,Grocery,2,Married,8,0,17,15,11,14,128.8
50275,0,49,Mobile Phone,1,89,Debit Card,Male,5,2,Grocery,1,Single,8,0,11,8,10,44,127.82
50276,0,13,Mobile Phone,2,76,Debit Card,Female,2,4,Fashion,3,Married,12,0,21,15,16,35,109.06
50277,0,24,Mobile Phone,2,75,UPI,Male,2,5,Laptop & Accessory,2,Single,4,1,20,0,16,18,37.61
50278,0,14,Mobile Phone,1,45,Cash on Delivery,Male,1,6,Fashion,2,Single,7,0,20,1,8,34,25.75
50279,0,5,Mobile Phone,2,54,E wallet,Female,1,6,Laptop & Accessory,5,Divorced,16,0,24,6,11,31,100.37
50280,0,55,Computer,3,112,Debit Card,Female,3,3,Fashion,4,Married,18,0,13,11,2,44,216.8
50281,1,41,Mobile Phone,1,108,E wallet,Male,4,6,Grocery,2,Married,6,0,19,5,5,38,93.73
50282,0,28,Mobile Phone,2,108,E wallet,Female,5,2,Fashion,2,Divorced,18,1,21,1,,11,263.99
50283,0,14,Phone,1,34,UPI,Female,3,3,Others,1,Married,4,0,21,13,14,28,123.59
50284,0,28,Mobile Phone,2,42,Cash on Delivery,Male,1,4,Fashion,3,Single,21,1,22,15,12,33,205.14
50285,0,3,Phone,2,39,UPI,Female,,4,Fashion,1,Single,9,1,11,9,9,15,140.37
50286,0,17,Phone,3,70,Debit Card,Female,0,6,Fashion,3,Single,13,1,16,4,,21,161.79
50287,0,49,Phone,1,50,UPI,Male,,1,Others,2,Divorced,19,0,15,15,16,7,81.3
50288,0,56,Computer,1,12,UPI,Female,1,4,Laptop & Accessory,3,Married,12,1,24,6,9,11,167.01
50289,0,48,Computer,1,106,UPI,Female,2,4,Fashion,1,Single,16,1,14,14,10,33,35.96
50290,0,43,Phone,1,72,Debit Card,Male,3,4,Laptop & Accessory,1,Divorced,5,0,11,12,,15,125.7
50291,0,38,Computer,2,,Debit Card,Female,1,2,Mobile Phone,4,Single,2,0,,16,11,8,145.7
50292,0,15,Mobile Phone,3,89,UPI,Male,5,5,Grocery,5,Single,3,0,11,16,14,26,228.8
50293,0,10,Computer,1,17,UPI,Male,,5,Mobile Phone,4,Married,13,1,11,2,1,34,130.07
50294,0,13,Mobile Phone,1,77,E wallet,Female,0,6,Others,2,Divorced,21,0,12,11,1,,216.27
50295,0,2,Mobile Phone,1,49,Cash on Delivery,Male,3,4,Others,3,Single,7,0,19,5,1,18,56.75
50296,0,50,Computer,1,33,E wallet,Male,3,5,Laptop & Accessory,1,Single,13,0,11,11,,30,8.2
50297,0,49,Computer,1,45,Cash on Delivery,Female,4,6,Laptop & Accessory,1,Divorced,16,0,18,10,4,14,164.43
50298,0,41,Phone,1,60,Cash on Delivery,Male,1,4,Fashion,1,Divorced,14,0,23,8,15,26,154.01
50299,0,37,Computer,2,92,UPI,Male,4,5,Mobile Phone,1,Married,18,1,11,,9,32,217.67
50300,0,44,Computer,1,20,E wallet,Female,0,5,Laptop & Accessory,2,Single,13,0,21,12,11,6,101.9
50301,0,41,Computer,2,16,Cash on Delivery,Male,4,6,Laptop & Accessory,5,Married,14,1,11,3,6,22,9.71
50302,0,17,Mobile Phone,2,70,Cash on Delivery,Male,2,3,Laptop & Accessory,4,Single,9,0,19,13,3,35,235.16
50303,0,57,Mobile Phone,1,66,Debit Card,Female,,6,Grocery,4,Married,8,1,18,13,8,21,306.22
50304,0,19,Mobile Phone,2,23,Cash on Delivery,Female,1,2,Laptop & Accessory,1,Single,5,0,24,4,1,0,128.14
50305,0,57,Phone,2,34,UPI,Male,3,3,Grocery,1,Divorced,7,0,11,1,12,26,198.62
50306,1,47,Phone,2,20,Credit Card,Male,,3,Others,3,Married,16,1,17,15,2,10,177.02
50307,0,24,Phone,1,92,Debit Card,Male,3,5,Fashion,1,Divorced,10,0,18,5,8,11,183.95
50308,0,56,Mobile Phone,1,17,Credit Card,Female,5,1,Mobile Phone,4,Single,3,0,12,10,1,20,281.9
50309,0,37,Computer,3,73,UPI,Male,4,1,Laptop & Accessory,3,Divorced,17,0,14,11,12,7,239.31
50310,0,12,Phone,2,27,Credit Card,Female,4,2,Grocery,3,Married,10,0,12,12,13,12,250.18
50311,0,3,Phone,1,66,Cash on Delivery,Male,0,4,Laptop & Accessory,1,Married,11,1,23,,11,36,29.26
50312,0,54,Mobile Phone,1,124,Credit Card,Male,4,5,Laptop & Accessory,3,Divorced,20,0,24,13,5,32,47.68
50313,0,,Phone,1,106,E wallet,Female,3,2,Grocery,5,Single,10,0,16,3,3,1,215.57
50314,1,32,Computer,1,35,UPI,Male,5,3,Laptop & Accessory,1,Married,18,0,15,1,2,8,175.65
50315,1,27,Mobile Phone,2,57,E wallet,Female,4,5,Mobile Phone,5,Single,21,0,21,14,14,12,251.64
50316,0,51,Mobile Phone,1,124,Credit Card,Female,4,3,Others,1,Married,1,0,21,8,4,25,30.25
50317,0,36,Computer,1,21,E wallet,Male,1,2,Fashion,5,Single,4,0,15,3,2,44,184.11
50318,0,7,Computer,2,53,Debit Card,Male,1,1,Laptop & Accessory,1,Single,3,0,22,12,5,8,157.97
50319,0,43,Computer,1,53,Credit Card,Female,5,2,Grocery,4,Divorced,20,0,24,8,8,14,277.77
50320,0,33,Phone,2,71,E wallet,Female,1,6,Mobile Phone,1,Single,6,0,18,11,4,6,60.82
50321,0,43,Computer,2,30,Cash on Delivery,Female,2,5,Laptop & Accessory,4,Married,6,0,22,13,7,,113.33
50322,0,4,Mobile Phone,1,17,Credit Card,Male,1,5,Others,2,Divorced,17,0,23,11,5,36,48.9
50323,0,53,Computer,2,112,Debit Card,Male,2,4,Others,2,Married,19,0,11,12,9,8,146.81
50324,0,4,Mobile Phone,2,42,Cash on Delivery,Male,5,1,Grocery,1,Divorced,17,0,20,4,15,13,286.46
50325,1,30,Mobile Phone,1,26,Credit Card,Male,2,5,Laptop & Accessory,4,Divorced,17,1,12,2,13,29,217.86
50326,0,44,Phone,1,,Cash on Delivery,Female,5,1,Laptop & Accessory,4,Single,17,0,11,16,2,19,241.9
50327,0,8,Computer,2,33,Credit Card,Female,3,5,Laptop & Accessory,3,Single,3,0,14,6,15,22,30.33
50328,0,41,Phone,3,49,Credit Card,Female,1,1,Others,3,Married,14,0,12,2,2,14,146.91
50329,0,31,Computer,2,,UPI,Male,4,6,Laptop & Accessory,5,Married,2,1,20,6,1,30,272.57
50330,0,32,Computer,1,43,E wallet,Male,0,2,Laptop & Accessory,3,Single,4,0,21,5,4,3,272.18
50331,0,2,Computer,2,73,Credit Card,Male,4,1,Laptop & Accessory,1,Married,18,0,17,13,13,24,321.11
50332,0,29,Computer,1,82,Debit Card,Female,1,3,Laptop & Accessory,3,Married,2,1,22,0,14,18,170.96
50333,0,49,Computer,2,86,E wallet,Female,4,6,Grocery,3,Single,12,0,15,13,8,36,0.67
50334,0,11,Mobile Phone,2,72,UPI,Female,1,2,Others,1,Divorced,15,0,15,,5,33,292.19
50335,0,28,Mobile Phone,2,101,E wallet,Female,1,5,Fashion,1,Single,13,1,11,8,5,0,310.76
50336,0,2,Computer,3,43,E wallet,Male,4,5,Grocery,5,Married,11,0,25,,4,40,301.52
50337,1,25,Mobile Phone,2,24,Credit Card,Male,2,4,Laptop & Accessory,4,Divorced,7,0,12,10,15,30,250.87
50338,0,56,Phone,2,81,Debit Card,Male,3,6,Fashion,3,Single,9,0,15,16,7,39,68.87
50339,0,60,Phone,1,104,Credit Card,Female,3,3,Mobile Phone,2,Divorced,15,0,17,13,10,43,45.19
50340,0,29,Phone,3,113,Debit Card,Female,3,6,Fashion,4,Married,3,0,11,16,8,34,227.79
50341,0,8,Computer,3,72,Debit Card,Female,3,4,Grocery,1,Divorced,10,0,17,6,9,26,45.64
50342,0,25,Computer,1,39,Cash on Delivery,Female,0,6,Others,3,Married,8,0,21,7,,20,309.83
50343,0,1,Mobile Phone,1,12,Credit Card,Male,5,2,Grocery,5,Single,6,0,22,7,12,7,144.89
50344,0,2,Mobile Phone,1,56,UPI,Male,1,4,Others,2,Divorced,14,0,12,4,9,17,10.01
50345,0,45,Mobile Phone,2,44,E wallet,Female,0,2,Others,4,Divorced,6,1,25,,11,22,48.94
50346,0,3,Phone,2,125,Cash on Delivery,Male,3,4,Others,3,Divorced,19,1,12,12,15,40,94.41
50347,0,,Phone,1,117,UPI,Female,3,1,Mobile Phone,1,Married,9,0,19,14,1,35,228.72
50348,0,50,Phone,3,115,Credit Card,Female,4,2,Fashion,4,Single,9,0,18,13,15,28,239.62
50349,0,12,Phone,1,40,Debit Card,Female,3,2,Grocery,2,Single,20,0,20,14,3,15,69.23
50350,0,38,Mobile Phone,2,10,Credit Card,Female,1,1,Grocery,1,Married,16,0,14,13,1,9,210.78
50351,0,43,Computer,1,124,Credit Card,Female,3,1,Others,2,Divorced,13,0,15,12,11,16,10.34
50352,1,34,Computer,1,90,Cash on Delivery,Male,,3,Mobile Phone,3,Married,13,0,19,3,5,21,33.43
50353,0,54,Phone,1,74,UPI,Male,0,1,Mobile Phone,4,Married,12,1,14,8,8,39,173.88
50354,0,22,Computer,1,110,Cash on Delivery,Male,1,4,Laptop & Accessory,5,Single,21,0,20,13,6,1,228.74
50355,0,8,Computer,2,104,UPI,Male,2,1,Mobile Phone,3,Married,20,0,23,16,12,41,297.17
50356,0,,Computer,2,77,Cash on Delivery,Male,4,1,Others,3,Divorced,2,0,22,0,13,29,142.27
50357,0,60,Phone,1,20,E wallet,Male,2,2,Others,5,Married,4,0,18,0,10,43,38.98
50358,0,53,Mobile Phone,1,107,Debit Card,Female,5,2,Fashion,5,Married,7,0,23,3,12,,301.92
50359,1,40,Mobile Phone,1,50,Debit Card,Female,0,6,Others,1,Married,19,0,15,7,,38,142.17
50360,0,43,Computer,2,63,Debit Card,Male,3,1,Fashion,2,Divorced,3,0,11,4,1,44,161.68
50361,0,30,Mobile Phone,2,42,E wallet,Female,4,3,Mobile Phone,3,Married,11,0,25,13,,18,277.69
50362,0,43,Mobile Phone,1,101,E wallet,Female,5,2,Laptop & Accessory,1,Single,19,0,17,13,1,,190.38
50363,0,46,Phone,2,22,Debit Card,Female,5,4,Grocery,1,Married,14,0,20,1,5,19,97.97
50364,0,1,Phone,1,16,Debit Card,Male,1,6,Others,3,Married,17,0,21,11,12,23,175.75
50365,1,31,Computer,3,58,UPI,Male,4,4,Mobile Phone,2,Single,5,1,21,5,5,5,203.08
50366,0,,Computer,3,95,UPI,Male,5,1,Others,5,Single,14,0,13,8,,44,289.18
50367,1,12,Computer,2,51,Credit Card,Female,0,1,Fashion,3,Single,7,1,17,8,2,17,76.32
50368,1,45,Phone,3,5,Cash on Delivery,Male,3,3,Mobile Phone,2,Single,12,0,18,3,7,15,181.8
50369,0,4,Mobile Phone,3,19,UPI,Male,0,1,Grocery,5,Single,17,0,,9,5,38,299.16
50370,0,57,Phone,3,115,UPI,Male,5,6,Fashion,4,Single,20,0,21,11,14,39,14.78
50371,0,41,Phone,2,95,UPI,Female,1,5,Mobile Phone,3,Divorced,21,0,25,7,2,39,63.23
50372,0,43,Mobile Phone,1,84,UPI,Male,2,5,Grocery,3,Married,18,0,24,15,5,15,112.55
50373,0,9,Mobile Phone,1,,E wallet,Male,3,1,Fashion,2,Divorced,1,0,16,11,,39,220.5
50374,0,55,Computer,1,5,Credit Card,Male,3,6,Grocery,1,Divorced,11,0,20,16,9,14,273.6
50375,0,42,Mobile Phone,2,97,UPI,Female,0,5,Mobile Phone,1,Single,4,1,17,16,12,39,64.73
50376,0,24,Mobile Phone,1,71,Cash on Delivery,Male,0,4,Fashion,2,Married,12,1,,6,13,5,80.18
50377,1,33,Mobile Phone,1,16,UPI,Male,,6,Laptop & Accessory,3,Divorced,5,0,13,,14,32,267.57
50378,0,36,Mobile Phone,1,32,E wallet,Female,5,6,Others,3,Married,15,0,17,8,5,12,48.21
50379,0,29,Computer,1,43,Debit Card,Male,,1,Laptop & Accessory,3,Married,20,0,15,11,5,3,84.88
50380,0,6,Computer,2,41,Debit Card,Male,0,4,Grocery,4,Single,3,0,17,12,11,31,238.13
50381,0,5,Mobile Phone,3,99,Credit Card,Male,4,4,Mobile Phone,1,Married,15,0,16,8,2,28,54
50382,0,,Mobile Phone,2,64,Debit Card,Male,5,5,Others,4,Divorced,8,0,23,10,9,6,269.11
50383,0,54,Computer,2,35,UPI,Female,5,3,Mobile Phone,3,Divorced,11,0,15,4,2,32,159.42
50384,1,2,Computer,2,62,E wallet,Female,4,4,Grocery,1,Single,12,0,25,7,16,4,145.46
50385,0,12,Mobile Phone,1,101,Credit Card,Female,4,5,Mobile Phone,3,Divorced,3,0,13,11,13,39,43.96
50386,0,2,Phone,1,101,UPI,Male,5,3,Fashion,3,Single,6,0,20,15,5,3,220.89
50387,0,25,Computer,3,115,Debit Card,Male,3,6,Fashion,2,Divorced,8,0,12,9,2,6,287.3
50388,0,56,Computer,1,108,Cash on Delivery,Male,0,5,Grocery,1,Divorced,7,0,,14,2,,224.94
50389,0,23,Computer,1,15,UPI,Male,1,5,Mobile Phone,3,Single,17,0,12,11,6,36,102.99
50390,0,52,Mobile Phone,2,114,Cash on Delivery,Female,0,1,Grocery,5,Married,16,0,24,13,10,10,227.11
50391,1,5,Mobile Phone,1,33,Cash on Delivery,Male,3,6,Others,5,Single,17,1,13,12,3,4,165.73
50392,0,42,Computer,1,93,Credit Card,Female,4,6,Mobile Phone,3,Married,13,0,12,15,10,28,277.46
50393,0,59,Mobile Phone,1,123,E wallet,Male,3,2,Fashion,2,Married,4,0,11,9,13,24,149.39
50394,0,57,Mobile Phone,1,17,Debit Card,Male,0,3,Laptop & Accessory,3,Single,10,1,19,7,9,2,77.12
50395,0,48,Computer,1,55,Debit Card,Female,3,5,Fashion,5,Single,16,1,20,13,12,31,32.91
50396,1,41,Mobile Phone,1,112,UPI,Male,1,4,Mobile Phone,1,Single,19,0,15,4,6,29,91.35
50397,1,,Phone,2,58,Debit Card,Male,3,4,Mobile Phone,2,Married,7,1,24,,10,19,183.15
50398,0,48,Mobile Phone,3,23,Credit Card,Male,2,2,Mobile Phone,3,Married,18,0,,8,10,29,55.26
50399,0,35,Mobile Phone,1,62,Debit Card,Male,3,3,Mobile Phone,5,Married,13,1,18,12,2,2,12.92
50400,0,1,Computer,3,40,UPI,Female,,1,Others,1,Married,4,0,24,,14,43,145.87
50401,0,10,Computer,1,32,Debit Card,Male,2,3,Laptop & Accessory,5,Single,21,0,17,1,1,14,112.92
50402,1,38,Phone,1,72,E wallet,Female,4,4,Fashion,2,Single,18,0,22,12,15,40,136.63
50403,0,33,Mobile Phone,1,7,Cash on Delivery,Female,0,4,Others,4,Married,16,0,16,,16,13,147.59
50404,0,25,Phone,2,126,Cash on Delivery,Male,5,1,Grocery,3,Divorced,18,0,21,14,2,39,248.97
50405,0,17,Phone,1,106,Cash on Delivery,Male,1,1,Mobile Phone,1,Single,16,0,14,11,10,9,312.3
50406,1,20,Computer,2,105,E wallet,Female,3,4,Fashion,2,Divorced,21,0,20,9,6,16,85.24
50407,0,,Mobile Phone,2,111,Credit Card,Female,3,5,Grocery,2,Divorced,9,1,20,3,2,14,306.28
50408,0,39,Computer,2,93,UPI,Male,0,5,Laptop & Accessory,4,Divorced,2,0,17,7,7,28,74.22
50409,1,51,Phone,2,45,E wallet,Male,3,1,Fashion,4,Married,6,1,23,3,7,33,245.36
50410,0,45,Phone,3,39,UPI,Female,3,6,Others,3,Single,21,1,17,1,1,34,221.44
50411,0,43,Computer,1,97,Credit Card,Male,4,5,Grocery,3,Divorced,6,0,11,13,12,8,16.97
50412,1,21,Computer,1,109,E wallet,Male,3,1,Fashion,2,Married,6,0,24,9,14,16,235.6
50413,1,52,Computer,2,97,Debit Card,Female,3,3,Others,3,Single,14,0,19,11,6,1,292.86
50414,0,58,Computer,2,80,Credit Card,Male,4,3,Mobile Phone,3,Married,11,0,24,7,5,25,302.32
50415,0,29,Computer,1,103,Cash on Delivery,Female,5,3,Fashion,4,Single,17,0,14,16,8,37,222.69
50416,0,49,Phone,1,88,E wallet,Male,3,1,Mobile Phone,2,Single,4,0,17,11,8,,255.64
50417,0,42,Computer,1,85,Credit Card,Female,5,1,Grocery,5,Married,4,0,19,2,9,27,23.25
50418,0,60,Mobile Phone,1,121,Credit Card,Female,4,5,Grocery,5,Divorced,19,0,12,9,2,29,52.41
50419,0,59,Phone,1,80,E wallet,Female,1,5,Grocery,1,Single,16,0,23,10,11,42,85.31
50420,0,29,Phone,3,125,Cash on Delivery,Female,3,5,Mobile Phone,4,Single,8,0,18,13,1,8,172.68
50421,0,7,Mobile Phone,2,54,Cash on Delivery,Female,0,2,Mobile Phone,1,Divorced,19,0,21,6,10,27,125.53
50422,0,33,Mobile Phone,1,104,Credit Card,Male,2,1,Others,2,Single,20,0,14,4,6,15,213.57
50423,0,56,Phone,2,78,UPI,Male,1,6,Fashion,5,Divorced,1,0,24,0,2,23,144.85
50424,0,46,Computer,3,,Credit Card,Female,,3,Others,5,Single,4,1,14,11,5,21,251.88
50425,0,8,Phone,1,34,E wallet,Female,0,3,Mobile Phone,5,Divorced,12,0,13,15,1,19,231.92
50426,0,50,Phone,1,76,E wallet,Female,2,2,Fashion,1,Single,21,0,20,5,1,13,242.87
50427,0,19,Mobile Phone,2,109,E wallet,Female,4,2,Grocery,3,Single,19,1,14,9,14,42,269.38
50428,1,39,Phone,2,119,Cash on Delivery,Female,3,3,Others,1,Single,2,0,19,14,5,31,271.12
50429,0,24,Computer,1,81,Debit Card,Male,5,1,Others,5,Divorced,6,0,11,14,6,9,253.35
50430,0,18,Mobile Phone,3,,E wallet,Female,5,3,Others,4,Single,20,0,19,5,11,1,21.43
50431,0,4,Phone,1,125,E wallet,Male,4,3,Mobile Phone,4,Married,3,0,23,0,7,,202.54
50432,0,10,Phone,1,74,UPI,Female,1,6,Fashion,1,Married,3,0,21,5,11,0,6.43
50433,0,14,Computer,1,58,UPI,Female,5,2,Grocery,1,Married,1,0,20,12,4,36,241.72
50434,0,7,Phone,1,75,Credit Card,Male,2,2,Mobile Phone,2,Single,9,0,19,10,4,,19.84
50435,0,18,Phone,2,89,Credit Card,Female,5,5,Grocery,1,Divorced,7,0,11,11,5,10,319.54
50436,0,22,Phone,3,106,Credit Card,Female,2,2,Laptop & Accessory,1,Divorced,9,0,23,13,16,19,199.58
50437,0,26,Phone,1,111,E wallet,Male,5,6,Laptop & Accessory,5,Single,1,0,19,8,6,40,59.15
50438,0,39,Computer,3,117,UPI,Male,4,6,Grocery,3,Married,8,0,16,12,8,32,152.19
50439,0,31,Phone,3,55,Credit Card,Female,4,3,Laptop & Accessory,5,Divorced,18,0,18,3,9,37,268.67
50440,0,25,Phone,1,32,UPI,Male,5,6,Fashion,3,Single,3,0,,8,7,19,58.5
50441,0,26,Phone,2,68,E wallet,Female,1,5,Fashion,5,Divorced,17,1,18,0,10,9,174.45
50442,1,18,Mobile Phone,1,125,E wallet,Male,0,3,Mobile Phone,5,Married,7,0,24,7,3,31,1.16
50443,0,49,Computer,2,112,Credit Card,Female,5,1,Grocery,2,Married,11,0,,1,6,35,256.24
50444,0,41,Mobile Phone,1,89,E wallet,Male,3,1,Mobile Phone,3,Divorced,5,0,21,12,9,11,63.25
50445,0,28,Mobile Phone,2,25,E wallet,Female,0,2,Fashion,5,Single,13,0,18,,6,24,125.83
50446,1,38,Computer,1,92,UPI,Male,5,5,Fashion,5,Single,11,0,22,0,12,8,172.33
50447,1,59,Mobile Phone,3,31,Debit Card,Male,2,6,Fashion,3,Divorced,3,0,11,0,11,16,47.08
50448,0,40,Mobile Phone,3,31,Cash on Delivery,Female,3,4,Others,2,Married,13,1,11,5,10,13,301.17
50449,0,32,Mobile Phone,1,,Credit Card,Female,1,1,Laptop & Accessory,3,Single,20,0,17,15,8,23,152.36
50450,0,18,Computer,1,54,Debit Card,Female,0,6,Mobile Phone,2,Divorced,6,0,21,16,,40,75.33
50451,0,36,Phone,1,33,Credit Card,Male,0,1,Mobile Phone,2,Divorced,15,0,22,12,8,44,238.92
50452,0,18,Computer,2,43,Debit Card,Female,3,1,Fashion,4,Married,2,1,23,2,,2,290.62
50453,0,32,Computer,1,61,E wallet,Female,1,1,Others,2,Married,2,0,22,14,16,40,296.62
50454,1,46,Computer,2,123,Credit Card,Male,5,2,Mobile Phone,4,Single,14,0,19,1,7,15,140.12
50455,0,15,Mobile Phone,1,96,Debit Card,Male,1,5,Mobile Phone,1,Single,2,0,21,5,7,17,116.82
50456,0,22,Phone,1,41,Cash on Delivery,Female,5,1,Others,2,Single,5,0,24,13,7,38,302.01
50457,0,,Computer,1,97,E wallet,Female,0,6,Fashion,3,Married,16,0,20,3,8,13,17.17
50458,0,25,Computer,1,68,Credit Card,Male,5,6,Others,4,Divorced,8,0,18,7,15,9,243.93
50459,0,31,Phone,2,52,Credit Card,Male,0,2,Laptop & Accessory,1,Single,8,0,21,1,2,9,57.69
50460,0,11,Phone,3,26,Debit Card,Female,4,5,Mobile Phone,1,Single,11,0,23,1,12,5,151.29
50461,0,7,Phone,1,104,Credit Card,Male,3,5,Laptop & Accessory,2,Single,13,1,15,16,2,2,309.95
50462,0,4,Mobile Phone,2,34,E wallet,Male,1,4,Mobile Phone,3,Divorced,15,0,18,3,15,21,188.87
50463,0,41,Phone,1,32,UPI,Female,2,3,Laptop & Accessory,2,Single,4,0,19,15,6,1,170.12
50464,0,27,Mobile Phone,2,27,Debit Card,Female,3,1,Mobile Phone,5,Single,8,0,17,,11,38,20.09
50465,1,52,Computer,1,101,Cash on Delivery,Female,5,2,Fashion,1,Married,16,1,21,5,6,11,90.14
50466,0,4,Mobile Phone,2,8,Credit Card,Male,,5,Grocery,5,Married,16,0,,1,5,0,0.99
50467,0,48,Phone,3,7,E wallet,Female,3,4,Others,5,Married,21,1,21,8,2,36,284.38
50468,1,25,Mobile Phone,1,65,Credit Card,Male,0,3,Mobile Phone,4,Divorced,10,1,23,5,8,12,209.58
50469,0,,Phone,2,100,Cash on Delivery,Male,3,5,Others,5,Married,2,0,25,5,3,31,38.36
50470,1,21,Mobile Phone,1,8,E wallet,Male,,5,Mobile Phone,1,Single,18,1,13,7,16,24,118.13
50471,0,14,Computer,1,69,Cash on Delivery,Male,3,1,Grocery,1,Single,21,0,19,0,1,37,263.71
50472,1,12,Mobile Phone,1,16,E wallet,Female,3,3,Fashion,3,Divorced,16,0,15,15,1,4,45.6
50473,0,27,Computer,1,17,UPI,Male,5,3,Fashion,2,Divorced,4,1,21,9,12,36,74.84
50474,1,32,Phone,1,38,E wallet,Female,2,2,Others,3,Single,20,0,18,15,7,17,175.96
50475,0,42,Computer,1,63,Cash on Delivery,Male,4,4,Grocery,3,Divorced,19,0,21,0,7,9,47.11
50476,1,22,Phone,1,97,Debit Card,Male,3,6,Others,2,Single,8,1,11,14,6,18,124.38
50477,0,32,Phone,1,,UPI,Female,3,2,Fashion,1,Married,20,0,11,15,6,33,319.19
50478,0,42,Computer,2,35,Credit Card,Female,2,4,Laptop & Accessory,4,Single,8,0,13,10,5,29,176.75
50479,1,17,Computer,3,75,UPI,Female,1,2,Others,5,Divorced,14,1,,5,12,31,228
50480,0,49,Mobile Phone,1,17,UPI,Female,3,4,Mobile Phone,4,Married,16,0,12,13,6,10,215.57
50481,0,52,Mobile Phone,1,58,Credit Card,Female,5,6,Fashion,5,Single,6,0,15,15,14,21,68.81
50482,0,29,Computer,1,,E wallet,Female,5,1,Mobile Phone,2,Divorced,18,0,21,3,2,29,274.99
50483,0,25,Computer,3,37,UPI,Male,3,4,Grocery,2,Divorced,8,0,19,7,5,0,39.67
50484,0,,Computer,2,54,UPI,Female,1,6,Fashion,3,Married,19,0,23,0,2,,299.52
50485,0,12,Computer,1,11,Debit Card,Male,5,2,Fashion,2,Single,4,0,19,2,14,13,70.22
50486,1,38,Phone,1,22,Debit Card,Male,3,3,Others,5,Single,4,0,18,7,3,2,310.29
50487,0,32,Computer,1,55,Cash on Delivery,Female,3,5,Others,4,Divorced,7,0,15,12,5,38,259.34
50488,0,,Computer,1,12,Credit Card,Male,3,6,Mobile Phone,4,Married,8,1,13,0,15,14,55.57
50489,1,47,Computer,3,59,E wallet,Male,4,6,Others,4,Single,9,0,16,12,1,30,52.13
50490,1,,Computer,3,80,E wallet,Female,5,6,Laptop & Accessory,4,Married,1,0,18,9,15,18,27.47
50491,0,48,Phone,1,47,Cash on Delivery,Female,0,4,Fashion,3,Divorced,17,0,16,15,11,21,80.39
50492,0,37,Mobile Phone,2,63,E wallet,Male,4,4,Grocery,4,Single,7,0,17,8,15,6,214.21
50493,0,1,Mobile Phone,1,34,E wallet,Female,1,3,Fashion,5,Divorced,20,0,22,1,3,26,169.1
50494,0,48,Mobile Phone,1,63,Debit Card,Female,4,1,Mobile Phone,3,Single,10,1,24,7,,34,199.34
50495,0,5,Mobile Phone,3,13,E wallet,Male,4,2,Others,3,Divorced,21,0,22,2,12,42,10.12
50496,0,45,Mobile Phone,2,96,E wallet,Female,2,1,Fashion,3,Single,1,1,23,1,6,4,25.99
50497,0,,Phone,1,72,Cash on Delivery,Female,1,4,Others,2,Married,18,1,17,3,2,45,224.89
50498,0,37,Mobile Phone,1,43,Cash on Delivery,Female,1,4,Mobile Phone,3,Single,14,0,25,15,,34,275.57
50499,1,41,Phone,3,85,UPI,Male,1,6,Others,5,Single,19,0,17,7,13,35,116.81
50500,1,23,Phone,2,15,E wallet,Male,4,6,Grocery,4,Divorced,18,0,19,14,9,36,54.11
50501,0,17,Mobile Phone,1,,E wallet,Female,1,1,Mobile Phone,2,Single,13,0,19,15,8,,100.22
50502,0,26,Mobile Phone,1,,E wallet,Female,5,2,Fashion,4,Single,7,0,11,9,3,35,133.91
50503,0,40,Mobile Phone,1,67,Debit Card,Female,2,4,Fashion,1,Single,2,0,13,13,7,3,204.79
50504,0,7,Computer,3,118,E wallet,Male,,4,Grocery,2,Divorced,7,0,15,13,12,1,133.08
50505,0,27,Phone,2,26,Debit Card,Male,4,1,Laptop & Accessory,5,Single,10,0,21,2,14,36,291.54
50506,0,9,Mobile Phone,1,65,UPI,Female,3,5,Others,2,Married,17,0,14,13,15,34,130.39
50507,1,16,Computer,2,30,Credit Card,Female,3,6,Fashion,3,Married,21,0,22,1,4,45,58.95
50508,0,54,Phone,2,16,E wallet,Male,4,3,Grocery,2,Divorced,5,1,11,1,14,3,80.71
50509,1,28,Computer,1,36,Cash on Delivery,Female,5,4,Others,3,Single,9,0,11,2,14,3,151.18
50510,0,57,Computer,1,13,Cash on Delivery,Female,4,2,Mobile Phone,4,Divorced,4,0,23,1,7,5,254.3
50511,0,5,Mobile Phone,2,111,E wallet,Male,1,5,Grocery,2,Single,20,0,14,5,5,16,282.56
50512,0,13,Phone,2,73,Debit Card,Female,2,1,Mobile Phone,2,Divorced,15,1,15,3,12,3,60.22
50513,1,21,Computer,2,94,Cash on Delivery,Female,4,1,Mobile Phone,5,Single,14,0,14,0,13,21,1.13
50514,1,53,Phone,3,75,Cash on Delivery,Male,3,2,Mobile Phone,1,Single,18,0,12,2,12,20,282.56
50515,0,5,Mobile Phone,1,97,UPI,Female,4,6,Others,2,Divorced,10,0,15,15,15,11,74.16
50516,0,25,Phone,1,37,UPI,Male,2,6,Laptop & Accessory,4,Divorced,16,0,,14,2,6,267.04
50517,0,38,Computer,3,28,UPI,Male,0,5,Mobile Phone,3,Divorced,20,0,13,10,6,,178.99
50518,0,11,Computer,1,93,Cash on Delivery,Male,5,2,Fashion,4,Single,10,0,17,,1,45,131.34
50519,1,34,Phone,2,99,Cash on Delivery,Female,3,4,Others,5,Divorced,9,0,14,0,6,12,47.7
50520,0,13,Computer,2,97,E wallet,Female,0,5,Others,2,Single,16,0,12,1,1,42,218.41
50521,0,21,Computer,2,73,E wallet,Female,0,3,Mobile Phone,1,Married,5,0,21,9,3,42,265.9
50522,0,50,Computer,1,42,Debit Card,Female,2,3,Fashion,1,Married,19,0,18,2,16,32,149.86
50523,1,22,Mobile Phone,2,113,Cash on Delivery,Male,5,2,Grocery,2,Single,1,0,23,16,11,39,145.07
50524,1,47,Mobile Phone,3,15,E wallet,Male,4,3,Others,1,Single,1,0,20,11,,12,245.47
50525,1,6,Computer,2,36,E wallet,Male,0,2,Mobile Phone,4,Divorced,5,0,12,1,15,3,162.54
50526,0,39,Phone,1,68,UPI,Female,,4,Mobile Phone,3,Single,7,0,21,12,7,24,255.32
50527,0,49,Mobile Phone,1,76,UPI,Male,4,6,Laptop & Accessory,2,Single,15,1,17,3,14,19,17.59
50528,0,24,Phone,1,24,UPI,Male,5,4,Laptop & Accessory,3,Married,11,0,18,14,2,37,278.73
50529,0,12,Computer,1,38,Credit Card,Female,3,2,Grocery,1,Divorced,12,0,20,16,9,34,85.17
50530,1,20,Computer,1,115,E wallet,Female,4,4,Grocery,5,Divorced,17,0,13,10,16,8,54.99
50531,0,40,Phone,3,46,UPI,Male,,3,Grocery,3,Single,17,0,16,0,3,29,10.5
50532,1,9,Mobile Phone,2,,UPI,Female,2,4,Grocery,5,Divorced,17,0,22,1,3,38,271.07
50533,1,52,Phone,2,70,Cash on Delivery,Female,3,3,Mobile Phone,4,Married,4,1,14,9,14,22,19.54
50534,0,54,Phone,2,25,UPI,Female,3,6,Mobile Phone,5,Married,2,0,22,6,16,,310.19
50535,0,58,Computer,1,83,Cash on Delivery,Male,3,6,Mobile Phone,3,Married,10,0,12,10,7,14,183.57
50536,1,8,Mobile Phone,3,74,Debit Card,Male,2,3,Fashion,3,Single,5,0,18,9,1,,227.07
50537,1,14,Phone,1,9,UPI,Male,5,1,Grocery,2,Single,10,1,12,1,5,,235.73
50538,0,,Mobile Phone,1,122,Cash on Delivery,Male,5,4,Fashion,5,Married,10,1,19,13,10,11,95.12
50539,0,1,Computer,1,,UPI,Male,4,4,Others,4,Married,11,0,19,6,3,34,262.1
50540,0,24,Mobile Phone,3,71,Debit Card,Male,0,2,Others,2,Divorced,10,0,21,12,1,33,307.53
50541,1,12,Computer,3,111,UPI,Male,0,2,Mobile Phone,2,Divorced,11,1,18,1,7,0,120.2
50542,0,33,Mobile Phone,1,47,Cash on Delivery,Male,1,5,Others,4,Divorced,6,1,20,5,10,31,271.49
50543,0,50,Phone,3,20,Debit Card,Female,2,3,Mobile Phone,2,Divorced,21,0,13,0,14,,250.91
50544,0,57,Computer,1,103,Debit Card,Female,3,6,Grocery,4,Married,10,0,18,10,16,23,191.62
50545,0,33,Phone,1,77,Debit Card,Male,5,6,Fashion,1,Divorced,8,1,15,6,,6,119.48
50546,0,34,Computer,3,39,Credit Card,Female,4,1,Mobile Phone,2,Married,11,0,25,4,9,11,134.94
50547,0,37,Mobile Phone,3,,Cash on Delivery,Female,5,3,Laptop & Accessory,3,Married,20,1,20,11,,21,99.97
50548,0,2,Mobile Phone,2,47,Credit Card,Male,2,4,Laptop & Accessory,1,Single,19,0,24,8,7,34,138.54
50549,0,41,Computer,2,114,Debit Card,Male,1,5,Grocery,2,Divorced,7,0,15,1,15,20,321.63
50550,0,55,Computer,3,102,Credit Card,Male,5,3,Fashion,4,Married,21,0,12,1,13,28,118.11
50551,0,58,Computer,2,43,UPI,Female,0,5,Mobile Phone,1,Single,12,0,22,1,14,16,216.29
50552,1,5,Mobile Phone,3,14,Credit Card,Female,4,3,Grocery,1,Single,21,1,13,13,4,27,103.87
50553,0,54,Computer,2,78,E wallet,Male,0,4,Fashion,3,Married,6,0,18,6,3,41,151.66
50554,0,47,Computer,3,24,Debit Card,Male,4,4,Laptop & Accessory,2,Married,12,0,24,0,6,40,27.23
50555,1,48,Phone,3,5,Debit Card,Female,3,3,Mobile Phone,2,Divorced,5,1,11,8,16,16,248.05
50556,0,18,Computer,1,10,Cash on Delivery,Male,4,6,Fashion,4,Divorced,13,1,14,11,6,3,214.83
50557,0,2,Phone,3,57,UPI,Male,3,6,Others,1,Married,17,0,16,0,2,40,112.93
50558,0,17,Phone,1,50,Cash on Delivery,Female,2,1,Mobile Phone,3,Married,9,0,19,0,7,5,170.57
50559,0,38,Phone,1,70,Credit Card,Female,0,4,Others,4,Single,20,0,18,8,15,14,283.47
50560,0,8,Mobile Phone,2,42,E wallet,Male,4,2,Grocery,4,Single,21,0,20,15,1,43,14.44
50561,0,51,Phone,1,37,E wallet,Female,4,1,Fashion,3,Single,17,0,15,16,9,23,302.32
50562,0,11,Computer,2,71,E wallet,Female,1,3,Fashion,2,Single,19,0,23,0,2,7,153.01
50563,0,4,Mobile Phone,3,104,E wallet,Male,0,1,Fashion,3,Single,19,0,24,,3,40,279.39
50564,0,2,Mobile Phone,1,81,UPI,Male,2,2,Fashion,2,Divorced,8,0,17,15,6,26,279.98
50565,0,,Mobile Phone,1,39,Credit Card,Male,3,4,Mobile Phone,5,Single,8,0,18,4,11,30,19.08
50566,0,,Mobile Phone,3,83,E wallet,Male,2,4,Others,1,Married,15,0,22,6,,8,254.02
50567,0,29,Mobile Phone,1,49,Debit Card,Male,1,6,Others,3,Divorced,7,0,19,16,7,17,238.18
50568,0,3,Mobile Phone,1,26,Credit Card,Male,2,4,Grocery,4,Single,6,0,24,5,14,,14.04
50569,1,4,Mobile Phone,1,111,UPI,Male,3,6,Grocery,2,Single,16,0,13,2,1,21,305.67
50570,0,0,Phone,2,72,E wallet,Female,0,2,Fashion,1,Single,8,0,21,6,3,19,206.23
50571,0,26,Computer,2,21,UPI,Male,5,1,Laptop & Accessory,1,Married,3,0,18,13,6,41,54.45
50572,0,,Computer,3,9,E wallet,Female,1,3,Laptop & Accessory,3,Single,10,0,25,16,4,3,40.01
50573,0,28,Phone,1,89,Debit Card,Male,4,3,Fashion,4,Married,10,1,13,13,5,37,182.64
50574,0,17,Phone,3,61,Credit Card,Male,4,1,Others,3,Married,19,0,11,11,13,43,19.12
50575,1,11,Mobile Phone,2,92,Debit Card,Male,0,4,Grocery,4,Single,2,0,23,8,12,12,53.43
50576,1,12,Mobile Phone,1,99,E wallet,Male,5,6,Mobile Phone,5,Single,9,1,23,5,3,19,308.25
50577,0,40,Phone,2,44,Cash on Delivery,Male,2,3,Laptop & Accessory,3,Divorced,1,0,14,1,16,5,242.04
50578,1,1,Mobile Phone,2,121,Credit Card,Male,4,4,Grocery,2,Divorced,10,0,,5,14,14,199.38
50579,0,36,Computer,2,124,UPI,Female,1,5,Laptop & Accessory,3,Divorced,18,0,19,8,8,7,67.87
50580,0,44,Computer,1,34,E wallet,Male,,5,Others,3,Married,1,0,20,10,1,29,71.02
50581,0,15,Mobile Phone,1,46,Debit Card,Male,3,3,Others,5,Single,12,0,17,0,11,35,144.89
50582,1,47,Mobile Phone,1,11,Cash on Delivery,Male,2,1,Fashion,5,Divorced,5,0,20,11,10,35,245.07
50583,0,23,Mobile Phone,1,117,E wallet,Female,5,1,Fashion,3,Married,11,0,21,4,7,2,1.28
50584,0,34,Computer,2,75,UPI,Female,3,1,Laptop & Accessory,4,Divorced,20,0,24,12,16,26,14.39
50585,0,21,Mobile Phone,1,,Debit Card,Male,5,4,Laptop & Accessory,5,Divorced,14,0,24,14,16,29,282.79
50586,0,35,Phone,2,92,Credit Card,Male,5,5,Grocery,5,Single,15,0,24,12,2,28,264.57
50587,0,10,Mobile Phone,1,23,Cash on Delivery,Male,2,4,Fashion,4,Single,2,0,15,1,8,15,225.77
50588,0,54,Phone,1,45,E wallet,Male,1,2,Others,1,Married,4,0,23,8,15,39,162.35
50589,0,57,Mobile Phone,2,,E wallet,Male,3,2,Grocery,5,Single,19,1,25,7,16,37,47.17
50590,0,45,Mobile Phone,1,38,E wallet,Female,1,3,Grocery,5,Divorced,13,0,11,3,3,19,33.23
50591,0,28,Computer,3,26,E wallet,Male,3,2,Mobile Phone,4,Married,19,1,11,14,4,44,294.25
50592,0,34,Phone,1,,Debit Card,Female,,1,Others,4,Married,13,0,22,,2,15,124.32
50593,0,47,Phone,1,119,Credit Card,Female,1,3,Grocery,3,Married,12,0,19,9,,20,226.11
50594,0,53,Phone,3,,UPI,Male,2,5,Mobile Phone,3,Married,2,0,14,8,14,17,148.26
50595,1,14,Computer,2,10,Cash on Delivery,Female,5,6,Fashion,1,Single,5,0,13,3,5,40,237.55
50596,0,59,Phone,1,78,E wallet,Male,5,5,Others,1,Divorced,18,0,21,0,9,30,62.83
50597,0,30,Computer,1,113,E wallet,Female,2,2,Fashion,1,Single,19,0,15,10,,1,157.48
50598,0,41,Mobile Phone,2,99,Credit Card,Male,3,2,Mobile Phone,2,Single,3,1,17,10,,23,122.48
50599,0,40,Mobile Phone,3,29,Credit Card,Male,5,5,Others,4,Married,4,0,17,8,8,5,79.64
50600,0,42,Phone,3,70,Debit Card,Male,3,2,Laptop & Accessory,5,Single,18,0,25,4,10,45,194.26
50601,0,15,Mobile Phone,1,14,Debit Card,Male,1,2,Laptop & Accessory,4,Single,12,0,15,2,16,16,174.52
50602,0,9,Mobile Phone,3,78,Debit Card,Female,4,4,Laptop & Accessory,4,Divorced,3,0,18,7,1,25,161.1
50603,0,48,Phone,1,30,Cash on Delivery,Female,5,6,Grocery,1,Married,11,0,,15,6,36,192.11
50604,0,31,Mobile Phone,1,9,Debit Card,Female,5,6,Laptop & Accessory,4,Single,14,0,20,16,5,1,46.32
50605,0,50,Phone,3,90,E wallet,Male,0,5,Grocery,2,Married,3,1,14,3,10,25,120.43
50606,0,1,Phone,1,72,Debit Card,Male,3,5,Grocery,5,Divorced,5,0,24,14,,43,105.52
50607,0,23,Mobile Phone,1,123,Cash on Delivery,Female,2,2,Mobile Phone,1,Single,7,0,16,12,1,36,249.98
50608,0,22,Mobile Phone,1,102,Debit Card,Male,0,1,Laptop & Accessory,3,Divorced,20,0,13,,16,0,11.61
50609,0,1,Mobile Phone,1,75,Debit Card,Male,1,4,Others,5,Divorced,17,0,14,9,9,1,91.63
50610,0,37,Mobile Phone,2,54,E wallet,Female,0,1,Grocery,3,Married,19,0,18,1,11,32,298.45
50611,0,30,Mobile Phone,2,21,E wallet,Male,,2,Mobile Phone,3,Married,3,0,20,5,10,10,97.61
50612,0,50,Computer,1,15,E wallet,Female,4,5,Grocery,4,Married,1,0,20,4,7,29,49.37
50613,0,39,Mobile Phone,2,57,Debit Card,Male,4,1,Others,5,Single,8,1,13,16,13,33,246.14
50614,0,25,Computer,3,54,E wallet,Male,0,6,Others,2,Married,20,1,21,3,1,26,15.55
50615,1,28,Phone,3,12,Credit Card,Female,4,3,Laptop & Accessory,4,Single,5,0,23,7,12,42,138.55
50616,1,2,Mobile Phone,1,96,UPI,Female,4,1,Grocery,3,Divorced,3,1,20,0,2,33,277.99
50617,0,57,Mobile Phone,3,112,UPI,Female,0,5,Others,5,Married,20,0,23,3,4,,310.08
50618,0,13,Mobile Phone,2,124,E wallet,Female,,6,Fashion,4,Divorced,17,0,13,12,10,38,80.93
50619,0,24,Phone,1,101,Cash on Delivery,Female,4,2,Others,5,Married,13,0,16,2,9,38,96.27
50620,0,47,Computer,1,120,E wallet,Male,0,1,Others,1,Divorced,13,0,18,9,11,1,184.36
50621,0,0,Computer,1,66,E wallet,Female,3,2,Grocery,2,Single,4,0,20,1,2,29,73.63
50622,0,52,Mobile Phone,2,93,Debit Card,Male,5,4,Others,2,Divorced,18,0,12,13,14,2,48.99
50623,0,2,Mobile Phone,1,89,Cash on Delivery,Male,4,3,Mobile Phone,2,Single,6,1,11,4,,1,138.44
50624,0,53,Mobile Phone,2,80,E wallet,Female,0,5,Others,3,Married,2,1,20,15,1,29,23.48
50625,0,25,Mobile Phone,1,94,Credit Card,Female,4,5,Fashion,3,Married,15,0,23,9,1,36,290.62
50626,0,17,Phone,3,33,UPI,Male,3,2,Others,2,Married,2,0,11,4,9,28,108.61
50627,0,8,Mobile Phone,1,106,Credit Card,Female,0,3,Laptop & Accessory,5,Single,20,0,17,13,,34,109.29
50628,0,37,Phone,3,103,Credit Card,Female,3,6,Grocery,1,Married,20,0,12,6,,37,257.2
50629,0,22,Mobile Phone,3,105,Credit Card,Male,5,5,Fashion,3,Single,16,0,19,9,15,21,111
50630,0,20,Computer,1,114,Cash on Delivery,Male,2,1,Mobile Phone,4,Single,11,0,20,10,4,36,247.29
50631,0,56,Computer,1,48,Cash on Delivery,Female,1,5,Others,4,Divorced,17,0,14,10,5,17,58.9
50632,1,0,Mobile Phone,1,113,Cash on Delivery,Male,2,1,Others,3,Married,1,1,24,2,14,,171.92
50633,0,20,Mobile Phone,3,49,UPI,Male,4,5,Mobile Phone,2,Divorced,13,0,17,6,6,44,249.77
50634,0,26,Phone,2,33,Debit Card,Male,3,1,Others,5,Single,8,0,15,13,6,33,146.22
50635,0,41,Mobile Phone,1,117,E wallet,Male,0,4,Laptop & Accessory,1,Divorced,3,0,15,5,3,44,23.34
50636,0,58,Mobile Phone,1,92,E wallet,Male,3,2,Fashion,4,Married,14,0,17,12,7,37,239.49
50637,0,5,Mobile Phone,1,63,Debit Card,Male,4,6,Others,3,Single,14,0,19,13,14,29,160.57
50638,0,,Computer,3,19,E wallet,Male,0,6,Mobile Phone,5,Divorced,21,1,14,14,8,1,102.84
50639,0,43,Phone,2,74,Credit Card,Male,2,4,Mobile Phone,2,Married,14,1,19,10,1,19,322.66
50640,0,35,Computer,3,100,UPI,Male,3,6,Fashion,1,Married,19,0,19,9,13,43,284.72
50641,0,27,Phone,1,48,E wallet,Male,1,1,Laptop & Accessory,1,Divorced,11,1,21,10,9,15,12.29
50642,0,44,Computer,1,102,UPI,Female,,6,Fashion,4,Single,12,0,18,14,13,3,192.94
50643,0,16,Mobile Phone,3,40,Debit Card,Female,5,2,Others,4,Married,1,0,11,2,6,12,115.23
50644,0,58,Computer,1,88,E wallet,Female,4,3,Laptop & Accessory,3,Single,1,0,20,2,1,13,12.16
50645,0,39,Computer,3,125,UPI,Male,4,1,Laptop & Accessory,1,Married,14,0,21,0,11,8,3.67
50646,1,57,Phone,1,61,Credit Card,Male,3,6,Mobile Phone,2,Single,18,0,21,14,9,43,189.72
50647,0,51,Phone,1,121,Credit Card,Male,2,5,Laptop & Accessory,2,Single,2,0,25,12,4,13,104.04
50648,0,2,Computer,2,68,Debit Card,Male,2,5,Others,3,Married,4,0,19,14,9,10,228.58
50649,0,11,Phone,3,80,Cash on Delivery,Male,1,3,Others,1,Divorced,18,0,,8,16,9,147.69
50650,0,38,Phone,3,103,E wallet,Female,1,4,Others,4,Divorced,4,1,18,10,10,29,249.11
50651,0,11,Phone,1,117,Credit Card,Male,3,1,Grocery,2,Divorced,17,1,15,5,12,6,264.25
50652,0,1,Phone,1,42,Credit Card,Female,0,5,Laptop & Accessory,5,Single,16,0,16,16,,5,213.6
50653,0,55,Phone,2,124,Debit Card,Female,2,2,Laptop & Accessory,3,Divorced,16,0,13,16,16,16,135.84
50654,0,,Computer,2,21,Credit Card,Female,0,3,Others,2,Divorced,9,0,21,8,6,12,321.26
50655,0,21,Phone,2,31,E wallet,Male,0,4,Mobile Phone,5,Married,10,0,17,2,14,3,99.67
50656,0,22,Mobile Phone,1,,Debit Card,Female,3,4,Laptop & Accessory,5,Single,7,0,12,11,9,25,167.24
50657,0,29,Computer,3,67,UPI,Male,1,2,Grocery,2,Divorced,9,0,23,2,14,,169.13
50658,0,4,Computer,2,,Debit Card,Male,0,6,Laptop & Accessory,3,Married,16,0,13,3,16,2,139.21
50659,0,8,Computer,3,,E wallet,Female,3,2,Fashion,5,Single,17,1,12,9,15,10,39.46
50660,0,20,Phone,2,,E wallet,Female,1,6,Grocery,5,Married,16,0,23,4,14,19,115.03
50661,0,10,Mobile Phone,1,43,UPI,Female,0,3,Mobile Phone,1,Divorced,16,1,21,2,16,28,69.94
50662,1,4,Phone,3,6,Debit Card,Male,0,2,Grocery,1,Single,20,1,19,6,6,1,292.45
50663,0,34,Computer,2,119,E wallet,Male,1,5,Grocery,1,Single,21,0,21,1,1,42,213
50664,0,26,Computer,3,70,E wallet,Female,5,4,Laptop & Accessory,5,Divorced,19,0,24,5,1,3,93.54
50665,0,48,Computer,3,58,UPI,Male,1,6,Grocery,5,Married,10,0,23,9,2,31,183.86
50666,0,1,Computer,2,33,Cash on Delivery,Male,4,2,Others,3,Single,2,0,24,7,11,20,277.29
50667,0,23,Phone,2,49,Debit Card,Male,4,1,Grocery,4,Single,3,0,13,15,11,16,303.69
50668,0,30,Mobile Phone,1,92,E wallet,Female,3,2,Laptop & Accessory,1,Single,7,0,18,1,12,44,24.39
50669,0,32,Mobile Phone,1,92,Credit Card,Female,3,6,Others,4,Divorced,2,0,16,15,12,12,255.75
50670,0,38,Computer,1,84,UPI,Female,2,4,Mobile Phone,1,Married,13,1,23,13,2,31,314.05
50671,0,,Mobile Phone,1,,Cash on Delivery,Male,4,5,Fashion,1,Divorced,4,0,11,12,16,2,151.85
50672,1,45,Computer,1,53,Cash on Delivery,Female,1,2,Grocery,3,Single,15,0,,8,6,41,323.55
50673,0,,Computer,1,111,UPI,Male,4,5,Others,3,Married,18,1,23,8,10,30,311.05
50674,0,50,Mobile Phone,1,13,Cash on Delivery,Male,5,1,Others,2,Married,7,0,25,7,10,30,213.49
50675,0,27,Computer,1,31,E wallet,Male,3,6,Mobile Phone,1,Divorced,18,1,16,6,5,0,275.47
50676,1,59,Mobile Phone,1,60,Cash on Delivery,Male,5,4,Mobile Phone,1,Divorced,7,1,18,15,,27,96.38
50677,0,30,Computer,1,109,Debit Card,Female,3,3,Fashion,1,Single,9,0,20,5,14,22,298.18
50678,0,10,Mobile Phone,2,82,Credit Card,Female,5,4,Fashion,3,Divorced,12,0,24,10,7,4,192.36
50679,1,22,Computer,2,49,E wallet,Male,3,6,Laptop & Accessory,1,Divorced,1,0,13,7,8,0,165.64
50680,1,56,Mobile Phone,1,93,UPI,Female,,3,Fashion,2,Divorced,2,0,24,14,10,15,271.59
50681,0,1,Computer,2,47,Credit Card,Female,5,3,Fashion,5,Divorced,18,0,17,10,10,10,289.09
50682,0,39,Computer,3,112,E wallet,Female,0,4,Others,2,Divorced,14,0,24,8,10,35,227.91
50683,0,40,Computer,1,26,Credit Card,Female,3,6,Grocery,5,Single,6,1,16,15,10,36,8.14
50684,0,26,Mobile Phone,2,103,Cash on Delivery,Female,4,3,Grocery,3,Married,11,0,11,12,14,15,194.09
50685,1,34,Phone,3,,UPI,Female,0,6,Fashion,4,Divorced,19,1,12,9,3,11,267.04
50686,0,1,Computer,3,,UPI,Female,,5,Laptop & Accessory,3,Married,8,0,24,9,9,29,177.21
50687,0,38,Computer,1,44,Debit Card,Female,3,1,Laptop & Accessory,4,Married,21,1,21,8,1,43,303.83
50688,0,36,Mobile Phone,2,30,Cash on Delivery,Female,1,2,Grocery,5,Divorced,5,0,15,1,3,3,291.63
50689,0,20,Computer,1,87,Debit Card,Female,0,6,Mobile Phone,4,Divorced,21,0,17,,,40,172.14
50690,0,,Computer,2,49,Debit Card,Female,0,6,Others,5,Married,7,0,14,,15,37,131.25
50691,0,4,Computer,3,107,Cash on Delivery,Male,3,3,Fashion,4,Single,4,0,16,15,6,7,17.9
50692,0,51,Computer,2,49,E wallet,Male,5,6,Others,5,Married,15,0,12,,16,7,205.59
50693,0,44,Phone,3,30,Debit Card,Female,3,6,Fashion,4,Single,1,0,15,8,13,20,86.44
50694,0,20,Phone,1,74,Credit Card,Female,3,3,Fashion,5,Married,5,0,20,6,13,39,217.25
50695,0,28,Computer,3,71,E wallet,Female,2,4,Grocery,2,Divorced,17,0,,9,12,7,259.6
50696,0,19,Computer,2,10,Cash on Delivery,Female,1,6,Others,1,Single,13,0,13,5,16,28,132.83
50697,0,,Computer,1,32,UPI,Male,5,5,Others,2,Married,17,1,11,3,1,14,5.07
50698,0,37,Phone,2,71,E wallet,Male,1,2,Mobile Phone,3,Single,19,0,16,0,8,13,281.21
50699,0,19,Phone,1,17,Debit Card,Female,3,6,Mobile Phone,4,Divorced,4,0,19,3,12,37,178.43
50700,0,49,Mobile Phone,1,67,Credit Card,Male,2,3,Others,5,Single,17,0,24,2,10,9,102.31
50701,0,,Mobile Phone,3,17,Cash on Delivery,Female,3,5,Mobile Phone,2,Divorced,12,0,24,2,12,26,205.98
50702,0,1,Computer,1,125,UPI,Male,3,2,Mobile Phone,2,Divorced,18,0,20,,10,39,219.18
50703,0,56,Computer,2,81,Credit Card,Female,1,4,Fashion,5,Single,11,0,18,4,,26,47.93
50704,0,,Phone,1,5,UPI,Male,2,6,Grocery,4,Divorced,4,1,,0,3,41,210.08
50705,0,25,Computer,1,44,Cash on Delivery,Male,1,3,Fashion,3,Divorced,12,0,18,10,6,39,93.17
50706,1,5,Computer,3,41,E wallet,Male,,4,Mobile Phone,3,Divorced,9,0,21,5,2,34,261.18
50707,0,40,Phone,1,35,Debit Card,Female,4,6,Fashion,3,Single,18,0,15,1,5,35,305.99
50708,0,56,Phone,2,120,Cash on Delivery,Male,0,4,Fashion,5,Divorced,9,1,13,12,16,10,33.37
50709,0,2,Phone,2,,Credit Card,Female,5,3,Laptop & Accessory,2,Married,1,0,14,0,2,12,298.14
50710,0,32,Phone,2,13,E wallet,Male,3,5,Fashion,3,Divorced,6,0,17,7,7,34,293.62
50711,0,0,Mobile Phone,3,113,UPI,Male,5,5,Fashion,2,Married,19,1,25,9,15,20,111.44
50712,0,,Phone,2,68,E wallet,Female,2,4,Grocery,3,Single,1,0,15,14,5,36,9.37
50713,0,4,Phone,1,61,E wallet,Female,4,4,Others,3,Married,8,1,14,2,8,43,215.55
50714,0,12,Computer,3,17,Credit Card,Female,5,6,Laptop & Accessory,4,Divorced,6,1,13,5,6,11,112.03
50715,0,18,Computer,1,,Debit Card,Male,5,1,Laptop & Accessory,5,Divorced,4,0,13,1,13,24,62.29
50716,1,,Computer,2,18,E wallet,Female,2,2,Laptop & Accessory,4,Divorced,3,0,,2,,27,35.28
50717,1,47,Mobile Phone,3,79,E wallet,Female,3,6,Laptop & Accessory,2,Divorced,13,0,,8,12,43,63.71
50718,1,24,Phone,2,29,Debit Card,Female,3,4,Grocery,2,Divorced,2,0,,4,9,17,77.18
50719,0,56,Phone,3,99,Debit Card,Male,0,4,Others,5,Divorced,13,0,25,5,7,9,258.64
50720,0,50,Mobile Phone,2,126,UPI,Female,2,2,Grocery,3,Single,21,1,14,9,1,38,254.74
50721,1,34,Phone,3,82,UPI,Female,4,3,Laptop & Accessory,5,Divorced,15,0,11,8,9,2,160.68
50722,0,11,Computer,3,61,Debit Card,Male,0,5,Others,3,Married,8,0,14,,15,4,179.83
50723,0,29,Mobile Phone,1,75,Cash on Delivery,Female,2,3,Grocery,1,Married,12,1,22,15,13,,298.29
50724,0,4,Phone,1,92,Debit Card,Male,3,2,Others,1,Married,8,0,25,5,9,13,295.11
50725,0,33,Mobile Phone,1,117,UPI,Female,0,2,Grocery,5,Single,19,0,15,15,10,44,269.32
50726,1,21,Mobile Phone,2,104,Credit Card,Female,3,1,Others,1,Married,9,0,18,2,2,40,121.64
50727,0,38,Phone,1,46,Credit Card,Female,1,6,Grocery,1,Married,10,0,24,13,14,31,119.13
50728,0,12,Computer,1,46,E wallet,Female,1,6,Laptop & Accessory,2,Married,21,1,23,7,2,41,288.56
50729,0,56,Phone,1,51,Credit Card,Male,0,6,Laptop & Accessory,3,Single,7,0,17,13,7,32,301.12
50730,0,46,Phone,3,120,UPI,Male,0,6,Laptop & Accessory,1,Married,10,1,12,14,15,5,259.5
50731,0,53,Computer,2,48,Credit Card,Male,2,1,Grocery,4,Married,3,0,19,9,14,29,246.07
50732,0,,Phone,1,45,Cash on Delivery,Male,4,5,Others,2,Single,2,0,25,16,5,5,181.4
50733,0,59,Phone,1,7,Debit Card,Male,4,6,Others,3,Divorced,7,0,13,7,5,30,109.96
50734,0,52,Phone,1,115,Debit Card,Male,1,4,Mobile Phone,2,Married,10,0,19,3,1,1,78.21
50735,0,19,Mobile Phone,1,112,UPI,Female,,2,Fashion,4,Divorced,8,0,11,9,6,,45.61
50736,1,30,Mobile Phone,1,94,E wallet,Female,1,1,Laptop & Accessory,3,Married,12,0,19,3,16,31,236.67
50737,0,4,Mobile Phone,3,115,Debit Card,Female,3,3,Laptop & Accessory,5,Single,20,1,17,3,8,4,252.52
50738,0,23,Phone,3,94,Credit Card,Male,4,6,Laptop & Accessory,5,Divorced,17,1,12,9,4,45,116.56
50739,0,39,Computer,1,5,Cash on Delivery,Female,0,1,Mobile Phone,2,Single,9,1,20,2,13,40,1.96
50740,0,53,Mobile Phone,1,83,E wallet,Male,1,3,Mobile Phone,5,Divorced,20,0,17,13,3,42,305.04
50741,0,32,Computer,1,,E wallet,Male,5,1,Mobile Phone,3,Single,3,0,11,13,10,15,142.05
50742,0,7,Phone,1,105,E wallet,Female,2,3,Laptop & Accessory,4,Divorced,4,1,21,13,10,11,316.74
50743,0,23,Mobile Phone,1,11,Debit Card,Female,0,1,Others,4,Divorced,7,0,13,6,1,14,220.14
50744,0,49,Phone,1,16,E wallet,Male,0,1,Laptop & Accessory,5,Divorced,18,0,17,8,4,20,40.3
50745,0,19,Computer,1,120,UPI,Male,0,6,Mobile Phone,1,Married,17,0,13,1,16,36,106.26
50746,1,59,Mobile Phone,2,125,Credit Card,Male,4,5,Mobile Phone,1,Divorced,3,0,12,2,16,20,213.54
50747,0,15,Mobile Phone,2,42,Cash on Delivery,Female,1,4,Fashion,1,Divorced,3,0,15,11,2,24,211.01
50748,0,49,Mobile Phone,2,58,Credit Card,Male,2,2,Grocery,5,Married,13,1,25,15,5,16,75.4
50749,1,51,Mobile Phone,1,71,UPI,Male,3,4,Fashion,5,Married,17,1,,6,12,7,57.48
50750,0,11,Computer,3,110,UPI,Female,2,5,Fashion,5,Single,18,0,23,11,10,29,89.96
50751,0,12,Mobile Phone,3,126,Credit Card,Male,2,6,Laptop & Accessory,3,Single,19,0,19,,1,32,255.74
50752,1,44,Phone,1,57,Debit Card,Female,5,3,Grocery,1,Married,17,1,17,2,9,1,78.61
50753,0,41,Mobile Phone,1,94,UPI,Male,2,4,Grocery,2,Married,16,0,21,7,9,32,228.08
50754,0,38,Computer,2,122,E wallet,Female,3,2,Laptop & Accessory,3,Married,16,0,11,6,5,27,282.75
50755,0,24,Mobile Phone,1,98,Cash on Delivery,Male,2,6,Others,3,Married,1,0,11,,1,,127.28
50756,0,45,Computer,1,36,Cash on Delivery,Female,5,2,Laptop & Accessory,5,Married,14,0,16,4,3,40,2.27
50757,0,31,Computer,2,104,UPI,Male,2,3,Others,5,Single,15,0,25,8,7,,46.14
50758,0,23,Phone,2,49,E wallet,Male,1,2,Others,3,Married,4,1,14,15,5,34,101.37
50759,1,47,Mobile Phone,1,55,Credit Card,Female,5,5,Grocery,5,Married,20,0,11,8,11,42,61.74
50760,0,46,Mobile Phone,2,41,Cash on Delivery,Female,1,4,Laptop & Accessory,1,Single,21,0,19,11,9,38,94.09
50761,0,43,Mobile Phone,3,123,E wallet,Male,1,2,Laptop & Accessory,3,Divorced,11,0,24,14,4,19,176.81
50762,0,8,Phone,1,63,E wallet,Male,0,4,Grocery,3,Single,18,0,12,8,5,12,6.85
50763,0,39,Phone,2,58,Debit Card,Male,5,1,Fashion,3,Single,17,0,11,2,15,30,20.89
50764,0,49,Computer,1,22,UPI,Male,2,4,Laptop & Accessory,5,Married,9,1,13,10,3,37,278.12
50765,0,22,Computer,1,5,E wallet,Male,4,3,Mobile Phone,3,Divorced,21,1,25,5,8,22,169.75
50766,0,49,Computer,2,121,Credit Card,Male,4,5,Mobile Phone,2,Single,14,0,25,8,13,11,304.05
50767,0,12,Phone,1,25,Cash on Delivery,Male,4,6,Laptop & Accessory,2,Divorced,3,0,20,2,3,5,1.06
50768,1,59,Phone,1,32,Debit Card,Female,3,2,Others,1,Single,20,0,22,8,6,23,0.05
50769,0,58,Phone,1,116,Credit Card,Male,1,6,Grocery,3,Married,20,0,22,2,7,33,240.37
50770,0,31,Computer,2,20,Cash on Delivery,Female,1,5,Others,3,Single,4,0,11,3,13,32,154.78
50771,0,49,Phone,2,52,UPI,Male,1,4,Mobile Phone,5,Single,16,0,23,12,2,6,296.98
50772,1,14,Computer,1,32,Credit Card,Male,5,2,Mobile Phone,4,Single,21,0,14,16,7,,255.64
50773,0,35,Computer,2,26,Cash on Delivery,Female,,5,Grocery,4,Divorced,12,0,14,1,15,35,163.79
50774,0,48,Mobile Phone,1,87,Debit Card,Male,2,3,Mobile Phone,3,Divorced,21,1,16,15,3,15,155.52
50775,0,4,Mobile Phone,2,116,Cash on Delivery,Female,0,1,Fashion,1,Married,8,0,22,0,3,45,263.63
50776,0,21,Mobile Phone,1,5,E wallet,Male,5,1,Mobile Phone,2,Divorced,9,1,13,,,22,261.2
50777,0,15,Computer,2,99,Debit Card,Male,1,3,Others,3,Divorced,11,1,23,15,5,17,90.01
50778,0,40,Mobile Phone,3,120,Credit Card,Male,2,6,Others,3,Divorced,5,0,25,5,15,28,219.26
50779,0,9,Mobile Phone,3,120,UPI,Male,4,1,Fashion,1,Married,12,0,19,7,4,6,209.04
50780,0,23,Mobile Phone,1,46,Debit Card,Female,0,3,Others,1,Married,20,0,16,4,10,3,278.23
50781,0,17,Phone,3,102,Debit Card,Female,4,4,Others,4,Married,2,1,24,7,7,24,282.29
50782,0,48,Computer,1,114,Debit Card,Female,2,6,Others,3,Married,11,0,17,0,3,32,87.19
50783,0,17,Mobile Phone,3,108,Cash on Delivery,Male,2,6,Laptop & Accessory,3,Single,11,0,16,1,9,23,285.92
50784,0,6,Phone,1,74,E wallet,Female,4,3,Fashion,5,Married,21,0,19,5,1,22,300.49
50785,0,3,Phone,1,96,UPI,Male,5,1,Fashion,2,Married,1,0,12,5,14,20,35.63
50786,1,25,Phone,1,7,UPI,Female,0,4,Mobile Phone,5,Single,17,0,21,8,13,38,186.47
50787,0,4,Mobile Phone,1,99,E wallet,Male,4,6,Fashion,5,Single,17,0,,0,12,20,141.85
50788,0,59,Phone,2,84,Cash on Delivery,Female,4,3,Grocery,2,Divorced,4,0,18,1,2,26,130.65
50789,0,54,Computer,3,85,Cash on Delivery,Female,5,3,Fashion,3,Divorced,14,0,15,15,16,16,229.07
50790,1,15,Phone,2,48,E wallet,Female,4,6,Grocery,4,Married,5,1,12,8,11,25,42.11
50791,0,34,Phone,2,31,E wallet,Female,0,6,Others,2,Divorced,4,1,23,4,,18,266.48
50792,0,25,Phone,2,55,Credit Card,Male,3,4,Grocery,1,Single,6,0,17,10,11,32,8.64
50793,0,17,Phone,1,28,Cash on Delivery,Female,0,6,Laptop & Accessory,3,Divorced,18,0,22,,8,6,187.95
50794,0,28,Computer,1,24,Debit Card,Female,5,2,Others,2,Divorced,21,0,15,12,7,30,73.24
50795,0,22,Mobile Phone,1,36,UPI,Female,4,1,Grocery,2,Married,13,0,18,2,9,38,216.93
50796,1,52,Computer,1,103,Cash on Delivery,Female,1,6,Others,2,Single,6,0,24,1,5,14,170.77
50797,1,13,Computer,1,17,E wallet,Male,1,2,Laptop & Accessory,4,Single,15,0,20,15,13,1,324.92
50798,0,14,Mobile Phone,1,,Debit Card,Male,,4,Others,5,Divorced,5,0,21,10,3,44,280.25
50799,0,48,Phone,1,47,Credit Card,Male,3,4,Others,5,Divorced,6,1,16,2,13,1,109.41
50800,1,32,Mobile Phone,1,24,Credit Card,Female,5,5,Fashion,2,Divorced,18,0,17,14,2,16,171.76
50801,0,24,Mobile Phone,3,116,Debit Card,Female,,5,Mobile Phone,2,Married,7,0,21,2,6,33,103.29
50802,0,20,Computer,1,120,Debit Card,Male,2,4,Grocery,5,Divorced,6,0,22,3,13,45,236.86
50803,0,16,Mobile Phone,2,6,E wallet,Male,1,5,Mobile Phone,4,Divorced,8,0,11,4,2,24,137.28
50804,0,22,Phone,2,72,E wallet,Male,0,3,Laptop & Accessory,3,Married,5,1,12,8,,10,37.52
50805,0,56,Computer,2,95,UPI,Male,2,2,Laptop & Accessory,5,Single,4,1,19,6,5,43,214.76
50806,0,42,Phone,1,64,UPI,Male,2,4,Others,2,Married,19,0,25,12,11,8,3.6
50807,1,16,Computer,1,93,Credit Card,Female,3,3,Mobile Phone,4,Divorced,10,0,17,14,2,6,96.62
50808,1,57,Phone,1,8,Debit Card,Female,1,1,Grocery,4,Divorced,9,0,17,11,6,,294.82
50809,0,13,Mobile Phone,1,100,Credit Card,Male,0,1,Grocery,2,Single,1,1,14,9,6,3,30.61
50810,0,28,Mobile Phone,1,21,E wallet,Female,3,5,Others,1,Married,19,0,23,,14,,163.94
50811,1,19,Mobile Phone,2,5,Cash on Delivery,Female,0,5,Grocery,4,Divorced,12,1,23,5,16,25,258.4
50812,1,29,Phone,2,37,E wallet,Male,0,3,Fashion,5,Single,19,0,14,10,8,33,293.96
50813,0,18,Computer,2,34,Cash on Delivery,Male,2,1,Mobile Phone,1,Divorced,13,1,13,2,12,15,181.95
50814,1,52,Computer,1,9,Debit Card,Male,3,6,Laptop & Accessory,3,Single,15,0,20,5,6,40,49.78
50815,1,38,Computer,1,122,Debit Card,Male,,4,Grocery,5,Divorced,2,1,14,11,16,29,305.78
50816,0,55,Mobile Phone,3,16,Debit Card,Female,4,6,Grocery,2,Divorced,20,0,22,2,3,45,243.51
50817,0,12,Phone,1,106,UPI,Female,0,2,Grocery,1,Single,12,0,20,1,8,15,128.59
50818,0,17,Computer,2,36,UPI,Female,3,5,Others,5,Single,18,0,16,2,2,5,90.02
50819,0,22,Phone,2,42,Cash on Delivery,Female,1,3,Laptop & Accessory,4,Divorced,21,0,21,12,9,32,15.51
50820,0,45,Computer,1,125,Credit Card,Male,2,6,Mobile Phone,2,Single,4,0,13,8,6,14,62.22
50821,0,32,Mobile Phone,1,21,Credit Card,Female,4,5,Grocery,1,Divorced,20,0,,16,1,19,252.75
50822,0,38,Phone,1,62,Cash on Delivery,Male,5,3,Fashion,4,Divorced,12,1,18,13,16,11,35.3
50823,0,39,Computer,1,122,UPI,Female,4,1,Others,2,Married,20,1,11,7,4,23,42.06
50824,0,,Computer,1,113,E wallet,Female,4,5,Mobile Phone,2,Divorced,13,1,16,3,1,,63.68
50825,0,8,Computer,1,44,Cash on Delivery,Male,2,6,Grocery,1,Divorced,4,1,23,0,3,31,128.49
50826,1,32,Computer,1,100,Credit Card,Male,,3,Mobile Phone,1,Single,14,0,12,9,14,40,61.45
50827,0,31,Mobile Phone,2,28,Cash on Delivery,Male,3,3,Others,1,Married,21,0,21,12,15,32,293.9
50828,0,60,Computer,3,16,Cash on Delivery,Female,0,6,Fashion,5,Single,18,1,24,1,10,45,83.74
50829,0,53,Computer,1,115,Debit Card,Male,1,5,Grocery,2,Single,6,0,11,4,6,11,298.83
50830,0,16,Mobile Phone,3,99,UPI,Female,2,2,Fashion,3,Divorced,1,0,22,5,15,14,320.11
50831,0,18,Computer,3,23,Debit Card,Female,5,4,Others,4,Divorced,10,0,14,0,3,7,245.31
50832,0,26,Phone,3,33,UPI,Male,3,1,Fashion,1,Divorced,18,1,22,4,5,3,2.42
50833,0,5,Phone,3,89,Cash on Delivery,Female,0,6,Others,2,Single,19,0,23,14,8,26,78.01
50834,0,34,Computer,1,94,UPI,Male,5,6,Fashion,4,Single,2,0,16,7,8,,86.88
50835,0,55,Mobile Phone,1,56,Credit Card,Male,3,5,Mobile Phone,3,Divorced,15,0,17,3,13,13,176.4
50836,0,36,Mobile Phone,2,96,Debit Card,Female,0,5,Mobile Phone,4,Single,3,0,21,6,,38,51.48
50837,1,33,Mobile Phone,2,21,Cash on Delivery,Female,0,2,Others,3,Married,8,1,11,7,12,14,25.09
50838,0,19,Computer,3,77,Credit Card,Female,4,1,Mobile Phone,1,Married,19,1,13,12,15,18,57.32
50839,0,24,Computer,3,,UPI,Male,5,5,Fashion,5,Married,11,0,16,3,4,13,106.39
50840,0,3,Phone,2,118,UPI,Male,5,2,Fashion,3,Single,14,0,23,12,14,6,15.99
50841,0,9,Mobile Phone,1,,Credit Card,Male,2,6,Grocery,1,Married,16,0,23,13,5,5,63.49
50842,0,9,Computer,1,102,UPI,Female,1,4,Others,4,Divorced,10,0,16,8,4,33,54.44
50843,0,23,Computer,1,79,Debit Card,Male,4,3,Mobile Phone,4,Divorced,17,0,20,11,7,23,251.02
50844,1,20,Computer,2,123,E wallet,Female,4,4,Others,4,Divorced,15,1,16,8,12,24,55.11
50845,0,10,Mobile Phone,2,24,UPI,Male,3,4,Mobile Phone,5,Married,11,0,17,0,9,40,257.25
50846,0,26,Mobile Phone,3,117,Cash on Delivery,Male,5,4,Grocery,2,Married,8,0,21,8,6,24,165.16
50847,0,15,Phone,2,57,UPI,Female,0,4,Fashion,3,Single,8,0,17,6,11,14,246.3
50848,1,25,Mobile Phone,3,118,Cash on Delivery,Female,0,3,Fashion,2,Divorced,7,0,22,0,11,41,146.37
50849,0,60,Computer,2,115,UPI,Female,3,6,Laptop & Accessory,4,Single,20,0,20,1,2,2,292.84
50850,0,60,Phone,3,107,UPI,Male,5,1,Others,5,Married,12,1,25,7,7,35,89.87
50851,0,29,Mobile Phone,1,84,Cash on Delivery,Female,2,1,Mobile Phone,1,Single,21,0,18,0,3,1,249.21
50852,0,48,Mobile Phone,3,67,Debit Card,Female,0,6,Laptop & Accessory,5,Divorced,16,0,21,2,8,21,53.11
50853,0,15,Mobile Phone,2,61,E wallet,Female,4,2,Others,2,Single,16,1,12,0,3,27,286.86
50854,1,6,Mobile Phone,1,33,E wallet,Female,,2,Mobile Phone,4,Single,10,1,20,2,9,31,9.24
50855,0,15,Computer,1,5,Debit Card,Male,5,5,Grocery,3,Married,7,0,24,7,14,38,148.67
50856,0,,Mobile Phone,3,86,UPI,Male,0,4,Others,5,Married,4,0,11,11,1,,136.91
50857,0,57,Computer,1,,E wallet,Female,0,4,Mobile Phone,2,Married,2,0,,,6,0,202.73
50858,0,15,Computer,1,68,Debit Card,Female,2,3,Fashion,2,Married,9,0,24,0,11,43,143.3
50859,0,39,Computer,1,90,Debit Card,Male,5,4,Others,1,Divorced,15,0,25,2,10,22,191.42
50860,0,11,Phone,2,76,E wallet,Female,0,3,Mobile Phone,3,Divorced,14,0,23,11,7,4,280.05
50861,0,34,Computer,3,75,Cash on Delivery,Female,2,5,Fashion,2,Single,12,0,17,7,3,34,46.16
50862,0,48,Mobile Phone,1,93,Credit Card,Female,4,2,Fashion,3,Divorced,17,0,22,8,6,10,79.35
50863,0,20,Phone,1,98,Cash on Delivery,Male,2,2,Laptop & Accessory,4,Single,17,0,11,14,11,14,260.92
50864,0,49,Mobile Phone,3,102,UPI,Male,0,5,Mobile Phone,5,Married,13,0,12,10,13,4,74.12
50865,0,42,Computer,2,48,Cash on Delivery,Male,1,5,Laptop & Accessory,2,Single,8,0,11,5,14,37,294.34
50866,0,35,Mobile Phone,3,52,Credit Card,Female,5,6,Laptop & Accessory,4,Single,10,0,24,4,10,3,175.76
50867,0,47,Phone,1,109,Credit Card,Female,0,4,Grocery,1,Divorced,13,0,22,4,14,43,26.61
50868,0,16,Phone,1,120,Debit Card,Female,1,2,Laptop & Accessory,3,Single,7,0,22,15,3,9,6.71
50869,1,31,Mobile Phone,1,79,UPI,Male,,1,Laptop & Accessory,4,Divorced,3,0,11,14,9,8,247.94
50870,1,40,Mobile Phone,2,19,Debit Card,Male,5,5,Grocery,3,Single,15,1,13,10,6,32,278.31
50871,0,5,Mobile Phone,1,39,Cash on Delivery,Female,3,2,Grocery,3,Divorced,7,1,14,16,11,41,77.96
50872,0,23,Phone,1,,Cash on Delivery,Female,,2,Others,2,Married,5,1,15,16,8,5,78.25
50873,0,26,Computer,1,57,E wallet,Female,4,3,Laptop & Accessory,3,Divorced,8,1,15,14,4,45,310.08
50874,0,19,Mobile Phone,1,49,Debit Card,Female,4,2,Fashion,4,Married,21,1,12,12,8,26,213.26
50875,0,24,Computer,3,89,Debit Card,Female,4,5,Grocery,1,Divorced,17,0,21,,5,42,54.47
50876,0,1,Phone,1,96,Debit Card,Male,2,4,Mobile Phone,2,Married,8,0,13,0,15,27,145.79
50877,0,8,Mobile Phone,2,17,Debit Card,Male,4,2,Others,5,Married,7,0,24,12,15,45,295.89
50878,0,27,Mobile Phone,3,38,Credit Card,Male,3,1,Others,1,Divorced,7,1,18,3,8,42,201.88
50879,0,52,Phone,1,42,E wallet,Male,0,5,Laptop & Accessory,4,Married,2,1,12,11,,33,132.43
50880,0,60,Mobile Phone,2,74,UPI,Female,1,4,Fashion,2,Single,11,0,14,14,15,28,49.09
50881,0,37,Computer,3,112,UPI,Male,5,6,Grocery,3,Single,12,1,17,11,16,31,235.95
50882,0,2,Phone,3,72,UPI,Male,5,4,Mobile Phone,1,Married,12,0,19,14,13,21,89.82
50883,0,19,Phone,1,9,Credit Card,Female,,5,Laptop & Accessory,2,Married,19,0,13,4,16,14,183.92
50884,0,5,Mobile Phone,1,123,E wallet,Male,1,6,Fashion,5,Married,3,0,13,10,2,26,195.05
50885,0,38,Phone,1,44,E wallet,Female,4,4,Laptop & Accessory,5,Divorced,12,0,17,9,14,9,180.52
50886,0,32,Mobile Phone,2,74,Credit Card,Male,2,1,Laptop & Accessory,5,Single,6,0,18,12,13,24,80.11
50887,0,54,Mobile Phone,2,25,Debit Card,Female,1,2,Others,2,Married,6,0,24,14,3,,230.19
50888,0,0,Phone,2,32,Cash on Delivery,Female,4,5,Mobile Phone,1,Married,19,0,14,7,16,7,183.97
50889,0,36,Mobile Phone,1,7,Debit Card,Female,4,2,Mobile Phone,3,Divorced,21,0,24,2,10,20,131.2
50890,0,5,Computer,1,27,UPI,Male,,2,Mobile Phone,1,Single,9,1,11,10,4,7,16.94
50891,0,44,Computer,2,76,Debit Card,Male,3,4,Mobile Phone,3,Married,9,0,15,4,1,36,107.66
50892,1,33,Mobile Phone,1,23,Credit Card,Female,3,5,Grocery,1,Single,18,0,21,11,5,23,114.55
50893,1,46,Computer,2,121,UPI,Male,,2,Grocery,1,Divorced,10,1,24,0,3,45,257.13
50894,0,14,Mobile Phone,1,79,Cash on Delivery,Female,1,3,Mobile Phone,2,Single,10,0,25,5,7,22,166.87
50895,0,,Computer,1,,UPI,Female,2,1,Fashion,5,Married,1,0,14,5,16,23,302.94
50896,0,25,Phone,1,78,Debit Card,Female,0,6,Grocery,5,Married,18,0,24,11,2,12,243.99
50897,0,56,Mobile Phone,1,62,E wallet,Female,4,4,Grocery,5,Single,10,0,21,14,14,38,174.85
50898,1,13,Mobile Phone,1,96,E wallet,Female,4,5,Fashion,5,Divorced,7,1,18,3,14,4,54.89
50899,0,57,Mobile Phone,1,24,E wallet,Female,4,5,Mobile Phone,1,Divorced,8,0,23,,11,14,71.84
50900,0,53,Mobile Phone,1,112,UPI,Female,3,4,Laptop & Accessory,5,Divorced,11,0,17,6,14,23,52.03
50901,0,6,Mobile Phone,1,120,E wallet,Male,4,2,Grocery,1,Divorced,6,0,12,4,13,10,143.93
50902,0,45,Mobile Phone,1,96,Credit Card,Male,3,4,Laptop & Accessory,3,Married,19,1,16,2,1,16,234.82
50903,0,57,Phone,2,97,Cash on Delivery,Male,0,5,Laptop & Accessory,4,Single,9,0,14,,2,7,246.78
50904,0,30,Phone,1,76,E wallet,Male,2,3,Fashion,4,Married,11,1,17,16,3,41,31.25
50905,0,23,Computer,2,87,Credit Card,Male,2,2,Mobile Phone,3,Single,2,0,19,5,10,23,161.17
50906,1,58,Mobile Phone,2,57,Credit Card,Male,2,6,Laptop & Accessory,1,Single,11,0,17,1,5,37,156.47
50907,0,30,Computer,2,116,UPI,Female,3,4,Mobile Phone,5,Divorced,5,0,25,14,6,26,142.64
50908,0,28,Computer,3,89,UPI,Male,5,5,Others,2,Divorced,19,0,12,2,8,41,97.9
50909,0,41,Phone,1,86,Cash on Delivery,Female,5,6,Mobile Phone,1,Single,17,0,18,,13,6,154.64
50910,0,31,Computer,2,13,Cash on Delivery,Male,1,5,Fashion,1,Single,18,0,16,6,4,23,167.9
50911,0,16,Phone,3,,Debit Card,Female,5,5,Fashion,3,Single,14,1,19,9,15,26,194.9
50912,0,13,Computer,3,45,Cash on Delivery,Male,1,3,Others,3,Married,10,0,17,8,4,36,122.64
50913,0,39,Mobile Phone,1,29,UPI,Male,0,2,Fashion,2,Single,17,0,15,15,13,,307.16
50914,0,35,Computer,1,38,Credit Card,Male,1,4,Mobile Phone,5,Married,11,0,18,14,2,2,110.12
50915,0,57,Phone,1,77,Debit Card,Male,0,2,Mobile Phone,4,Single,2,1,17,12,3,21,290.89
50916,0,,Phone,2,13,Cash on Delivery,Male,4,5,Mobile Phone,5,Divorced,10,0,11,7,3,37,260.41
50917,0,23,Phone,2,86,Credit Card,Female,2,3,Fashion,5,Single,21,0,21,10,16,,151.21
50918,1,44,Computer,1,79,UPI,Female,5,6,Mobile Phone,1,Single,1,0,15,0,15,39,161.3
50919,0,53,Computer,2,17,E wallet,Male,3,3,Grocery,2,Married,14,0,17,7,16,28,282.71
50920,0,26,Phone,2,106,Debit Card,Female,0,5,Others,1,Single,11,1,20,11,2,9,160.14
50921,1,24,Mobile Phone,1,13,Credit Card,Female,5,2,Grocery,3,Married,11,0,,5,1,16,220.8
50922,0,58,Mobile Phone,3,84,UPI,Female,3,6,Mobile Phone,4,Married,10,0,21,15,2,41,263.02
50923,1,31,Computer,2,8,UPI,Female,3,2,Fashion,2,Divorced,20,1,24,13,5,6,295.06
50924,0,51,Computer,1,38,Debit Card,Male,,3,Others,2,Divorced,21,1,,6,8,42,70.9
50925,0,17,Phone,2,11,Debit Card,Male,4,6,Grocery,5,Divorced,5,1,15,2,15,34,316.99
50926,0,45,Computer,1,,Cash on Delivery,Female,4,1,Mobile Phone,1,Divorced,5,0,,9,5,39,313.73
50927,0,17,Computer,2,125,Cash on Delivery,Male,1,3,Fashion,5,Married,14,0,25,0,12,2,96.64
50928,0,36,Phone,3,,Debit Card,Male,5,6,Mobile Phone,5,Single,5,0,19,5,3,12,199.46
50929,0,25,Phone,3,79,Debit Card,Male,4,3,Grocery,2,Married,6,0,24,4,7,5,15.25
50930,0,8,Computer,1,100,Credit Card,Male,,4,Grocery,4,Divorced,16,1,19,,,,54.54
50931,0,59,Mobile Phone,1,95,Cash on Delivery,Female,5,3,Others,3,Single,15,0,20,3,7,1,189.74
50932,1,34,Computer,1,98,UPI,Female,3,1,Fashion,5,Married,6,1,15,4,8,38,211.28
50933,1,7,Mobile Phone,2,56,Cash on Delivery,Female,0,6,Laptop & Accessory,4,Single,20,0,12,9,3,37,173.75
50934,0,19,Mobile Phone,1,85,Cash on Delivery,Male,0,6,Mobile Phone,5,Married,16,0,18,3,10,32,229.03
50935,0,53,Mobile Phone,2,104,Debit Card,Female,4,3,Fashion,4,Single,19,0,17,9,1,41,257.69
50936,0,41,Phone,1,87,Debit Card,Female,1,2,Laptop & Accessory,1,Single,20,0,,3,16,22,54.75
50937,0,21,Phone,1,11,Cash on Delivery,Female,0,4,Fashion,3,Divorced,13,1,15,,8,32,214.38
50938,1,18,Phone,1,111,E wallet,Female,1,4,Mobile Phone,2,Divorced,19,0,22,8,6,24,182.84
50939,0,29,Computer,3,49,E wallet,Male,0,3,Mobile Phone,1,Single,13,1,20,1,3,13,38.22
50940,0,,Phone,2,63,Cash on Delivery,Female,1,4,Others,5,Single,8,0,22,4,9,34,74.3
50941,0,27,Phone,1,126,E wallet,Male,1,4,Grocery,5,Divorced,6,0,22,15,1,29,136.39
50942,0,34,Computer,1,25,Cash on Delivery,Male,3,3,Grocery,3,Married,17,0,21,13,8,8,280.72
50943,0,42,Computer,2,32,Debit Card,Female,2,1,Grocery,3,Single,5,0,21,14,9,29,70.53
50944,0,10,Mobile Phone,1,7,Debit Card,Male,0,6,Others,3,Married,8,1,20,10,10,6,59.45
50945,0,30,Computer,2,18,Debit Card,Male,5,3,Grocery,5,Divorced,18,1,12,,,7,234.31
50946,0,48,Computer,3,,UPI,Female,4,2,Fashion,5,Single,19,0,19,9,9,6,317.13
50947,0,47,Phone,2,33,Debit Card,Female,2,5,Grocery,2,Married,12,0,24,6,5,,145.38
50948,1,38,Mobile Phone,2,22,Debit Card,Female,3,1,Grocery,3,Divorced,12,0,22,0,16,26,113.79
50949,1,35,Mobile Phone,2,41,Cash on Delivery,Female,3,3,Mobile Phone,4,Single,13,0,25,3,5,24,82.53
50950,0,29,Computer,3,49,E wallet,Female,3,1,Others,2,Married,4,0,16,15,11,23,16.17
50951,0,22,Phone,3,49,E wallet,Male,4,5,Others,4,Single,10,1,19,14,5,27,57.98
50952,0,18,Phone,2,28,Debit Card,Female,0,4,Grocery,1,Married,16,0,18,9,11,33,30.36
50953,0,11,Phone,1,124,Debit Card,Male,0,4,Laptop & Accessory,3,Married,5,0,11,6,1,9,160.58
50954,1,14,Phone,1,50,Debit Card,Male,1,5,Mobile Phone,2,Single,12,1,23,0,16,35,317.91
50955,0,30,Computer,1,16,Cash on Delivery,Female,1,4,Grocery,2,Divorced,16,0,19,0,5,14,255.91
50956,0,42,Phone,2,,Cash on Delivery,Male,5,1,Laptop & Accessory,1,Single,15,0,19,0,12,37,195.55
50957,0,36,Mobile Phone,2,49,Cash on Delivery,Male,1,4,Fashion,1,Divorced,21,1,14,6,14,2,158.16
50958,0,36,Mobile Phone,1,36,E wallet,Female,4,5,Mobile Phone,1,Married,2,0,11,,14,11,200.58
50959,0,14,Computer,1,22,UPI,Female,2,5,Others,2,Married,16,0,14,12,10,32,122.21
50960,0,28,Phone,1,17,E wallet,Male,0,6,Laptop & Accessory,5,Married,11,1,16,8,13,,57.98
50961,0,49,Phone,3,8,Cash on Delivery,Male,1,5,Grocery,4,Divorced,9,1,14,13,15,40,191.68
50962,0,,Phone,2,27,Credit Card,Male,4,2,Laptop & Accessory,4,Married,2,1,19,5,10,40,171.63
50963,0,25,Phone,2,66,UPI,Male,4,1,Others,1,Single,18,0,14,6,6,5,306.97
50964,0,43,Computer,1,58,Debit Card,Male,5,5,Fashion,5,Married,13,1,20,13,5,2,211.2
50965,0,1,Phone,2,,E wallet,Female,1,6,Laptop & Accessory,5,Divorced,13,0,18,10,16,26,251.36
50966,0,19,Computer,1,59,UPI,Female,5,1,Grocery,1,Divorced,8,1,12,,16,40,30.13
50967,0,14,Phone,2,73,Credit Card,Female,3,6,Laptop & Accessory,3,Single,10,0,22,10,6,13,247.3
50968,0,51,Phone,1,118,UPI,Female,,2,Fashion,2,Single,17,0,17,7,13,,319.43
50969,0,3,Mobile Phone,1,44,E wallet,Male,3,1,Laptop & Accessory,3,Divorced,21,1,18,5,15,16,213.69
50970,0,21,Computer,1,18,Cash on Delivery,Female,1,3,Fashion,5,Divorced,1,1,24,2,12,45,241.18
50971,0,49,Mobile Phone,1,102,Debit Card,Female,,2,Fashion,1,Single,16,0,16,11,9,,318.34
50972,1,37,Computer,3,32,Cash on Delivery,Male,4,2,Mobile Phone,2,Single,11,0,20,10,7,42,127.16
50973,0,,Phone,1,76,Cash on Delivery,Male,0,4,Mobile Phone,4,Single,1,1,23,6,11,0,267.86
50974,0,,Phone,1,84,E wallet,Male,3,5,Grocery,5,Single,6,0,16,9,13,,129.9
50975,0,25,Computer,2,99,Cash on Delivery,Female,1,2,Grocery,2,Divorced,12,0,18,15,5,14,138.42
50976,0,50,Mobile Phone,3,75,Cash on Delivery,Female,0,1,Grocery,2,Married,16,0,13,15,,,213.93
50977,0,10,Computer,1,71,E wallet,Male,4,3,Fashion,3,Divorced,11,0,12,14,,6,83.34
50978,0,27,Computer,2,33,E wallet,Male,0,1,Fashion,4,Single,18,0,19,12,10,7,322.65
50979,0,55,Phone,3,104,Credit Card,Female,3,1,Mobile Phone,3,Divorced,2,1,18,3,9,41,107
50980,0,1,Mobile Phone,1,65,Cash on Delivery,Male,2,3,Fashion,3,Single,17,0,20,3,5,29,39.93
50981,0,58,Computer,1,107,UPI,Male,3,6,Mobile Phone,3,Divorced,17,0,15,5,5,6,104.83
50982,0,7,Mobile Phone,1,72,Debit Card,Male,3,4,Laptop & Accessory,3,Single,20,0,23,0,11,39,278.19
50983,0,28,Mobile Phone,3,13,Debit Card,Female,1,5,Grocery,5,Single,21,0,15,9,6,44,102.03
50984,0,10,Computer,1,123,E wallet,Female,2,2,Grocery,4,Divorced,4,0,16,2,8,13,198.69
50985,0,36,Mobile Phone,1,21,E wallet,Female,5,5,Others,3,Single,6,1,16,,1,2,303.98
50986,0,,Phone,2,53,Credit Card,Male,2,4,Mobile Phone,5,Married,15,0,12,10,9,25,84.49
50987,0,54,Phone,2,67,Cash on Delivery,Male,2,6,Others,5,Single,11,1,17,4,8,43,42.69
50988,0,49,Phone,1,88,E wallet,Female,4,3,Grocery,2,Single,18,0,13,1,14,33,31.48
50989,0,13,Phone,2,82,E wallet,Male,0,5,Others,2,Single,17,0,18,8,7,29,143.12
50990,0,53,Mobile Phone,1,50,Debit Card,Male,,1,Laptop & Accessory,1,Married,2,0,19,16,16,29,33.89
50991,0,9,Phone,1,97,Cash on Delivery,Female,5,2,Others,5,Divorced,13,0,13,16,5,28,147.49
50992,0,,Computer,2,125,Credit Card,Male,2,2,Laptop & Accessory,1,Married,6,0,16,9,1,36,280.38
50993,0,,Phone,3,,E wallet,Male,1,6,Grocery,5,Married,11,0,18,16,7,43,252.68
50994,0,34,Computer,1,104,E wallet,Male,5,4,Fashion,3,Married,20,0,16,10,9,24,189.05
50995,0,10,Computer,3,49,E wallet,Male,3,4,Mobile Phone,3,Divorced,7,0,20,,3,,276.39
50996,0,43,Phone,2,57,Debit Card,Female,3,3,Others,1,Single,18,1,13,0,12,0,32.59
50997,1,11,Phone,1,21,E wallet,Male,4,4,Laptop & Accessory,3,Married,17,0,14,15,16,7,198.06
50998,0,2,Mobile Phone,2,51,E wallet,Female,,5,Grocery,3,Single,13,0,19,,8,1,37.58
50999,1,52,Computer,1,,Debit Card,Female,4,2,Grocery,2,Married,21,0,22,14,16,16,156.7
51000,0,38,Phone,3,54,E wallet,Female,1,3,Fashion,3,Married,14,1,22,3,14,40,150.63
51001,0,13,Mobile Phone,3,47,Cash on Delivery,Female,3,4,Grocery,2,Married,9,0,21,3,14,42,86.18
51002,0,,Phone,1,72,Cash on Delivery,Male,,1,Grocery,4,Married,13,0,22,4,3,22,269.7
51003,1,27,Phone,1,88,Debit Card,Male,0,2,Fashion,5,Married,6,0,11,14,12,20,74.17
51004,0,,Phone,1,79,Cash on Delivery,Female,4,3,Grocery,2,Married,1,0,14,10,3,28,179.37
51005,0,38,Computer,1,110,Credit Card,Female,4,2,Laptop & Accessory,2,Divorced,1,0,20,7,7,4,156.73
51006,0,24,Phone,1,90,E wallet,Female,2,5,Others,2,Single,4,0,11,10,6,31,140.29
51007,0,,Mobile Phone,1,113,Credit Card,Female,0,6,Others,5,Single,14,0,18,,14,20,10.9
51008,1,9,Phone,2,,Cash on Delivery,Male,0,4,Laptop & Accessory,5,Divorced,18,0,25,8,,8,226.44
51009,0,42,Phone,1,76,Debit Card,Female,1,6,Others,5,Married,16,1,17,13,16,6,4.12
51010,0,14,Mobile Phone,3,32,Debit Card,Female,,4,Grocery,3,Divorced,3,0,17,13,11,17,266.68
51011,0,18,Mobile Phone,3,49,Credit Card,Male,0,4,Others,2,Divorced,6,0,12,12,7,14,86.58
51012,1,47,Computer,1,45,Cash on Delivery,Female,2,1,Others,5,Divorced,1,0,20,0,9,24,39
51013,1,21,Computer,3,98,E wallet,Male,2,5,Grocery,4,Single,11,0,25,8,1,15,135.54
51014,0,20,Computer,1,101,Cash on Delivery,Male,3,1,Others,5,Divorced,10,0,16,7,10,19,181.79
51015,0,59,Computer,1,101,Cash on Delivery,Male,0,5,Grocery,1,Married,18,0,18,2,13,44,100.87
51016,1,51,Mobile Phone,2,115,Debit Card,Female,,5,Fashion,1,Divorced,4,0,18,2,1,36,39.58
51017,0,43,Phone,1,122,UPI,Male,4,5,Fashion,2,Single,6,0,25,1,15,33,5.96
51018,0,31,Phone,2,40,E wallet,Male,4,4,Others,2,Single,19,0,15,3,5,4,228.74
51019,1,49,Phone,3,95,E wallet,Female,3,4,Fashion,2,Married,9,0,18,8,8,32,288.09
51020,0,22,Computer,3,88,Debit Card,Female,4,4,Others,3,Divorced,10,0,23,14,7,0,32.67
51021,0,12,Mobile Phone,2,37,Cash on Delivery,Female,,1,Fashion,1,Married,20,0,12,16,7,6,74.96
51022,0,4,Mobile Phone,2,29,Debit Card,Female,1,3,Others,1,Divorced,5,0,24,10,3,41,6.57
51023,1,3,Mobile Phone,1,112,Cash on Delivery,Male,2,6,Mobile Phone,2,Married,16,0,,0,9,3,287.65
51024,1,27,Phone,1,111,UPI,Female,1,5,Laptop & Accessory,1,Married,2,0,20,5,5,3,144.54
51025,1,13,Computer,2,23,UPI,Male,0,1,Fashion,1,Married,9,0,12,13,11,44,300.69
51026,0,7,Mobile Phone,1,51,Credit Card,Male,1,4,Grocery,3,Single,11,0,15,4,14,12,152.13
51027,1,8,Computer,1,89,Cash on Delivery,Female,1,6,Laptop & Accessory,4,Single,2,0,21,2,12,34,280.21
51028,1,56,Mobile Phone,1,110,Debit Card,Female,4,4,Others,2,Divorced,18,0,13,0,10,42,309.32
51029,0,50,Computer,2,37,Debit Card,Female,5,3,Laptop & Accessory,4,Single,2,0,16,3,3,17,108.92
51030,0,34,Mobile Phone,1,124,Debit Card,Female,5,4,Grocery,4,Married,14,1,17,15,16,42,208.23
51031,0,36,Computer,2,71,Credit Card,Male,3,5,Grocery,3,Single,4,0,16,5,6,45,216.59
51032,0,20,Mobile Phone,1,18,E wallet,Female,0,2,Others,1,Single,8,1,21,4,16,10,6.96
51033,0,57,Mobile Phone,1,83,Debit Card,Male,5,6,Fashion,2,Divorced,8,0,12,6,8,,142.42
51034,0,17,Computer,1,37,UPI,Male,4,4,Fashion,5,Married,1,1,12,9,8,42,277.98
51035,0,32,Computer,1,46,Debit Card,Female,0,3,Mobile Phone,4,Single,1,0,25,0,4,30,307.54
51036,0,7,Phone,3,90,Debit Card,Female,2,6,Grocery,4,Single,4,1,14,13,13,38,292.25
51037,0,50,Computer,1,69,Debit Card,Female,3,2,Mobile Phone,3,Divorced,18,0,24,3,15,41,316.19
51038,0,48,Mobile Phone,1,99,E wallet,Male,4,6,Grocery,4,Divorced,19,0,17,14,4,5,212.24
51039,0,16,Mobile Phone,2,51,Debit Card,Male,1,5,Mobile Phone,4,Married,10,0,18,5,9,37,75.66
51040,0,42,Computer,1,39,E wallet,Male,2,5,Fashion,4,Divorced,18,0,15,9,14,10,187
51041,0,30,Phone,1,121,E wallet,Female,1,5,Grocery,3,Married,10,0,,14,14,20,136.87
51042,0,33,Computer,1,88,Credit Card,Female,5,3,Fashion,1,Married,9,0,20,7,,25,84.06
51043,0,5,Mobile Phone,3,36,UPI,Female,,2,Laptop & Accessory,4,Single,7,0,11,12,10,14,251.16
51044,0,21,Mobile Phone,2,59,Debit Card,Female,2,5,Fashion,2,Single,6,1,24,,2,23,204.49
51045,1,13,Phone,1,58,Debit Card,Female,4,4,Grocery,4,Single,1,0,19,8,13,17,256.78
51046,0,2,Computer,1,80,Debit Card,Female,1,2,Laptop & Accessory,4,Single,5,0,25,14,9,7,87.58
51047,0,11,Mobile Phone,1,55,E wallet,Female,5,5,Mobile Phone,2,Single,19,1,23,7,13,40,293.76
51048,0,35,Mobile Phone,1,84,Cash on Delivery,Male,1,2,Others,3,Married,15,1,18,16,13,34,77.58
51049,1,11,Mobile Phone,2,63,UPI,Male,0,6,Grocery,5,Single,14,0,25,3,14,27,195.62
51050,0,,Computer,3,76,Debit Card,Male,,4,Others,2,Single,7,1,11,8,8,,18.49
51051,1,1,Computer,1,124,Cash on Delivery,Male,5,1,Others,5,Single,9,0,19,7,13,45,175.81
51052,0,1,Phone,3,18,Cash on Delivery,Female,3,5,Laptop & Accessory,1,Married,12,1,15,8,,1,32.09
51053,1,14,Mobile Phone,1,22,Cash on Delivery,Female,5,4,Mobile Phone,1,Divorced,17,0,24,3,16,17,107.97
51054,0,22,Mobile Phone,1,59,UPI,Female,3,3,Fashion,4,Divorced,18,0,18,7,2,0,279.72
51055,1,28,Phone,1,98,Cash on Delivery,Male,5,6,Laptop & Accessory,4,Single,2,0,20,16,16,1,290.4
51056,0,16,Mobile Phone,1,101,Debit Card,Female,5,5,Mobile Phone,3,Divorced,17,0,20,5,2,44,249.37
51057,0,31,Phone,3,102,Debit Card,Male,0,1,Fashion,5,Married,20,0,22,9,,,119.5
51058,0,6,Phone,1,60,Credit Card,Male,3,6,Fashion,1,Single,7,1,12,1,10,13,188.08
51059,0,29,Mobile Phone,1,112,E wallet,Male,5,4,Mobile Phone,1,Married,10,0,17,11,9,27,72.79
51060,0,27,Computer,3,53,Cash on Delivery,Female,1,6,Fashion,4,Married,15,1,19,4,14,43,220.46
51061,1,13,Computer,3,102,E wallet,Female,0,4,Grocery,4,Single,1,0,17,15,1,20,112.91
51062,1,43,Computer,2,64,E wallet,Male,2,2,Grocery,3,Married,11,0,19,4,2,19,71.82
51063,0,29,Computer,3,117,E wallet,Male,,5,Laptop & Accessory,4,Single,8,0,14,0,7,33,190.12
51064,0,16,Mobile Phone,1,57,E wallet,Female,5,1,Fashion,4,Married,12,0,15,,,33,36.34
51065,0,31,Phone,3,75,E wallet,Male,4,3,Fashion,3,Divorced,3,0,17,,13,45,223.18
51066,0,45,Phone,2,10,Debit Card,Female,4,2,Mobile Phone,4,Divorced,15,1,11,15,11,38,60.78
51067,0,5,Mobile Phone,3,74,UPI,Male,0,5,Grocery,4,Divorced,21,1,12,8,1,3,179.87
51068,0,50,Computer,2,90,Cash on Delivery,Female,2,1,Others,4,Married,5,0,12,,4,42,127.57
51069,0,23,Phone,1,12,Cash on Delivery,Male,0,2,Laptop & Accessory,5,Single,5,0,25,12,12,27,184.03
51070,0,5,Mobile Phone,2,105,Debit Card,Female,2,1,Grocery,1,Divorced,17,0,25,3,6,38,79.94
51071,0,26,Mobile Phone,1,19,Debit Card,Male,5,6,Mobile Phone,2,Single,2,1,25,6,8,0,100.88
51072,0,17,Computer,1,30,E wallet,Female,1,1,Laptop & Accessory,1,Divorced,1,0,20,9,2,44,45.6
51073,0,23,Mobile Phone,1,43,UPI,Male,1,2,Others,5,Divorced,18,0,19,11,10,7,252.51
51074,0,36,Phone,3,,Cash on Delivery,Female,2,2,Laptop & Accessory,2,Married,9,1,13,1,12,15,22.79
51075,1,55,Phone,1,61,Credit Card,Male,3,5,Grocery,1,Divorced,5,0,19,4,3,44,122.34
51076,0,23,Mobile Phone,2,14,Debit Card,Male,1,2,Others,3,Single,20,0,11,14,15,30,145.96
51077,0,37,Phone,1,7,Credit Card,Male,4,6,Mobile Phone,5,Single,13,1,21,10,,6,63.44
51078,0,33,Mobile Phone,3,98,Cash on Delivery,Male,0,5,Laptop & Accessory,3,Divorced,2,1,13,1,,4,125.07
51079,0,39,Phone,1,50,Debit Card,Male,5,1,Grocery,3,Single,13,1,20,14,1,1,135.88
51080,1,46,Computer,2,26,Cash on Delivery,Male,3,2,Mobile Phone,1,Single,8,0,25,4,7,40,72.91
51081,0,14,Phone,3,71,Debit Card,Female,4,5,Others,2,Single,10,0,12,15,1,3,207.76
51082,0,,Computer,1,69,Cash on Delivery,Female,0,5,Laptop & Accessory,4,Single,20,0,12,7,8,9,10.03
51083,0,21,Computer,1,101,Credit Card,Male,4,3,Fashion,4,Single,6,1,,6,6,34,64.21
51084,1,53,Mobile Phone,2,23,UPI,Female,3,5,Grocery,5,Divorced,11,0,16,,10,0,202.82
51085,1,23,Computer,3,104,Debit Card,Male,,5,Grocery,3,Single,14,0,15,7,14,38,203.95
51086,0,0,Phone,2,66,Credit Card,Male,0,3,Fashion,5,Single,10,1,24,4,7,2,86.21
51087,0,17,Phone,1,102,Cash on Delivery,Female,4,4,Mobile Phone,1,Divorced,10,0,25,13,2,42,221.99
51088,0,43,Computer,3,61,Credit Card,Male,5,6,Grocery,3,Married,11,1,22,1,15,44,152.68
51089,1,11,Mobile Phone,1,99,Debit Card,Male,5,2,Mobile Phone,4,Single,4,0,15,9,6,25,171.36
51090,0,56,Computer,2,111,Credit Card,Female,4,3,Others,1,Married,3,0,21,16,5,16,108.1
51091,1,42,Phone,3,92,Cash on Delivery,Male,3,5,Fashion,1,Married,9,0,19,,3,41,319.89
51092,0,27,Phone,1,,E wallet,Male,3,5,Mobile Phone,5,Divorced,5,0,16,16,9,7,239.65
51093,0,39,Computer,2,17,UPI,Female,5,2,Others,5,Married,1,0,19,16,,29,80.74
51094,0,59,Computer,2,20,UPI,Female,5,6,Laptop & Accessory,2,Married,11,1,14,15,8,7,76.88
51095,0,6,Computer,3,20,E wallet,Male,3,1,Grocery,4,Married,8,0,17,1,4,28,251.61
51096,0,22,Phone,1,119,Debit Card,Male,2,3,Fashion,4,Divorced,21,1,23,4,13,17,126.1
51097,0,20,Phone,1,123,Credit Card,Male,1,4,Laptop & Accessory,5,Single,5,1,21,11,6,23,29.74
51098,0,33,Phone,3,56,Credit Card,Male,4,2,Laptop & Accessory,4,Divorced,2,0,14,0,4,8,11.57
51099,0,10,Mobile Phone,1,,E wallet,Male,2,2,Laptop & Accessory,4,Divorced,9,0,11,4,4,19,134.54
51100,0,21,Phone,1,88,E wallet,Male,,3,Mobile Phone,1,Divorced,6,1,14,7,9,43,134.78
51101,0,41,Phone,3,45,Cash on Delivery,Male,5,5,Grocery,3,Single,11,0,12,9,5,12,229.73
51102,1,34,Mobile Phone,1,52,Cash on Delivery,Female,2,5,Fashion,3,Married,10,0,15,2,1,36,186.8
51103,1,51,Mobile Phone,3,95,UPI,Male,5,4,Grocery,2,Single,12,0,21,5,15,18,250.29
51104,1,28,Mobile Phone,1,43,Debit Card,Male,5,3,Grocery,3,Married,3,1,12,12,11,4,103.27
51105,1,41,Mobile Phone,1,17,Debit Card,Female,5,2,Grocery,4,Single,7,0,,7,7,35,202.88
51106,0,27,Mobile Phone,2,8,E wallet,Male,0,3,Others,1,Divorced,18,0,12,4,3,23,287.85
51107,0,58,Mobile Phone,2,100,UPI,Male,,1,Others,3,Divorced,12,0,22,5,11,33,22.52
51108,0,17,Computer,2,113,UPI,Female,5,2,Others,4,Married,11,0,21,1,3,7,230.25
51109,0,13,Computer,2,108,Cash on Delivery,Male,4,4,Others,4,Divorced,2,0,24,6,12,45,232.66
51110,0,17,Computer,3,102,Credit Card,Female,,4,Grocery,5,Divorced,21,0,22,15,15,3,258.06
51111,0,27,Computer,1,107,Debit Card,Female,1,2,Grocery,5,Single,10,0,14,,6,43,87.44
51112,0,23,Phone,1,47,UPI,Female,4,5,Fashion,3,Married,13,0,17,9,3,37,135.37
51113,0,7,Mobile Phone,1,85,Cash on Delivery,Female,0,2,Fashion,5,Single,13,0,23,1,1,7,77.91
51114,0,41,Phone,2,92,Cash on Delivery,Female,5,2,Fashion,4,Single,15,1,13,7,6,8,100.29
51115,0,53,Mobile Phone,1,97,Cash on Delivery,Female,4,1,Fashion,4,Divorced,13,0,21,1,7,40,314.77
51116,0,44,Mobile Phone,1,50,Credit Card,Female,4,2,Fashion,5,Single,9,0,22,1,15,40,144.84
51117,0,52,Phone,1,96,UPI,Male,4,6,Others,1,Married,6,0,,,5,30,275.78
51118,1,7,Computer,1,113,E wallet,Female,1,6,Grocery,5,Divorced,3,1,21,3,13,30,258.34
51119,0,3,Phone,1,51,E wallet,Female,5,3,Fashion,1,Married,20,0,19,6,1,39,144.47
51120,0,26,Phone,2,90,Cash on Delivery,Male,4,3,Mobile Phone,5,Married,20,1,25,13,2,6,322.46
51121,1,35,Mobile Phone,1,96,Cash on Delivery,Male,3,4,Fashion,4,Married,9,1,13,4,2,24,273.25
51122,1,4,Mobile Phone,3,57,Credit Card,Female,5,5,Fashion,4,Married,4,0,14,0,10,12,156.88
51123,1,32,Mobile Phone,2,29,Cash on Delivery,Female,2,4,Grocery,5,Single,20,0,11,0,8,4,100.65
51124,0,48,Computer,1,45,UPI,Female,3,1,Others,2,Divorced,5,1,17,5,8,17,24.47
51125,0,33,Phone,2,7,Cash on Delivery,Female,0,2,Laptop & Accessory,1,Single,12,0,11,15,8,6,151.06
51126,0,29,Phone,1,125,Cash on Delivery,Male,1,4,Grocery,2,Divorced,17,0,23,11,,37,117
51127,0,7,Computer,2,81,UPI,Male,2,2,Others,4,Single,5,0,22,0,12,41,231.2
51128,0,38,Phone,3,99,Debit Card,Female,1,4,Mobile Phone,1,Divorced,4,0,13,11,12,14,6.4
51129,0,46,Phone,2,17,E wallet,Male,1,2,Laptop & Accessory,5,Married,8,0,24,1,5,44,270.22
51130,0,25,Mobile Phone,2,109,Cash on Delivery,Male,4,4,Others,1,Married,9,0,19,9,5,32,135.4
51131,0,56,Computer,1,22,UPI,Male,3,6,Others,1,Single,17,0,22,9,4,30,152.66
51132,0,36,Mobile Phone,1,41,E wallet,Male,2,6,Grocery,3,Single,8,0,15,5,8,8,59.41
51133,0,,Computer,3,47,Credit Card,Female,4,6,Others,1,Married,5,0,20,1,8,18,304.68
51134,0,6,Mobile Phone,1,38,Debit Card,Male,2,3,Fashion,4,Single,10,0,20,15,12,5,129.48
51135,0,39,Phone,1,85,Cash on Delivery,Male,5,1,Others,2,Single,18,0,21,4,13,35,273.89
51136,0,27,Computer,1,59,Debit Card,Female,5,4,Laptop & Accessory,2,Divorced,14,0,12,5,9,31,77.17
51137,1,38,Computer,2,56,Cash on Delivery,Male,3,3,Others,5,Divorced,5,0,19,0,,27,31.41
51138,0,38,Mobile Phone,1,89,Cash on Delivery,Female,4,5,Mobile Phone,3,Divorced,15,0,,3,1,37,206.62
51139,0,27,Computer,3,40,Cash on Delivery,Female,2,4,Fashion,2,Single,5,0,19,16,11,9,319.94
51140,0,13,Phone,1,58,Debit Card,Male,5,2,Laptop & Accessory,2,Married,12,0,22,12,9,34,210.26
51141,0,52,Phone,1,63,Credit Card,Male,4,1,Laptop & Accessory,1,Married,10,0,21,11,1,45,197.83
51142,0,49,Phone,2,118,UPI,Female,1,3,Grocery,4,Married,8,0,24,12,4,23,143.72
51143,0,37,Mobile Phone,1,124,UPI,Male,5,3,Grocery,4,Married,1,0,,15,11,33,92.24
51144,0,3,Computer,2,56,Credit Card,Female,0,1,Fashion,5,Divorced,3,0,16,10,,8,140.02
51145,0,41,Mobile Phone,1,108,Credit Card,Female,2,4,Laptop & Accessory,4,Divorced,16,1,22,0,1,26,48.41
51146,1,17,Phone,1,,Cash on Delivery,Male,,2,Mobile Phone,2,Single,11,0,17,,3,33,85.12
51147,0,43,Computer,1,16,Cash on Delivery,Female,3,5,Others,1,Married,9,1,21,8,3,14,158.4
51148,0,47,Phone,3,96,UPI,Female,2,4,Others,4,Single,10,0,24,2,16,26,47.06
51149,1,24,Computer,2,15,Cash on Delivery,Male,0,1,Others,3,Married,2,0,16,7,7,26,257.25
51150,1,6,Computer,2,,Cash on Delivery,Male,2,4,Grocery,3,Married,20,0,14,8,12,31,3.76
51151,0,37,Mobile Phone,1,105,Credit Card,Female,2,4,Laptop & Accessory,3,Single,11,0,18,4,3,44,104.52
51152,1,27,Computer,2,96,Debit Card,Male,5,1,Laptop & Accessory,4,Divorced,20,0,,4,6,26,167.91
51153,0,4,Phone,1,,E wallet,Female,2,1,Mobile Phone,1,Single,11,0,,4,10,25,301.91
51154,0,2,Computer,3,112,E wallet,Male,3,5,Grocery,4,Single,7,1,23,15,4,43,186.37
51155,0,43,Phone,2,83,Cash on Delivery,Female,0,1,Mobile Phone,2,Married,21,0,22,4,6,16,95.84
51156,0,30,Mobile Phone,2,20,Cash on Delivery,Male,5,1,Laptop & Accessory,4,Divorced,11,1,16,4,9,15,114.46
51157,0,46,Phone,1,113,E wallet,Male,0,1,Others,3,Single,5,0,11,11,12,34,110.23
51158,1,41,Computer,2,75,Credit Card,Male,3,3,Grocery,3,Divorced,12,0,25,6,7,25,58.62
51159,1,57,Phone,1,51,E wallet,Male,,1,Grocery,1,Divorced,18,1,19,2,1,37,47.08
51160,0,19,Phone,3,71,E wallet,Male,2,1,Grocery,5,Divorced,5,0,25,7,8,29,156.21
51161,0,18,Computer,1,35,E wallet,Female,5,1,Others,3,Divorced,15,0,20,4,16,41,87.83
51162,0,47,Phone,1,80,Cash on Delivery,Female,0,5,Grocery,3,Married,12,0,22,5,4,36,29.85
51163,0,59,Computer,1,12,Cash on Delivery,Male,2,4,Fashion,5,Married,1,0,17,5,8,13,70.36
51164,0,10,Mobile Phone,1,93,E wallet,Female,1,1,Grocery,4,Married,18,0,18,5,15,,169.24
51165,0,39,Phone,1,65,Cash on Delivery,Male,2,1,Others,3,Married,6,0,22,10,3,27,83.49
51166,0,2,Mobile Phone,3,48,E wallet,Female,2,5,Grocery,1,Married,6,0,21,12,10,39,77.27
51167,1,22,Phone,2,54,Credit Card,Female,4,4,Fashion,4,Single,11,0,14,13,12,15,201.71
51168,0,6,Phone,3,39,Cash on Delivery,Female,0,5,Fashion,4,Divorced,11,0,18,16,14,,224.06
51169,0,22,Mobile Phone,3,80,Debit Card,Male,0,6,Grocery,3,Married,16,0,22,0,5,19,78.4
51170,0,60,Phone,1,65,Cash on Delivery,Male,1,2,Laptop & Accessory,4,Divorced,6,0,11,9,3,29,153.45
51171,0,6,Phone,2,123,Credit Card,Female,1,2,Laptop & Accessory,4,Married,1,0,21,1,12,8,248.48
51172,1,45,Mobile Phone,1,89,Credit Card,Female,1,2,Mobile Phone,1,Married,16,0,14,12,11,0,224.22
51173,0,33,Phone,3,94,Cash on Delivery,Female,0,1,Fashion,4,Single,3,0,16,16,13,26,22.52
51174,0,41,Computer,1,59,UPI,Female,4,5,Laptop & Accessory,3,Divorced,6,1,20,2,14,8,117.02
51175,0,18,Phone,1,70,E wallet,Male,4,1,Mobile Phone,3,Married,3,0,17,3,3,19,235.06
51176,0,57,Phone,1,18,E wallet,Male,3,2,Laptop & Accessory,5,Married,19,1,22,5,3,26,58.32
51177,0,8,Phone,1,114,Credit Card,Female,0,4,Grocery,2,Single,8,1,13,,4,38,63.68
51178,0,47,Mobile Phone,1,8,Cash on Delivery,Male,3,4,Fashion,5,Divorced,2,1,20,13,3,34,204.81
51179,0,50,Computer,1,21,UPI,Female,,6,Laptop & Accessory,1,Divorced,19,1,20,8,16,,92.22
51180,0,17,Computer,2,115,Debit Card,Male,1,5,Grocery,1,Married,15,1,12,14,14,12,105.22
51181,1,40,Phone,3,116,E wallet,Female,3,6,Mobile Phone,3,Single,14,0,19,5,12,13,169.92
51182,0,47,Mobile Phone,1,73,UPI,Male,5,4,Grocery,2,Single,14,1,11,10,2,0,243.94
51183,0,44,Mobile Phone,1,28,E wallet,Female,3,2,Mobile Phone,5,Married,4,0,20,6,13,6,161.94
51184,1,41,Computer,3,53,Cash on Delivery,Male,0,6,Laptop & Accessory,2,Divorced,19,0,24,16,14,32,290.36
51185,0,24,Mobile Phone,1,59,E wallet,Female,1,6,Others,3,Married,7,0,11,13,6,38,34.66
51186,1,,Phone,3,75,Debit Card,Male,1,6,Grocery,4,Divorced,16,0,20,7,1,33,245.1
51187,0,13,Phone,1,27,Cash on Delivery,Female,4,5,Others,3,Single,8,0,12,7,5,45,176.68
51188,0,43,Mobile Phone,2,115,Credit Card,Female,3,5,Fashion,3,Married,15,0,15,6,11,27,265.42
51189,0,24,Phone,2,85,UPI,Male,4,2,Others,2,Married,20,0,,8,6,6,102.83
51190,0,18,Computer,2,16,E wallet,Male,3,2,Fashion,1,Married,5,0,23,11,12,45,156.68
51191,0,38,Phone,3,15,Cash on Delivery,Male,0,2,Laptop & Accessory,4,Divorced,1,0,16,2,,23,267.67
51192,0,54,Mobile Phone,1,119,Cash on Delivery,Female,0,6,Laptop & Accessory,4,Divorced,12,0,,0,1,14,270.33
51193,0,14,Computer,1,79,E wallet,Female,2,2,Grocery,1,Single,9,0,18,14,7,23,122.2
51194,0,15,Phone,2,102,Credit Card,Female,3,5,Others,2,Divorced,19,0,20,8,14,,267.21
51195,0,26,Computer,3,115,E wallet,Male,3,4,Fashion,2,Divorced,18,0,,16,11,38,221.78
51196,1,39,Mobile Phone,1,105,Credit Card,Female,1,2,Fashion,1,Married,7,0,15,11,16,2,133.06
51197,1,9,Phone,3,118,E wallet,Male,1,3,Others,5,Single,11,0,13,16,6,9,315.15
51198,1,3,Phone,1,33,Cash on Delivery,Female,4,5,Laptop & Accessory,2,Single,11,1,,12,9,11,10.04
51199,0,50,Computer,1,66,Debit Card,Female,2,1,Laptop & Accessory,1,Married,20,0,24,12,4,40,124.37
51200,0,18,Phone,2,57,Debit Card,Female,0,4,Fashion,5,Divorced,20,0,16,14,3,28,99.76
51201,0,27,Phone,1,121,Cash on Delivery,Male,3,5,Grocery,3,Divorced,15,0,11,14,6,7,304.12
51202,0,20,Phone,2,52,Debit Card,Female,4,2,Laptop & Accessory,4,Married,17,0,22,4,8,9,32.32
51203,0,58,Phone,1,104,Credit Card,Female,2,6,Mobile Phone,1,Married,3,0,18,6,5,16,204.11
51204,0,46,Mobile Phone,1,95,Cash on Delivery,Male,1,3,Fashion,2,Divorced,11,0,25,5,3,8,232.9
51205,0,13,Phone,2,123,Credit Card,Female,2,1,Others,4,Single,13,0,16,4,3,41,59.86
51206,0,32,Computer,2,110,Cash on Delivery,Male,4,4,Others,5,Married,6,0,14,8,1,14,48.73
51207,0,47,Mobile Phone,1,90,Credit Card,Female,0,2,Fashion,4,Divorced,14,0,22,10,6,3,15.55
51208,0,9,Computer,1,70,Credit Card,Female,1,5,Fashion,1,Married,11,0,15,2,10,20,51.63
51209,0,18,Computer,1,115,Debit Card,Male,5,5,Laptop & Accessory,3,Single,13,1,12,6,7,6,262.67
51210,1,29,Computer,1,104,Cash on Delivery,Female,1,4,Fashion,5,Single,17,0,,2,9,7,306.79
51211,0,21,Mobile Phone,3,52,E wallet,Male,0,3,Fashion,5,Divorced,14,0,16,5,6,,292.96
51212,0,2,Mobile Phone,3,98,Debit Card,Male,1,6,Mobile Phone,5,Single,21,0,16,15,8,19,118.72
51213,0,36,Mobile Phone,1,63,Credit Card,Female,4,2,Others,4,Married,14,0,13,7,6,6,235.91
51214,0,40,Phone,1,,Credit Card,Female,,4,Laptop & Accessory,3,Single,4,0,11,15,2,45,268.79
51215,0,17,Computer,3,61,E wallet,Female,3,4,Grocery,1,Divorced,4,0,18,7,3,5,264.06
51216,0,10,Mobile Phone,2,125,E wallet,Female,2,5,Laptop & Accessory,1,Married,14,0,22,9,11,8,20.37
51217,0,47,Computer,2,80,Credit Card,Female,4,4,Others,4,Single,14,1,17,8,15,13,69.82
51218,0,,Mobile Phone,2,7,E wallet,Male,0,1,Grocery,1,Single,7,1,22,15,14,,305.16
51219,0,11,Mobile Phone,1,85,UPI,Male,4,1,Fashion,1,Single,16,1,11,13,13,28,240.47
51220,0,53,Mobile Phone,1,,Debit Card,Male,3,2,Mobile Phone,3,Divorced,14,0,22,9,1,2,271.16
51221,1,5,Computer,3,36,Cash on Delivery,Male,1,4,Mobile Phone,4,Divorced,5,0,23,3,5,44,167.09
51222,0,42,Phone,2,12,E wallet,Male,,5,Others,4,Single,7,0,18,9,12,30,127.74
51223,0,58,Mobile Phone,1,91,E wallet,Female,5,6,Others,5,Married,17,0,20,14,11,23,211.65
51224,1,,Mobile Phone,1,106,UPI,Male,4,2,Mobile Phone,1,Single,15,0,12,10,6,23,153.68
51225,0,43,Mobile Phone,1,34,Cash on Delivery,Male,1,3,Grocery,2,Married,7,1,21,13,6,35,121.47
51226,0,28,Phone,2,19,UPI,Female,1,5,Grocery,3,Married,10,0,18,14,13,34,113.06
51227,0,58,Computer,1,78,Cash on Delivery,Female,3,3,Laptop & Accessory,3,Divorced,18,0,15,3,12,24,51.32
51228,0,29,Computer,1,59,Debit Card,Female,0,2,Fashion,2,Single,11,0,18,16,,38,172.06
51229,1,1,Computer,3,125,E wallet,Female,5,1,Grocery,5,Divorced,14,0,21,0,1,20,168.95
51230,0,8,Computer,1,42,Debit Card,Male,5,5,Fashion,2,Single,4,0,22,4,7,14,192
51231,1,46,Mobile Phone,1,19,Cash on Delivery,Female,5,6,Others,2,Married,3,0,16,16,16,33,37.77
51232,0,1,Phone,1,34,E wallet,Male,2,5,Grocery,5,Divorced,14,0,25,9,4,8,297.35
51233,0,28,Mobile Phone,1,50,UPI,Female,4,2,Grocery,2,Divorced,20,1,12,8,9,2,241.17
51234,0,32,Phone,1,68,Credit Card,Female,0,5,Grocery,5,Divorced,3,0,17,3,11,,42.56
51235,0,9,Computer,3,30,UPI,Male,2,5,Laptop & Accessory,1,Married,21,0,21,2,8,14,25.79
51236,0,33,Phone,3,119,Credit Card,Male,,2,Others,5,Divorced,3,0,25,2,6,15,208.95
51237,1,,Mobile Phone,1,113,UPI,Female,4,4,Mobile Phone,4,Single,20,1,21,7,16,12,110.99
51238,0,54,Mobile Phone,1,82,Cash on Delivery,Male,5,2,Laptop & Accessory,4,Single,12,1,,4,10,43,103.69
51239,1,7,Computer,2,71,Debit Card,Female,3,5,Laptop & Accessory,2,Married,10,0,25,0,3,43,273
51240,0,36,Mobile Phone,1,40,Credit Card,Female,3,6,Grocery,4,Divorced,20,0,16,13,8,0,112.17
51241,1,53,Mobile Phone,1,94,Cash on Delivery,Male,3,6,Laptop & Accessory,5,Single,18,0,14,6,12,32,205.46
51242,0,59,Phone,3,82,Debit Card,Male,0,2,Mobile Phone,1,Divorced,12,1,19,8,10,7,174.55
51243,0,32,Mobile Phone,1,,Debit Card,Male,4,5,Laptop & Accessory,5,Single,4,1,23,13,12,15,85.46
51244,1,46,Computer,1,82,E wallet,Female,1,3,Laptop & Accessory,3,Married,19,0,23,15,15,34,107.78
51245,0,5,Computer,1,126,E wallet,Male,1,3,Grocery,2,Single,19,0,14,15,1,13,306.54
51246,0,43,Mobile Phone,1,44,E wallet,Male,3,1,Others,1,Single,17,0,11,5,11,40,107.7
51247,0,39,Computer,1,78,Credit Card,Female,0,2,Mobile Phone,2,Single,8,0,23,6,9,26,254.8
51248,0,44,Phone,1,77,Credit Card,Male,1,2,Grocery,3,Married,11,0,13,0,10,43,279.91
51249,1,18,Phone,1,50,Debit Card,Male,0,3,Laptop & Accessory,4,Single,5,0,21,10,13,0,23.09
51250,0,,Mobile Phone,2,108,Credit Card,Male,4,3,Mobile Phone,3,Married,5,0,18,8,9,38,215.51
51251,0,26,Mobile Phone,1,111,Debit Card,Male,3,3,Fashion,4,Married,13,0,,0,16,42,243.51
51252,0,0,Phone,1,46,Cash on Delivery,Female,2,6,Laptop & Accessory,2,Single,4,1,24,9,10,29,141.06
51253,0,42,Computer,2,22,UPI,Male,3,6,Others,2,Divorced,13,1,24,12,8,34,185.03
51254,0,51,Mobile Phone,3,104,Debit Card,Female,2,1,Laptop & Accessory,2,Single,16,1,,4,10,,52.59
51255,0,32,Mobile Phone,1,40,Debit Card,Female,1,1,Others,5,Married,12,0,21,7,4,30,103.51
51256,0,39,Computer,1,80,Cash on Delivery,Male,5,4,Fashion,1,Divorced,14,0,,12,9,11,229.99
51257,0,31,Mobile Phone,1,54,E wallet,Female,2,6,Grocery,5,Single,21,0,25,15,11,39,195.84
51258,0,4,Computer,2,65,E wallet,Male,5,2,Grocery,3,Single,21,0,24,6,9,34,44.33
51259,0,16,Computer,1,44,E wallet,Female,0,1,Grocery,1,Single,9,1,14,7,12,33,321.12
51260,0,7,Computer,1,7,Debit Card,Male,5,5,Mobile Phone,2,Single,6,0,14,8,10,38,304.78
51261,0,56,Computer,1,86,Debit Card,Female,2,2,Others,2,Single,8,0,19,10,11,31,72.84
51262,0,41,Computer,1,11,Credit Card,Female,1,4,Laptop & Accessory,2,Divorced,16,0,22,16,5,11,284.41
51263,0,33,Phone,1,35,Credit Card,Female,1,3,Mobile Phone,4,Single,19,0,21,13,6,44,86.83
51264,0,8,Computer,1,69,UPI,Female,3,4,Mobile Phone,3,Married,2,0,,1,16,27,183.22
51265,0,55,Phone,3,99,UPI,Female,1,2,Laptop & Accessory,5,Married,6,0,21,14,11,18,254.17
51266,0,22,Computer,2,68,Credit Card,Female,0,3,Fashion,3,Divorced,2,0,22,4,14,23,111.83
51267,0,34,Mobile Phone,1,122,Debit Card,Male,2,4,Grocery,4,Married,19,1,25,0,7,19,180.42
51268,0,49,Phone,1,81,Cash on Delivery,Female,4,4,Fashion,4,Divorced,19,1,23,15,9,21,146.36
51269,0,6,Mobile Phone,1,97,Credit Card,Male,1,2,Fashion,3,Married,13,0,19,11,11,10,247.06
51270,0,14,Computer,1,7,Debit Card,Female,5,1,Grocery,4,Divorced,17,0,20,13,7,,155.57
51271,0,52,Computer,3,97,Credit Card,Male,2,5,Fashion,1,Single,21,0,18,16,1,44,184.25
51272,1,53,Mobile Phone,3,39,E wallet,Female,3,4,Mobile Phone,2,Married,8,1,25,0,16,39,274.81
51273,0,19,Computer,1,19,Credit Card,Female,4,5,Laptop & Accessory,5,Married,9,0,20,13,11,19,227.06
51274,0,49,Mobile Phone,1,25,E wallet,Female,3,6,Mobile Phone,4,Divorced,5,1,16,14,9,4,171.44
51275,0,24,Computer,1,66,Debit Card,Female,0,6,Mobile Phone,5,Divorced,8,0,21,11,6,39,149.92
51276,0,2,Computer,2,87,E wallet,Female,3,2,Others,2,Divorced,9,1,14,16,2,6,41.2
51277,0,59,Phone,2,32,Credit Card,Female,2,2,Grocery,3,Married,16,1,21,8,10,21,18.32
51278,1,54,Mobile Phone,3,8,E wallet,Female,4,1,Grocery,2,Divorced,16,1,16,2,16,36,309.65
51279,0,45,Computer,2,113,Cash on Delivery,Female,3,3,Mobile Phone,5,Single,12,1,16,11,9,40,60.62
51280,0,23,Mobile Phone,1,17,E wallet,Male,,5,Grocery,1,Divorced,11,0,12,12,1,28,89.98
51281,0,33,Phone,2,83,E wallet,Male,5,4,Others,3,Single,18,1,17,1,5,11,198.56
51282,0,45,Mobile Phone,2,55,UPI,Female,5,3,Laptop & Accessory,4,Single,13,0,19,14,9,,269.08
51283,0,21,Phone,2,52,Cash on Delivery,Male,0,6,Fashion,1,Divorced,3,1,18,1,12,35,270.77
51284,0,10,Mobile Phone,1,43,Debit Card,Female,2,6,Grocery,2,Single,18,0,13,4,16,34,269.64
51285,0,47,Mobile Phone,2,100,E wallet,Male,3,5,Mobile Phone,5,Single,11,0,18,8,,42,317.88
51286,0,7,Phone,2,71,Cash on Delivery,Female,,5,Grocery,5,Single,11,0,14,13,1,21,18.1
51287,0,38,Computer,2,98,Debit Card,Male,1,3,Mobile Phone,5,Divorced,5,0,,12,2,17,129.95
51288,0,42,Computer,2,62,Cash on Delivery,Male,0,3,Fashion,2,Divorced,3,1,11,3,11,21,296.92
51289,0,34,Computer,2,88,UPI,Female,5,1,Grocery,3,Single,2,0,13,7,7,18,151.88
51290,0,48,Mobile Phone,2,,Debit Card,Male,0,4,Fashion,4,Married,15,0,11,6,10,33,283.17
51291,0,45,Mobile Phone,2,118,Debit Card,Female,0,4,Mobile Phone,1,Single,5,0,15,16,12,8,5.74
51292,0,37,Computer,2,29,E wallet,Female,2,4,Others,2,Divorced,5,1,20,,11,9,163.92
51293,0,7,Mobile Phone,1,15,Credit Card,Male,5,6,Others,5,Single,21,0,25,7,2,18,299.8
51294,0,53,Mobile Phone,1,5,Debit Card,Female,5,6,Laptop & Accessory,4,Single,16,1,21,,9,37,84.92
51295,0,36,Computer,1,52,Debit Card,Male,3,3,Mobile Phone,5,Divorced,17,0,19,12,14,8,302.14
51296,0,,Phone,2,117,UPI,Male,3,1,Mobile Phone,2,Divorced,7,0,17,7,9,27,2.76
51297,0,27,Mobile Phone,2,52,UPI,Male,2,2,Mobile Phone,5,Married,2,0,,,11,29,25.65
51298,0,39,Mobile Phone,3,14,UPI,Male,2,1,Others,2,Single,14,0,17,8,14,24,154.97
51299,0,33,Mobile Phone,1,85,E wallet,Male,1,6,Others,5,Single,18,0,22,1,13,17,34.57
51300,0,31,Mobile Phone,1,34,Debit Card,Male,4,3,Others,2,Single,12,0,18,2,12,25,73.32
51301,0,14,Phone,1,39,UPI,Female,4,1,Grocery,5,Married,17,0,14,3,10,18,96.7
51302,1,43,Computer,1,118,UPI,Male,0,3,Grocery,4,Married,6,1,13,6,8,26,156.49
51303,0,16,Mobile Phone,2,23,Cash on Delivery,Male,3,5,Others,4,Single,5,0,12,8,2,35,126.92
51304,0,32,Computer,1,114,Cash on Delivery,Male,5,5,Fashion,5,Divorced,21,0,24,5,12,3,299.7
51305,0,46,Mobile Phone,2,57,UPI,Female,0,2,Grocery,5,Single,21,0,18,2,10,25,287.95
51306,1,45,Phone,2,125,E wallet,Female,5,6,Grocery,2,Single,7,0,,13,16,44,243.12
51307,0,51,Computer,1,38,Credit Card,Female,3,5,Grocery,2,Single,18,0,17,12,3,2,214.28
51308,0,53,Phone,3,36,Cash on Delivery,Male,3,2,Grocery,2,Divorced,20,0,21,12,13,35,66.41
51309,0,15,Mobile Phone,1,80,Cash on Delivery,Male,,4,Laptop & Accessory,3,Married,11,0,21,0,,6,195.59
51310,0,28,Phone,1,111,Debit Card,Male,2,3,Grocery,5,Married,5,0,21,14,8,,47.8
51311,0,8,Phone,3,85,Debit Card,Female,2,4,Fashion,5,Single,6,1,12,4,13,44,147.13
51312,1,32,Mobile Phone,3,,UPI,Female,2,4,Laptop & Accessory,5,Single,7,0,15,1,8,3,150
51313,0,59,Mobile Phone,1,119,Debit Card,Female,4,2,Grocery,5,Single,3,0,,4,6,6,224.16
51314,0,48,Computer,1,17,Debit Card,Male,2,3,Mobile Phone,2,Divorced,3,0,19,16,16,21,271.42
51315,0,28,Mobile Phone,1,107,Credit Card,Male,4,2,Laptop & Accessory,2,Single,2,0,18,0,7,29,104.16
51316,0,12,Computer,1,90,E wallet,Female,5,1,Grocery,3,Divorced,20,0,18,3,1,21,13.38
51317,0,20,Phone,3,79,UPI,Male,0,4,Fashion,2,Single,4,0,,14,8,28,15.27
51318,0,57,Phone,2,68,Credit Card,Female,4,3,Others,5,Single,5,0,12,14,13,10,284.32
51319,0,20,Computer,1,11,UPI,Female,3,4,Grocery,5,Single,2,0,25,15,7,15,158.06
51320,0,4,Mobile Phone,3,49,E wallet,Female,1,1,Mobile Phone,1,Married,16,0,12,12,5,,80.6
51321,0,9,Mobile Phone,1,49,UPI,Male,1,6,Fashion,2,Single,12,0,22,13,,5,10.49
51322,0,5,Phone,1,89,Debit Card,Female,3,1,Laptop & Accessory,1,Single,15,1,20,1,2,36,171.85
51323,1,55,Computer,3,69,E wallet,Female,5,6,Fashion,5,Single,4,0,17,9,13,12,44.56
51324,0,50,Phone,3,98,Credit Card,Male,0,3,Grocery,2,Single,3,1,25,4,12,32,135.53
51325,1,56,Phone,3,23,Credit Card,Male,1,3,Mobile Phone,5,Divorced,14,0,25,2,1,7,167.73
51326,0,12,Mobile Phone,2,119,Cash on Delivery,Female,3,1,Fashion,1,Divorced,13,0,22,10,15,10,74.49
51327,0,0,Computer,2,123,Credit Card,Male,1,4,Fashion,1,Single,6,0,23,12,9,32,64.62
51328,0,19,Phone,1,51,Cash on Delivery,Male,4,5,Others,4,Divorced,4,0,23,1,10,32,6.44
51329,0,56,Mobile Phone,2,50,Debit Card,Male,5,4,Others,4,Single,1,1,14,6,3,43,190.29
51330,0,46,Phone,3,,Credit Card,Male,1,5,Grocery,2,Single,3,0,25,2,12,39,65.14
51331,0,45,Phone,1,103,E wallet,Female,5,2,Laptop & Accessory,2,Divorced,12,0,13,12,11,26,285.42
51332,0,7,Mobile Phone,2,121,Cash on Delivery,Male,5,3,Laptop & Accessory,2,Divorced,3,0,23,5,5,45,196.23
51333,0,9,Mobile Phone,1,88,Credit Card,Female,4,1,Mobile Phone,2,Single,18,0,13,8,11,38,180.83
51334,1,8,Computer,1,104,Debit Card,Male,5,2,Grocery,2,Married,14,0,17,1,8,,164.02
51335,1,48,Phone,2,65,E wallet,Male,4,4,Laptop & Accessory,2,Single,5,1,11,11,12,44,69.98
51336,0,40,Computer,1,107,E wallet,Female,1,5,Fashion,2,Single,1,0,14,14,7,,315.06
51337,0,2,Mobile Phone,2,69,Debit Card,Male,1,6,Grocery,1,Married,14,1,16,15,7,,314.29
51338,0,10,Mobile Phone,1,27,Credit Card,Male,5,3,Fashion,1,Divorced,12,0,25,2,10,40,104.41
51339,0,11,Phone,3,99,UPI,Female,4,5,Mobile Phone,1,Married,1,0,19,13,16,23,252.27
51340,0,,Computer,1,124,Credit Card,Female,1,4,Grocery,5,Single,2,1,22,,10,21,38.75
51341,0,24,Computer,1,55,Cash on Delivery,Female,5,4,Mobile Phone,3,Divorced,12,1,11,15,13,2,253.67
51342,0,48,Phone,1,67,Cash on Delivery,Male,,1,Others,5,Married,13,1,11,5,16,2,93.06
51343,1,48,Phone,3,103,Credit Card,Male,2,2,Mobile Phone,2,Married,20,0,12,14,12,,93.97
51344,0,24,Computer,2,120,Cash on Delivery,Male,2,3,Others,3,Single,15,0,17,14,10,31,164.85
51345,0,10,Mobile Phone,2,115,UPI,Female,3,1,Grocery,1,Married,16,1,17,2,13,8,127.51
51346,0,53,Mobile Phone,1,113,UPI,Male,5,5,Fashion,1,Single,19,0,,3,11,15,38.3
51347,0,35,Phone,1,26,E wallet,Female,,2,Fashion,4,Divorced,5,1,24,16,4,24,192.75
51348,0,38,Computer,1,,Cash on Delivery,Female,0,3,Fashion,2,Married,2,1,15,12,10,4,69.5
51349,1,52,Computer,2,75,Credit Card,Female,5,5,Mobile Phone,2,Divorced,6,1,14,1,4,12,144.46
51350,0,25,Computer,1,37,E wallet,Female,2,3,Grocery,4,Divorced,8,0,23,0,10,30,75.08
51351,1,,Mobile Phone,3,113,UPI,Female,2,3,Grocery,5,Single,21,0,25,5,6,20,278.72
51352,0,38,Mobile Phone,2,104,E wallet,Male,0,6,Others,4,Married,7,0,20,4,10,39,109.86
51353,0,55,Computer,1,,Debit Card,Female,4,6,Grocery,2,Divorced,21,1,23,5,4,8,288.43
51354,0,39,Computer,1,11,Cash on Delivery,Female,2,2,Fashion,1,Married,13,1,16,0,7,20,105.98
51355,0,0,Phone,2,95,Credit Card,Female,3,6,Grocery,4,Married,6,1,18,12,15,8,58.34
51356,1,55,Phone,1,6,UPI,Female,2,5,Others,3,Married,9,0,22,5,2,,187.41
51357,1,53,Computer,1,21,E wallet,Male,2,6,Grocery,1,Married,12,0,17,11,7,40,180.42
51358,0,3,Computer,1,69,Credit Card,Male,0,1,Grocery,5,Divorced,10,1,,9,3,43,201.15
51359,0,60,Mobile Phone,2,62,Cash on Delivery,Male,0,1,Fashion,1,Married,11,0,21,2,8,11,98.2
51360,0,29,Computer,2,114,Credit Card,Female,5,1,Grocery,5,Single,1,0,12,14,15,10,103.99
51361,1,11,Phone,1,34,Cash on Delivery,Male,3,3,Mobile Phone,1,Single,10,1,16,13,5,,77.16
51362,0,55,Mobile Phone,1,,Cash on Delivery,Male,,4,Others,2,Married,16,0,22,3,14,38,301.73
51363,0,34,Phone,1,96,Cash on Delivery,Female,0,2,Others,5,Married,19,0,11,6,9,32,221.96
51364,0,12,Phone,2,121,E wallet,Female,,1,Others,5,Single,10,0,15,9,4,6,245.78
51365,0,51,Mobile Phone,1,101,Cash on Delivery,Female,3,2,Grocery,4,Married,15,1,24,13,12,0,63.1
51366,0,30,Phone,1,,Credit Card,Female,2,6,Mobile Phone,1,Divorced,14,1,11,1,5,13,215.01
51367,0,37,Computer,3,39,Debit Card,Female,5,3,Others,5,Married,3,0,17,0,,44,247.87
51368,1,42,Phone,3,67,Credit Card,Male,2,2,Laptop & Accessory,5,Married,4,1,13,,11,20,111.3
51369,0,22,Mobile Phone,3,79,E wallet,Male,5,1,Fashion,1,Divorced,8,0,19,15,1,44,51.25
51370,0,,Mobile Phone,3,75,Cash on Delivery,Male,1,1,Laptop & Accessory,1,Married,1,0,,12,,7,226.53
51371,1,51,Mobile Phone,1,32,Debit Card,Male,3,3,Laptop & Accessory,3,Divorced,20,1,11,0,15,16,198.62
51372,0,15,Phone,1,29,E wallet,Male,3,3,Others,4,Divorced,15,0,20,5,4,44,187.08
51373,1,6,Computer,1,65,UPI,Female,0,5,Laptop & Accessory,5,Single,7,0,14,3,16,14,59.33
51374,0,21,Mobile Phone,1,109,UPI,Male,1,3,Laptop & Accessory,1,Single,12,0,18,1,9,1,85.31
51375,0,28,Computer,3,35,UPI,Male,5,4,Mobile Phone,5,Married,3,0,24,6,8,12,203.09
51376,1,10,Mobile Phone,2,58,Debit Card,Male,0,4,Fashion,3,Single,5,0,17,13,2,28,199.42
51377,0,55,Computer,2,71,Credit Card,Male,1,1,Grocery,3,Married,8,0,16,0,16,27,180.28
51378,0,32,Computer,1,101,Debit Card,Male,0,6,Others,5,Married,11,1,19,9,6,7,249.65
51379,0,57,Computer,3,55,Debit Card,Female,0,3,Others,4,Single,19,0,22,5,4,34,264.76
51380,0,28,Mobile Phone,3,62,Debit Card,Female,3,4,Laptop & Accessory,2,Single,12,0,22,7,16,23,89.87
51381,0,,Phone,1,38,UPI,Male,3,4,Grocery,5,Married,20,0,24,8,11,6,51.22
51382,0,38,Phone,3,63,Credit Card,Female,2,5,Grocery,3,Married,7,0,14,10,5,27,65.38
51383,1,11,Phone,1,25,Debit Card,Male,2,6,Grocery,4,Married,14,1,20,5,10,21,91.43
51384,0,6,Computer,1,60,Credit Card,Male,3,6,Others,1,Divorced,2,0,22,7,9,25,308.02
51385,0,58,Mobile Phone,2,41,Cash on Delivery,Female,3,3,Others,4,Married,12,0,24,15,16,16,44.58
51386,0,54,Computer,2,68,Debit Card,Female,0,5,Mobile Phone,4,Married,9,1,11,16,4,37,285.6
51387,0,38,Mobile Phone,1,117,Debit Card,Female,2,6,Others,5,Married,12,1,24,6,16,5,66.1
51388,0,41,Computer,1,23,Debit Card,Male,,6,Others,4,Single,6,0,22,7,13,10,113.24
51389,1,47,Mobile Phone,3,105,Cash on Delivery,Male,1,2,Mobile Phone,1,Single,6,0,20,7,5,37,40.91
51390,0,25,Mobile Phone,2,123,Cash on Delivery,Male,1,5,Others,5,Divorced,19,1,16,9,7,1,33.59
51391,0,39,Mobile Phone,2,89,UPI,Female,2,6,Laptop & Accessory,3,Married,20,0,14,8,11,31,30.92
51392,0,8,Computer,1,82,E wallet,Female,1,2,Laptop & Accessory,1,Married,6,0,11,9,7,25,111.4
51393,0,40,Phone,1,78,Credit Card,Male,5,2,Mobile Phone,5,Married,17,0,20,16,6,30,170.2
51394,0,33,Computer,1,57,E wallet,Female,0,6,Mobile Phone,5,Married,17,0,13,,13,31,65.26
51395,0,44,Computer,1,75,Debit Card,Female,2,3,Laptop & Accessory,2,Married,17,1,21,13,3,34,303.12
51396,0,12,Mobile Phone,1,97,Debit Card,Male,5,2,Grocery,1,Married,21,0,11,,1,1,190.59
51397,0,54,Mobile Phone,1,67,UPI,Female,3,2,Others,4,Single,10,0,15,2,12,,287.65
51398,0,54,Phone,2,108,E wallet,Female,5,5,Fashion,1,Divorced,11,0,18,8,9,32,48.37
51399,0,35,Phone,1,66,Debit Card,Male,1,3,Fashion,1,Single,8,0,,10,15,6,46.64
51400,0,24,Mobile Phone,3,76,E wallet,Male,0,3,Mobile Phone,2,Single,14,0,24,8,6,20,275.19
51401,0,23,Phone,1,107,UPI,Male,3,2,Fashion,4,Single,19,1,23,11,3,,184.59
51402,0,43,Phone,1,81,E wallet,Female,4,5,Grocery,2,Divorced,18,1,12,7,1,15,305.04
51403,0,16,Mobile Phone,1,114,Credit Card,Male,0,5,Fashion,2,Married,15,1,22,7,12,22,47.74
51404,0,1,Computer,1,23,UPI,Female,1,5,Laptop & Accessory,2,Divorced,18,0,,3,12,16,8.46
51405,0,12,Phone,1,79,E wallet,Male,,5,Mobile Phone,1,Single,20,0,16,5,13,32,297.88
51406,0,30,Mobile Phone,3,6,Debit Card,Male,4,1,Fashion,2,Single,17,0,16,15,6,,227.12
51407,1,28,Phone,2,117,Cash on Delivery,Male,4,6,Others,3,Single,5,1,,12,3,38,262.33
51408,0,49,Phone,1,,Cash on Delivery,Female,0,2,Mobile Phone,4,Single,4,0,17,15,1,22,96.2
51409,0,27,Mobile Phone,1,33,UPI,Male,3,2,Grocery,4,Married,11,1,11,7,13,8,1
51410,1,59,Phone,2,,Cash on Delivery,Male,5,2,Laptop & Accessory,2,Single,16,0,20,0,5,2,156.94
51411,0,26,Phone,2,55,Credit Card,Female,3,3,Fashion,1,Single,7,1,14,5,1,34,321.75
51412,0,14,Phone,1,9,UPI,Female,4,3,Laptop & Accessory,5,Married,16,0,21,1,3,23,294.95
51413,0,30,Computer,2,45,Debit Card,Male,2,5,Grocery,5,Single,6,0,16,7,,5,23.41
51414,0,39,Computer,3,66,Debit Card,Male,2,6,Fashion,1,Married,20,0,24,5,15,18,61.03
51415,0,14,Phone,2,34,UPI,Male,3,3,Mobile Phone,2,Divorced,10,0,14,5,15,13,101.15
51416,1,32,Mobile Phone,3,125,Cash on Delivery,Female,2,4,Mobile Phone,2,Married,11,1,16,13,15,2,269.88
51417,0,19,Phone,3,107,Cash on Delivery,Female,3,2,Others,3,Single,15,1,12,2,6,5,268.03
51418,0,41,Phone,3,66,Debit Card,Male,1,2,Grocery,5,Married,12,0,21,,4,16,60.13
51419,0,11,Computer,1,104,Credit Card,Male,3,1,Fashion,5,Single,16,0,19,15,8,35,173.25
51420,1,36,Computer,2,31,Cash on Delivery,Male,1,1,Laptop & Accessory,4,Single,18,1,14,8,3,21,163.08
51421,0,8,Computer,2,54,Credit Card,Male,5,4,Laptop & Accessory,2,Divorced,7,0,23,0,8,3,134.64
51422,0,22,Phone,2,86,Cash on Delivery,Female,4,1,Fashion,1,Single,14,0,15,10,13,9,174.17
51423,0,7,Phone,3,56,UPI,Female,2,6,Grocery,2,Single,9,1,25,7,12,31,95.16
51424,0,31,Mobile Phone,1,,E wallet,Female,5,5,Grocery,2,Single,6,0,17,7,7,42,172.75
51425,1,47,Phone,1,66,Debit Card,Male,5,5,Laptop & Accessory,3,Married,11,0,18,12,2,3,222.82
51426,1,13,Phone,1,104,UPI,Male,4,2,Fashion,1,Single,13,0,11,7,12,12,20.31
51427,0,26,Computer,1,64,Cash on Delivery,Female,0,5,Fashion,3,Single,18,0,17,15,13,18,314.37
51428,1,,Computer,1,122,Debit Card,Male,0,1,Laptop & Accessory,3,Single,12,1,20,8,14,45,53.72
51429,0,12,Computer,2,84,E wallet,Female,5,4,Fashion,3,Divorced,6,1,19,11,8,42,117.1
51430,1,54,Computer,1,58,E wallet,Male,5,6,Fashion,3,Divorced,9,0,12,2,1,37,152.95
51431,0,20,Computer,2,123,Cash on Delivery,Male,4,5,Mobile Phone,2,Married,18,1,21,,9,25,13.32
51432,0,44,Mobile Phone,2,9,Debit Card,Male,3,2,Mobile Phone,4,Divorced,21,0,12,8,7,29,178.22
51433,0,,Mobile Phone,1,,Cash on Delivery,Female,3,2,Others,2,Divorced,15,0,21,7,6,42,282.74
51434,0,36,Mobile Phone,1,38,E wallet,Male,2,6,Others,3,Married,9,1,14,12,8,30,292.83
51435,0,47,Computer,2,102,UPI,Male,4,1,Grocery,3,Divorced,10,0,22,16,14,37,106.01
51436,0,57,Computer,2,40,UPI,Female,0,5,Mobile Phone,4,Single,2,0,11,6,9,,181.61
51437,0,42,Computer,3,,Credit Card,Male,4,1,Mobile Phone,5,Single,14,1,19,14,15,18,252.46
51438,0,53,Mobile Phone,3,120,E wallet,Male,4,2,Mobile Phone,1,Single,21,0,22,13,13,22,82.17
51439,0,4,Computer,3,24,E wallet,Female,2,4,Mobile Phone,3,Divorced,11,0,15,15,8,45,171.75
51440,0,12,Mobile Phone,2,85,Cash on Delivery,Male,3,5,Grocery,3,Married,13,0,13,16,6,40,119.18
51441,1,27,Computer,3,88,Credit Card,Female,5,4,Laptop & Accessory,2,Divorced,2,1,16,15,16,9,122.91
51442,0,42,Phone,3,96,Credit Card,Male,0,6,Grocery,3,Married,21,1,17,13,,,30.59
51443,0,24,Mobile Phone,3,89,Debit Card,Male,2,5,Laptop & Accessory,3,Single,7,0,14,5,9,16,132.24
51444,0,50,Phone,1,125,Cash on Delivery,Female,0,2,Others,1,Married,15,1,24,14,8,12,52.29
51445,1,34,Mobile Phone,3,87,UPI,Male,,5,Mobile Phone,2,Single,7,0,25,4,8,,97.91
51446,0,46,Computer,1,67,Debit Card,Female,3,2,Laptop & Accessory,5,Divorced,12,0,24,16,16,15,107.34
51447,0,38,Computer,2,71,Credit Card,Male,5,3,Grocery,3,Divorced,7,0,23,0,3,38,139.94
51448,1,6,Phone,1,34,UPI,Female,5,2,Laptop & Accessory,3,Married,5,0,24,12,16,37,298
51449,1,37,Computer,1,73,E wallet,Male,3,2,Fashion,5,Divorced,15,0,12,6,10,29,205.07
51450,0,31,Mobile Phone,1,,Cash on Delivery,Male,2,6,Others,4,Married,7,0,22,4,9,44,316.7
51451,0,2,Computer,1,74,Credit Card,Male,1,5,Others,5,Divorced,21,0,15,8,15,43,191.96
51452,0,44,Computer,1,7,E wallet,Male,,4,Mobile Phone,5,Divorced,2,1,25,3,14,14,261.78
51453,1,,Mobile Phone,3,53,Credit Card,Male,2,2,Mobile Phone,2,Divorced,2,0,22,6,7,3,271.1
51454,0,36,Phone,1,46,UPI,Female,1,5,Grocery,5,Married,19,0,24,12,16,43,240.18
51455,0,54,Phone,1,28,Debit Card,Male,0,2,Laptop & Accessory,2,Married,9,0,17,7,1,9,217.72
51456,1,49,Computer,1,48,UPI,Female,4,1,Fashion,5,Married,2,0,20,3,2,39,135.82
51457,0,21,Mobile Phone,2,5,Cash on Delivery,Female,1,1,Others,3,Divorced,14,1,20,7,11,45,184.36
51458,0,7,Phone,1,118,Cash on Delivery,Male,4,1,Laptop & Accessory,3,Single,15,0,13,15,2,45,62.96
51459,0,16,Phone,1,119,Credit Card,Male,0,1,Fashion,4,Married,12,1,12,12,1,31,200.93
51460,0,51,Computer,1,58,UPI,Male,1,4,Laptop & Accessory,5,Single,19,1,12,9,1,20,167.15
51461,0,26,Mobile Phone,2,56,Debit Card,Female,3,6,Mobile Phone,1,Married,15,1,25,13,4,28,261.41
51462,0,32,Phone,1,40,Cash on Delivery,Male,2,2,Others,5,Married,6,0,21,9,7,29,293.33
51463,0,45,Computer,1,83,Debit Card,Male,1,1,Fashion,1,Single,10,1,22,12,6,6,43.16
51464,0,16,Computer,1,109,E wallet,Male,1,5,Mobile Phone,5,Single,10,0,,7,13,41,224.55
51465,1,41,Computer,3,42,Credit Card,Male,0,1,Grocery,2,Divorced,3,1,22,4,12,28,308.77
51466,0,11,Computer,1,,Debit Card,Male,3,3,Grocery,3,Single,9,0,21,12,7,9,298.31
51467,1,47,Phone,2,86,Credit Card,Male,1,3,Mobile Phone,1,Married,5,0,14,1,12,21,271.19
51468,0,45,Mobile Phone,1,91,E wallet,Female,3,6,Fashion,1,Single,7,0,14,15,16,16,15.71
51469,1,26,Computer,1,51,Debit Card,Male,4,4,Fashion,5,Single,19,0,24,13,8,17,82.06
51470,0,47,Computer,1,33,Debit Card,Female,1,3,Others,3,Single,10,1,15,16,8,45,48.19
51471,0,7,Phone,1,55,E wallet,Female,,5,Mobile Phone,4,Single,11,0,13,,12,4,301.25
51472,0,22,Computer,1,45,UPI,Male,2,1,Grocery,1,Divorced,6,0,21,15,16,38,243.39
51473,1,59,Computer,1,90,Debit Card,Male,0,3,Mobile Phone,3,Married,19,0,24,8,12,16,172.83
51474,0,41,Mobile Phone,1,68,Debit Card,Female,5,3,Laptop & Accessory,3,Married,7,0,11,6,,33,318.31
51475,0,60,Computer,2,92,Cash on Delivery,Male,3,4,Fashion,1,Married,16,0,23,1,16,,63.28
51476,0,48,Phone,3,113,UPI,Male,0,3,Laptop & Accessory,2,Divorced,12,0,25,10,3,40,208.51
51477,0,58,Mobile Phone,1,52,Debit Card,Male,5,1,Grocery,2,Single,18,0,25,10,,7,198.05
51478,0,28,Phone,2,81,E wallet,Male,1,6,Fashion,5,Married,14,0,14,13,16,25,110.65
51479,0,49,Mobile Phone,3,101,Credit Card,Female,1,6,Grocery,5,Married,16,0,11,15,6,24,157.75
51480,0,19,Mobile Phone,3,,E wallet,Female,4,6,Grocery,3,Single,6,0,23,7,,35,76.5
51481,0,15,Computer,1,26,UPI,Female,0,2,Grocery,1,Married,1,1,22,14,13,42,220.06
51482,0,16,Computer,2,103,Cash on Delivery,Male,2,1,Others,2,Single,13,1,18,15,14,38,135.93
51483,0,15,Computer,1,21,Cash on Delivery,Female,2,3,Grocery,3,Divorced,6,1,25,1,13,10,7.65
51484,0,18,Phone,2,90,Cash on Delivery,Female,3,3,Grocery,2,Married,6,0,15,3,11,2,309.01
51485,0,55,Computer,1,9,E wallet,Female,2,3,Laptop & Accessory,1,Married,6,0,12,0,8,43,162.96
51486,0,55,Computer,1,65,Credit Card,Male,,4,Laptop & Accessory,2,Single,12,0,22,6,3,39,229.33
51487,0,7,Mobile Phone,1,93,Credit Card,Male,0,5,Laptop & Accessory,4,Divorced,9,1,15,10,14,27,64
51488,0,37,Computer,1,10,Debit Card,Male,1,1,Fashion,5,Married,20,0,15,4,11,38,41.35
51489,0,37,Computer,2,,Credit Card,Male,0,6,Others,2,Single,7,0,11,4,9,24,293.29
51490,0,52,Computer,1,85,Credit Card,Male,,3,Fashion,1,Divorced,3,1,15,16,5,21,192.05
51491,0,28,Computer,2,99,Debit Card,Female,1,2,Others,1,Single,15,0,18,3,2,12,160.34
51492,0,40,Mobile Phone,1,21,E wallet,Female,5,4,Others,4,Married,2,0,20,8,4,3,169.37
51493,0,35,Computer,1,63,E wallet,Male,0,5,Mobile Phone,1,Married,18,0,12,13,7,27,76.77
51494,0,,Mobile Phone,2,101,UPI,Male,2,3,Mobile Phone,4,Married,21,0,18,8,1,18,296.62
51495,0,30,Phone,3,43,E wallet,Female,3,6,Mobile Phone,3,Single,1,0,23,12,1,2,69.63
51496,0,43,Computer,1,58,Cash on Delivery,Female,3,1,Others,2,Divorced,1,0,18,15,12,26,51.35
51497,0,59,Computer,1,52,Cash on Delivery,Male,0,2,Others,1,Married,11,0,22,12,9,10,302.26
51498,0,,Computer,3,41,UPI,Male,5,6,Fashion,5,Married,3,0,11,8,3,,83.71
51499,0,54,Mobile Phone,1,52,Credit Card,Male,1,4,Others,2,Single,10,0,14,11,,30,280.31
51500,1,16,Computer,3,72,UPI,Female,4,1,Grocery,4,Married,12,1,15,11,15,28,251.07
51501,0,14,Computer,2,111,Debit Card,Female,5,1,Grocery,2,Single,6,0,20,9,13,7,124.13
51502,0,8,Phone,1,82,UPI,Male,0,4,Others,2,Married,7,1,18,1,7,10,82.55
51503,0,38,Mobile Phone,1,81,UPI,Male,0,1,Grocery,1,Divorced,17,1,13,4,13,8,246.67
51504,0,41,Mobile Phone,1,31,Cash on Delivery,Female,4,2,Others,5,Married,17,1,11,10,7,30,194.22
51505,0,47,Phone,1,92,Debit Card,Female,3,2,Mobile Phone,3,Single,4,0,17,1,14,0,82.56
51506,0,11,Mobile Phone,3,31,Debit Card,Female,5,1,Others,5,Married,1,0,14,9,14,6,289.54
51507,0,31,Computer,2,,UPI,Male,3,3,Mobile Phone,4,Single,1,0,20,7,2,9,234.32
51508,0,24,Computer,2,121,Debit Card,Male,4,1,Laptop & Accessory,5,Single,17,0,22,9,13,8,295.52
51509,0,38,Phone,2,67,Debit Card,Male,1,3,Grocery,5,Single,11,0,15,10,8,12,142.18
51510,0,17,Mobile Phone,1,56,E wallet,Male,0,1,Laptop & Accessory,4,Divorced,3,0,16,8,12,26,41.66
51511,0,14,Mobile Phone,2,51,Debit Card,Female,2,6,Grocery,5,Divorced,10,0,14,6,15,17,300.32
51512,0,31,Mobile Phone,1,118,Credit Card,Female,3,5,Laptop & Accessory,3,Married,2,0,11,11,12,15,195.46
51513,1,5,Phone,2,107,Debit Card,Male,3,2,Others,2,Single,16,0,,6,13,3,196.97
51514,0,57,Computer,1,25,Cash on Delivery,Male,5,1,Laptop & Accessory,3,Divorced,16,1,18,15,3,29,189.89
51515,0,43,Phone,2,,E wallet,Male,3,2,Grocery,2,Single,8,1,21,,15,37,153.53
51516,0,42,Computer,3,61,Cash on Delivery,Male,1,4,Fashion,2,Married,7,0,23,14,13,19,82.89
51517,0,51,Phone,1,109,Cash on Delivery,Male,4,5,Grocery,5,Single,10,0,,13,3,40,199.23
51518,1,34,Computer,1,79,Credit Card,Male,1,3,Fashion,2,Divorced,4,0,13,12,16,11,233.55
51519,0,33,Mobile Phone,2,99,E wallet,Male,3,4,Others,4,Divorced,9,0,20,2,14,27,297.88
51520,1,37,Mobile Phone,1,95,UPI,Male,5,5,Grocery,3,Single,5,0,14,12,12,43,23.45
51521,0,55,Mobile Phone,2,46,Debit Card,Male,0,4,Laptop & Accessory,2,Single,7,1,15,6,5,0,82.78
51522,1,53,Phone,3,114,Credit Card,Male,3,2,Others,5,Single,4,1,20,1,14,8,252.42
51523,0,56,Phone,1,52,Credit Card,Female,0,6,Grocery,5,Single,1,0,23,9,2,41,251.92
51524,0,4,Phone,1,31,UPI,Female,5,5,Others,5,Single,12,1,19,14,4,32,68.91
51525,0,17,Mobile Phone,2,76,Credit Card,Female,0,4,Fashion,1,Single,16,0,,2,2,0,60.03
51526,0,15,Computer,1,37,UPI,Female,3,3,Others,3,Married,16,0,17,5,16,41,119.32
51527,0,7,Mobile Phone,1,80,UPI,Male,3,5,Laptop & Accessory,5,Married,8,0,13,13,16,8,20.45
51528,0,,Mobile Phone,3,39,UPI,Female,0,5,Grocery,4,Divorced,13,0,11,,12,21,237.37
51529,0,31,Computer,2,102,Credit Card,Female,1,4,Fashion,5,Single,9,1,16,14,9,8,217.69
51530,0,25,Computer,1,20,UPI,Female,1,6,Others,1,Married,10,1,23,4,6,4,279.09
51531,0,51,Computer,1,40,Credit Card,Female,5,1,Mobile Phone,3,Single,8,0,20,5,1,1,139.77
51532,0,21,Computer,2,70,E wallet,Female,1,3,Fashion,2,Divorced,1,1,11,5,9,13,206.94
51533,0,30,Mobile Phone,2,80,UPI,Male,2,3,Fashion,3,Married,3,0,16,3,8,,310.03
51534,0,42,Phone,3,95,Credit Card,Female,0,4,Laptop & Accessory,2,Single,5,0,18,11,2,,311.61
51535,0,,Mobile Phone,1,60,Credit Card,Female,2,6,Laptop & Accessory,2,Single,7,0,24,13,3,15,23.1
51536,0,55,Computer,3,21,Credit Card,Male,2,2,Others,5,Single,16,1,19,6,,8,0.61
51537,0,56,Phone,2,24,Debit Card,Female,0,2,Mobile Phone,4,Single,8,1,18,1,4,31,311.99
51538,0,11,Phone,2,89,Debit Card,Male,2,1,Fashion,4,Single,1,1,23,1,8,23,173.98
51539,0,52,Mobile Phone,2,98,UPI,Female,5,1,Others,5,Single,21,0,15,3,1,19,227.63
51540,0,,Mobile Phone,1,110,E wallet,Male,5,4,Mobile Phone,1,Divorced,3,0,17,2,10,19,296.59
51541,0,5,Mobile Phone,3,88,UPI,Male,0,6,Others,2,Single,6,0,,1,,41,140.78
51542,0,58,Phone,1,12,Cash on Delivery,Male,4,2,Fashion,4,Single,12,0,19,5,1,42,143.21
51543,0,19,Phone,1,22,Cash on Delivery,Female,4,3,Others,3,Married,15,0,14,13,7,4,54.27
51544,0,4,Phone,3,125,E wallet,Female,0,6,Laptop & Accessory,1,Single,17,0,18,7,9,19,294.39
51545,1,22,Computer,2,22,E wallet,Male,0,2,Laptop & Accessory,5,Single,18,0,22,10,1,15,210.49
51546,0,8,Computer,3,22,E wallet,Male,0,6,Grocery,1,Married,21,0,21,14,16,18,58.59
51547,0,57,Mobile Phone,2,6,Debit Card,Male,1,4,Mobile Phone,4,Married,21,0,,13,8,11,181.93
51548,0,58,Phone,1,80,Debit Card,Male,0,2,Fashion,5,Single,17,0,17,3,15,16,106.65
51549,0,28,Mobile Phone,3,100,Cash on Delivery,Male,5,5,Mobile Phone,4,Divorced,12,1,22,9,,33,47.83
51550,0,15,Phone,1,110,E wallet,Male,5,4,Laptop & Accessory,2,Married,16,1,17,7,11,26,59.11
51551,1,53,Mobile Phone,3,76,Credit Card,Male,3,5,Fashion,1,Married,12,0,12,4,6,40,181.76
51552,0,45,Computer,1,55,Cash on Delivery,Male,4,6,Grocery,2,Single,4,1,19,16,6,25,183.43
51553,0,21,Phone,3,14,E wallet,Male,,4,Laptop & Accessory,3,Married,9,0,22,4,,33,256.73
51554,1,7,Computer,1,79,Credit Card,Male,0,3,Laptop & Accessory,2,Single,15,0,25,2,15,20,80.59
51555,0,58,Phone,2,18,E wallet,Female,4,4,Mobile Phone,1,Divorced,5,0,15,9,1,41,297.65
51556,0,19,Mobile Phone,3,30,UPI,Male,0,4,Others,3,Divorced,11,0,20,3,9,40,168.55
51557,0,50,Phone,1,51,Credit Card,Female,0,4,Mobile Phone,4,Single,18,0,13,4,11,2,66.36
51558,0,13,Computer,2,34,UPI,Male,4,4,Laptop & Accessory,3,Divorced,1,1,14,0,6,40,134.32
51559,1,38,Phone,3,60,Debit Card,Female,4,1,Mobile Phone,1,Single,16,0,23,3,3,35,300.09
51560,1,36,Mobile Phone,2,123,Cash on Delivery,Male,3,5,Others,5,Married,18,0,20,0,16,28,155.4
51561,0,49,Phone,3,46,E wallet,Female,2,4,Grocery,3,Married,13,0,12,14,13,,284.28
51562,0,33,Computer,1,8,Cash on Delivery,Male,3,4,Fashion,4,Single,20,0,13,2,1,18,51.95
51563,0,10,Mobile Phone,1,107,E wallet,Male,3,6,Laptop & Accessory,3,Single,16,1,16,9,14,20,297.04
51564,0,53,Computer,1,15,UPI,Male,4,1,Mobile Phone,2,Married,16,1,25,4,16,11,139.95
51565,0,,Phone,1,28,Credit Card,Female,5,2,Laptop & Accessory,5,Single,3,0,24,10,15,43,304.24
51566,0,32,Computer,1,122,Credit Card,Male,,6,Fashion,1,Married,18,1,23,16,4,22,281.48
51567,0,30,Phone,2,90,E wallet,Male,5,6,Mobile Phone,5,Single,11,0,22,8,5,27,214.49
51568,0,58,Mobile Phone,1,71,UPI,Male,4,1,Grocery,2,Married,13,0,11,12,4,11,218.68
51569,0,53,Computer,1,41,E wallet,Female,1,1,Fashion,5,Divorced,2,1,12,13,11,1,68.74
51570,0,43,Computer,1,126,E wallet,Female,0,1,Others,2,Divorced,3,1,14,8,7,29,195.92
51571,0,33,Phone,3,6,E wallet,Male,2,6,Others,3,Married,1,1,11,16,15,11,178.59
51572,0,49,Computer,2,16,Credit Card,Male,5,6,Laptop & Accessory,1,Married,1,0,16,,6,38,108.6
51573,0,6,Computer,1,25,E wallet,Female,1,4,Others,2,Married,15,0,22,15,13,38,164.33
51574,1,57,Mobile Phone,3,73,Credit Card,Female,5,1,Mobile Phone,2,Married,3,0,14,12,10,17,301.97
51575,0,48,Phone,1,75,Debit Card,Male,,1,Others,3,Married,4,0,12,13,5,23,1.72
51576,0,53,Phone,3,68,UPI,Male,0,6,Grocery,2,Divorced,12,1,20,10,,11,135.57
51577,0,22,Mobile Phone,2,72,Debit Card,Male,2,6,Mobile Phone,1,Married,21,1,14,1,15,17,108.43
51578,0,45,Mobile Phone,1,47,E wallet,Female,3,1,Laptop & Accessory,4,Single,12,0,22,5,3,5,312.4
51579,0,55,Phone,2,58,Credit Card,Female,0,4,Laptop & Accessory,5,Divorced,14,1,18,4,9,7,316.52
51580,0,6,Mobile Phone,2,109,UPI,Male,2,3,Others,2,Married,11,1,16,2,3,14,190.34
51581,0,53,Mobile Phone,1,104,Cash on Delivery,Female,5,3,Others,5,Single,6,0,21,6,3,43,178.75
51582,0,24,Mobile Phone,3,66,UPI,Female,5,2,Laptop & Accessory,5,Divorced,14,0,11,2,,6,293.54
51583,0,60,Phone,1,90,UPI,Male,5,4,Mobile Phone,4,Single,2,0,23,12,12,28,2.13
51584,0,2,Mobile Phone,1,97,E wallet,Male,5,6,Fashion,2,Married,3,0,15,1,14,24,182.74
51585,1,58,Computer,1,77,Debit Card,Male,5,1,Laptop & Accessory,1,Single,21,1,21,1,8,12,8.01
51586,0,37,Computer,1,94,Debit Card,Female,4,1,Grocery,2,Single,18,0,,3,16,31,314.65
51587,0,19,Phone,1,16,Cash on Delivery,Female,0,1,Mobile Phone,5,Divorced,8,0,14,16,2,11,104.05
51588,0,,Mobile Phone,3,116,E wallet,Male,0,3,Fashion,3,Single,2,0,14,10,4,24,169.26
51589,0,48,Computer,1,5,UPI,Female,3,6,Fashion,4,Single,20,0,13,6,13,18,135.71
51590,0,43,Phone,1,76,Debit Card,Female,3,1,Mobile Phone,1,Divorced,16,0,23,1,15,41,290.43
51591,0,43,Computer,2,37,Debit Card,Female,4,1,Laptop & Accessory,1,Married,14,0,20,14,16,,324.94
51592,1,29,Mobile Phone,3,68,Credit Card,Female,0,3,Fashion,5,Single,19,0,20,13,8,11,22.23
51593,0,16,Phone,3,120,UPI,Male,3,1,Grocery,1,Married,20,0,16,13,11,34,237.91
51594,0,,Computer,2,119,E wallet,Female,2,2,Mobile Phone,5,Divorced,4,1,22,5,15,35,119.6
51595,0,9,Phone,3,72,Debit Card,Male,5,6,Others,1,Married,6,0,19,4,14,23,45.2
51596,0,34,Computer,2,18,E wallet,Female,5,5,Laptop & Accessory,1,Single,12,0,23,13,1,32,131.77
51597,0,19,Computer,3,123,UPI,Male,0,2,Mobile Phone,5,Single,10,0,17,3,3,35,324.4
51598,0,17,Mobile Phone,2,97,UPI,Female,5,4,Grocery,4,Married,9,0,,13,4,3,116.21
51599,0,44,Mobile Phone,1,18,Debit Card,Male,5,2,Fashion,1,Married,3,0,22,4,6,34,90.15
51600,1,43,Computer,1,13,Cash on Delivery,Male,2,2,Laptop & Accessory,2,Single,1,0,24,11,2,7,275.01
51601,0,26,Phone,2,77,E wallet,Female,1,3,Laptop & Accessory,3,Divorced,14,0,16,12,7,7,282.08
51602,0,58,Phone,1,30,E wallet,Female,4,4,Mobile Phone,5,Single,8,0,23,11,12,6,110.13
51603,0,58,Mobile Phone,1,53,Credit Card,Male,3,6,Mobile Phone,1,Single,18,0,,16,,39,97.07
51604,0,48,Computer,2,115,UPI,Female,1,6,Grocery,4,Married,21,0,16,11,14,24,210.37
51605,0,35,Mobile Phone,3,110,UPI,Male,3,2,Others,2,Single,12,0,17,8,16,34,66.68
51606,0,22,Computer,1,21,Debit Card,Male,1,5,Mobile Phone,5,Married,12,1,12,14,8,14,157.2
51607,0,31,Computer,2,109,Debit Card,Male,5,2,Mobile Phone,2,Divorced,10,0,24,8,2,17,45.94
51608,0,9,Mobile Phone,2,72,Debit Card,Male,3,1,Mobile Phone,3,Single,4,0,11,12,9,10,99.05
51609,0,10,Phone,3,64,Credit Card,Female,4,3,Grocery,4,Divorced,20,0,,14,4,29,96.68
51610,0,37,Mobile Phone,3,114,Cash on Delivery,Female,0,1,Fashion,5,Divorced,5,1,16,11,14,28,225.84
51611,1,5,Computer,2,7,Debit Card,Female,,4,Others,5,Single,8,0,25,9,8,22,91.74
51612,0,58,Mobile Phone,2,97,Debit Card,Female,1,4,Grocery,1,Married,19,0,22,2,4,33,292.01
51613,0,40,Phone,1,29,Debit Card,Female,2,3,Mobile Phone,2,Married,6,0,18,9,6,18,319.49
51614,0,46,Phone,2,25,Credit Card,Male,2,2,Fashion,5,Single,16,1,21,9,8,15,26.35
51615,0,33,Computer,2,16,E wallet,Female,3,4,Mobile Phone,2,Married,9,0,,3,5,5,129.24
51616,0,35,Mobile Phone,3,58,Cash on Delivery,Female,0,5,Grocery,3,Married,11,0,18,2,6,40,98.1
51617,1,36,Phone,2,5,E wallet,Female,3,3,Laptop & Accessory,1,Divorced,3,1,16,16,2,14,114.4
51618,0,16,Mobile Phone,1,5,UPI,Male,2,1,Mobile Phone,3,Married,14,0,16,4,4,8,86.24
51619,0,39,Phone,2,49,UPI,Female,5,5,Fashion,1,Married,5,0,24,9,5,28,124.37
51620,0,39,Computer,1,50,Debit Card,Female,4,6,Others,1,Single,21,1,18,1,1,41,45.96
51621,0,53,Computer,1,52,E wallet,Female,0,3,Laptop & Accessory,2,Divorced,21,1,13,0,7,1,90.94
51622,0,,Mobile Phone,1,11,Credit Card,Female,0,5,Mobile Phone,1,Married,6,0,25,15,6,32,243.04
51623,0,20,Computer,1,14,Cash on Delivery,Female,5,3,Mobile Phone,3,Single,1,0,25,9,4,37,111.82
51624,1,39,Phone,3,19,E wallet,Male,,1,Fashion,3,Married,13,0,13,,4,22,67.55
51625,0,18,Computer,1,44,E wallet,Female,,2,Laptop & Accessory,3,Divorced,9,0,16,3,3,12,35.24
51626,0,2,Phone,1,15,Cash on Delivery,Female,5,3,Laptop & Accessory,2,Divorced,3,0,14,0,12,19,113.1
51627,0,17,Phone,3,60,E wallet,Female,4,4,Laptop & Accessory,2,Divorced,6,0,,,1,6,209.11
51628,0,52,Computer,1,50,E wallet,Male,1,1,Mobile Phone,4,Divorced,20,0,21,12,6,16,82.32
51629,0,50,Phone,1,49,Cash on Delivery,Female,3,1,Laptop & Accessory,5,Divorced,8,0,17,7,5,20,137.29
51630,0,18,Phone,1,91,Credit Card,Female,0,5,Mobile Phone,4,Divorced,4,0,19,4,6,27,309.53
51631,0,,Mobile Phone,1,17,Cash on Delivery,Male,5,4,Mobile Phone,4,Single,6,0,12,,15,29,179.52
51632,0,,Mobile Phone,1,31,Debit Card,Female,3,5,Laptop & Accessory,1,Divorced,12,0,21,3,10,22,172.88
51633,0,15,Mobile Phone,1,109,Debit Card,Male,1,6,Grocery,1,Married,12,0,12,14,,20,133.23
51634,0,7,Computer,2,85,Debit Card,Female,4,1,Others,4,Married,7,0,16,12,16,0,180.97
51635,1,47,Mobile Phone,1,54,Debit Card,Male,5,3,Others,5,Married,16,0,24,12,2,16,319.98
51636,0,17,Phone,1,65,UPI,Male,4,6,Grocery,4,Married,7,1,19,2,15,31,82.49
51637,0,51,Computer,3,119,Credit Card,Male,1,4,Laptop & Accessory,2,Divorced,3,0,23,7,15,23,306.13
51638,0,47,Computer,1,17,UPI,Male,1,1,Mobile Phone,3,Divorced,13,1,17,5,16,6,48.45
51639,1,42,Computer,3,16,E wallet,Female,2,4,Fashion,4,Single,20,0,16,16,7,34,36.11
51640,1,38,Computer,1,33,E wallet,Male,0,6,Grocery,1,Divorced,9,0,15,10,9,35,212.77
51641,0,48,Phone,1,89,Cash on Delivery,Male,2,3,Others,5,Married,11,0,18,6,6,13,81.63
51642,1,48,Phone,2,88,Debit Card,Female,3,2,Others,1,Single,7,0,22,14,6,11,144.43
51643,0,11,Mobile Phone,1,24,Cash on Delivery,Female,1,5,Mobile Phone,2,Single,15,0,12,,5,38,237.14
51644,0,44,Computer,1,35,E wallet,Male,2,5,Others,1,Single,1,0,22,7,11,22,173.82
51645,0,9,Mobile Phone,2,12,Debit Card,Male,0,6,Others,1,Single,2,0,13,1,5,13,4.47
51646,0,6,Phone,1,28,Credit Card,Female,0,1,Mobile Phone,5,Divorced,1,0,22,10,6,24,99.4
51647,0,45,Computer,2,79,E wallet,Male,1,1,Laptop & Accessory,5,Single,15,1,16,7,2,21,21.02
51648,0,54,Phone,3,43,Cash on Delivery,Female,5,3,Others,1,Divorced,4,0,,4,10,44,300.99
51649,0,0,Mobile Phone,1,37,Cash on Delivery,Female,2,1,Laptop & Accessory,1,Single,4,1,22,5,6,36,258.26
51650,0,48,Phone,2,46,E wallet,Male,4,1,Fashion,4,Divorced,14,1,18,4,4,28,319.75
51651,0,35,Computer,2,,UPI,Female,1,1,Laptop & Accessory,2,Divorced,5,0,24,12,14,,287.66
51652,0,20,Computer,3,72,Credit Card,Female,3,4,Mobile Phone,4,Married,21,0,21,11,3,10,154.48
51653,0,,Mobile Phone,3,69,E wallet,Male,2,4,Mobile Phone,5,Divorced,1,0,21,8,13,29,286.84
51654,0,51,Computer,3,36,E wallet,Female,2,2,Mobile Phone,4,Single,15,1,19,,7,21,218.54
51655,0,23,Phone,1,15,Cash on Delivery,Female,1,4,Others,4,Single,7,0,12,16,14,14,170.49
51656,1,,Phone,2,98,Debit Card,Male,5,5,Grocery,1,Divorced,16,0,23,,15,20,120.46
51657,0,24,Phone,1,41,Debit Card,Female,2,6,Others,1,Divorced,14,0,19,14,16,24,221.31
51658,0,6,Phone,1,23,Debit Card,Female,2,2,Laptop & Accessory,2,Divorced,15,0,15,16,5,12,191.79
51659,0,41,Mobile Phone,3,55,Cash on Delivery,Male,3,1,Fashion,3,Divorced,15,0,18,8,10,6,199.61
51660,0,16,Phone,1,104,Debit Card,Female,5,5,Fashion,3,Married,20,0,11,3,3,17,129.95
51661,0,28,Mobile Phone,3,38,E wallet,Female,3,2,Fashion,4,Married,1,0,11,8,16,11,240.28
51662,0,29,Phone,1,75,UPI,Female,4,6,Fashion,2,Married,19,1,22,3,8,25,26.44
51663,1,6,Mobile Phone,3,64,UPI,Female,3,2,Grocery,2,Married,7,1,22,2,,4,236
51664,0,32,Phone,1,113,UPI,Male,,5,Fashion,5,Married,18,0,14,8,5,7,237.5
51665,1,6,Phone,1,88,Debit Card,Female,3,2,Others,1,Divorced,15,1,11,10,11,35,167.68
51666,1,57,Mobile Phone,1,57,UPI,Male,4,5,Fashion,5,Married,13,1,22,10,3,4,85.57
51667,0,,Computer,2,16,Debit Card,Female,,2,Mobile Phone,3,Married,19,0,24,7,13,21,168.76
51668,1,10,Computer,1,66,E wallet,Male,3,2,Laptop & Accessory,2,Divorced,18,0,11,1,16,22,40
51669,0,8,Computer,2,100,E wallet,Female,3,2,Others,3,Divorced,4,0,22,15,,7,92.67
51670,0,11,Mobile Phone,1,,Cash on Delivery,Male,1,5,Grocery,1,Single,18,0,15,1,11,18,136.92
51671,0,34,Computer,1,90,Cash on Delivery,Male,3,2,Others,1,Single,4,1,12,4,14,33,218.8
51672,1,3,Computer,1,,Credit Card,Female,4,6,Mobile Phone,1,Single,16,1,14,8,,5,60.85
51673,1,35,Mobile Phone,1,52,E wallet,Female,1,6,Fashion,3,Married,14,1,18,1,9,16,51.41
51674,0,27,Computer,3,44,Debit Card,Male,4,4,Fashion,2,Divorced,14,0,,8,2,16,197.53
51675,0,56,Computer,3,28,Credit Card,Male,3,4,Grocery,5,Single,7,1,16,10,3,,220.85
51676,0,12,Computer,1,54,E wallet,Male,3,4,Laptop & Accessory,2,Single,13,1,12,7,3,38,27.19
51677,0,22,Mobile Phone,2,99,Debit Card,Male,4,4,Fashion,2,Married,14,0,13,,1,36,10.78
51678,0,18,Mobile Phone,2,72,E wallet,Male,5,4,Grocery,4,Single,10,0,12,5,12,30,47.82
51679,0,41,Computer,1,92,E wallet,Male,5,6,Fashion,2,Divorced,13,1,14,14,7,21,292.83
51680,0,36,Computer,1,47,Debit Card,Female,5,1,Others,5,Divorced,6,1,25,14,11,,218.61
51681,0,38,Mobile Phone,2,21,E wallet,Female,2,2,Grocery,4,Single,11,0,15,6,,18,299.33
51682,1,23,Computer,1,108,E wallet,Male,1,6,Grocery,2,Divorced,6,0,22,7,14,6,216.03
51683,0,15,Mobile Phone,1,87,E wallet,Male,1,6,Grocery,4,Single,11,1,24,16,16,1,313.7
51684,0,32,Computer,1,108,Cash on Delivery,Female,5,3,Fashion,2,Single,19,0,25,1,6,14,142.64
51685,0,11,Mobile Phone,2,106,UPI,Male,3,1,Grocery,1,Divorced,17,0,19,8,12,21,194.71
51686,1,33,Phone,1,59,E wallet,Male,1,5,Others,1,Divorced,3,0,17,1,6,45,195.39
51687,1,6,Phone,1,38,Debit Card,Female,4,1,Laptop & Accessory,2,Married,1,0,18,12,6,37,1.02
51688,0,10,Mobile Phone,1,115,E wallet,Female,3,3,Laptop & Accessory,4,Married,16,0,17,11,7,6,8.92
51689,0,30,Phone,1,101,Cash on Delivery,Male,1,6,Mobile Phone,5,Single,12,1,21,3,6,40,47.21
51690,0,28,Computer,1,74,Cash on Delivery,Female,0,1,Others,1,Divorced,14,0,20,7,12,22,166.12
51691,0,12,Mobile Phone,3,64,E wallet,Male,1,2,Others,4,Single,18,0,18,12,9,1,139.92
51692,0,30,Mobile Phone,1,55,Credit Card,Female,5,4,Grocery,5,Married,3,1,23,,5,32,175.42
51693,0,1,Computer,2,104,UPI,Male,4,2,Mobile Phone,4,Single,8,1,21,6,14,17,260.16
51694,0,38,Computer,1,81,Debit Card,Male,1,1,Others,2,Divorced,18,1,15,0,12,43,267.23
51695,0,14,Mobile Phone,2,115,Debit Card,Male,2,6,Others,1,Divorced,16,0,,10,16,6,317.53
51696,0,56,Computer,2,77,Debit Card,Male,5,6,Others,1,Married,15,1,22,16,11,23,181.2
51697,0,10,Mobile Phone,1,39,Debit Card,Female,2,3,Fashion,1,Single,2,0,17,16,1,10,112.85
51698,0,33,Computer,3,38,Cash on Delivery,Female,3,5,Others,2,Single,16,0,24,14,1,11,100.11
51699,1,38,Mobile Phone,1,20,UPI,Female,2,2,Fashion,5,Divorced,10,1,11,9,15,17,110.74
51700,0,3,Computer,3,86,E wallet,Male,4,3,Others,5,Married,11,0,13,15,1,36,105.24
51701,1,10,Computer,1,22,E wallet,Female,0,5,Laptop & Accessory,1,Divorced,19,0,17,4,16,0,127.7
51702,0,28,Phone,3,42,Credit Card,Male,0,4,Fashion,5,Divorced,19,1,23,1,14,0,24.34
51703,0,1,Phone,2,118,E wallet,Male,3,2,Fashion,1,Married,10,0,14,6,2,26,205.87
51704,0,60,Phone,3,47,UPI,Female,3,6,Grocery,5,Divorced,17,0,17,2,4,8,184.61
51705,0,15,Computer,2,36,E wallet,Female,2,2,Others,1,Single,1,0,20,14,6,0,150.14
51706,0,38,Mobile Phone,1,11,Cash on Delivery,Male,4,6,Mobile Phone,5,Single,7,0,20,10,7,27,26.36
51707,0,12,Computer,2,91,E wallet,Male,2,6,Mobile Phone,4,Single,16,0,16,0,13,11,30.29
51708,0,36,Phone,3,91,Debit Card,Female,,4,Mobile Phone,1,Divorced,11,0,,15,5,15,177.16
51709,0,16,Computer,3,50,Debit Card,Female,4,4,Mobile Phone,1,Married,21,0,17,10,7,6,11.89
51710,0,20,Phone,1,65,Debit Card,Female,0,1,Laptop & Accessory,3,Married,18,0,18,6,2,34,235.56
51711,0,43,Phone,2,22,Debit Card,Female,4,5,Mobile Phone,1,Married,1,0,24,9,6,,322.98
51712,0,59,Mobile Phone,1,75,Cash on Delivery,Female,1,3,Grocery,5,Married,2,1,18,7,3,22,194.16
51713,0,18,Mobile Phone,2,110,Cash on Delivery,Male,4,4,Mobile Phone,4,Married,2,0,17,1,,34,235.12
51714,0,6,Phone,1,44,Cash on Delivery,Male,0,1,Grocery,4,Divorced,6,0,12,6,9,15,142.65
51715,0,37,Phone,1,92,E wallet,Male,5,5,Fashion,5,Married,8,0,18,7,,41,216.91
51716,1,7,Computer,3,82,Debit Card,Female,2,5,Others,2,Single,21,0,15,5,10,7,211.83
51717,0,12,Phone,1,54,Credit Card,Male,4,2,Mobile Phone,1,Divorced,20,1,24,0,4,15,267.83
51718,0,36,Computer,2,9,Credit Card,Female,1,1,Grocery,4,Single,14,1,19,10,5,5,231.19
51719,1,1,Phone,2,114,Debit Card,Female,3,1,Grocery,5,Married,21,0,16,3,14,35,243.44
51720,0,40,Mobile Phone,1,58,UPI,Female,2,2,Others,4,Married,20,0,25,11,12,30,180.91
51721,0,10,Mobile Phone,1,125,E wallet,Male,3,3,Fashion,4,Single,8,0,14,8,5,27,157.47
51722,0,23,Phone,2,90,Credit Card,Male,1,4,Mobile Phone,5,Single,17,0,19,7,12,34,149.08
51723,0,5,Computer,1,,Cash on Delivery,Male,0,6,Grocery,3,Divorced,5,0,11,5,13,16,127.4
51724,0,60,Computer,3,26,UPI,Male,5,2,Mobile Phone,4,Married,3,0,14,0,14,29,86.46
51725,0,25,Computer,3,78,Cash on Delivery,Female,0,4,Laptop & Accessory,4,Married,18,0,21,8,2,8,10.83
51726,0,6,Phone,1,94,UPI,Female,5,6,Grocery,2,Married,10,0,15,12,,22,218.11
51727,0,56,Phone,1,83,UPI,Male,2,1,Fashion,3,Single,4,1,14,11,4,44,292.81
51728,1,38,Mobile Phone,1,42,E wallet,Male,4,2,Others,2,Married,10,0,23,6,7,0,302.41
51729,0,18,Mobile Phone,2,109,Cash on Delivery,Female,4,6,Grocery,5,Divorced,18,0,25,10,11,11,188.68
51730,0,5,Phone,1,110,Cash on Delivery,Male,3,3,Laptop & Accessory,1,Divorced,13,0,19,9,12,,30.59
51731,0,42,Mobile Phone,1,123,Credit Card,Male,0,4,Others,5,Single,17,0,11,7,2,45,285.57
51732,0,28,Computer,2,53,Debit Card,Female,4,4,Fashion,3,Single,14,0,13,13,5,32,243.02
51733,0,42,Computer,3,5,Debit Card,Male,5,4,Mobile Phone,5,Divorced,19,0,19,13,16,21,81.71
51734,0,38,Phone,1,82,Credit Card,Male,4,1,Mobile Phone,3,Single,18,1,22,12,5,9,261.15
51735,0,1,Computer,1,40,UPI,Male,0,6,Grocery,2,Single,8,1,17,6,5,25,153.4
51736,1,18,Phone,3,99,Credit Card,Female,0,4,Others,4,Married,18,0,,,7,13,288.47
51737,0,3,Computer,2,32,Credit Card,Male,1,5,Laptop & Accessory,5,Divorced,16,0,21,5,10,24,80.47
51738,0,57,Phone,2,102,Cash on Delivery,Male,3,4,Laptop & Accessory,5,Married,11,0,16,11,14,10,260.29
51739,0,5,Computer,2,39,Credit Card,Female,0,1,Fashion,4,Divorced,17,0,14,10,7,18,231.37
51740,0,48,Computer,3,64,UPI,Female,1,2,Others,5,Married,18,0,15,3,12,42,4.69
51741,0,,Mobile Phone,2,107,Debit Card,Female,0,4,Others,5,Divorced,19,0,18,,13,27,183.08
51742,0,36,Mobile Phone,3,66,E wallet,Female,2,4,Mobile Phone,1,Divorced,18,1,15,12,15,26,232.55
51743,0,60,Mobile Phone,2,91,Credit Card,Female,5,2,Fashion,1,Divorced,14,0,20,6,11,,50.83
51744,0,27,Mobile Phone,2,50,Credit Card,Female,5,6,Fashion,4,Single,17,0,12,3,14,21,172.87
51745,0,29,Mobile Phone,1,112,Cash on Delivery,Female,2,6,Fashion,2,Married,8,0,18,0,8,24,98.83
51746,0,6,Mobile Phone,1,87,Cash on Delivery,Male,2,5,Others,5,Single,15,1,22,7,11,29,226.28
51747,0,8,Phone,2,86,Credit Card,Female,0,1,Mobile Phone,5,Single,17,0,,11,1,18,175.55
51748,0,24,Phone,1,83,Credit Card,Female,4,2,Fashion,2,Divorced,21,0,15,11,,38,201.97
51749,0,32,Mobile Phone,2,65,UPI,Female,4,1,Mobile Phone,5,Divorced,11,0,23,10,1,6,23.58
51750,0,0,Phone,1,69,Debit Card,Male,,6,Fashion,2,Single,6,1,22,16,16,5,44.78
51751,0,50,Mobile Phone,3,93,Debit Card,Male,3,2,Others,4,Single,19,1,21,16,7,8,179.43
51752,0,5,Phone,1,30,E wallet,Female,5,3,Mobile Phone,4,Single,16,0,16,11,5,17,58.88
51753,0,17,Computer,3,39,Debit Card,Female,1,5,Grocery,2,Divorced,12,0,11,11,2,30,162.07
51754,0,9,Phone,2,61,E wallet,Female,2,3,Fashion,2,Divorced,15,0,24,16,10,5,224.26
51755,1,27,Phone,1,83,Cash on Delivery,Male,5,6,Others,3,Divorced,11,1,13,8,,45,263.18
51756,0,,Phone,2,67,E wallet,Female,1,2,Mobile Phone,1,Married,7,0,11,12,2,21,46.48
51757,1,32,Computer,1,8,E wallet,Male,1,6,Laptop & Accessory,1,Single,10,0,25,16,7,8,241.11
51758,0,0,Mobile Phone,1,83,Debit Card,Male,2,2,Others,5,Single,19,0,17,0,,30,118.04
51759,0,12,Phone,1,46,Credit Card,Female,4,1,Others,5,Married,5,1,23,2,13,21,220.65
51760,0,36,Phone,1,106,Cash on Delivery,Male,3,2,Laptop & Accessory,2,Single,17,0,12,7,4,20,47.22
51761,0,19,Computer,3,49,UPI,Female,5,6,Laptop & Accessory,2,Single,19,0,20,7,14,34,167.43
51762,1,0,Mobile Phone,1,43,E wallet,Male,2,1,Grocery,1,Single,4,0,17,,8,28,272.21
51763,0,51,Phone,2,126,E wallet,Male,1,1,Grocery,5,Married,1,0,22,5,,20,34.59
51764,0,2,Computer,1,122,E wallet,Male,5,2,Grocery,1,Married,14,0,25,14,13,34,269
51765,0,17,Mobile Phone,2,69,Credit Card,Female,0,1,Others,4,Single,17,0,24,4,3,22,147.15
51766,0,40,Mobile Phone,1,,UPI,Male,0,6,Others,1,Divorced,14,0,13,,8,39,267.56
51767,0,13,Phone,2,15,Debit Card,Male,5,5,Others,1,Single,6,0,13,5,2,43,311.48
51768,0,30,Phone,2,114,Cash on Delivery,Female,5,3,Grocery,2,Single,5,1,11,9,3,22,51.89
51769,0,26,Phone,2,106,Credit Card,Male,1,2,Mobile Phone,5,Divorced,3,0,17,1,4,17,219.24
51770,0,16,Phone,1,,UPI,Male,2,1,Others,4,Single,15,1,22,6,10,22,76.41
51771,0,54,Computer,2,119,Cash on Delivery,Female,4,1,Others,1,Single,7,1,18,12,3,0,44.06
51772,0,45,Computer,1,94,Debit Card,Female,2,6,Others,1,Married,11,0,21,3,12,43,204.13
51773,1,28,Phone,1,55,Cash on Delivery,Female,3,1,Grocery,2,Single,10,0,14,10,8,19,35.09
51774,1,35,Mobile Phone,1,95,E wallet,Male,5,1,Fashion,3,Divorced,14,0,,10,6,15,151.18
51775,0,36,Phone,1,62,E wallet,Male,0,5,Grocery,5,Married,3,0,24,12,3,8,206.69
51776,0,25,Mobile Phone,1,81,Credit Card,Male,,2,Fashion,5,Married,14,0,23,9,7,24,162.38
51777,0,52,Mobile Phone,2,11,Cash on Delivery,Male,4,2,Grocery,5,Divorced,17,0,14,16,4,37,226.55
51778,0,16,Mobile Phone,1,12,E wallet,Male,2,6,Mobile Phone,1,Divorced,4,0,20,3,3,24,260.46
51779,0,21,Computer,1,114,Credit Card,Female,3,5,Mobile Phone,1,Married,6,0,15,2,2,37,283.48
51780,1,60,Mobile Phone,1,55,Credit Card,Male,2,5,Others,1,Single,20,1,21,6,8,6,181.96
51781,0,24,Mobile Phone,2,119,Credit Card,Female,3,5,Grocery,3,Single,5,0,16,15,8,45,89.9
51782,1,1,Computer,2,27,Debit Card,Male,2,2,Fashion,1,Married,10,0,19,5,15,15,165.64
51783,0,54,Mobile Phone,1,94,E wallet,Male,4,4,Fashion,5,Single,7,0,19,0,16,34,126
51784,0,21,Mobile Phone,2,112,E wallet,Female,4,6,Mobile Phone,5,Married,15,0,18,9,2,30,73.43
51785,0,4,Phone,2,123,UPI,Male,1,6,Others,2,Divorced,21,0,20,2,9,0,171.95
51786,1,3,Mobile Phone,1,95,Debit Card,Male,4,3,Fashion,3,Single,21,0,22,10,12,19,7.36
51787,0,35,Mobile Phone,2,13,E wallet,Female,3,5,Grocery,4,Single,18,0,12,6,7,26,196.81
51788,0,5,Mobile Phone,2,50,E wallet,Female,1,5,Others,1,Married,1,0,22,5,11,0,267.02
51789,0,51,Mobile Phone,2,42,UPI,Male,4,2,Grocery,4,Married,4,0,20,13,6,36,324.82
51790,0,20,Mobile Phone,1,115,Cash on Delivery,Female,,6,Grocery,1,Single,11,1,20,7,3,23,299.55
51791,0,12,Computer,1,17,Cash on Delivery,Male,3,2,Mobile Phone,3,Single,10,0,11,10,3,4,29.19
51792,0,53,Mobile Phone,1,11,Debit Card,Female,1,3,Grocery,3,Single,13,1,22,1,13,10,52.79
51793,0,36,Mobile Phone,2,15,Credit Card,Male,3,1,Laptop & Accessory,5,Divorced,19,0,12,6,4,34,45.06
51794,0,54,Computer,3,78,UPI,Female,1,2,Others,3,Single,10,0,,16,11,28,181.46
51795,0,24,Computer,1,101,UPI,Female,3,3,Laptop & Accessory,4,Single,18,0,16,4,15,22,14.93
51796,0,25,Mobile Phone,1,107,E wallet,Male,0,2,Grocery,4,Married,9,0,21,5,9,9,304.52
51797,0,54,Mobile Phone,2,54,E wallet,Female,4,2,Grocery,3,Divorced,9,1,24,16,,29,20.1
51798,0,38,Mobile Phone,3,123,UPI,Female,2,2,Mobile Phone,4,Married,20,0,17,14,2,30,127.16
51799,0,,Phone,3,71,Credit Card,Female,2,4,Mobile Phone,1,Single,12,0,24,2,13,23,290.54
51800,0,32,Phone,2,45,Cash on Delivery,Male,2,4,Mobile Phone,2,Divorced,14,0,16,,5,13,308.22
51801,1,13,Mobile Phone,3,33,Debit Card,Female,1,5,Mobile Phone,5,Single,2,0,11,,15,10,151.22
51802,0,55,Computer,1,41,Cash on Delivery,Female,4,4,Fashion,2,Divorced,10,0,11,9,15,0,158.74
51803,0,,Mobile Phone,1,123,Debit Card,Female,5,3,Mobile Phone,4,Divorced,18,0,11,10,10,43,206.76
51804,0,,Computer,1,60,Credit Card,Male,1,2,Grocery,5,Divorced,6,0,11,0,6,25,132.48
51805,0,20,Computer,2,113,UPI,Male,1,4,Grocery,2,Divorced,2,0,20,9,14,19,105.51
51806,0,45,Computer,1,84,Credit Card,Female,,6,Others,2,Divorced,17,0,25,,5,1,240.31
51807,0,15,Mobile Phone,1,20,UPI,Male,5,2,Laptop & Accessory,4,Divorced,18,0,24,7,1,32,193.49
51808,0,45,Mobile Phone,1,48,E wallet,Female,1,1,Fashion,5,Married,18,0,20,8,9,44,156.54
51809,0,15,Computer,1,54,Debit Card,Male,4,5,Fashion,5,Married,21,1,24,0,10,44,32.76
51810,0,55,Phone,3,111,E wallet,Female,2,4,Others,2,Single,14,0,11,11,12,44,22.38
51811,0,19,Phone,1,117,UPI,Male,3,6,Others,5,Divorced,11,0,12,15,,16,166.01
51812,0,28,Phone,1,75,Debit Card,Female,1,6,Mobile Phone,5,Divorced,19,1,12,6,15,5,201.32
51813,0,27,Computer,2,83,Debit Card,Female,4,2,Others,1,Married,16,1,14,11,5,11,213.69
51814,0,7,Mobile Phone,1,106,E wallet,Male,0,1,Fashion,4,Single,8,0,13,11,11,14,290.84
51815,0,23,Computer,2,10,Debit Card,Female,3,5,Laptop & Accessory,4,Single,18,0,14,10,6,2,265.27
51816,1,2,Phone,3,22,UPI,Female,1,5,Laptop & Accessory,1,Married,3,1,15,15,3,21,45.75
51817,0,24,Mobile Phone,3,23,UPI,Female,1,1,Fashion,2,Married,4,0,14,7,9,37,258.19
51818,0,18,Computer,3,120,E wallet,Male,3,4,Mobile Phone,3,Divorced,21,0,13,7,12,20,219.8
51819,0,32,Computer,1,55,Credit Card,Female,3,4,Laptop & Accessory,2,Married,5,0,13,4,4,34,269.11
51820,0,1,Phone,2,70,UPI,Female,1,2,Laptop & Accessory,1,Divorced,4,0,14,16,,43,274.09
51821,0,14,Computer,1,7,UPI,Female,4,3,Mobile Phone,5,Single,7,1,16,15,16,42,112.3
51822,0,21,Mobile Phone,1,114,Debit Card,Male,0,2,Laptop & Accessory,1,Divorced,20,0,17,3,13,26,85.56
51823,0,59,Phone,1,122,Debit Card,Female,4,2,Grocery,4,Married,6,1,14,,6,5,179.61
51824,0,9,Phone,1,93,UPI,Male,5,2,Fashion,5,Divorced,17,0,18,3,13,10,97.05
51825,0,,Mobile Phone,3,104,E wallet,Female,2,1,Laptop & Accessory,2,Divorced,14,0,25,,15,16,113.65
51826,0,21,Phone,1,58,Credit Card,Male,2,5,Laptop & Accessory,5,Married,5,0,16,1,2,35,22.48
51827,0,45,Computer,2,53,Debit Card,Male,2,5,Mobile Phone,4,Divorced,15,1,15,,16,30,322.19
51828,1,48,Computer,1,32,Debit Card,Male,1,3,Laptop & Accessory,1,Single,10,1,18,12,9,42,100.52
51829,0,26,Phone,1,42,Credit Card,Female,0,4,Mobile Phone,2,Divorced,2,0,16,3,2,12,253.52
51830,0,12,Mobile Phone,3,32,Debit Card,Male,0,2,Fashion,3,Married,12,0,11,4,10,28,322.78
51831,1,32,Computer,1,36,E wallet,Male,5,1,Grocery,3,Married,11,0,21,11,12,37,314.97
51832,0,4,Mobile Phone,2,119,Debit Card,Male,1,1,Others,1,Married,7,1,11,10,5,19,206.01
51833,0,25,Computer,1,45,Debit Card,Male,1,2,Fashion,2,Divorced,7,1,24,2,11,37,175.06
51834,0,12,Computer,1,40,UPI,Male,1,1,Laptop & Accessory,2,Single,19,1,23,10,16,34,100.51
51835,0,26,Phone,1,107,E wallet,Male,,1,Grocery,5,Married,7,0,20,8,2,38,279.99
51836,0,56,Phone,3,40,E wallet,Male,1,2,Others,1,Married,14,1,20,7,,0,109.85
51837,0,13,Mobile Phone,1,111,UPI,Male,3,3,Others,5,Single,12,0,16,7,2,43,34.69
51838,0,23,Phone,1,122,Cash on Delivery,Male,3,1,Laptop & Accessory,1,Married,10,0,18,9,8,12,95.58
51839,1,2,Computer,1,91,Credit Card,Female,,5,Others,4,Divorced,5,1,19,5,,26,102.41
51840,0,46,Computer,2,70,E wallet,Male,1,6,Others,1,Married,7,0,25,5,11,2,233.51
51841,0,50,Mobile Phone,2,14,Cash on Delivery,Male,3,5,Fashion,5,Married,6,1,14,11,1,19,55.1
51842,0,48,Mobile Phone,2,74,Credit Card,Male,5,6,Fashion,2,Divorced,20,0,21,15,,27,102.98
51843,0,29,Computer,1,76,E wallet,Male,1,6,Others,1,Single,2,0,17,15,14,5,24.89
51844,0,34,Phone,3,83,Debit Card,Male,5,5,Mobile Phone,2,Single,13,0,19,3,,45,275.73
51845,1,47,Phone,2,113,E wallet,Male,3,2,Laptop & Accessory,4,Married,16,0,22,12,7,45,235.55
51846,0,13,Mobile Phone,3,97,Credit Card,Male,1,6,Mobile Phone,3,Divorced,8,1,23,2,11,8,142.18
51847,0,11,Mobile Phone,3,,Cash on Delivery,Female,4,5,Mobile Phone,3,Divorced,13,0,18,11,6,44,139.75
51848,0,27,Computer,2,96,Debit Card,Female,2,4,Others,5,Single,14,1,22,4,11,32,54.07
51849,1,43,Computer,1,26,Credit Card,Female,4,1,Laptop & Accessory,1,Single,5,0,23,11,2,3,124.95
51850,0,28,Mobile Phone,3,102,Credit Card,Male,,3,Mobile Phone,4,Single,3,1,18,4,9,12,294.72
51851,0,42,Computer,3,24,E wallet,Male,2,6,Fashion,4,Divorced,14,0,11,1,2,37,45.06
51852,0,16,Mobile Phone,1,37,UPI,Female,3,5,Fashion,2,Divorced,13,0,20,15,6,0,248.63
51853,1,39,Mobile Phone,1,19,UPI,Female,2,2,Laptop & Accessory,5,Divorced,17,1,16,3,1,45,15.33
51854,1,48,Phone,3,11,Debit Card,Male,2,6,Mobile Phone,4,Married,9,1,21,14,11,24,101.3
51855,1,20,Mobile Phone,1,92,Credit Card,Male,4,3,Grocery,1,Married,7,0,19,9,3,0,275.25
51856,0,56,Computer,3,94,Cash on Delivery,Female,2,2,Grocery,4,Single,18,1,25,5,5,31,144.62
51857,0,22,Phone,1,54,Debit Card,Female,1,3,Laptop & Accessory,3,Single,21,0,,6,7,41,228.38
51858,0,19,Phone,1,14,Debit Card,Female,5,3,Laptop & Accessory,5,Married,11,1,12,1,3,18,33.65
51859,1,10,Computer,1,83,E wallet,Female,5,1,Grocery,2,Married,16,0,15,3,9,16,222.11
51860,0,56,Computer,1,41,Cash on Delivery,Male,1,6,Mobile Phone,1,Married,18,0,21,14,15,38,266.18
51861,0,56,Computer,1,63,Credit Card,Female,3,6,Mobile Phone,3,Married,7,1,14,12,4,40,261.7
51862,0,33,Mobile Phone,1,,Credit Card,Female,4,6,Others,4,Single,4,1,18,8,9,11,142.63
51863,0,9,Phone,2,79,Credit Card,Male,0,3,Laptop & Accessory,5,Married,19,0,19,,15,19,293.85
51864,0,9,Mobile Phone,3,108,Debit Card,Female,5,4,Mobile Phone,5,Married,21,0,22,16,3,21,186.87
51865,1,42,Mobile Phone,1,67,E wallet,Female,4,4,Grocery,1,Divorced,11,1,13,5,,44,265.81
51866,1,59,Mobile Phone,2,25,Debit Card,Female,5,4,Grocery,2,Single,13,0,19,13,,30,69.37
51867,0,5,Mobile Phone,2,108,UPI,Male,0,2,Fashion,3,Single,6,1,25,4,3,33,68.33
51868,0,35,Phone,2,106,UPI,Male,2,1,Mobile Phone,2,Divorced,13,0,11,1,13,22,245.17
51869,0,23,Phone,2,83,Credit Card,Female,0,2,Others,1,Single,2,0,17,13,4,43,210.16
51870,0,11,Mobile Phone,1,83,E wallet,Male,2,6,Others,1,Single,14,1,18,12,2,18,219.8
51871,0,42,Computer,1,41,Credit Card,Male,5,6,Laptop & Accessory,3,Married,13,0,16,11,14,1,76.89
51872,0,54,Phone,1,,Credit Card,Female,4,5,Fashion,5,Married,5,1,14,0,5,1,129.88
51873,0,22,Mobile Phone,1,18,Debit Card,Male,4,6,Grocery,5,Single,3,0,14,2,9,37,83.97
51874,1,26,Computer,2,47,Credit Card,Female,3,4,Grocery,3,Divorced,4,0,17,9,15,38,22.14
51875,0,57,Computer,1,120,Credit Card,Male,5,1,Laptop & Accessory,2,Divorced,14,0,25,7,15,36,66.28
51876,0,56,Mobile Phone,3,89,E wallet,Female,3,4,Others,3,Single,18,1,20,12,8,11,323.43
51877,0,44,Phone,3,,E wallet,Male,5,1,Others,5,Single,11,0,16,,8,27,76.06
51878,0,36,Computer,3,88,E wallet,Male,2,2,Grocery,2,Single,19,0,25,2,8,10,51.77
51879,0,5,Phone,3,37,Credit Card,Female,5,6,Laptop & Accessory,4,Single,2,1,14,2,8,41,226.48
51880,0,0,Phone,1,,E wallet,Female,5,2,Mobile Phone,2,Married,2,0,15,11,14,28,195.7
51881,0,5,Computer,2,108,E wallet,Female,2,4,Fashion,5,Married,3,1,,1,6,20,242.45
51882,1,49,Mobile Phone,1,91,Cash on Delivery,Female,,3,Others,1,Single,16,0,14,7,,28,212.44
51883,0,21,Computer,3,48,Cash on Delivery,Male,1,1,Others,2,Divorced,1,0,11,13,13,28,72.47
51884,0,40,Computer,3,115,UPI,Male,5,6,Others,2,Married,10,0,14,10,7,39,162.79
51885,0,23,Phone,3,91,Debit Card,Female,,5,Mobile Phone,1,Single,6,0,16,15,,41,57.41
51886,0,24,Mobile Phone,1,95,Debit Card,Male,,3,Mobile Phone,5,Divorced,17,0,25,13,15,11,82.4
51887,0,60,Phone,2,39,E wallet,Female,5,2,Fashion,4,Married,19,1,21,7,10,1,320.75
51888,0,14,Computer,1,29,UPI,Male,0,1,Others,4,Married,12,1,12,13,12,39,236.82
51889,0,25,Mobile Phone,1,100,UPI,Female,2,3,Grocery,3,Single,20,1,17,11,14,37,254.43
51890,1,7,Mobile Phone,2,90,Cash on Delivery,Male,3,5,Others,4,Divorced,16,0,19,16,5,32,9.77
51891,0,50,Mobile Phone,1,12,UPI,Female,2,3,Fashion,4,Single,2,0,22,11,6,44,124.19
51892,0,23,Mobile Phone,3,124,Credit Card,Male,5,5,Fashion,2,Married,15,0,25,11,3,45,180.46
51893,0,47,Mobile Phone,1,119,E wallet,Male,0,2,Grocery,3,Divorced,19,0,25,11,5,9,48.64
51894,0,37,Computer,3,120,Credit Card,Female,2,1,Mobile Phone,4,Married,1,0,21,6,10,40,275.78
51895,0,60,Computer,1,66,Debit Card,Male,3,2,Grocery,2,Single,6,1,20,9,12,10,45.37
51896,0,5,Computer,3,106,Cash on Delivery,Male,,1,Fashion,3,Single,18,0,12,15,3,15,206.86
51897,0,53,Phone,3,22,Credit Card,Female,0,3,Grocery,2,Married,19,0,17,2,5,7,179.79
51898,0,34,Mobile Phone,3,96,E wallet,Female,,2,Others,1,Single,3,0,12,2,10,45,276.03
51899,0,41,Mobile Phone,1,32,Credit Card,Female,4,1,Fashion,5,Single,5,0,19,0,1,3,101.34
51900,0,0,Computer,3,79,Credit Card,Female,3,6,Mobile Phone,5,Married,3,1,22,4,1,43,92.33
51901,0,59,Mobile Phone,1,16,UPI,Male,0,5,Mobile Phone,5,Divorced,7,1,11,7,10,27,275.08
51902,0,45,Phone,1,68,Cash on Delivery,Female,0,1,Grocery,4,Married,7,0,23,16,15,16,71.96
51903,0,35,Mobile Phone,1,123,Debit Card,Female,2,6,Grocery,5,Married,1,1,14,,6,17,242.46
51904,0,,Mobile Phone,3,6,E wallet,Female,3,2,Grocery,5,Divorced,13,0,23,15,8,4,62.12
51905,0,11,Phone,1,63,E wallet,Male,3,2,Others,3,Single,13,1,22,13,4,7,284.6
51906,0,37,Computer,3,41,Debit Card,Male,5,3,Mobile Phone,3,Divorced,15,0,25,11,15,4,272.7
51907,1,10,Computer,2,8,E wallet,Male,5,5,Fashion,3,Married,19,1,12,9,13,34,255.93
51908,0,11,Mobile Phone,1,45,UPI,Male,0,1,Fashion,4,Divorced,7,0,11,1,15,22,159.73
51909,0,41,Phone,3,49,Credit Card,Female,5,2,Mobile Phone,5,Single,17,0,25,2,7,21,11
51910,0,49,Computer,1,113,UPI,Male,2,1,Grocery,4,Divorced,10,0,23,0,5,1,43.05
51911,0,38,Computer,3,115,UPI,Male,,4,Laptop & Accessory,4,Divorced,19,0,12,8,2,35,148.4
51912,1,6,Computer,1,38,UPI,Female,4,5,Grocery,4,Married,18,0,20,3,5,2,14.19
51913,1,10,Mobile Phone,2,91,Debit Card,Female,4,5,Mobile Phone,4,Divorced,8,0,16,15,15,27,20.63
51914,0,35,Phone,1,17,Cash on Delivery,Male,0,6,Others,4,Married,8,0,15,3,12,43,40.79
51915,0,51,Mobile Phone,1,11,Debit Card,Female,2,4,Grocery,4,Single,9,1,,16,2,22,84.78
51916,0,,Computer,1,36,Debit Card,Male,2,5,Fashion,5,Divorced,13,0,23,14,14,8,243.53
51917,1,32,Phone,1,27,UPI,Male,4,4,Others,3,Divorced,13,1,11,3,9,18,15.59
51918,0,12,Mobile Phone,1,53,Cash on Delivery,Male,5,1,Mobile Phone,2,Married,2,1,25,3,1,22,319.68
51919,0,17,Computer,1,76,Debit Card,Female,4,4,Laptop & Accessory,2,Married,7,0,13,11,3,,88.99
51920,0,40,Computer,1,118,Cash on Delivery,Female,0,3,Grocery,2,Single,7,0,22,2,14,45,104.06
51921,0,57,Mobile Phone,2,115,UPI,Male,2,6,Others,1,Married,20,0,,,14,8,80.56
51922,0,55,Computer,2,51,Debit Card,Male,0,4,Others,3,Married,1,0,16,5,1,4,195.78
51923,0,23,Computer,3,41,Cash on Delivery,Female,4,1,Fashion,5,Single,14,0,15,8,5,39,6.31
51924,0,8,Phone,2,102,E wallet,Male,3,5,Grocery,4,Married,6,0,16,2,12,29,30.41
51925,0,,Computer,2,52,Debit Card,Female,4,3,Laptop & Accessory,2,Married,13,0,18,1,15,22,32.1
51926,0,54,Mobile Phone,2,33,Debit Card,Female,2,4,Others,3,Married,1,0,16,,4,32,215.97
51927,0,60,Phone,1,41,Debit Card,Female,0,6,Fashion,5,Married,21,1,21,4,11,20,107.09
51928,0,40,Mobile Phone,2,27,Cash on Delivery,Female,5,6,Grocery,2,Single,20,0,24,6,16,12,142.19
51929,0,9,Computer,1,42,Credit Card,Male,5,1,Grocery,3,Single,21,0,15,14,6,41,308.74
51930,0,59,Phone,3,,Debit Card,Female,2,3,Laptop & Accessory,5,Married,21,1,21,1,5,40,65.01
51931,0,1,Phone,2,48,E wallet,Female,4,3,Fashion,3,Divorced,3,1,14,9,7,40,22.81
51932,0,37,Phone,1,9,E wallet,Female,4,3,Laptop & Accessory,4,Single,15,0,15,10,14,11,143.46
51933,0,14,Phone,2,56,UPI,Male,1,4,Others,3,Divorced,18,0,23,7,7,21,53.32
51934,0,2,Mobile Phone,1,44,Credit Card,Male,4,1,Mobile Phone,3,Married,10,0,21,11,10,3,47.01
51935,0,42,Computer,1,15,Credit Card,Male,2,1,Mobile Phone,1,Married,15,0,19,3,11,8,133.29
51936,0,30,Computer,1,82,Cash on Delivery,Male,0,1,Laptop & Accessory,4,Single,8,0,24,,5,30,217.64
51937,0,5,Phone,2,124,UPI,Male,0,2,Laptop & Accessory,3,Divorced,5,0,20,2,10,1,78.93
51938,0,2,Computer,2,117,Cash on Delivery,Female,1,5,Mobile Phone,4,Single,9,1,21,2,1,45,284.69
51939,0,55,Mobile Phone,3,110,UPI,Male,5,1,Others,3,Single,1,0,16,6,9,35,117.8
51940,0,10,Computer,1,6,Credit Card,Male,2,2,Laptop & Accessory,4,Single,19,0,15,16,2,10,303.57
51941,0,14,Mobile Phone,2,,Cash on Delivery,Female,4,2,Others,5,Married,8,0,21,5,7,28,160.03
51942,0,44,Mobile Phone,2,49,UPI,Male,3,3,Others,2,Divorced,5,0,21,15,3,35,236.19
51943,0,51,Computer,1,53,Credit Card,Male,0,5,Fashion,1,Married,18,0,18,4,10,33,275.93
51944,0,27,Mobile Phone,2,39,Credit Card,Female,2,3,Others,2,Married,9,1,15,16,,8,172.16
51945,0,9,Mobile Phone,1,110,Debit Card,Male,1,5,Grocery,3,Married,1,0,15,10,16,11,276.36
51946,0,37,Mobile Phone,1,96,Cash on Delivery,Male,3,3,Mobile Phone,3,Single,19,1,18,11,5,20,122.84
51947,0,46,Mobile Phone,1,76,Debit Card,Female,5,6,Mobile Phone,5,Married,14,0,19,11,6,4,118.11
51948,0,56,Phone,2,36,Credit Card,Male,2,4,Laptop & Accessory,3,Married,14,0,18,3,14,6,258.07
51949,0,49,Computer,1,72,Cash on Delivery,Male,4,5,Laptop & Accessory,4,Married,4,1,25,8,10,43,78.41
51950,0,49,Phone,1,113,Cash on Delivery,Female,5,6,Fashion,2,Married,7,1,25,,5,36,233.04
51951,0,6,Mobile Phone,1,75,E wallet,Male,,2,Fashion,3,Married,20,0,19,11,13,2,25.05
51952,0,,Computer,1,43,UPI,Male,4,2,Grocery,5,Married,11,0,25,9,9,14,206.58
51953,0,17,Mobile Phone,1,52,E wallet,Male,1,5,Laptop & Accessory,1,Divorced,2,0,19,7,13,,306.12
51954,0,17,Computer,1,95,E wallet,Male,0,3,Mobile Phone,2,Single,18,0,18,2,12,2,148.35
51955,1,51,Phone,2,41,Credit Card,Male,3,4,Grocery,5,Married,10,0,24,12,8,19,135.19
51956,1,40,Computer,1,64,UPI,Female,0,4,Laptop & Accessory,5,Single,1,0,,15,14,14,175.68
51957,0,23,Mobile Phone,2,85,E wallet,Male,4,1,Grocery,2,Divorced,14,0,,12,1,37,233.86
51958,0,1,Computer,2,78,E wallet,Female,5,5,Others,5,Divorced,10,0,25,12,14,10,116.62
51959,0,39,Computer,1,8,Cash on Delivery,Male,2,4,Others,1,Single,18,0,23,7,9,13,0.04
51960,0,,Phone,1,,Credit Card,Male,2,3,Grocery,1,Divorced,7,0,17,0,2,3,163.18
51961,0,33,Mobile Phone,3,18,E wallet,Female,2,3,Laptop & Accessory,3,Married,19,0,22,16,15,34,136.27
51962,0,42,Computer,1,9,UPI,Female,1,2,Others,4,Divorced,4,0,11,8,5,7,173.13
51963,1,25,Phone,1,70,Debit Card,Female,1,4,Others,3,Married,14,0,25,9,,20,232.48
51964,0,,Computer,1,114,Debit Card,Male,2,4,Grocery,4,Single,9,0,25,8,10,34,92.1
51965,0,37,Mobile Phone,2,28,Credit Card,Male,3,3,Others,2,Single,4,1,17,11,,3,164.21
51966,0,29,Computer,2,22,Debit Card,Female,4,2,Mobile Phone,5,Single,6,0,25,9,1,35,82.35
51967,0,41,Computer,3,31,Cash on Delivery,Male,3,4,Others,3,Single,2,0,20,7,12,13,149.29
51968,0,4,Computer,3,28,Cash on Delivery,Male,,3,Grocery,5,Single,1,0,16,3,14,43,111.98
51969,0,10,Computer,1,33,UPI,Male,4,2,Others,3,Single,17,1,24,13,7,2,119.94
51970,0,0,Mobile Phone,1,15,Credit Card,Male,,2,Others,3,Married,4,1,22,6,8,19,188.29
51971,0,33,Phone,1,116,Credit Card,Male,0,3,Fashion,1,Single,5,0,11,9,1,7,224.12
51972,1,55,Phone,1,,Debit Card,Female,0,2,Grocery,4,Divorced,18,0,20,9,11,13,4.11
51973,0,0,Computer,1,116,E wallet,Male,4,6,Grocery,2,Married,13,1,23,,10,0,284.91
51974,0,18,Mobile Phone,1,121,E wallet,Female,3,6,Fashion,5,Married,20,0,20,14,16,19,118.41
51975,0,1,Mobile Phone,1,8,E wallet,Male,4,2,Fashion,3,Married,11,1,18,1,4,13,209.17
51976,1,20,Mobile Phone,1,37,UPI,Male,3,1,Mobile Phone,5,Married,20,0,19,15,2,27,39.78
51977,0,19,Mobile Phone,1,82,Credit Card,Male,5,2,Others,1,Single,1,1,21,9,15,38,185.72
51978,0,60,Mobile Phone,3,112,Debit Card,Male,3,4,Laptop & Accessory,2,Single,12,0,21,14,5,44,220.5
51979,1,22,Mobile Phone,2,124,UPI,Female,0,2,Laptop & Accessory,4,Single,13,1,12,9,16,8,51.17
51980,1,20,Computer,3,,Cash on Delivery,Male,1,4,Fashion,4,Divorced,4,1,23,14,2,22,296.45
51981,0,23,Phone,1,36,Cash on Delivery,Male,2,3,Grocery,3,Single,12,1,14,1,9,15,246.18
51982,0,3,Phone,1,55,Cash on Delivery,Female,1,2,Grocery,2,Single,6,0,21,13,9,26,173.52
51983,0,11,Computer,1,8,Credit Card,Male,2,3,Mobile Phone,4,Divorced,13,0,17,14,15,39,53.97
51984,0,21,Phone,1,24,Cash on Delivery,Male,5,5,Laptop & Accessory,2,Single,14,0,24,9,10,7,281.3
51985,0,19,Mobile Phone,1,89,E wallet,Male,0,6,Grocery,5,Single,12,0,22,8,5,27,22.3
51986,0,17,Mobile Phone,3,71,Cash on Delivery,Female,2,2,Mobile Phone,1,Married,21,1,23,5,5,17,37.43
51987,0,0,Phone,3,93,UPI,Male,,3,Mobile Phone,2,Single,20,0,21,7,4,33,226.91
51988,0,29,Mobile Phone,1,72,Cash on Delivery,Female,3,5,Fashion,2,Divorced,2,0,23,1,1,,82.5
51989,0,32,Mobile Phone,1,66,E wallet,Female,4,4,Laptop & Accessory,4,Married,12,0,11,0,10,23,149.28
51990,0,23,Phone,1,,Cash on Delivery,Male,2,4,Mobile Phone,3,Divorced,6,0,18,12,,,175.15
51991,0,13,Computer,1,51,Debit Card,Male,1,6,Mobile Phone,3,Divorced,4,0,22,5,3,39,148.93
51992,0,35,Phone,1,79,E wallet,Male,,6,Mobile Phone,5,Single,1,0,19,2,4,7,27.27
51993,0,4,Phone,1,84,Credit Card,Male,0,4,Laptop & Accessory,4,Married,8,0,23,1,7,4,239.68
51994,0,10,Phone,1,63,Cash on Delivery,Female,5,4,Fashion,4,Single,8,0,23,9,14,,78
51995,0,23,Phone,1,104,UPI,Male,4,4,Others,1,Married,21,0,18,7,7,32,240.02
51996,0,59,Computer,1,10,Cash on Delivery,Male,3,1,Grocery,3,Married,12,0,12,8,11,29,281.22
51997,1,30,Computer,1,99,UPI,Male,3,6,Laptop & Accessory,4,Married,4,1,18,6,7,38,174.32
51998,0,54,Mobile Phone,1,44,Debit Card,Female,0,3,Laptop & Accessory,5,Divorced,16,0,18,12,7,6,229.57
51999,0,12,Mobile Phone,3,81,Credit Card,Male,3,5,Laptop & Accessory,1,Single,14,0,12,6,11,44,12
52000,0,15,Phone,1,27,E wallet,Male,5,5,Others,3,Married,14,0,21,0,4,20,11.94
52001,0,23,Mobile Phone,3,56,E wallet,Male,4,2,Grocery,3,Married,2,1,19,12,9,37,64.08
52002,0,12,Computer,3,8,Credit Card,Male,0,3,Grocery,3,Divorced,17,0,11,16,4,12,116.47
52003,1,23,Mobile Phone,3,41,Debit Card,Male,3,6,Mobile Phone,1,Married,8,1,17,11,12,24,59.4
52004,0,53,Mobile Phone,2,46,Debit Card,Male,2,1,Mobile Phone,5,Married,7,0,23,13,6,1,206.36
52005,0,25,Mobile Phone,2,105,Cash on Delivery,Male,2,1,Fashion,5,Single,13,0,25,15,1,1,89.99
52006,0,1,Phone,3,48,Debit Card,Female,5,3,Laptop & Accessory,4,Divorced,11,0,12,11,1,1,274.87
52007,0,15,Mobile Phone,1,101,Cash on Delivery,Female,3,4,Fashion,4,Divorced,19,1,18,15,6,14,182.2
52008,0,37,Computer,1,124,UPI,Male,2,4,Laptop & Accessory,3,Married,19,0,,1,1,14,122.88
52009,0,45,Computer,3,46,Credit Card,Male,4,3,Grocery,2,Married,10,0,14,6,15,17,290.25
52010,0,0,Computer,2,33,UPI,Male,1,6,Fashion,4,Divorced,11,0,,11,1,4,269.22
52011,0,48,Computer,3,105,UPI,Female,4,5,Grocery,5,Married,16,0,15,13,6,25,266.51
52012,0,10,Mobile Phone,2,,UPI,Male,5,4,Mobile Phone,3,Married,8,1,19,6,8,29,236.71
52013,1,50,Phone,3,119,UPI,Male,4,2,Grocery,5,Divorced,2,1,11,4,9,13,199.62
52014,0,34,Computer,2,88,E wallet,Female,3,6,Others,3,Married,14,0,23,0,15,4,119.22
52015,0,42,Computer,2,,Debit Card,Female,4,6,Fashion,1,Single,17,0,15,6,6,39,137.35
52016,0,28,Phone,2,48,Credit Card,Male,3,1,Laptop & Accessory,4,Married,17,0,24,15,1,20,210.32
52017,0,36,Phone,3,59,Credit Card,Male,0,4,Grocery,1,Divorced,11,1,23,15,12,42,56.18
52018,1,16,Computer,3,84,UPI,Female,3,5,Fashion,4,Single,1,0,19,16,7,7,269.04
52019,0,57,Computer,3,9,Credit Card,Female,5,6,Laptop & Accessory,5,Married,19,0,25,3,14,5,305.07
52020,0,,Phone,2,117,Cash on Delivery,Female,3,4,Fashion,5,Single,1,0,16,15,2,,31.85
52021,1,38,Computer,1,50,Credit Card,Female,0,4,Fashion,2,Divorced,4,0,14,3,7,3,7.3
52022,0,41,Computer,1,80,UPI,Male,1,1,Others,5,Single,7,0,11,4,10,29,46.38
52023,1,27,Mobile Phone,3,49,Credit Card,Male,5,2,Grocery,3,Married,20,1,23,4,10,34,246.97
52024,0,28,Phone,2,25,Debit Card,Female,0,6,Others,2,Married,1,1,20,10,4,26,35.04
52025,0,42,Mobile Phone,1,82,UPI,Male,3,2,Mobile Phone,3,Divorced,11,1,25,13,1,26,120.98
52026,0,2,Mobile Phone,1,105,E wallet,Male,5,5,Fashion,2,Single,13,0,22,16,11,43,20.52
52027,0,51,Phone,3,26,Debit Card,Female,2,3,Grocery,3,Single,3,0,24,8,9,42,140.58
52028,1,9,Mobile Phone,3,34,Credit Card,Female,3,3,Mobile Phone,2,Divorced,8,0,16,16,16,4,196.25
52029,0,58,Computer,3,27,E wallet,Female,0,3,Mobile Phone,4,Divorced,12,0,21,0,13,39,204.27
52030,0,41,Mobile Phone,2,9,Debit Card,Male,3,5,Others,4,Divorced,2,0,24,12,16,10,168.65
52031,0,13,Phone,1,67,Cash on Delivery,Male,0,6,Mobile Phone,2,Divorced,1,0,,9,1,,304.89
52032,0,11,Computer,1,97,Debit Card,Male,4,4,Laptop & Accessory,1,Married,20,0,,9,7,34,172.62
52033,0,46,Computer,1,63,E wallet,Female,1,2,Laptop & Accessory,2,Married,14,0,19,6,14,10,279.25
52034,1,41,Computer,3,98,Cash on Delivery,Male,1,2,Laptop & Accessory,1,Divorced,15,0,14,5,15,37,322.73
52035,0,29,Computer,1,86,Credit Card,Female,5,4,Mobile Phone,3,Divorced,4,1,14,6,6,37,74.67
52036,0,31,Mobile Phone,2,114,UPI,Male,0,6,Fashion,2,Single,20,0,15,4,7,4,86.3
52037,0,31,Mobile Phone,2,118,Credit Card,Female,1,2,Grocery,1,Married,7,0,22,6,10,36,169.61
52038,0,41,Computer,2,56,UPI,Male,2,6,Laptop & Accessory,2,Single,1,0,24,14,1,36,59.27
52039,0,31,Phone,3,69,UPI,Male,5,2,Laptop & Accessory,4,Single,5,0,19,9,1,25,183.34
52040,0,25,Computer,1,43,E wallet,Female,2,3,Laptop & Accessory,4,Married,14,1,25,12,6,32,222.43
52041,1,50,Mobile Phone,2,85,Cash on Delivery,Female,1,3,Others,2,Divorced,6,0,25,8,13,,19.63
52042,0,0,Computer,1,7,Cash on Delivery,Male,0,1,Others,2,Married,7,0,12,5,8,22,221.45
52043,0,55,Mobile Phone,1,46,Debit Card,Male,5,1,Laptop & Accessory,5,Single,12,0,14,6,15,6,51.83
52044,0,60,Computer,1,75,Credit Card,Female,2,2,Laptop & Accessory,4,Married,7,0,24,5,11,31,97.28
52045,1,57,Phone,1,31,E wallet,Male,1,3,Others,3,Divorced,18,0,19,15,3,8,240.11
52046,0,41,Computer,2,32,Credit Card,Male,3,6,Grocery,2,Married,16,0,16,1,10,15,53.17
52047,0,1,Phone,2,112,Debit Card,Female,2,1,Fashion,5,Divorced,9,0,24,14,14,8,172.8
52048,0,16,Phone,1,58,Debit Card,Female,4,1,Grocery,2,Divorced,7,1,16,2,11,43,191.48
52049,0,29,Computer,1,99,E wallet,Male,5,3,Fashion,4,Single,14,0,17,12,2,42,53.42
52050,0,55,Phone,2,19,Debit Card,Female,2,6,Mobile Phone,1,Single,2,0,15,16,4,27,89.3
52051,0,38,Phone,3,123,E wallet,Male,5,1,Mobile Phone,1,Divorced,13,0,14,10,,22,197.1
52052,0,6,Mobile Phone,1,57,Debit Card,Male,1,4,Grocery,4,Divorced,7,0,21,1,15,11,149.89
52053,0,51,Mobile Phone,2,116,Cash on Delivery,Female,1,6,Others,3,Single,19,1,13,9,13,41,214.49
52054,1,26,Phone,2,76,E wallet,Male,5,4,Laptop & Accessory,5,Divorced,2,0,12,11,9,8,277.78
52055,1,8,Computer,2,74,Cash on Delivery,Male,1,3,Mobile Phone,2,Married,6,0,17,12,13,44,43.89
52056,0,21,Phone,1,96,Cash on Delivery,Male,0,3,Others,2,Divorced,12,0,15,5,11,11,22.96
52057,0,33,Computer,2,8,E wallet,Male,5,1,Others,2,Divorced,2,0,11,3,6,8,216.69
52058,0,45,Mobile Phone,2,98,Credit Card,Male,0,2,Fashion,5,Single,17,0,14,11,7,18,250.46
52059,0,48,Computer,2,111,UPI,Female,5,5,Mobile Phone,5,Single,12,1,19,14,15,35,146.02
52060,0,0,Phone,2,,Debit Card,Female,3,4,Grocery,4,Single,20,0,25,7,15,32,128.02
52061,0,8,Phone,3,38,Debit Card,Male,3,4,Others,5,Married,9,0,18,4,1,12,193.95
52062,0,19,Phone,1,10,Credit Card,Male,2,6,Grocery,2,Divorced,14,0,21,3,5,1,179.22
52063,0,52,Phone,3,40,UPI,Female,1,6,Grocery,2,Divorced,3,0,17,12,13,39,159.31
52064,0,18,Phone,2,103,Credit Card,Male,3,3,Mobile Phone,5,Single,3,0,15,5,15,,266.08
52065,0,35,Computer,2,107,UPI,Female,1,2,Grocery,5,Divorced,16,0,11,15,6,24,56.39
52066,0,59,Phone,1,43,E wallet,Female,2,3,Grocery,4,Divorced,6,1,22,9,14,12,221.39
52067,0,39,Mobile Phone,1,84,E wallet,Female,0,1,Laptop & Accessory,1,Married,8,0,15,4,10,12,240.94
52068,0,44,Phone,2,70,Cash on Delivery,Male,3,2,Grocery,5,Divorced,13,1,25,14,14,32,292.92
52069,0,3,Computer,2,12,Cash on Delivery,Male,4,1,Laptop & Accessory,1,Married,8,0,18,10,6,26,307.16
52070,0,8,Phone,1,19,E wallet,Male,4,4,Mobile Phone,3,Divorced,8,0,14,8,6,39,165.06
52071,0,,Phone,2,67,Cash on Delivery,Male,4,3,Grocery,1,Single,7,0,22,0,7,36,140.93
52072,0,21,Computer,1,95,E wallet,Female,,6,Others,5,Single,5,0,15,8,4,18,163.77
52073,0,17,Phone,3,84,Credit Card,Male,4,3,Grocery,2,Divorced,20,0,18,8,5,21,238.09
52074,1,11,Computer,3,69,Debit Card,Male,4,5,Laptop & Accessory,2,Single,1,0,15,14,6,16,5.58
52075,1,41,Phone,1,63,E wallet,Male,4,2,Others,5,Married,13,0,24,3,9,1,56.6
52076,1,42,Mobile Phone,3,14,E wallet,Female,3,4,Mobile Phone,4,Single,8,0,,3,4,11,294.99
52077,0,38,Phone,3,11,E wallet,Male,,5,Fashion,5,Married,11,0,21,0,4,32,63.52
52078,0,8,Computer,1,116,Cash on Delivery,Female,5,5,Fashion,5,Divorced,20,0,25,0,7,27,74.26
52079,1,5,Mobile Phone,2,78,Cash on Delivery,Male,5,3,Laptop & Accessory,4,Divorced,7,0,14,,14,25,305.33
52080,0,18,Computer,1,80,Cash on Delivery,Male,4,2,Mobile Phone,4,Single,19,0,23,5,16,24,95.64
52081,0,47,Phone,2,85,Cash on Delivery,Male,2,3,Mobile Phone,3,Divorced,21,0,16,10,1,27,94.39
52082,0,46,Mobile Phone,1,113,Credit Card,Male,3,2,Grocery,3,Divorced,7,0,20,15,12,30,300.21
52083,0,6,Computer,1,16,E wallet,Male,5,5,Fashion,3,Married,16,1,11,4,11,43,121.9
52084,1,15,Mobile Phone,1,83,Credit Card,Female,2,1,Grocery,4,Married,12,1,14,9,7,30,160.53
52085,0,4,Mobile Phone,1,50,Cash on Delivery,Male,1,4,Mobile Phone,1,Divorced,11,1,24,15,,26,182.13
52086,0,15,Computer,3,119,Credit Card,Female,4,5,Laptop & Accessory,5,Single,9,0,11,10,12,43,282.19
52087,0,0,Mobile Phone,1,36,E wallet,Male,0,3,Laptop & Accessory,3,Single,7,0,25,13,2,0,25.21
52088,0,50,Computer,1,,E wallet,Male,4,4,Others,1,Single,20,0,22,12,4,34,84.78
52089,0,36,Mobile Phone,3,119,Cash on Delivery,Female,4,5,Laptop & Accessory,5,Divorced,14,0,16,0,13,32,190.78
52090,0,38,Mobile Phone,1,94,E wallet,Male,2,2,Fashion,1,Single,4,0,18,2,14,0,141.25
52091,0,18,Mobile Phone,2,82,Credit Card,Female,1,3,Others,2,Single,3,0,14,14,4,8,90.44
52092,1,53,Phone,3,118,UPI,Female,2,5,Fashion,2,Divorced,9,0,18,11,10,32,133.13
52093,0,36,Phone,3,94,E wallet,Male,3,2,Grocery,5,Married,5,0,24,4,10,43,314.03
52094,0,60,Computer,1,65,Credit Card,Male,1,2,Grocery,1,Married,3,0,12,15,6,36,6.84
52095,0,16,Mobile Phone,1,73,Credit Card,Male,5,2,Laptop & Accessory,1,Divorced,1,0,15,13,7,14,47.77
52096,0,25,Computer,3,120,Credit Card,Male,1,4,Others,4,Married,18,0,,9,7,14,6.06
52097,0,21,Phone,1,65,E wallet,Male,1,3,Fashion,3,Single,13,0,24,4,4,28,192.85
52098,0,7,Phone,1,106,UPI,Female,2,2,Fashion,5,Divorced,4,0,25,6,3,40,4.2
52099,0,60,Phone,1,118,Cash on Delivery,Female,4,5,Mobile Phone,1,Divorced,18,1,13,15,4,20,147.56
52100,0,60,Phone,1,50,Cash on Delivery,Male,4,2,Laptop & Accessory,3,Married,9,0,24,14,9,45,279.24
52101,1,32,Computer,2,72,E wallet,Male,4,3,Grocery,5,Divorced,7,1,17,,10,,31.59
52102,0,1,Mobile Phone,2,,E wallet,Female,4,6,Mobile Phone,1,Divorced,15,0,23,6,12,15,118.68
52103,0,29,Computer,3,59,Debit Card,Female,4,6,Grocery,2,Single,13,0,19,16,11,28,122.85
52104,0,46,Mobile Phone,2,5,UPI,Female,3,4,Grocery,1,Divorced,2,1,11,13,7,40,117.73
52105,0,19,Phone,1,81,Credit Card,Male,0,2,Fashion,2,Divorced,11,0,25,8,15,26,236.43
52106,0,59,Mobile Phone,1,111,Credit Card,Male,5,5,Grocery,2,Divorced,4,0,18,15,3,14,1.43
52107,1,,Phone,3,71,Cash on Delivery,Female,1,3,Others,4,Divorced,18,1,14,,16,8,253.49
52108,1,42,Computer,1,53,E wallet,Female,0,2,Grocery,4,Married,3,0,23,8,3,27,272.69
52109,0,56,Mobile Phone,1,118,UPI,Male,3,4,Others,3,Divorced,2,0,20,,5,1,140.23
52110,1,9,Computer,3,29,Cash on Delivery,Female,4,1,Grocery,5,Single,12,1,21,8,8,20,288.33
52111,0,23,Phone,2,110,UPI,Male,3,6,Mobile Phone,3,Married,4,1,15,15,5,10,123.84
52112,0,55,Computer,1,20,E wallet,Female,5,5,Fashion,4,Divorced,14,1,22,15,13,31,225.78
52113,0,3,Phone,3,89,Credit Card,Male,5,6,Mobile Phone,3,Married,16,0,11,1,6,21,126.37
52114,1,36,Phone,3,17,Debit Card,Female,3,2,Fashion,5,Divorced,21,0,15,6,9,34,12.3
52115,0,3,Phone,1,56,UPI,Female,0,2,Mobile Phone,5,Divorced,4,0,19,,9,41,27.11
52116,0,12,Computer,3,112,Credit Card,Female,1,1,Laptop & Accessory,1,Married,12,0,18,6,6,40,143.67
52117,0,24,Computer,1,40,UPI,Female,2,3,Grocery,3,Married,19,1,18,2,12,15,321.78
52118,0,12,Mobile Phone,2,76,UPI,Male,2,1,Grocery,4,Married,19,1,16,9,16,30,57.71
52119,0,17,Mobile Phone,3,48,UPI,Female,5,3,Laptop & Accessory,1,Married,12,0,22,5,16,9,291.06
52120,1,60,Computer,3,87,E wallet,Male,1,2,Laptop & Accessory,3,Single,15,0,19,1,5,39,298.8
52121,0,58,Computer,1,51,Cash on Delivery,Female,4,1,Others,5,Married,3,0,14,8,13,35,133.14
52122,0,23,Computer,1,84,UPI,Female,3,6,Mobile Phone,4,Single,19,0,16,14,8,20,150.09
52123,1,1,Computer,1,80,E wallet,Male,4,6,Grocery,3,Divorced,15,1,13,13,16,7,163.42
52124,0,,Phone,2,24,Debit Card,Female,5,2,Others,5,Divorced,20,0,12,8,1,41,250.38
52125,1,32,Phone,1,,Cash on Delivery,Female,3,1,Grocery,5,Married,7,1,19,1,11,43,40.21
52126,0,57,Phone,1,58,E wallet,Male,2,2,Laptop & Accessory,3,Divorced,4,0,15,9,3,32,106.81
52127,0,18,Computer,1,16,Debit Card,Female,5,6,Others,3,Single,1,1,21,3,6,39,55.48
52128,0,8,Phone,1,116,Cash on Delivery,Female,5,6,Others,4,Single,9,0,12,0,8,,285.48
52129,1,27,Phone,1,29,E wallet,Female,1,2,Others,1,Married,7,0,15,10,16,29,22.92
52130,0,34,Mobile Phone,3,64,Debit Card,Male,,2,Mobile Phone,5,Married,5,1,16,,6,,243
52131,0,56,Mobile Phone,1,120,E wallet,Female,5,4,Others,1,Married,9,0,18,10,14,14,142.92
52132,0,38,Phone,1,79,Debit Card,Male,0,1,Grocery,1,Single,6,1,15,12,10,,232.25
52133,0,60,Phone,3,90,UPI,Male,1,4,Mobile Phone,5,Married,12,0,25,13,6,25,289.22
52134,0,9,Phone,2,120,UPI,Male,5,2,Grocery,3,Single,13,0,22,0,4,15,110.39
52135,0,0,Computer,1,114,Cash on Delivery,Male,5,5,Others,5,Single,1,0,12,8,12,9,73.78
52136,1,41,Mobile Phone,1,38,Debit Card,Female,,6,Others,1,Divorced,15,0,23,,7,35,211.32
52137,0,20,Mobile Phone,2,17,UPI,Female,3,3,Grocery,4,Divorced,16,0,17,2,7,27,324.2
52138,0,8,Mobile Phone,1,114,Cash on Delivery,Male,0,1,Fashion,5,Married,2,0,15,3,13,41,237.09
52139,0,59,Phone,2,42,Credit Card,Female,2,1,Others,4,Married,9,1,23,10,16,25,258.58
52140,1,46,Computer,1,16,UPI,Female,5,6,Others,3,Married,10,1,21,6,1,30,204.7
52141,0,14,Mobile Phone,1,107,UPI,Female,1,3,Mobile Phone,3,Married,20,1,,8,12,17,119.66
52142,0,34,Mobile Phone,1,40,E wallet,Female,4,4,Grocery,4,Single,16,1,22,4,,16,212.76
52143,0,56,Computer,2,32,Credit Card,Female,2,3,Others,4,Married,15,0,16,1,3,31,41.78
52144,0,4,Phone,3,95,Debit Card,Female,2,5,Grocery,5,Divorced,3,0,21,11,15,38,158.87
52145,0,40,Phone,1,43,Cash on Delivery,Male,4,2,Mobile Phone,3,Married,2,1,17,3,9,,186.24
52146,0,57,Mobile Phone,2,81,Credit Card,Female,5,3,Grocery,4,Single,8,0,18,12,13,41,294.69
52147,0,21,Mobile Phone,1,47,Debit Card,Male,2,3,Grocery,2,Divorced,16,0,13,1,6,28,298.91
52148,0,40,Computer,1,108,UPI,Female,0,2,Mobile Phone,5,Divorced,9,0,21,14,13,35,19.54
52149,0,22,Mobile Phone,3,,Cash on Delivery,Male,5,6,Others,5,Married,3,0,14,0,4,38,205.36
52150,0,6,Computer,1,,Cash on Delivery,Female,0,1,Grocery,2,Divorced,17,0,22,1,8,10,258.83
52151,0,55,Mobile Phone,3,35,Credit Card,Male,0,6,Fashion,3,Divorced,13,0,16,3,12,32,174.35
52152,0,22,Mobile Phone,2,6,E wallet,Male,2,5,Others,4,Married,16,0,13,9,7,3,31.09
52153,0,43,Mobile Phone,3,121,Debit Card,Female,5,6,Mobile Phone,4,Married,5,0,21,12,14,32,75.64
52154,0,24,Phone,2,86,Credit Card,Female,2,3,Laptop & Accessory,3,Single,5,1,16,7,16,0,101.93
52155,0,26,Computer,1,94,E wallet,Male,2,3,Fashion,2,Divorced,3,0,19,9,,20,215.41
52156,0,40,Computer,1,121,E wallet,Female,5,1,Others,2,Married,13,0,22,7,14,16,21.31
52157,0,,Phone,1,46,E wallet,Female,,5,Mobile Phone,2,Divorced,8,1,15,8,16,33,178.63
52158,0,54,Phone,1,35,Cash on Delivery,Female,5,2,Fashion,5,Married,8,0,12,8,6,28,35.4
52159,0,33,Phone,1,65,Debit Card,Female,5,2,Others,4,Single,17,0,20,12,4,2,128.41
52160,0,8,Computer,1,106,Debit Card,Male,1,4,Laptop & Accessory,1,Married,15,0,12,0,4,23,138.31
52161,0,59,Mobile Phone,3,,Credit Card,Female,5,5,Others,5,Married,4,0,24,11,8,33,146.85
52162,0,60,Phone,1,90,UPI,Female,4,5,Laptop & Accessory,5,Single,18,0,21,9,3,1,231.03
52163,0,48,Phone,2,104,Credit Card,Female,5,3,Laptop & Accessory,4,Married,7,0,17,7,11,,26.39
52164,1,,Phone,3,87,Debit Card,Female,2,4,Grocery,3,Single,10,0,,10,9,39,87.18
52165,0,50,Mobile Phone,3,18,Cash on Delivery,Male,4,2,Mobile Phone,4,Divorced,1,1,14,10,8,6,208.37
52166,1,59,Mobile Phone,1,18,Credit Card,Female,3,5,Grocery,3,Divorced,4,0,19,15,4,28,306.66
52167,0,5,Phone,1,118,UPI,Female,0,5,Laptop & Accessory,4,Divorced,11,0,19,10,12,10,201.76
52168,0,36,Mobile Phone,1,33,Credit Card,Female,1,1,Mobile Phone,5,Married,15,0,16,0,13,42,287.09
52169,0,30,Phone,1,85,E wallet,Male,4,2,Mobile Phone,2,Single,15,1,20,,15,24,314.73
52170,0,33,Mobile Phone,1,54,UPI,Female,0,1,Mobile Phone,5,Married,3,0,23,12,3,18,287.27
52171,0,40,Computer,3,54,E wallet,Male,1,4,Fashion,5,Married,19,1,15,10,13,10,315.97
52172,0,28,Computer,1,67,Cash on Delivery,Female,5,5,Others,1,Married,20,1,17,2,4,44,252.54
52173,0,57,Mobile Phone,2,105,Debit Card,Female,0,4,Laptop & Accessory,5,Single,14,0,15,0,16,34,288.33
52174,1,13,Computer,3,77,Credit Card,Male,2,6,Mobile Phone,5,Married,3,0,23,13,11,32,159.72
52175,0,35,Computer,1,69,Credit Card,Male,2,1,Fashion,5,Married,8,0,19,10,,4,112.27
52176,1,35,Computer,1,72,E wallet,Female,5,2,Fashion,1,Single,10,0,19,13,15,34,324.91
52177,0,52,Phone,2,,E wallet,Female,0,5,Laptop & Accessory,3,Single,9,1,25,9,12,2,31.77
52178,0,14,Mobile Phone,1,75,Debit Card,Female,5,6,Grocery,1,Divorced,15,1,17,1,2,30,311.41
52179,0,7,Mobile Phone,2,15,Credit Card,Female,5,6,Fashion,2,Single,9,0,25,4,15,11,140.03
52180,0,25,Mobile Phone,1,,Debit Card,Female,1,2,Laptop & Accessory,3,Divorced,4,1,14,14,6,3,7.27
52181,0,35,Computer,3,110,E wallet,Male,0,4,Fashion,1,Divorced,12,1,11,15,15,31,260.98
52182,0,47,Phone,1,87,E wallet,Female,3,6,Laptop & Accessory,2,Married,19,0,,2,13,23,144.37
52183,0,20,Mobile Phone,1,108,UPI,Male,5,3,Mobile Phone,2,Married,1,0,14,8,3,,259.57
52184,0,27,Computer,2,7,E wallet,Male,1,2,Grocery,4,Married,14,1,22,4,3,1,14.57
52185,0,3,Phone,1,12,E wallet,Female,1,6,Fashion,4,Married,10,0,24,3,12,4,316.6
52186,1,15,Phone,1,97,Debit Card,Female,0,2,Fashion,5,Married,1,0,13,7,12,11,218.09
52187,1,21,Mobile Phone,1,118,UPI,Male,4,2,Fashion,3,Married,4,0,11,6,1,24,15.6
52188,0,11,Mobile Phone,1,105,UPI,Male,5,5,Others,1,Married,10,0,23,10,8,40,1.51
52189,0,15,Computer,2,120,Credit Card,Female,5,4,Others,5,Divorced,3,0,20,11,8,,193.05
52190,0,50,Mobile Phone,2,47,Cash on Delivery,Male,0,4,Mobile Phone,3,Divorced,16,0,14,11,9,24,317.36
52191,0,39,Computer,2,13,Credit Card,Male,4,5,Fashion,4,Married,18,0,,,13,43,170.3
52192,1,37,Phone,2,23,Credit Card,Male,1,2,Grocery,1,Married,12,1,12,15,11,44,115.02
52193,0,41,Phone,1,16,Credit Card,Female,2,2,Others,2,Divorced,21,1,23,14,12,44,305.15
52194,0,36,Phone,1,31,UPI,Female,5,3,Laptop & Accessory,2,Divorced,19,0,22,0,16,17,319.78
52195,0,28,Phone,2,105,Debit Card,Male,2,6,Laptop & Accessory,5,Single,9,1,22,14,,,254.96
52196,0,17,Mobile Phone,3,116,E wallet,Male,5,2,Laptop & Accessory,5,Single,20,0,25,5,11,32,233.32
52197,0,9,Mobile Phone,1,62,UPI,Female,0,6,Mobile Phone,1,Married,5,1,17,8,4,28,0.67
52198,1,41,Computer,1,29,E wallet,Female,5,1,Fashion,2,Married,5,0,25,16,9,28,101.95
52199,0,38,Computer,1,49,E wallet,Male,4,6,Fashion,5,Married,8,0,16,11,3,21,300.68
52200,0,17,Computer,2,106,Cash on Delivery,Female,5,2,Others,2,Divorced,7,0,19,1,4,11,119.64
52201,1,0,Computer,2,52,Credit Card,Female,0,3,Laptop & Accessory,4,Married,19,0,21,15,8,33,108.74
52202,0,38,Computer,1,54,Cash on Delivery,Female,3,1,Mobile Phone,5,Married,18,0,12,14,13,3,174.58
52203,0,20,Phone,2,85,Credit Card,Female,0,3,Grocery,3,Married,15,1,24,11,13,4,145.53
52204,0,0,Phone,1,48,UPI,Female,0,6,Fashion,5,Single,1,0,25,14,2,9,279.11
52205,0,14,Phone,1,63,E wallet,Male,0,3,Fashion,4,Single,7,1,16,12,3,21,26.55
52206,1,3,Computer,3,37,Cash on Delivery,Male,0,6,Mobile Phone,1,Married,19,0,23,11,13,24,214.09
52207,0,59,Phone,1,107,UPI,Female,4,4,Others,2,Divorced,5,0,21,15,11,0,226.59
52208,1,60,Phone,1,82,UPI,Female,5,6,Mobile Phone,1,Single,8,0,16,6,13,9,286.04
52209,0,19,Phone,3,32,Credit Card,Female,4,5,Others,5,Married,5,0,16,16,3,14,135.13
52210,1,9,Phone,3,22,E wallet,Female,4,3,Fashion,3,Single,5,1,13,9,11,39,95.88
52211,0,22,Mobile Phone,2,59,Credit Card,Male,3,2,Others,1,Divorced,5,1,16,8,,30,203.63
52212,0,40,Computer,1,37,Credit Card,Male,3,4,Others,3,Divorced,11,1,,5,11,16,235.6
52213,0,33,Computer,1,120,UPI,Female,5,1,Others,5,Divorced,7,0,24,8,2,11,55.57
52214,1,59,Mobile Phone,3,110,Credit Card,Female,5,6,Others,3,Divorced,2,0,22,,,4,51.4
52215,0,,Phone,2,19,Debit Card,Female,0,5,Laptop & Accessory,3,Married,17,0,23,15,7,37,85.67
52216,0,47,Phone,3,65,E wallet,Female,4,4,Laptop & Accessory,4,Divorced,11,1,21,13,1,38,80.57
52217,0,32,Phone,1,15,Credit Card,Female,3,3,Laptop & Accessory,1,Married,20,0,13,7,14,8,243.96
52218,0,33,Computer,1,40,Credit Card,Male,2,4,Laptop & Accessory,5,Divorced,5,0,12,14,8,16,172.48
52219,1,38,Computer,3,19,Cash on Delivery,Male,0,2,Mobile Phone,4,Married,7,0,,15,11,28,178.03
52220,0,60,Computer,2,57,E wallet,Female,1,2,Grocery,3,Divorced,1,0,23,13,1,41,4.78
52221,0,9,Computer,1,,E wallet,Female,4,2,Others,4,Married,9,0,24,15,15,16,323.13
52222,0,53,Computer,1,52,Credit Card,Male,0,5,Mobile Phone,4,Single,11,0,23,6,14,45,269.68
52223,0,19,Mobile Phone,1,98,Debit Card,Male,5,4,Laptop & Accessory,3,Married,12,0,25,16,9,13,144.19
52224,0,0,Computer,1,126,Cash on Delivery,Male,0,4,Others,5,Married,10,0,13,0,1,19,21.74
52225,0,12,Phone,1,19,Debit Card,Female,1,3,Grocery,2,Divorced,20,1,25,10,5,26,225.64
52226,0,0,Computer,1,67,Credit Card,Male,5,1,Others,4,Divorced,11,0,22,4,8,38,173.89
52227,0,4,Mobile Phone,2,117,E wallet,Female,2,2,Fashion,1,Single,1,0,25,12,4,19,220.2
52228,0,15,Phone,1,,E wallet,Female,3,1,Fashion,3,Divorced,20,0,15,7,,22,220.21
52229,0,14,Mobile Phone,3,47,Debit Card,Male,3,1,Mobile Phone,2,Married,5,1,15,12,1,8,50.29
52230,0,48,Phone,1,54,UPI,Female,1,2,Grocery,4,Divorced,15,0,12,8,15,18,106.86
52231,0,27,Computer,2,,Credit Card,Male,1,2,Mobile Phone,3,Divorced,10,0,12,10,3,31,5.77
52232,0,30,Mobile Phone,1,116,E wallet,Female,3,3,Others,3,Married,12,0,16,5,12,11,319.24
52233,1,22,Phone,2,63,UPI,Male,2,5,Grocery,4,Single,14,0,12,10,5,1,262.1
52234,1,47,Computer,3,,E wallet,Male,2,2,Mobile Phone,1,Divorced,19,1,24,14,2,35,301.86
52235,0,44,Phone,3,,E wallet,Male,0,1,Others,3,Divorced,10,1,16,13,1,20,14.34
52236,0,42,Mobile Phone,2,79,UPI,Male,1,3,Laptop & Accessory,3,Married,12,0,22,7,,39,162.61
52237,1,16,Mobile Phone,1,113,Debit Card,Female,1,4,Others,4,Single,18,1,22,0,13,42,242.92
52238,0,,Mobile Phone,3,86,Credit Card,Male,1,3,Mobile Phone,2,Single,21,1,17,8,8,10,33.7
52239,0,33,Mobile Phone,3,,UPI,Male,5,2,Grocery,3,Divorced,19,0,23,6,3,27,252.55
52240,0,12,Computer,3,35,UPI,Male,3,6,Grocery,3,Married,4,0,14,14,15,11,210.44
52241,0,13,Phone,1,77,E wallet,Male,,2,Laptop & Accessory,4,Divorced,19,1,20,14,6,4,320.11
52242,0,,Computer,3,90,UPI,Female,3,5,Mobile Phone,3,Married,21,1,14,8,8,14,45.78
52243,0,27,Mobile Phone,1,15,Credit Card,Male,2,3,Laptop & Accessory,4,Married,14,0,23,4,,31,204.52
52244,1,41,Phone,1,85,Debit Card,Female,3,2,Fashion,1,Divorced,8,0,13,6,6,16,307.82
52245,1,31,Mobile Phone,1,101,Debit Card,Female,0,1,Others,4,Married,4,1,11,11,8,40,241.69
52246,0,34,Computer,1,66,Debit Card,Female,5,1,Fashion,2,Divorced,16,0,14,5,3,35,109.25
52247,0,60,Computer,2,79,Credit Card,Male,3,3,Fashion,3,Single,12,1,13,9,15,13,38.76
52248,1,58,Computer,3,107,E wallet,Female,5,5,Laptop & Accessory,1,Single,18,1,18,14,15,40,313.22
52249,0,30,Phone,2,12,Credit Card,Male,5,6,Laptop & Accessory,3,Divorced,12,0,15,,12,8,23.37
52250,0,16,Phone,2,55,UPI,Male,2,3,Others,3,Single,18,0,17,14,4,16,316.93
52251,0,46,Mobile Phone,2,61,Cash on Delivery,Male,1,5,Laptop & Accessory,4,Single,4,0,13,2,8,43,98.64
52252,1,8,Phone,2,8,Cash on Delivery,Female,5,1,Laptop & Accessory,3,Single,16,0,13,14,11,6,279.6
52253,0,9,Phone,1,40,Cash on Delivery,Male,0,2,Laptop & Accessory,1,Single,18,0,21,4,10,31,180.15
52254,0,7,Computer,3,23,Debit Card,Female,,4,Laptop & Accessory,5,Married,19,1,16,1,,43,296.59
52255,1,20,Mobile Phone,2,28,Credit Card,Female,4,2,Laptop & Accessory,3,Divorced,16,0,20,14,10,43,138.65
52256,0,,Computer,2,45,Credit Card,Female,5,1,Fashion,4,Divorced,21,1,14,7,15,5,276.19
52257,0,58,Mobile Phone,2,53,Debit Card,Female,5,6,Fashion,2,Single,3,0,18,,13,15,77.48
52258,0,49,Mobile Phone,3,86,UPI,Male,1,1,Others,3,Divorced,17,1,13,8,8,1,151.69
52259,0,4,Phone,1,101,Cash on Delivery,Male,3,2,Grocery,4,Divorced,3,0,,,,9,275.05
52260,0,5,Computer,1,50,Cash on Delivery,Male,,2,Others,3,Divorced,13,1,11,3,10,3,38.47
52261,0,29,Phone,2,40,Debit Card,Male,4,6,Mobile Phone,5,Married,6,0,24,7,15,4,236.81
52262,0,30,Phone,1,14,Cash on Delivery,Male,2,6,Others,5,Single,19,0,11,13,14,36,141.98
52263,1,16,Phone,3,123,E wallet,Female,3,1,Others,1,Divorced,9,0,25,8,13,38,166.79
52264,0,10,Mobile Phone,1,82,Credit Card,Female,,2,Laptop & Accessory,5,Married,19,1,18,4,14,25,188.19
52265,0,19,Computer,1,11,Cash on Delivery,Female,4,4,Laptop & Accessory,4,Single,11,0,17,5,6,29,89.59
52266,0,47,Computer,3,16,Cash on Delivery,Male,2,4,Laptop & Accessory,5,Married,3,0,11,9,9,1,31.32
52267,0,8,Phone,1,90,E wallet,Female,0,3,Grocery,4,Married,15,0,16,12,8,17,6.06
52268,0,1,Mobile Phone,2,95,UPI,Male,0,4,Laptop & Accessory,3,Married,16,1,12,9,3,6,140.05
52269,0,36,Computer,1,52,UPI,Female,3,1,Mobile Phone,1,Divorced,3,0,22,12,7,45,87.38
52270,0,0,Computer,1,41,E wallet,Female,4,1,Fashion,1,Single,5,0,11,2,12,22,205.7
52271,0,3,Phone,2,79,UPI,Female,4,3,Mobile Phone,5,Single,7,0,20,11,9,19,232.68
52272,0,35,Mobile Phone,1,40,Debit Card,Male,4,5,Grocery,2,Divorced,21,1,15,3,12,14,163.72
52273,0,53,Phone,3,64,E wallet,Male,4,3,Laptop & Accessory,5,Single,9,0,15,10,10,27,201.16
52274,0,57,Computer,2,81,Credit Card,Male,4,5,Others,2,Single,1,0,12,8,11,45,182.24
52275,1,24,Mobile Phone,1,100,Credit Card,Male,1,5,Fashion,5,Married,19,0,22,5,3,2,1.49
52276,0,2,Phone,2,12,Credit Card,Female,2,2,Grocery,4,Divorced,14,0,15,11,11,2,273.55
52277,0,8,Computer,2,11,Cash on Delivery,Male,5,6,Mobile Phone,4,Married,15,0,24,13,9,11,19.36
52278,0,21,Phone,1,111,E wallet,Male,4,4,Laptop & Accessory,2,Single,3,0,25,8,5,33,133.36
52279,0,22,Phone,1,47,E wallet,Female,5,5,Grocery,1,Single,4,0,17,7,10,35,36.08
52280,0,11,Phone,1,62,UPI,Female,0,2,Grocery,2,Divorced,17,0,14,8,,7,215.25
52281,0,9,Mobile Phone,2,,E wallet,Female,5,3,Others,3,Married,14,1,12,12,1,8,105.82
52282,0,33,Computer,2,90,E wallet,Male,5,3,Others,1,Married,7,1,23,10,13,34,23.12
52283,0,42,Computer,2,50,UPI,Female,2,5,Others,2,Married,8,0,25,8,4,23,14.74
52284,0,9,Computer,2,38,E wallet,Female,5,2,Mobile Phone,3,Divorced,16,0,15,7,12,23,77.07
52285,0,29,Computer,2,88,E wallet,Male,3,1,Others,3,Married,16,0,21,9,11,34,216.86
52286,0,21,Mobile Phone,2,121,Debit Card,Female,3,6,Grocery,5,Married,14,0,16,8,9,10,233.42
52287,1,5,Phone,2,76,UPI,Male,4,6,Grocery,2,Single,17,1,23,3,13,5,41.74
52288,0,49,Computer,1,26,Debit Card,Male,1,4,Grocery,4,Single,5,1,18,9,15,24,45.21
52289,0,,Mobile Phone,3,95,Cash on Delivery,Male,1,5,Fashion,5,Married,9,0,24,16,13,0,192.8
52290,0,29,Phone,2,102,UPI,Female,2,1,Fashion,1,Married,3,0,19,9,12,8,311.11
52291,0,1,Mobile Phone,3,25,E wallet,Female,1,4,Mobile Phone,4,Single,21,0,21,15,13,11,179.7
52292,0,31,Mobile Phone,2,19,E wallet,Female,5,1,Others,3,Divorced,5,0,20,3,12,12,231.32
52293,0,41,Computer,1,9,Debit Card,Male,3,6,Grocery,1,Single,20,0,18,8,12,28,187.01
52294,0,15,Computer,2,106,Debit Card,Female,4,2,Others,5,Married,18,0,17,8,15,45,34.07
52295,0,11,Phone,1,21,Cash on Delivery,Male,0,5,Grocery,3,Divorced,21,0,19,1,14,31,307.6
52296,0,,Phone,2,76,Cash on Delivery,Female,5,1,Fashion,3,Married,10,0,19,7,9,30,23.4
52297,0,52,Computer,1,23,E wallet,Male,3,1,Grocery,3,Married,1,0,16,,6,25,246.96
52298,0,7,Mobile Phone,3,9,Credit Card,Male,3,1,Mobile Phone,4,Married,17,0,22,,10,39,318.29
52299,0,47,Computer,2,27,Cash on Delivery,Male,2,6,Laptop & Accessory,5,Divorced,8,0,13,2,6,23,103.67
52300,0,49,Phone,2,87,E wallet,Male,5,5,Grocery,5,Married,20,1,24,,3,14,55.78
52301,0,12,Mobile Phone,1,18,Cash on Delivery,Male,1,2,Mobile Phone,4,Divorced,17,0,22,8,10,41,184.01
52302,0,14,Mobile Phone,3,14,UPI,Male,0,2,Fashion,5,Single,18,0,21,15,15,5,258.4
52303,0,52,Mobile Phone,3,35,Debit Card,Male,0,1,Fashion,3,Divorced,5,0,18,7,5,28,308.58
52304,0,43,Computer,2,17,E wallet,Male,1,2,Laptop & Accessory,3,Married,7,1,,8,14,30,225.44
52305,1,7,Computer,1,26,Cash on Delivery,Male,4,4,Others,3,Married,5,0,11,4,8,15,109.16
52306,0,9,Phone,2,41,Debit Card,Male,1,2,Others,5,Single,10,0,23,4,2,9,160.66
52307,0,45,Mobile Phone,1,43,Credit Card,Male,4,1,Grocery,2,Single,6,1,22,,2,44,247.39
52308,0,4,Mobile Phone,2,14,Cash on Delivery,Male,,4,Fashion,1,Single,7,1,14,13,4,39,256.08
52309,0,49,Computer,1,35,E wallet,Female,5,5,Mobile Phone,2,Divorced,3,0,24,4,9,3,24.19
52310,0,18,Phone,2,47,UPI,Female,2,3,Laptop & Accessory,4,Divorced,10,0,19,3,16,28,199.47
52311,0,46,Phone,2,103,Debit Card,Male,3,6,Others,2,Divorced,21,1,,16,5,7,314.4
52312,1,,Mobile Phone,1,81,Debit Card,Female,5,2,Grocery,2,Divorced,6,0,18,5,3,39,255.21
52313,0,58,Computer,1,98,UPI,Male,0,4,Grocery,4,Single,2,0,24,6,15,,2.38
52314,0,10,Mobile Phone,3,102,E wallet,Female,0,3,Fashion,2,Married,2,1,24,13,8,0,73.11
52315,1,52,Computer,1,40,Credit Card,Male,0,5,Mobile Phone,1,Married,6,0,16,14,,,144.63
52316,0,42,Phone,2,39,UPI,Female,3,3,Mobile Phone,5,Divorced,18,1,13,5,16,36,229.54
52317,0,19,Mobile Phone,1,115,Credit Card,Male,4,5,Others,4,Single,10,0,13,9,15,22,180.46
52318,0,19,Mobile Phone,1,72,E wallet,Female,2,1,Grocery,2,Single,7,0,17,,12,29,25.13
52319,0,20,Mobile Phone,1,59,Cash on Delivery,Male,5,1,Fashion,3,Single,17,0,24,,16,14,239.94
52320,0,17,Phone,2,121,Cash on Delivery,Female,5,6,Mobile Phone,3,Married,4,1,15,4,11,28,272.58
52321,1,56,Mobile Phone,1,72,E wallet,Female,2,6,Grocery,4,Married,12,0,13,15,7,23,66.87
52322,0,49,Phone,3,51,Credit Card,Female,2,5,Mobile Phone,3,Divorced,8,0,22,10,9,8,21.91
52323,0,9,Computer,2,10,UPI,Male,4,3,Laptop & Accessory,1,Married,9,0,22,6,16,42,257.06
52324,0,,Phone,1,123,E wallet,Female,5,6,Mobile Phone,2,Single,10,0,22,1,10,10,208.15
52325,0,25,Computer,2,32,E wallet,Female,1,2,Mobile Phone,1,Married,19,0,11,6,6,14,261.14
52326,1,29,Phone,1,34,Cash on Delivery,Male,1,3,Grocery,1,Married,9,0,21,5,2,43,184.14
52327,0,8,Phone,2,31,UPI,Male,2,6,Mobile Phone,5,Married,4,0,19,0,16,45,139.27
52328,0,45,Mobile Phone,1,73,Cash on Delivery,Female,0,3,Mobile Phone,2,Divorced,16,0,21,11,1,37,313
52329,0,50,Phone,1,112,Credit Card,Male,0,2,Laptop & Accessory,4,Married,1,0,22,16,5,25,253.49
52330,0,30,Mobile Phone,2,43,Credit Card,Female,3,3,Mobile Phone,3,Divorced,10,0,22,7,12,44,133.87
52331,0,41,Computer,3,39,Debit Card,Female,1,3,Mobile Phone,5,Married,16,0,15,2,7,36,294.94
52332,0,54,Computer,1,107,E wallet,Male,0,4,Grocery,1,Divorced,21,0,21,9,7,23,322.89
52333,0,3,Mobile Phone,3,48,UPI,Female,2,5,Fashion,3,Single,21,0,25,15,2,21,100.18
52334,0,60,Computer,1,19,UPI,Female,3,1,Laptop & Accessory,2,Single,5,0,17,0,16,17,290.05
52335,0,60,Phone,3,87,Cash on Delivery,Male,1,6,Mobile Phone,1,Single,21,1,20,7,6,8,14.75
52336,0,5,Mobile Phone,2,98,Cash on Delivery,Male,3,6,Fashion,1,Divorced,3,0,,2,1,28,69.66
52337,0,13,Mobile Phone,1,106,UPI,Female,0,6,Grocery,2,Single,4,0,19,15,12,31,52.3
52338,0,3,Mobile Phone,1,36,Cash on Delivery,Female,2,5,Laptop & Accessory,4,Divorced,10,0,14,15,12,11,115.89
52339,0,25,Computer,1,108,Debit Card,Female,2,3,Grocery,5,Divorced,2,0,23,15,1,40,182.85
52340,0,46,Computer,1,33,E wallet,Male,2,2,Fashion,2,Divorced,20,0,25,11,2,16,233.99
52341,0,47,Phone,1,67,Debit Card,Female,0,2,Laptop & Accessory,3,Single,6,0,23,8,5,24,293.41
52342,0,38,Phone,2,10,Credit Card,Female,4,1,Mobile Phone,3,Divorced,14,0,22,,10,13,51.53
52343,0,16,Mobile Phone,3,94,UPI,Female,5,1,Fashion,1,Married,5,0,21,10,10,24,187.94
52344,0,18,Phone,1,31,Debit Card,Male,5,1,Grocery,5,Single,19,0,15,11,2,26,180.28
52345,1,60,Computer,2,103,Debit Card,Female,2,2,Laptop & Accessory,4,Married,20,1,13,1,14,12,149
52346,0,50,Phone,2,32,Cash on Delivery,Female,,3,Fashion,4,Single,21,1,17,3,10,36,225.74
52347,0,48,Computer,3,,Cash on Delivery,Male,4,1,Fashion,3,Divorced,15,0,23,3,14,9,166.84
52348,0,5,Phone,2,45,Cash on Delivery,Male,2,1,Grocery,4,Divorced,17,0,25,13,,8,178.81
52349,0,28,Computer,2,60,Credit Card,Female,,2,Grocery,3,Divorced,12,0,11,12,3,12,293.58
52350,0,10,Computer,1,116,Debit Card,Male,1,6,Mobile Phone,5,Single,13,0,18,8,9,6,279.59
52351,0,15,Phone,1,58,E wallet,Female,5,3,Mobile Phone,1,Single,20,0,13,14,,13,187.63
52352,1,29,Phone,1,84,Cash on Delivery,Female,1,1,Fashion,3,Divorced,21,0,23,9,14,35,50.77
52353,0,24,Computer,1,109,Credit Card,Male,2,3,Grocery,5,Single,16,0,14,4,13,39,311.58
52354,1,39,Mobile Phone,1,22,Credit Card,Female,3,4,Fashion,3,Married,15,0,20,3,3,4,202.38
52355,0,10,Phone,2,81,Cash on Delivery,Female,3,6,Others,2,Divorced,11,0,25,3,5,12,262.43
52356,0,6,Computer,1,47,UPI,Female,0,6,Grocery,3,Married,5,1,14,15,3,19,17.88
52357,1,,Phone,2,93,Debit Card,Female,1,1,Others,5,Married,18,0,21,10,11,27,291.47
52358,0,55,Phone,1,78,Cash on Delivery,Female,1,1,Others,4,Single,13,0,17,6,14,14,225.39
52359,0,21,Phone,3,33,E wallet,Male,,2,Grocery,3,Married,11,0,24,0,5,38,222.76
52360,0,24,Phone,3,14,Debit Card,Female,2,6,Mobile Phone,1,Divorced,10,0,22,2,13,20,35.79
52361,0,18,Phone,1,10,Credit Card,Female,0,4,Fashion,5,Married,15,0,17,15,15,16,231.68
52362,0,30,Mobile Phone,1,84,E wallet,Male,1,4,Laptop & Accessory,4,Single,7,1,14,3,10,5,24.91
52363,0,25,Mobile Phone,2,93,Debit Card,Male,0,4,Laptop & Accessory,5,Single,12,0,16,2,6,45,18.14
52364,0,41,Mobile Phone,1,112,E wallet,Male,1,5,Grocery,3,Divorced,18,0,18,0,11,,105.74
52365,0,40,Computer,1,8,Credit Card,Male,4,2,Mobile Phone,2,Divorced,6,1,20,0,12,24,7.53
52366,0,35,Mobile Phone,1,105,Cash on Delivery,Male,4,2,Mobile Phone,2,Divorced,9,0,24,9,16,9,51.88
52367,0,22,Mobile Phone,3,38,E wallet,Male,0,1,Mobile Phone,1,Divorced,16,1,14,11,9,13,235.99
52368,0,46,Computer,3,87,Cash on Delivery,Male,3,2,Laptop & Accessory,1,Divorced,8,0,23,2,2,,271.35
52369,0,12,Mobile Phone,2,37,Credit Card,Male,3,1,Others,4,Married,12,0,11,12,15,10,58.34
52370,0,24,Phone,2,8,Credit Card,Female,1,1,Laptop & Accessory,2,Married,19,0,17,5,16,31,267.57
52371,0,1,Mobile Phone,3,48,E wallet,Female,5,5,Mobile Phone,3,Single,16,0,,9,14,9,156.17
52372,1,1,Mobile Phone,3,102,E wallet,Male,4,2,Laptop & Accessory,5,Married,4,0,21,5,,33,311.32
52373,0,,Mobile Phone,3,80,Credit Card,Female,4,2,Laptop & Accessory,5,Divorced,20,0,23,0,3,43,45.28
52374,0,8,Phone,1,35,E wallet,Female,0,5,Fashion,2,Divorced,16,0,13,14,6,,17.41
52375,0,27,Phone,1,84,E wallet,Female,5,5,Grocery,2,Single,7,0,18,,2,28,274.65
52376,0,12,Phone,2,70,E wallet,Female,0,2,Others,5,Divorced,13,0,12,11,8,21,117.65
52377,0,34,Phone,2,117,E wallet,Female,3,2,Fashion,4,Single,12,0,,,10,13,148.58
52378,0,40,Computer,1,62,Debit Card,Male,3,1,Grocery,5,Married,1,0,14,8,14,1,166.33
52379,0,12,Phone,1,64,Credit Card,Male,5,3,Mobile Phone,1,Married,11,0,16,14,7,11,268.18
52380,0,30,Phone,3,6,Credit Card,Female,5,6,Fashion,3,Married,17,0,20,13,16,21,24.7
52381,0,20,Phone,3,40,UPI,Male,3,1,Grocery,2,Single,6,1,21,9,14,0,179.12
52382,1,31,Phone,1,74,Cash on Delivery,Female,,4,Fashion,2,Divorced,2,0,12,0,,11,139.93
52383,1,53,Computer,3,64,UPI,Female,4,4,Laptop & Accessory,4,Single,3,0,19,1,5,11,110.59
52384,0,33,Mobile Phone,2,27,E wallet,Female,4,3,Laptop & Accessory,1,Married,2,0,22,1,5,3,113.14
52385,0,7,Mobile Phone,3,107,E wallet,Male,0,6,Fashion,5,Single,18,1,12,1,,16,302.36
52386,0,,Phone,1,123,Debit Card,Female,4,5,Fashion,1,Divorced,13,1,19,1,1,18,87.14
52387,0,,Phone,1,51,Debit Card,Female,0,4,Others,1,Single,19,1,25,,6,0,147.75
52388,0,47,Phone,1,120,Debit Card,Female,5,5,Mobile Phone,4,Married,21,0,17,12,2,16,160.16
52389,0,1,Mobile Phone,1,112,Debit Card,Male,5,5,Laptop & Accessory,4,Divorced,7,1,21,16,3,33,233.96
52390,0,37,Mobile Phone,2,105,Debit Card,Female,2,1,Fashion,5,Married,21,0,13,7,5,42,168.67
52391,0,31,Phone,1,50,Debit Card,Male,5,5,Grocery,5,Divorced,16,0,19,9,15,,201.9
52392,0,53,Mobile Phone,3,84,Debit Card,Female,3,3,Mobile Phone,3,Divorced,16,0,,,12,32,129.62
52393,0,39,Computer,1,111,Debit Card,Female,2,1,Grocery,1,Married,10,0,16,4,16,5,233.55
52394,0,,Phone,1,48,Debit Card,Female,3,3,Mobile Phone,5,Married,7,1,12,9,6,5,151.4
52395,1,27,Phone,2,23,Credit Card,Male,3,5,Grocery,4,Married,20,0,17,15,,31,72.38
52396,0,36,Computer,2,53,Debit Card,Female,0,4,Laptop & Accessory,3,Single,16,0,14,8,11,27,265.5
52397,0,40,Computer,1,92,Cash on Delivery,Female,3,6,Fashion,3,Married,10,0,14,9,2,36,248.77
52398,0,0,Mobile Phone,2,62,Debit Card,Female,2,5,Fashion,4,Divorced,14,0,17,11,4,28,203.93
52399,0,,Computer,2,95,E wallet,Female,1,3,Others,5,Single,9,0,15,4,3,42,169.63
52400,0,9,Phone,2,11,E wallet,Female,5,2,Fashion,4,Single,4,0,11,14,1,29,67.76
52401,0,54,Mobile Phone,2,98,Debit Card,Female,0,2,Laptop & Accessory,5,Single,12,1,13,6,4,21,282.22
52402,0,3,Computer,1,45,Debit Card,Male,5,4,Mobile Phone,4,Single,17,0,17,6,,4,31.59
52403,0,34,Mobile Phone,2,82,E wallet,Female,3,6,Mobile Phone,4,Single,8,0,23,2,10,28,124.53
52404,0,9,Mobile Phone,3,126,Cash on Delivery,Male,3,3,Fashion,2,Single,4,0,19,2,7,1,277.08
52405,0,46,Mobile Phone,1,120,UPI,Female,4,4,Grocery,5,Married,8,1,19,6,6,9,193.56
52406,0,10,Mobile Phone,1,112,Credit Card,Male,0,1,Fashion,1,Divorced,9,1,17,0,12,45,142.55
52407,0,13,Computer,3,,E wallet,Female,0,5,Mobile Phone,2,Married,12,0,15,0,1,,257.19
52408,0,37,Phone,1,80,Debit Card,Male,2,1,Others,2,Divorced,16,0,14,5,5,17,321.59
52409,1,11,Phone,1,57,Credit Card,Female,1,2,Mobile Phone,2,Single,8,1,19,6,5,44,61.36
52410,0,44,Computer,3,121,Debit Card,Male,2,5,Grocery,2,Married,15,0,16,11,6,34,16.49
52411,0,16,Phone,1,97,UPI,Female,2,1,Grocery,1,Married,17,0,23,2,15,35,150.47
52412,0,15,Mobile Phone,1,27,UPI,Male,2,2,Others,2,Married,13,0,20,1,5,17,93.4
52413,0,34,Mobile Phone,3,81,E wallet,Female,1,6,Grocery,1,Divorced,14,0,12,14,9,11,216.69
52414,0,1,Mobile Phone,3,77,Credit Card,Female,2,1,Fashion,1,Single,15,1,13,3,6,45,160.63
52415,0,10,Computer,1,92,Credit Card,Female,5,5,Fashion,2,Single,9,0,17,10,15,24,162.18
52416,1,60,Mobile Phone,2,107,UPI,Male,0,1,Mobile Phone,3,Single,21,0,25,4,11,35,115.37
52417,0,40,Mobile Phone,3,98,Debit Card,Male,1,5,Laptop & Accessory,1,Divorced,12,1,14,11,9,,68.47
52418,0,2,Computer,2,69,E wallet,Male,3,1,Fashion,2,Married,19,0,17,15,4,40,69.37
52419,0,,Mobile Phone,1,64,Cash on Delivery,Female,,4,Fashion,4,Divorced,9,0,23,9,3,,125.77
52420,0,17,Mobile Phone,1,14,UPI,Male,4,6,Others,4,Single,13,1,22,5,13,10,221.6
52421,0,,Phone,1,106,UPI,Female,5,1,Fashion,5,Divorced,18,0,22,11,16,19,109.57
52422,0,46,Computer,3,62,E wallet,Female,0,1,Mobile Phone,1,Divorced,4,0,15,6,6,32,105.96
52423,0,13,Mobile Phone,3,,Debit Card,Female,4,4,Others,1,Divorced,20,0,11,9,1,9,138.13
52424,0,33,Mobile Phone,3,19,Credit Card,Female,5,2,Fashion,4,Single,1,0,20,15,10,24,322.03
52425,0,48,Mobile Phone,3,13,UPI,Female,5,5,Mobile Phone,1,Married,20,1,13,2,5,9,29.65
52426,1,53,Mobile Phone,2,17,E wallet,Female,4,3,Others,1,Single,3,0,19,15,2,23,95.76
52427,0,30,Phone,1,27,E wallet,Female,4,2,Laptop & Accessory,4,Divorced,11,1,14,11,6,40,94.9
52428,1,57,Phone,2,37,E wallet,Male,5,5,Mobile Phone,2,Married,2,0,22,,,32,316.71
52429,0,39,Phone,2,13,Credit Card,Male,5,1,Fashion,4,Married,6,0,15,4,3,33,132.33
52430,1,,Phone,2,7,UPI,Female,3,2,Others,3,Single,3,0,25,16,16,14,184.27
52431,0,57,Computer,1,98,E wallet,Female,4,1,Laptop & Accessory,4,Single,10,1,12,13,13,39,64.39
52432,0,17,Mobile Phone,3,77,Credit Card,Male,2,2,Mobile Phone,4,Married,9,0,20,8,14,23,4.13
52433,1,29,Phone,1,120,Debit Card,Female,5,2,Laptop & Accessory,2,Divorced,14,1,25,11,9,14,110.26
52434,0,24,Mobile Phone,1,29,Cash on Delivery,Male,0,3,Mobile Phone,4,Single,16,0,21,10,2,9,207.69
52435,1,60,Computer,2,115,UPI,Female,0,4,Fashion,4,Married,18,0,18,0,1,4,224.75
52436,0,18,Mobile Phone,2,92,Credit Card,Female,5,2,Mobile Phone,2,Married,4,0,11,10,7,21,245.01
52437,0,7,Mobile Phone,1,100,Cash on Delivery,Male,0,1,Fashion,4,Divorced,18,0,24,7,5,36,279.72
52438,0,27,Phone,3,75,Cash on Delivery,Male,3,3,Mobile Phone,2,Married,2,0,21,3,1,30,37.58
52439,0,7,Phone,1,40,Credit Card,Female,3,2,Others,3,Single,10,0,14,3,5,22,26.91
52440,0,30,Computer,1,93,Credit Card,Female,5,4,Mobile Phone,2,Married,12,0,16,10,4,10,256
52441,0,2,Mobile Phone,1,24,Credit Card,Male,4,1,Mobile Phone,1,Divorced,7,0,18,3,1,9,141.62
52442,0,2,Phone,2,85,E wallet,Male,2,3,Grocery,1,Divorced,16,1,14,5,16,34,307.81
52443,0,43,Phone,3,58,Debit Card,Male,4,5,Grocery,2,Divorced,17,0,12,,8,21,306.63
52444,1,21,Phone,3,104,E wallet,Female,0,6,Mobile Phone,4,Single,14,0,14,10,16,40,46.04
52445,0,16,Computer,3,94,Cash on Delivery,Male,,4,Grocery,5,Single,21,0,11,11,4,21,224.65
52446,0,35,Mobile Phone,1,,Cash on Delivery,Female,0,5,Fashion,5,Single,18,0,18,8,10,36,21.81
52447,0,16,Phone,1,64,Cash on Delivery,Male,2,5,Grocery,3,Married,1,0,19,14,7,26,131.11
52448,0,13,Mobile Phone,2,,Credit Card,Male,5,3,Mobile Phone,3,Divorced,2,0,13,16,6,0,273.56
52449,0,50,Computer,1,116,UPI,Male,1,3,Laptop & Accessory,5,Divorced,14,0,24,8,9,4,149.81
52450,0,8,Mobile Phone,3,7,E wallet,Male,3,3,Laptop & Accessory,5,Divorced,6,1,18,12,1,10,10.92
52451,0,29,Phone,2,,UPI,Female,3,5,Mobile Phone,2,Single,15,0,19,1,10,32,78.11
52452,1,20,Mobile Phone,3,,Debit Card,Female,5,6,Mobile Phone,5,Divorced,4,0,22,16,9,15,28.07
52453,0,11,Mobile Phone,1,96,Debit Card,Male,0,1,Laptop & Accessory,1,Married,9,0,23,5,8,39,132.68
52454,0,36,Computer,1,90,E wallet,Female,0,3,Others,3,Married,15,0,18,1,15,,226.43
52455,0,31,Computer,2,115,Cash on Delivery,Female,1,4,Grocery,3,Single,5,0,24,0,13,27,214.62
52456,0,10,Mobile Phone,1,23,Debit Card,Female,4,3,Others,1,Single,6,1,12,4,12,28,233.66
52457,0,19,Mobile Phone,2,57,UPI,Male,2,6,Fashion,3,Single,11,0,12,13,11,15,124.74
52458,0,34,Mobile Phone,1,124,UPI,Male,5,3,Laptop & Accessory,5,Divorced,13,0,,3,5,0,86.22
52459,0,52,Computer,1,50,Credit Card,Female,1,6,Laptop & Accessory,3,Divorced,12,0,23,13,,7,18.5
52460,0,46,Computer,1,,Cash on Delivery,Male,5,3,Others,1,Divorced,7,0,14,14,10,3,306.01
52461,1,45,Mobile Phone,1,60,Credit Card,Male,1,5,Fashion,3,Married,20,0,11,7,2,35,38.44
52462,1,10,Computer,2,74,E wallet,Male,0,6,Others,5,Married,12,1,22,,9,17,57.93
52463,0,51,Phone,1,105,Debit Card,Male,0,1,Fashion,2,Divorced,10,0,13,16,13,18,8.13
52464,0,7,Computer,1,35,Credit Card,Female,4,3,Mobile Phone,5,Married,3,0,14,16,14,,103.08
52465,0,3,Computer,1,,Credit Card,Female,5,5,Mobile Phone,3,Married,2,0,22,,3,8,266.13
52466,0,26,Computer,1,117,E wallet,Male,5,4,Laptop & Accessory,4,Single,20,0,12,5,4,25,107.98
52467,0,43,Phone,1,116,UPI,Female,4,1,Mobile Phone,3,Divorced,21,0,22,0,6,1,216.44
52468,0,39,Phone,1,,UPI,Female,,5,Others,3,Married,1,0,17,5,5,2,313.8
52469,0,37,Phone,2,35,E wallet,Female,3,6,Fashion,1,Married,21,0,23,4,6,27,290.07
52470,0,46,Mobile Phone,2,64,UPI,Female,4,2,Laptop & Accessory,4,Divorced,6,0,20,3,2,44,58.49
52471,0,29,Mobile Phone,2,15,E wallet,Female,1,4,Mobile Phone,1,Divorced,13,0,13,12,5,19,116.74
52472,1,43,Phone,3,104,UPI,Male,0,4,Laptop & Accessory,1,Single,10,0,17,16,4,18,244.12
52473,1,,Mobile Phone,1,10,E wallet,Female,5,2,Laptop & Accessory,5,Single,13,0,17,12,13,18,317.74
52474,0,47,Mobile Phone,2,31,UPI,Female,5,5,Fashion,2,Divorced,5,0,23,15,1,40,232.68
52475,0,26,Mobile Phone,3,11,Credit Card,Male,2,5,Others,3,Married,8,0,23,12,14,36,81.97
52476,1,20,Phone,1,53,Credit Card,Male,2,6,Others,4,Single,21,0,21,0,4,14,43.17
52477,0,51,Computer,2,100,UPI,Male,3,4,Grocery,3,Divorced,11,0,19,9,11,40,160.93
52478,0,19,Phone,1,76,E wallet,Female,5,5,Others,1,Single,19,0,14,16,2,5,62.71
52479,0,59,Phone,1,64,Credit Card,Female,0,2,Mobile Phone,2,Married,19,0,,16,15,41,73.97
52480,0,3,Mobile Phone,2,37,Debit Card,Male,5,5,Grocery,1,Married,4,1,11,9,7,0,206.19
52481,0,10,Mobile Phone,1,125,UPI,Female,5,4,Grocery,3,Divorced,10,0,25,1,7,12,167.32
52482,1,12,Computer,1,51,Debit Card,Male,1,5,Grocery,5,Single,9,1,25,9,5,45,39.23
52483,1,60,Computer,1,120,Debit Card,Male,3,1,Grocery,3,Married,7,0,24,,12,2,49.95
52484,0,8,Computer,1,48,Cash on Delivery,Female,1,2,Others,1,Married,18,0,21,2,1,44,6.32
52485,0,3,Computer,1,83,Debit Card,Male,2,2,Grocery,4,Single,9,0,16,9,16,7,71.39
52486,1,11,Phone,2,123,Debit Card,Female,1,3,Mobile Phone,4,Divorced,6,0,16,16,1,22,288.38
52487,0,8,Computer,2,31,Cash on Delivery,Male,2,5,Mobile Phone,4,Single,6,1,17,11,,27,257.74
52488,1,12,Phone,2,98,Cash on Delivery,Male,4,6,Laptop & Accessory,4,Single,13,1,19,11,11,32,134.8
52489,0,47,Mobile Phone,1,,Cash on Delivery,Male,2,2,Mobile Phone,4,Single,17,0,20,5,7,33,241.13
52490,0,25,Computer,3,,E wallet,Female,5,5,Laptop & Accessory,2,Single,15,0,20,11,10,33,132.27
52491,0,37,Mobile Phone,2,97,Cash on Delivery,Male,2,1,Mobile Phone,2,Single,9,0,20,5,15,24,257.43
52492,0,41,Mobile Phone,1,109,E wallet,Male,5,4,Grocery,5,Married,6,1,19,2,1,40,59.13
52493,0,12,Phone,3,52,UPI,Male,3,4,Fashion,4,Divorced,17,0,15,2,,0,49.57
52494,0,38,Computer,2,34,E wallet,Female,5,3,Grocery,1,Divorced,5,1,12,8,15,42,25.33
52495,0,27,Phone,2,6,UPI,Female,5,3,Others,1,Married,3,1,11,0,4,6,78.59
52496,0,57,Mobile Phone,1,19,Cash on Delivery,Female,5,6,Laptop & Accessory,3,Divorced,16,0,12,3,5,,47.55
52497,0,18,Computer,1,51,Cash on Delivery,Female,3,2,Fashion,4,Divorced,2,0,12,11,11,27,259.56
52498,1,23,Mobile Phone,3,31,UPI,Female,0,6,Mobile Phone,1,Single,20,0,22,4,1,16,77.99
52499,1,18,Mobile Phone,2,75,Credit Card,Male,0,2,Grocery,5,Divorced,3,0,11,15,13,37,167.77
52500,0,48,Computer,2,31,E wallet,Male,2,2,Laptop & Accessory,1,Single,9,0,,9,1,29,245.76
52501,0,12,Computer,2,89,Debit Card,Male,4,1,Laptop & Accessory,5,Divorced,19,0,18,11,3,0,220.05
52502,0,12,Computer,3,17,Cash on Delivery,Male,0,3,Mobile Phone,4,Married,14,0,13,,1,,66.49
52503,0,57,Phone,1,59,E wallet,Female,2,3,Laptop & Accessory,3,Divorced,14,0,20,4,3,35,25.05
52504,1,27,Phone,2,21,E wallet,Male,3,4,Mobile Phone,3,Married,17,0,24,2,5,17,296.32
52505,0,52,Mobile Phone,1,79,Cash on Delivery,Female,0,3,Mobile Phone,2,Single,8,1,24,5,12,1,202.15
52506,0,1,Computer,2,63,UPI,Female,0,3,Grocery,4,Single,17,0,,16,3,32,229.63
52507,1,9,Mobile Phone,2,14,Cash on Delivery,Female,5,1,Laptop & Accessory,1,Single,17,1,22,12,12,6,125.45
52508,0,21,Mobile Phone,1,125,E wallet,Male,5,6,Others,3,Single,7,1,18,6,10,44,78.52
52509,1,12,Mobile Phone,2,37,Credit Card,Female,2,2,Others,5,Married,9,0,16,11,8,38,172.45
52510,1,57,Mobile Phone,1,82,UPI,Male,,6,Grocery,5,Divorced,4,1,11,10,,17,25.31
52511,0,8,Mobile Phone,1,41,Cash on Delivery,Female,2,1,Grocery,1,Single,10,0,23,16,5,6,259.99
52512,1,32,Computer,1,12,Debit Card,Male,1,5,Mobile Phone,1,Single,4,0,24,16,15,3,212.71
52513,0,13,Phone,1,37,Cash on Delivery,Male,1,4,Others,4,Single,21,0,23,14,,16,247.53
52514,0,60,Computer,1,11,E wallet,Female,4,4,Laptop & Accessory,1,Married,5,0,17,5,15,18,185.01
52515,0,47,Computer,1,38,E wallet,Female,0,4,Others,1,Married,2,0,13,7,5,4,187.82
52516,1,19,Computer,2,75,Debit Card,Male,1,6,Grocery,1,Married,15,1,19,10,6,38,195.12
52517,0,14,Phone,2,11,UPI,Male,2,2,Grocery,3,Divorced,9,1,19,12,12,37,254.85
52518,0,31,Phone,2,45,E wallet,Female,5,2,Mobile Phone,4,Divorced,9,0,14,16,4,36,73.25
52519,0,32,Phone,1,122,UPI,Female,5,2,Laptop & Accessory,1,Single,1,0,12,,5,12,221.5
52520,0,16,Computer,3,,UPI,Female,0,4,Grocery,1,Married,12,0,20,15,13,11,179.63
52521,0,23,Phone,2,59,Cash on Delivery,Male,1,4,Laptop & Accessory,5,Divorced,13,0,25,15,6,36,160.91
52522,0,29,Mobile Phone,1,11,UPI,Female,4,6,Others,3,Divorced,20,0,19,3,12,3,175.79
52523,0,12,Phone,3,88,E wallet,Male,4,6,Mobile Phone,1,Married,13,1,15,16,6,24,88.47
52524,0,58,Computer,1,22,E wallet,Female,4,4,Others,3,Divorced,14,0,21,7,14,30,12.05
52525,0,46,Computer,2,113,Credit Card,Female,4,5,Grocery,4,Married,10,0,25,6,5,39,246.73
52526,0,47,Mobile Phone,1,47,UPI,Female,5,5,Grocery,4,Married,17,0,22,7,,14,297.76
52527,0,15,Phone,1,109,Credit Card,Male,5,6,Laptop & Accessory,2,Married,17,1,18,0,12,27,156.25
52528,1,1,Phone,3,82,Cash on Delivery,Male,5,4,Grocery,5,Single,14,0,19,1,10,,272.32
52529,0,16,Mobile Phone,1,44,Credit Card,Male,2,2,Laptop & Accessory,2,Divorced,17,1,21,12,12,28,180.46
52530,1,31,Computer,1,57,UPI,Male,4,2,Fashion,3,Single,19,0,11,1,6,4,302.35
52531,0,42,Computer,3,18,E wallet,Female,3,5,Grocery,5,Married,3,1,21,4,9,42,165.24
52532,0,7,Phone,3,25,Cash on Delivery,Female,5,5,Others,1,Divorced,4,0,13,4,8,41,66.58
52533,0,51,Phone,2,117,UPI,Female,4,4,Others,5,Divorced,11,0,17,5,4,1,282.79
52534,0,2,Phone,1,61,Cash on Delivery,Male,1,4,Laptop & Accessory,5,Single,16,0,,15,2,19,260.09
52535,0,60,Phone,1,95,Debit Card,Male,0,2,Fashion,4,Single,13,1,12,16,4,21,129.35
52536,1,11,Phone,2,50,UPI,Female,5,6,Grocery,2,Divorced,18,0,24,8,13,39,273.62
52537,0,19,Computer,1,30,Debit Card,Female,5,3,Mobile Phone,4,Single,11,0,14,7,6,26,2.94
52538,0,15,Computer,1,95,Credit Card,Male,1,6,Mobile Phone,4,Single,11,0,14,7,10,20,259.92
52539,0,13,Computer,2,28,UPI,Male,0,2,Others,2,Married,9,0,17,1,7,19,223.61
52540,0,15,Computer,1,9,Debit Card,Male,2,6,Grocery,4,Divorced,2,0,24,8,11,31,123.4
52541,0,58,Mobile Phone,1,46,E wallet,Male,5,2,Mobile Phone,5,Married,3,0,25,5,4,35,257.27
52542,0,52,Computer,1,106,Credit Card,Female,0,4,Laptop & Accessory,3,Married,14,0,12,0,13,45,41.17
52543,1,48,Mobile Phone,1,,UPI,Male,3,3,Grocery,1,Divorced,16,1,18,0,11,2,66.08
52544,0,42,Computer,1,110,UPI,Female,5,3,Others,1,Divorced,8,0,18,12,11,7,173.41
52545,0,48,Phone,1,47,E wallet,Female,4,4,Fashion,4,Married,16,0,23,6,3,29,286.33
52546,0,50,Phone,1,126,E wallet,Female,1,1,Laptop & Accessory,2,Divorced,4,0,25,12,1,3,42.28
52547,0,53,Phone,2,36,Debit Card,Male,0,4,Laptop & Accessory,5,Married,9,0,16,1,14,,183.39
52548,0,32,Mobile Phone,3,92,Debit Card,Female,1,5,Grocery,4,Married,4,1,14,,13,23,244.77
52549,0,,Computer,1,10,Debit Card,Female,4,6,Fashion,5,Single,13,0,12,5,7,8,241.59
52550,0,58,Computer,2,78,Cash on Delivery,Female,2,3,Laptop & Accessory,5,Married,2,0,25,12,1,33,204.09
52551,0,11,Mobile Phone,1,114,Credit Card,Male,4,4,Fashion,1,Divorced,18,0,13,8,16,34,305.8
52552,0,14,Mobile Phone,1,120,UPI,Female,2,2,Others,3,Married,5,1,13,2,13,8,156.69
52553,0,17,Mobile Phone,1,71,Credit Card,Female,1,2,Laptop & Accessory,3,Married,17,1,22,14,8,,286.08
52554,1,27,Mobile Phone,2,11,E wallet,Female,2,6,Mobile Phone,2,Divorced,21,0,13,3,5,14,201.36
52555,0,22,Mobile Phone,2,33,Credit Card,Male,5,2,Others,3,Divorced,10,0,,16,8,11,239.68
52556,1,13,Phone,2,,Credit Card,Male,2,4,Others,4,Single,4,1,25,16,14,3,151.07
52557,0,29,Computer,1,11,Debit Card,Female,2,1,Laptop & Accessory,1,Divorced,6,0,25,12,2,16,54.48
52558,0,32,Mobile Phone,1,85,E wallet,Female,5,5,Mobile Phone,1,Married,10,0,17,10,3,8,35.46
52559,0,44,Phone,2,81,Credit Card,Male,2,2,Fashion,5,Divorced,17,0,19,,4,30,221.76
52560,0,14,Mobile Phone,1,62,UPI,Male,5,4,Mobile Phone,4,Divorced,5,0,20,2,2,29,122.35
52561,0,6,Phone,2,89,Debit Card,Male,5,1,Others,4,Single,7,0,23,0,4,37,184.43
52562,0,14,Mobile Phone,2,35,Credit Card,Female,2,3,Laptop & Accessory,5,Married,5,0,25,7,15,17,242.47
52563,0,51,Computer,2,77,E wallet,Male,5,3,Mobile Phone,5,Single,8,0,14,8,6,20,255.61
52564,0,41,Mobile Phone,3,,UPI,Male,0,6,Mobile Phone,1,Single,1,0,,16,11,16,165.64
52565,0,45,Mobile Phone,3,,E wallet,Male,2,5,Others,4,Married,2,0,17,7,16,34,102.21
52566,0,37,Computer,2,81,E wallet,Male,2,4,Fashion,3,Divorced,16,0,20,10,13,16,252.16
52567,0,45,Computer,2,85,E wallet,Female,4,4,Mobile Phone,3,Married,8,1,16,0,7,16,134.99
52568,0,,Mobile Phone,1,76,Cash on Delivery,Male,4,2,Mobile Phone,1,Single,21,0,20,1,6,24,304.44
52569,0,56,Computer,3,77,UPI,Female,4,1,Grocery,3,Single,15,0,19,14,7,12,267.99
52570,1,53,Computer,1,,E wallet,Male,2,5,Others,3,Married,11,1,18,16,2,23,242.75
52571,0,43,Phone,1,44,Cash on Delivery,Female,4,1,Grocery,4,Single,16,0,12,14,1,14,78.4
52572,1,10,Computer,1,,Debit Card,Female,0,5,Others,4,Divorced,7,0,13,11,13,20,117.9
52573,0,28,Computer,1,120,Cash on Delivery,Female,1,4,Others,2,Divorced,17,1,16,13,14,11,275.92
52574,0,30,Mobile Phone,2,34,Debit Card,Female,4,4,Grocery,4,Married,3,0,15,11,15,13,7.52
52575,0,24,Mobile Phone,2,66,Cash on Delivery,Male,5,5,Fashion,2,Married,15,0,12,1,9,45,253.98
52576,0,51,Phone,1,75,E wallet,Female,4,1,Fashion,4,Divorced,4,1,12,15,7,27,131.35
52577,1,53,Mobile Phone,1,21,Cash on Delivery,Female,0,6,Others,5,Married,3,0,15,0,13,,259.79
52578,0,23,Computer,3,107,Cash on Delivery,Female,5,3,Grocery,4,Divorced,11,0,,1,13,27,179.53
52579,0,56,Computer,2,106,E wallet,Female,5,3,Mobile Phone,2,Divorced,2,1,11,,11,30,171.21
52580,0,18,Computer,3,9,Debit Card,Female,5,2,Others,3,Divorced,7,0,25,3,2,35,228.02
52581,0,1,Mobile Phone,1,85,E wallet,Male,5,2,Others,4,Divorced,15,0,20,6,14,15,262.06
52582,1,21,Computer,2,108,UPI,Female,3,6,Laptop & Accessory,3,Married,14,1,21,16,14,39,225.37
52583,0,19,Computer,1,126,Cash on Delivery,Female,3,1,Fashion,3,Divorced,21,0,13,4,14,28,146.48
52584,0,32,Phone,1,5,UPI,Female,5,6,Grocery,4,Divorced,7,0,19,1,7,10,104.27
52585,0,7,Phone,1,84,E wallet,Female,5,4,Mobile Phone,4,Single,17,0,25,12,4,25,274.83
52586,0,24,Phone,1,85,E wallet,Female,5,1,Mobile Phone,5,Single,10,1,20,7,3,26,169.25
52587,0,45,Mobile Phone,1,98,Credit Card,Male,0,5,Others,2,Single,18,0,23,3,4,29,254.62
52588,0,8,Computer,3,35,UPI,Male,4,3,Mobile Phone,4,Single,14,0,13,5,5,36,323.61
52589,0,,Computer,1,39,Credit Card,Male,1,2,Mobile Phone,3,Married,6,0,16,8,9,2,209.26
52590,0,56,Computer,1,113,UPI,Female,5,1,Others,3,Single,19,0,16,9,4,9,90.46
52591,0,22,Phone,1,76,Credit Card,Female,4,1,Fashion,4,Single,10,0,12,3,9,31,281.31
52592,0,4,Computer,1,116,Credit Card,Male,0,5,Laptop & Accessory,2,Single,17,0,17,,15,4,88.94
52593,0,54,Computer,2,124,UPI,Female,0,4,Fashion,3,Married,19,1,19,6,4,8,84.63
52594,0,60,Computer,1,34,E wallet,Male,5,4,Fashion,5,Divorced,20,0,19,13,1,25,24.03
52595,0,24,Computer,2,107,Debit Card,Female,2,3,Laptop & Accessory,3,Single,17,1,18,11,11,34,25.53
52596,0,7,Computer,1,,E wallet,Female,0,6,Others,2,Divorced,14,0,24,14,12,4,280.25
52597,0,15,Mobile Phone,2,19,Debit Card,Female,2,6,Fashion,1,Single,7,0,15,16,11,15,74.99
52598,0,53,Computer,2,124,UPI,Male,0,2,Grocery,5,Married,19,0,18,12,16,12,35.32
52599,0,47,Mobile Phone,3,102,Cash on Delivery,Male,2,4,Grocery,5,Married,7,0,19,0,11,29,114.59
52600,0,44,Computer,3,60,E wallet,Male,2,4,Laptop & Accessory,1,Married,12,0,11,12,1,10,231.9
52601,0,51,Mobile Phone,2,64,Credit Card,Male,5,4,Grocery,5,Divorced,6,0,11,15,4,,110.38
52602,0,60,Computer,1,31,E wallet,Male,5,6,Others,5,Married,8,1,21,12,4,20,100.52
52603,0,14,Computer,2,6,UPI,Male,4,1,Mobile Phone,5,Divorced,9,0,23,8,10,3,158.62
52604,0,0,Computer,2,78,Cash on Delivery,Female,2,4,Others,3,Married,18,0,15,15,7,16,6.89
52605,0,21,Computer,3,68,Cash on Delivery,Male,3,6,Laptop & Accessory,3,Single,10,0,17,11,1,32,159.6
52606,0,2,Phone,1,9,E wallet,Male,0,5,Mobile Phone,4,Single,21,1,23,7,12,30,321.76
52607,0,37,Computer,1,95,E wallet,Male,5,6,Grocery,4,Single,16,0,19,0,5,5,259.79
52608,0,53,Mobile Phone,2,72,E wallet,Male,,3,Fashion,3,Single,17,0,19,12,10,32,22.91
52609,0,13,Phone,1,115,UPI,Female,0,4,Grocery,5,Divorced,1,0,24,12,8,38,212.82
52610,0,35,Phone,1,17,Debit Card,Male,4,2,Others,2,Married,7,0,13,2,8,42,149.86
52611,1,17,Computer,1,85,Debit Card,Male,4,1,Others,1,Divorced,9,1,11,0,7,41,268.53
52612,0,46,Mobile Phone,2,89,Credit Card,Male,2,5,Laptop & Accessory,4,Divorced,12,0,13,13,4,26,32.02
52613,0,40,Mobile Phone,3,27,UPI,Male,4,6,Fashion,5,Single,1,0,18,0,7,24,75.64
52614,0,17,Phone,1,101,Cash on Delivery,Female,5,3,Fashion,4,Married,10,1,17,4,1,41,257.12
52615,0,2,Mobile Phone,1,,Credit Card,Female,4,1,Mobile Phone,2,Divorced,10,0,15,4,15,18,275.99
52616,0,9,Computer,1,,Cash on Delivery,Female,0,5,Mobile Phone,5,Divorced,10,0,21,10,6,1,172.03
52617,0,48,Computer,1,82,Cash on Delivery,Male,3,1,Others,3,Divorced,7,0,20,11,15,0,6.4
52618,0,38,Computer,2,77,E wallet,Male,3,3,Laptop & Accessory,2,Divorced,15,1,22,7,13,13,290.46
52619,1,46,Computer,2,112,Cash on Delivery,Male,2,3,Others,4,Married,10,0,25,9,7,43,124.4
52620,0,0,Computer,1,41,Cash on Delivery,Female,4,4,Fashion,5,Single,16,0,19,8,12,14,12.9
52621,0,26,Phone,2,34,UPI,Female,4,2,Fashion,5,Single,16,0,23,10,,21,266.11
52622,1,56,Computer,2,97,E wallet,Male,,4,Others,1,Divorced,20,0,14,4,8,16,135.87
52623,0,26,Computer,1,27,E wallet,Male,2,6,Fashion,1,Married,1,0,16,12,8,40,61.75
52624,1,10,Phone,1,38,Credit Card,Male,4,1,Mobile Phone,1,Married,11,0,22,12,8,31,260.51
52625,0,48,Phone,3,123,E wallet,Female,2,4,Fashion,3,Divorced,19,0,15,3,11,32,148.76
52626,1,4,Phone,1,68,Debit Card,Male,5,3,Mobile Phone,5,Married,18,0,16,16,16,0,197.54
52627,0,6,Mobile Phone,2,59,UPI,Female,0,3,Grocery,5,Divorced,3,0,25,13,15,40,267.51
52628,0,18,Mobile Phone,1,75,Credit Card,Female,5,3,Laptop & Accessory,4,Single,15,0,14,8,5,18,169.79
52629,0,,Computer,2,121,Debit Card,Female,4,4,Laptop & Accessory,3,Single,6,1,13,1,16,37,35.91
52630,0,55,Computer,2,13,Cash on Delivery,Female,4,6,Fashion,1,Single,10,1,25,3,13,34,313.22
52631,0,28,Computer,2,118,Debit Card,Male,4,6,Laptop & Accessory,5,Divorced,3,0,15,10,7,3,93.13
52632,0,14,Mobile Phone,3,8,Credit Card,Female,3,5,Grocery,1,Divorced,10,1,15,9,16,10,323.13
52633,0,34,Computer,3,70,E wallet,Male,3,4,Fashion,2,Single,16,1,24,4,5,2,1.96
52634,0,46,Computer,2,124,UPI,Female,4,4,Mobile Phone,3,Divorced,4,1,21,15,13,1,157.23
52635,0,36,Mobile Phone,1,95,Credit Card,Male,4,4,Grocery,1,Married,1,0,12,5,8,35,229.1
52636,0,54,Phone,1,,Debit Card,Female,0,4,Grocery,3,Single,18,0,20,4,9,22,294.55
52637,1,11,Mobile Phone,2,36,Debit Card,Female,0,3,Laptop & Accessory,5,Married,4,0,14,12,11,10,253.61
52638,0,29,Computer,2,125,Credit Card,Female,2,2,Mobile Phone,2,Married,5,0,23,8,4,34,83.08
52639,1,19,Mobile Phone,1,48,Credit Card,Male,2,4,Others,4,Divorced,21,0,13,9,16,28,79.07
52640,0,36,Phone,1,113,Credit Card,Female,3,4,Grocery,2,Divorced,4,0,,1,4,6,115.89
52641,0,2,Phone,2,114,E wallet,Female,1,2,Laptop & Accessory,3,Single,19,0,17,14,16,18,35.93
52642,0,,Phone,1,41,Credit Card,Female,,4,Grocery,2,Divorced,20,0,15,11,11,5,217.61
52643,0,57,Phone,1,95,Cash on Delivery,Female,2,2,Mobile Phone,5,Divorced,19,1,25,11,7,24,305.91
52644,0,40,Phone,2,96,UPI,Male,0,3,Mobile Phone,3,Married,3,0,16,2,7,15,208.68
52645,0,38,Phone,2,71,UPI,Male,0,5,Fashion,3,Divorced,20,0,24,14,12,22,173.35
52646,0,25,Computer,1,64,Cash on Delivery,Male,5,4,Others,5,Single,13,0,21,12,14,,163.59
52647,1,1,Computer,1,63,Debit Card,Male,1,5,Others,1,Divorced,20,0,25,2,11,32,192.6
52648,0,22,Mobile Phone,1,40,Debit Card,Female,0,4,Laptop & Accessory,4,Single,18,1,17,12,8,7,230.95
52649,0,22,Computer,1,53,Debit Card,Female,5,1,Others,2,Married,6,0,12,4,16,35,258.37
52650,0,58,Phone,2,55,Debit Card,Female,1,6,Mobile Phone,4,Married,20,0,20,10,,24,226.95
52651,0,,Computer,2,111,E wallet,Male,5,1,Others,4,Married,6,0,14,16,7,34,229.14
52652,0,15,Mobile Phone,1,12,Cash on Delivery,Female,5,3,Laptop & Accessory,5,Single,6,0,24,11,7,12,309.31
52653,0,8,Phone,1,112,UPI,Male,1,5,Grocery,1,Married,17,0,25,4,6,5,292.29
52654,0,12,Computer,1,54,Cash on Delivery,Male,0,5,Others,4,Married,17,0,16,16,15,34,267.78
52655,0,27,Computer,3,118,UPI,Male,0,2,Others,3,Divorced,5,0,13,10,6,45,14.09
52656,0,26,Mobile Phone,1,45,Debit Card,Female,2,2,Mobile Phone,1,Single,17,0,16,1,10,38,217.38
52657,0,50,Phone,3,105,E wallet,Female,0,4,Mobile Phone,5,Married,9,1,20,5,3,3,147.87
52658,1,51,Mobile Phone,3,121,Credit Card,Female,0,2,Grocery,4,Divorced,20,0,25,2,4,44,200.72
52659,0,16,Phone,2,117,Credit Card,Male,0,2,Fashion,5,Divorced,2,1,11,14,15,42,223.04
52660,0,37,Phone,2,113,Debit Card,Female,2,5,Others,2,Married,19,1,18,16,10,41,232.26
52661,0,,Computer,1,42,Debit Card,Female,1,1,Mobile Phone,5,Single,9,0,20,14,4,15,282.56
52662,1,0,Mobile Phone,2,124,Cash on Delivery,Male,2,5,Fashion,3,Married,8,1,15,1,,10,295.75
52663,0,17,Mobile Phone,1,90,E wallet,Female,0,2,Others,5,Divorced,19,1,24,4,6,,197.22
52664,0,50,Mobile Phone,3,82,E wallet,Female,4,4,Others,1,Single,13,0,24,4,12,13,290.6
52665,0,8,Phone,1,83,Cash on Delivery,Male,0,1,Fashion,2,Divorced,4,0,24,8,10,39,248.5
52666,0,12,Mobile Phone,2,59,E wallet,Male,2,2,Mobile Phone,3,Married,6,0,21,5,3,7,65.89
52667,0,39,Phone,1,114,E wallet,Female,5,2,Grocery,2,Single,4,1,24,9,12,29,11.48
52668,0,54,Mobile Phone,3,72,Credit Card,Male,,6,Others,3,Married,11,0,11,15,11,30,3.21
52669,0,44,Mobile Phone,1,22,E wallet,Female,2,4,Laptop & Accessory,2,Married,21,0,24,11,4,5,190.65
52670,0,14,Computer,2,69,Debit Card,Female,3,4,Laptop & Accessory,4,Married,10,0,20,8,13,23,169.52
52671,0,42,Mobile Phone,1,68,Credit Card,Male,5,2,Laptop & Accessory,5,Divorced,16,0,20,2,6,0,226.32
52672,0,43,Computer,1,16,Debit Card,Male,4,2,Grocery,1,Single,18,0,25,16,12,37,273.92
52673,0,45,Computer,2,122,Debit Card,Male,2,5,Others,1,Single,19,0,21,9,6,45,53.44
52674,0,3,Phone,3,45,Cash on Delivery,Male,5,3,Mobile Phone,4,Divorced,21,0,11,6,13,20,278.34
52675,1,32,Mobile Phone,1,46,E wallet,Female,5,4,Mobile Phone,2,Single,12,0,21,6,12,5,31.88
52676,0,23,Mobile Phone,3,121,E wallet,Male,1,4,Grocery,5,Single,14,0,20,8,12,14,287.05
52677,0,35,Mobile Phone,2,64,E wallet,Male,0,6,Others,4,Married,18,0,25,15,,31,276.41
52678,0,50,Computer,3,54,E wallet,Male,5,5,Fashion,2,Married,20,0,22,10,14,17,226.51
52679,0,40,Mobile Phone,1,85,Credit Card,Male,5,1,Fashion,5,Divorced,1,0,13,8,14,31,97.51
52680,0,9,Phone,1,87,UPI,Female,1,6,Others,2,Single,13,0,16,0,1,11,30.36
52681,0,35,Phone,3,40,Debit Card,Male,2,6,Others,1,Divorced,3,0,12,,11,10,252.88
52682,1,19,Mobile Phone,1,52,UPI,Male,2,1,Mobile Phone,5,Divorced,14,0,18,2,10,33,70.81
52683,0,40,Computer,2,75,UPI,Female,1,1,Grocery,1,Divorced,18,1,21,7,6,1,143.3
52684,0,44,Phone,1,77,UPI,Male,1,4,Grocery,1,Divorced,19,1,20,6,14,43,172.53
52685,0,43,Phone,1,12,Credit Card,Female,3,3,Mobile Phone,5,Married,1,0,17,4,4,21,222.77
52686,0,10,Computer,2,29,UPI,Female,0,3,Laptop & Accessory,4,Divorced,15,0,21,4,8,20,158.42
52687,0,11,Phone,2,,Credit Card,Female,1,5,Fashion,2,Single,16,1,12,4,10,5,225.72
52688,0,17,Computer,2,110,Cash on Delivery,Female,0,1,Others,5,Married,10,0,11,11,1,5,264.56
52689,0,29,Phone,1,12,Cash on Delivery,Male,5,1,Fashion,1,Married,20,0,,4,,11,231.74
52690,0,43,Computer,1,92,Cash on Delivery,Female,4,2,Fashion,2,Divorced,4,0,23,6,12,3,97.34
52691,0,47,Phone,1,85,Credit Card,Male,2,5,Grocery,5,Married,11,0,23,0,13,6,290.64
52692,0,36,Mobile Phone,1,80,Credit Card,Female,,6,Mobile Phone,4,Married,16,0,17,1,5,11,178.94
52693,0,19,Phone,3,114,Debit Card,Female,4,6,Laptop & Accessory,5,Married,5,0,13,11,4,29,151.25
52694,0,24,Phone,2,35,UPI,Male,2,5,Laptop & Accessory,5,Married,19,0,24,,5,8,186.89
52695,1,,Mobile Phone,1,16,E wallet,Male,3,4,Mobile Phone,3,Married,11,0,,15,9,6,157.05
52696,0,20,Mobile Phone,3,61,E wallet,Female,2,4,Fashion,2,Married,18,0,23,10,7,21,245.41
52697,0,24,Mobile Phone,1,70,UPI,Male,1,5,Mobile Phone,5,Single,15,0,18,11,3,,136.72
52698,0,,Mobile Phone,2,16,E wallet,Female,4,3,Mobile Phone,1,Married,2,0,18,8,3,34,252.44
52699,0,8,Computer,1,31,E wallet,Male,4,5,Others,1,Married,13,0,15,6,7,37,247.05
52700,0,49,Computer,2,50,E wallet,Female,4,3,Others,3,Divorced,12,0,17,6,1,23,89.98
52701,0,24,Phone,1,11,Credit Card,Male,2,4,Fashion,1,Married,14,0,13,12,13,13,31.18
52702,1,34,Phone,1,65,Credit Card,Male,0,5,Grocery,5,Married,1,0,16,12,8,39,276.56
52703,0,51,Phone,1,62,Credit Card,Female,0,3,Laptop & Accessory,2,Divorced,12,1,13,,3,35,54.9
52704,0,31,Computer,1,62,UPI,Female,,2,Others,3,Single,13,0,21,13,13,12,10.13
52705,0,48,Phone,1,17,Cash on Delivery,Female,1,2,Fashion,3,Single,3,1,22,15,8,36,130.76
52706,0,13,Phone,1,57,E wallet,Male,2,5,Mobile Phone,4,Married,3,0,19,12,8,,82.6
52707,0,0,Computer,1,104,Debit Card,Male,0,1,Others,4,Single,1,0,17,11,13,31,71.62
52708,0,16,Phone,2,69,Credit Card,Female,2,5,Mobile Phone,2,Single,11,0,11,0,2,4,56
52709,0,24,Computer,1,53,Debit Card,Male,4,4,Mobile Phone,2,Single,4,0,18,7,14,16,243.49
52710,0,58,Computer,2,39,E wallet,Female,1,4,Others,3,Single,11,0,19,7,3,1,254.61
52711,0,7,Mobile Phone,1,98,Cash on Delivery,Male,1,2,Fashion,5,Married,2,1,20,14,13,31,15.08
52712,0,4,Mobile Phone,3,99,Debit Card,Male,3,3,Laptop & Accessory,5,Married,19,0,12,2,10,22,177.71
52713,0,4,Computer,3,21,E wallet,Male,2,2,Fashion,4,Divorced,12,0,11,7,1,4,43.92
52714,0,40,Computer,1,76,E wallet,Female,5,3,Grocery,2,Married,13,0,25,6,6,39,162.36
52715,0,34,Mobile Phone,2,71,Credit Card,Male,5,5,Grocery,2,Married,17,0,25,11,3,37,113.08
52716,0,18,Phone,1,14,Cash on Delivery,Male,5,1,Laptop & Accessory,5,Single,19,0,21,14,9,7,65.59
52717,0,22,Phone,3,38,E wallet,Male,4,4,Grocery,4,Single,4,0,14,7,1,26,308.12
52718,1,8,Phone,2,90,Cash on Delivery,Male,5,5,Mobile Phone,5,Married,6,0,19,15,14,1,310.94
52719,1,53,Computer,1,8,Credit Card,Female,2,2,Grocery,5,Married,3,1,16,4,15,39,183.29
52720,0,29,Mobile Phone,1,100,Debit Card,Male,3,6,Others,3,Single,11,0,21,4,8,6,61.12
52721,1,49,Phone,1,,UPI,Male,3,6,Mobile Phone,2,Married,12,0,23,8,14,39,189.56
52722,0,15,Mobile Phone,1,50,UPI,Male,2,5,Fashion,3,Married,12,0,22,12,16,21,301.76
52723,0,32,Mobile Phone,2,79,UPI,Male,5,1,Laptop & Accessory,3,Single,18,0,20,14,7,6,122.77
52724,0,1,Computer,1,50,Cash on Delivery,Female,,3,Others,5,Single,14,0,18,7,12,8,44.76
52725,0,13,Phone,1,81,UPI,Male,2,1,Others,4,Divorced,11,1,17,11,7,45,225.45
52726,0,45,Mobile Phone,1,63,Debit Card,Male,0,2,Laptop & Accessory,5,Married,21,0,15,8,11,44,213.29
52727,0,0,Computer,1,65,E wallet,Male,3,1,Grocery,4,Single,17,0,15,14,16,34,0.45
52728,0,25,Computer,1,72,Cash on Delivery,Male,1,4,Laptop & Accessory,2,Single,16,0,,14,8,37,277.42
52729,0,57,Computer,3,70,Debit Card,Female,5,6,Laptop & Accessory,1,Married,3,0,16,12,9,23,214.74
52730,0,24,Phone,1,38,Cash on Delivery,Male,5,1,Grocery,2,Married,4,0,25,14,8,35,63.6
52731,0,15,Phone,2,111,Cash on Delivery,Male,0,5,Fashion,5,Single,8,0,16,,6,17,1.05
52732,0,14,Computer,1,90,Cash on Delivery,Female,4,3,Laptop & Accessory,4,Married,11,0,15,9,1,42,316
52733,0,25,Phone,1,9,Credit Card,Male,1,4,Grocery,1,Divorced,13,0,18,11,16,,245.27
52734,1,46,Phone,2,13,E wallet,Female,1,4,Others,4,Single,12,0,13,16,1,38,118.64
52735,1,43,Mobile Phone,1,24,UPI,Male,1,4,Laptop & Accessory,4,Single,5,0,19,8,13,14,140.66
52736,0,15,Computer,1,25,Credit Card,Male,3,2,Laptop & Accessory,1,Married,16,0,15,4,11,21,175.13
52737,1,13,Computer,2,21,E wallet,Male,4,2,Fashion,1,Single,1,0,19,8,7,24,233.55
52738,0,28,Phone,1,,UPI,Male,0,5,Fashion,2,Married,9,0,15,4,11,42,56.2
52739,1,23,Computer,1,96,Credit Card,Male,4,3,Others,3,Divorced,14,0,13,13,3,24,63.61
52740,0,46,Computer,2,86,Credit Card,Male,5,1,Fashion,1,Divorced,8,1,19,6,3,40,15.69
52741,0,54,Computer,2,71,Debit Card,Male,0,5,Others,3,Divorced,3,0,12,8,11,24,320.38
52742,0,14,Phone,1,9,Credit Card,Male,3,2,Laptop & Accessory,3,Single,7,1,22,11,9,37,284.56
52743,0,18,Phone,1,64,Cash on Delivery,Male,5,5,Grocery,3,Divorced,4,0,23,4,15,24,179.71
52744,0,7,Phone,1,57,Credit Card,Male,4,3,Fashion,3,Married,15,0,15,6,10,6,139.84
52745,0,33,Mobile Phone,1,,Cash on Delivery,Male,1,5,Others,1,Married,12,0,13,4,4,39,77.17
52746,0,1,Computer,2,82,E wallet,Male,4,6,Fashion,4,Divorced,9,0,17,16,16,43,193.37
52747,0,26,Mobile Phone,3,52,E wallet,Female,5,6,Fashion,1,Divorced,18,1,14,10,3,23,224.42
52748,0,9,Phone,3,94,Cash on Delivery,Male,,4,Mobile Phone,1,Married,13,1,25,4,13,18,223.98
52749,0,,Mobile Phone,1,,Debit Card,Female,3,1,Laptop & Accessory,5,Divorced,3,0,24,3,2,21,2.09
52750,0,22,Computer,1,,Debit Card,Female,3,2,Fashion,5,Divorced,7,0,18,0,5,45,228.16
52751,0,48,Computer,2,,E wallet,Male,0,2,Grocery,2,Divorced,19,1,11,0,9,22,281.57
52752,0,7,Phone,1,58,Credit Card,Female,,6,Mobile Phone,3,Married,8,0,15,13,14,19,37.35
52753,0,27,Phone,2,107,E wallet,Male,1,3,Others,3,Married,11,1,18,8,15,19,245.5
52754,0,22,Mobile Phone,2,110,E wallet,Male,1,3,Others,5,Divorced,5,0,12,0,,6,267.55
52755,1,3,Phone,3,72,Cash on Delivery,Female,2,3,Grocery,4,Married,16,0,16,7,8,33,89.76
52756,0,13,Mobile Phone,1,110,Debit Card,Female,3,2,Grocery,2,Divorced,3,0,17,12,,10,231.43
52757,0,52,Computer,1,39,Cash on Delivery,Female,5,4,Laptop & Accessory,4,Divorced,1,0,16,8,1,42,31.45
52758,1,41,Computer,3,92,E wallet,Male,1,1,Grocery,5,Divorced,21,0,20,14,9,7,210.99
52759,0,28,Computer,2,45,UPI,Female,3,3,Others,4,Single,10,1,13,10,8,37,165.86
52760,0,0,Computer,3,17,Credit Card,Female,1,2,Laptop & Accessory,3,Single,10,0,16,,14,10,276.2
52761,0,3,Computer,1,37,E wallet,Female,4,4,Grocery,5,Divorced,16,0,17,7,11,42,146.89
52762,0,31,Mobile Phone,2,19,Cash on Delivery,Male,2,3,Grocery,4,Single,11,0,23,12,14,24,139.13
52763,0,32,Computer,2,67,UPI,Male,3,3,Others,2,Divorced,19,1,13,16,14,,303.48
52764,0,48,Mobile Phone,1,19,UPI,Female,0,1,Laptop & Accessory,2,Single,20,0,22,,13,36,303.64
52765,0,25,Computer,2,35,E wallet,Female,0,6,Mobile Phone,1,Divorced,13,0,20,9,,25,11.61
52766,1,16,Mobile Phone,2,111,Debit Card,Female,1,1,Mobile Phone,5,Single,15,0,12,1,8,9,157.81
52767,0,38,Mobile Phone,1,32,UPI,Female,4,5,Laptop & Accessory,5,Married,10,1,13,14,9,32,52.31
52768,0,22,Mobile Phone,1,14,Credit Card,Female,5,6,Grocery,5,Married,4,0,22,13,,6,88.95
52769,0,31,Phone,2,61,Cash on Delivery,Female,3,6,Grocery,3,Single,19,0,24,2,12,35,216.5
52770,0,51,Mobile Phone,1,75,Cash on Delivery,Female,2,6,Laptop & Accessory,3,Divorced,15,0,11,0,2,44,42.02
52771,0,14,Mobile Phone,3,37,Cash on Delivery,Male,4,3,Mobile Phone,5,Single,6,0,17,2,15,19,3.66
52772,0,12,Computer,1,11,E wallet,Female,1,5,Fashion,4,Single,17,0,14,12,1,14,236.32
52773,0,59,Mobile Phone,1,9,Cash on Delivery,Female,4,2,Others,3,Married,13,0,13,,15,15,208.44
52774,0,1,Mobile Phone,3,94,Cash on Delivery,Male,2,1,Laptop & Accessory,5,Married,20,0,24,16,15,34,293.37
52775,0,59,Phone,3,123,Credit Card,Female,4,6,Fashion,3,Married,17,1,16,,1,20,176.25
52776,0,18,Computer,1,84,Debit Card,Male,3,6,Others,1,Single,15,0,24,15,1,,307.23
52777,0,23,Phone,2,,E wallet,Female,1,4,Fashion,2,Married,7,0,13,11,5,39,198.03
52778,0,44,Phone,1,76,E wallet,Male,2,3,Fashion,1,Married,11,0,22,15,2,33,125.82
52779,0,23,Phone,1,90,Cash on Delivery,Female,1,3,Others,5,Married,18,1,21,14,4,38,197.75
52780,0,10,Mobile Phone,1,102,Credit Card,Female,5,5,Fashion,2,Divorced,20,1,20,8,1,0,243.48
52781,0,58,Phone,1,44,UPI,Male,3,1,Mobile Phone,4,Divorced,19,0,13,15,2,8,112.95
52782,1,21,Phone,3,32,Cash on Delivery,Male,2,6,Laptop & Accessory,5,Single,8,1,19,1,7,40,121.07
52783,1,14,Computer,2,114,Cash on Delivery,Male,5,6,Mobile Phone,4,Married,18,0,12,9,15,29,204.73
52784,0,9,Computer,3,40,E wallet,Female,5,5,Mobile Phone,4,Single,10,1,25,11,9,20,148.07
52785,1,40,Computer,2,60,E wallet,Female,5,3,Others,3,Single,18,0,15,3,6,17,171.27
52786,0,26,Computer,1,51,Cash on Delivery,Female,2,1,Others,3,Married,17,0,20,1,,21,319.18
52787,1,59,Phone,2,75,E wallet,Female,1,3,Others,2,Single,9,0,25,6,10,43,14.23
52788,0,8,Computer,3,120,Credit Card,Female,4,1,Fashion,2,Married,3,1,20,,13,25,210.57
52789,1,51,Mobile Phone,2,44,UPI,Male,4,3,Fashion,3,Married,15,1,,12,5,11,299.94
52790,1,27,Phone,2,63,UPI,Female,5,4,Laptop & Accessory,2,Divorced,12,0,16,16,10,30,76.77
52791,0,,Computer,3,47,UPI,Male,0,6,Fashion,1,Single,17,1,,9,11,36,68.91
52792,1,16,Phone,1,96,Cash on Delivery,Male,0,5,Laptop & Accessory,5,Single,6,0,17,15,7,42,117.97
52793,0,30,Computer,2,70,Cash on Delivery,Female,2,1,Mobile Phone,1,Married,9,0,23,,9,35,24.08
52794,0,43,Phone,3,13,Cash on Delivery,Female,1,5,Laptop & Accessory,5,Divorced,10,1,11,15,13,43,182.09
52795,0,9,Computer,3,10,Credit Card,Male,2,1,Laptop & Accessory,3,Divorced,3,0,18,12,14,1,209.77
52796,0,36,Mobile Phone,1,123,UPI,Female,1,1,Others,1,Single,6,0,12,10,2,36,266.46
52797,0,28,Computer,2,126,E wallet,Male,3,6,Fashion,4,Divorced,13,1,25,11,6,,21.51
52798,0,17,Phone,2,69,E wallet,Female,0,1,Grocery,1,Single,14,0,25,16,3,15,141.76
52799,1,46,Phone,1,7,Debit Card,Male,2,3,Grocery,2,Single,4,1,14,14,10,22,254.87
52800,0,37,Mobile Phone,2,78,Debit Card,Female,3,2,Others,1,Divorced,10,1,21,2,12,34,249.7
52801,0,38,Phone,1,41,E wallet,Female,4,3,Mobile Phone,3,Married,19,0,23,8,10,5,23.93
52802,1,48,Mobile Phone,1,112,UPI,Female,,2,Mobile Phone,3,Single,16,1,17,9,4,35,3.7
52803,1,5,Phone,1,91,Cash on Delivery,Male,1,6,Mobile Phone,2,Single,7,0,24,11,5,21,254.58
52804,1,39,Phone,2,37,E wallet,Female,5,6,Laptop & Accessory,5,Single,5,0,25,8,5,10,44.84
52805,0,11,Mobile Phone,1,,E wallet,Male,4,3,Fashion,2,Single,12,0,18,4,10,33,187.78
52806,1,52,Phone,1,57,Debit Card,Female,4,2,Mobile Phone,5,Divorced,15,0,19,1,8,20,30.63
52807,0,13,Phone,1,81,UPI,Female,3,6,Grocery,3,Divorced,1,1,15,12,5,12,96.04
52808,0,43,Mobile Phone,1,96,E wallet,Male,2,1,Laptop & Accessory,3,Divorced,6,0,19,10,2,44,51.36
52809,0,54,Computer,1,,Cash on Delivery,Male,,1,Mobile Phone,5,Divorced,19,0,19,8,14,17,239.33
52810,0,9,Mobile Phone,1,75,Cash on Delivery,Male,,2,Mobile Phone,1,Single,5,1,13,7,2,44,218.64
52811,0,53,Phone,2,30,Credit Card,Female,3,2,Fashion,1,Married,9,0,17,14,12,43,43.97
52812,0,19,Computer,2,20,Cash on Delivery,Female,4,5,Fashion,2,Married,7,0,18,15,,29,19.28
52813,0,14,Computer,1,44,E wallet,Female,0,1,Laptop & Accessory,3,Divorced,9,1,11,9,2,40,151.56
52814,0,30,Computer,1,126,E wallet,Female,4,3,Grocery,1,Single,16,0,21,1,1,23,63.55
52815,0,6,Mobile Phone,2,94,Cash on Delivery,Female,3,5,Others,3,Divorced,5,1,,14,,0,2.65
52816,0,57,Computer,1,55,Debit Card,Female,4,2,Grocery,2,Married,10,0,15,12,3,36,85.89
52817,0,40,Computer,3,43,UPI,Female,5,6,Fashion,4,Divorced,21,0,11,4,5,27,69.95
52818,0,9,Computer,2,59,E wallet,Male,4,3,Fashion,3,Single,21,0,13,0,3,3,222.61
52819,0,9,Phone,1,100,Cash on Delivery,Female,4,4,Others,4,Single,15,0,12,2,11,3,279.78
52820,0,47,Mobile Phone,1,,Cash on Delivery,Male,,4,Grocery,3,Single,15,0,23,9,7,13,77.23
52821,1,60,Mobile Phone,2,110,E wallet,Female,0,6,Grocery,5,Divorced,13,1,12,14,10,10,72.49
52822,0,38,Phone,1,125,Credit Card,Male,1,4,Others,4,Married,20,0,14,15,16,22,126.02
52823,0,27,Computer,1,69,UPI,Male,1,6,Fashion,5,Single,18,0,15,,11,45,56.08
52824,0,29,Phone,1,,E wallet,Male,2,3,Laptop & Accessory,5,Married,7,0,21,2,2,,307.71
52825,0,36,Phone,2,89,Cash on Delivery,Female,1,6,Grocery,2,Married,8,0,11,4,5,41,79.15
52826,1,54,Computer,2,81,Credit Card,Male,1,2,Mobile Phone,2,Divorced,8,1,21,2,13,3,30.33
52827,0,2,Computer,1,119,E wallet,Male,1,3,Grocery,1,Divorced,11,1,16,7,3,0,180.99
52828,0,49,Mobile Phone,2,94,UPI,Male,4,5,Grocery,4,Married,9,0,,5,2,39,174.73
52829,0,42,Computer,1,49,Credit Card,Male,4,5,Grocery,1,Single,6,0,21,14,4,9,205.37
52830,0,14,Phone,2,13,Cash on Delivery,Female,5,4,Fashion,4,Single,20,1,15,5,12,6,314.18
52831,0,20,Phone,1,,Debit Card,Female,0,2,Mobile Phone,2,Divorced,2,0,23,6,9,1,105.13
52832,0,51,Computer,2,91,UPI,Female,4,5,Grocery,2,Single,5,1,14,7,9,22,116.86
52833,0,36,Mobile Phone,3,5,Credit Card,Female,4,1,Laptop & Accessory,2,Married,4,1,16,15,6,33,109.54
52834,0,55,Phone,1,70,E wallet,Male,1,1,Mobile Phone,4,Single,20,0,12,12,7,11,204.3
52835,0,11,Computer,1,67,E wallet,Female,0,4,Others,2,Divorced,15,0,18,4,1,11,196.32
52836,1,3,Mobile Phone,1,47,Credit Card,Male,0,4,Laptop & Accessory,1,Married,7,1,16,1,3,44,171.86
52837,1,46,Mobile Phone,1,32,E wallet,Female,1,4,Others,5,Married,1,1,25,13,15,15,118.41
52838,0,8,Phone,1,,Credit Card,Male,1,5,Grocery,4,Single,19,0,13,14,2,7,138.99
52839,0,38,Phone,3,35,UPI,Male,0,2,Fashion,5,Single,18,1,,4,15,41,257.56
52840,0,41,Mobile Phone,3,109,E wallet,Male,3,6,Grocery,1,Married,2,1,22,1,9,,198.01
52841,0,60,Mobile Phone,1,73,UPI,Male,1,6,Grocery,3,Divorced,21,0,23,10,10,14,232.8
52842,0,27,Mobile Phone,2,105,Cash on Delivery,Female,1,4,Others,2,Divorced,13,0,12,9,8,10,89.94
52843,1,22,Computer,2,93,Cash on Delivery,Female,0,3,Grocery,1,Single,14,0,14,4,3,29,296.23
52844,1,44,Phone,2,12,Cash on Delivery,Male,3,4,Laptop & Accessory,3,Divorced,3,0,19,1,,9,11.43
52845,0,60,Mobile Phone,1,38,Cash on Delivery,Male,5,6,Fashion,4,Married,16,0,14,11,14,22,193.6
52846,0,39,Phone,1,107,E wallet,Female,3,6,Others,1,Divorced,14,0,23,16,8,17,264.01
52847,0,43,Phone,1,53,Credit Card,Female,2,6,Mobile Phone,4,Married,15,0,18,4,10,8,281.54
52848,0,21,Phone,1,100,E wallet,Female,3,5,Grocery,5,Single,3,0,13,15,8,8,103.85
52849,0,,Mobile Phone,2,62,E wallet,Male,1,2,Others,5,Divorced,2,1,23,7,,5,149.42
52850,0,50,Computer,2,79,UPI,Male,4,4,Grocery,4,Married,3,1,25,3,14,15,11.34
52851,0,57,Mobile Phone,1,51,Credit Card,Male,0,1,Grocery,5,Single,9,0,15,3,,,256.67
52852,0,25,Phone,1,29,Debit Card,Male,5,4,Others,5,Married,8,0,12,3,4,1,40.49
52853,0,29,Mobile Phone,3,7,Debit Card,Female,1,4,Laptop & Accessory,2,Divorced,19,1,24,,7,,139.13
52854,1,32,Mobile Phone,2,49,Credit Card,Male,5,2,Mobile Phone,4,Married,20,0,19,9,10,25,322.01
52855,0,15,Phone,3,118,Debit Card,Female,,3,Grocery,4,Single,21,0,19,0,15,8,298.26
52856,0,21,Phone,1,56,Credit Card,Male,5,4,Laptop & Accessory,3,Single,20,0,24,14,8,4,107.26
52857,0,48,Mobile Phone,2,100,UPI,Female,3,4,Grocery,2,Divorced,15,0,20,9,10,27,72.76
52858,0,56,Mobile Phone,2,120,UPI,Male,0,6,Grocery,1,Single,12,1,17,15,15,29,81.8
52859,0,49,Mobile Phone,3,103,E wallet,Female,1,5,Laptop & Accessory,2,Divorced,14,0,12,3,13,16,222.56
52860,0,42,Mobile Phone,1,100,Debit Card,Female,4,2,Grocery,1,Single,18,1,14,10,5,38,235.88
52861,1,17,Computer,1,38,Credit Card,Male,1,5,Mobile Phone,4,Divorced,2,0,25,7,14,18,70.36
52862,0,6,Mobile Phone,1,105,UPI,Female,2,6,Others,2,Single,21,0,16,0,9,5,78
52863,1,49,Computer,3,120,E wallet,Female,0,4,Laptop & Accessory,3,Divorced,11,0,19,1,15,3,105.1
52864,0,25,Phone,3,73,Debit Card,Female,1,4,Fashion,5,Married,1,1,,16,9,43,140.78
52865,0,7,Computer,3,113,Debit Card,Male,3,1,Grocery,1,Married,19,1,16,9,3,37,298.18
52866,0,5,Phone,3,96,Debit Card,Male,3,5,Others,5,Divorced,14,0,14,7,3,13,8.62
52867,0,29,Computer,1,,UPI,Male,5,6,Mobile Phone,4,Single,9,0,11,8,13,15,207.41
52868,0,38,Phone,1,12,UPI,Male,1,2,Mobile Phone,4,Single,3,0,25,9,8,36,280.05
52869,0,22,Mobile Phone,1,31,Debit Card,Female,5,4,Fashion,4,Divorced,14,0,17,4,13,31,235.09
52870,0,31,Computer,1,84,UPI,Female,2,1,Mobile Phone,5,Single,20,1,17,8,7,30,70.44
52871,1,21,Computer,3,67,Debit Card,Male,0,1,Others,4,Divorced,3,0,16,10,9,4,154.94
52872,1,41,Phone,3,86,Cash on Delivery,Female,2,3,Fashion,4,Married,4,0,,0,13,16,295.84
52873,1,42,Phone,1,29,UPI,Male,4,2,Laptop & Accessory,5,Divorced,2,0,15,15,2,3,37.61
52874,0,56,Computer,2,62,Credit Card,Male,5,1,Fashion,4,Single,2,0,17,9,15,42,320.94
52875,0,44,Phone,3,52,UPI,Female,1,2,Laptop & Accessory,1,Single,15,1,16,0,16,23,46.68
52876,0,8,Mobile Phone,1,5,Debit Card,Male,5,4,Mobile Phone,2,Divorced,21,1,17,5,2,,46.29
52877,0,30,Computer,1,12,Credit Card,Female,2,3,Others,1,Divorced,21,1,15,0,7,29,264.18
52878,0,6,Mobile Phone,1,25,E wallet,Male,4,6,Grocery,4,Divorced,13,0,22,,13,43,269.21
52879,0,8,Computer,1,102,Credit Card,Male,2,2,Fashion,4,Divorced,20,0,11,12,,10,12.32
52880,0,12,Mobile Phone,2,92,Credit Card,Male,4,6,Mobile Phone,4,Married,11,1,20,11,3,26,54.7
52881,0,57,Computer,1,105,UPI,Female,3,3,Others,4,Single,14,0,21,13,1,8,308.27
52882,1,2,Phone,1,94,Credit Card,Male,3,6,Grocery,5,Single,17,1,15,16,10,23,90.79
52883,0,34,Computer,3,115,Credit Card,Female,1,2,Fashion,2,Divorced,15,0,12,15,7,19,3.98
52884,0,32,Mobile Phone,2,82,Debit Card,Male,2,6,Others,5,Divorced,14,0,20,12,14,12,82.56
52885,0,20,Computer,1,126,UPI,Male,3,2,Mobile Phone,5,Divorced,19,1,20,3,11,27,239.02
52886,1,30,Mobile Phone,3,33,Debit Card,Female,5,5,Fashion,4,Married,2,0,12,14,6,30,297.85
52887,0,51,Mobile Phone,1,34,UPI,Female,0,3,Fashion,1,Married,4,0,14,8,13,31,50.43
52888,0,33,Mobile Phone,1,7,E wallet,Female,5,2,Laptop & Accessory,1,Divorced,8,0,24,16,15,34,72.93
52889,0,31,Phone,3,11,Credit Card,Female,3,5,Laptop & Accessory,3,Single,12,0,16,10,14,36,143.5
52890,1,56,Computer,1,104,UPI,Female,3,5,Fashion,2,Married,13,0,15,6,1,18,243.2
52891,0,34,Mobile Phone,2,15,Credit Card,Female,2,3,Others,3,Single,18,0,17,6,9,6,214.08
52892,0,14,Phone,1,36,Credit Card,Male,4,4,Mobile Phone,5,Married,17,0,,3,11,2,106.45
52893,0,55,Mobile Phone,1,63,Cash on Delivery,Female,0,3,Grocery,3,Divorced,13,0,25,7,11,39,21.56
52894,0,31,Computer,2,126,Debit Card,Male,0,2,Laptop & Accessory,3,Divorced,12,1,18,13,11,29,82.21
52895,0,5,Phone,1,16,UPI,Male,4,4,Mobile Phone,3,Single,7,1,20,3,6,30,71.36
52896,1,44,Mobile Phone,2,83,E wallet,Male,2,3,Fashion,2,Divorced,16,1,11,16,13,44,6.84
52897,0,20,Mobile Phone,2,42,Cash on Delivery,Female,3,3,Mobile Phone,1,Single,14,0,23,14,5,39,316.89
52898,0,32,Mobile Phone,3,126,Debit Card,Male,4,3,Mobile Phone,1,Divorced,5,0,25,4,3,8,83
52899,0,31,Computer,2,28,E wallet,Male,0,3,Mobile Phone,3,Divorced,11,1,18,14,13,33,271.87
52900,0,51,Phone,1,69,E wallet,Male,0,4,Fashion,2,Single,21,0,24,3,9,,157.58
52901,0,18,Phone,3,22,Credit Card,Female,3,2,Laptop & Accessory,1,Divorced,21,0,13,3,7,26,315.99
52902,0,32,Phone,2,50,Debit Card,Male,3,5,Grocery,4,Married,8,0,20,11,4,26,48.6
52903,0,27,Mobile Phone,2,60,Cash on Delivery,Female,1,3,Others,1,Divorced,9,0,22,0,13,32,35.97
52904,0,30,Phone,3,67,UPI,Male,5,5,Laptop & Accessory,1,Single,18,1,24,3,1,44,0.8
52905,0,20,Mobile Phone,2,,UPI,Female,4,5,Grocery,2,Divorced,8,1,20,14,12,44,233.5
52906,0,53,Computer,1,110,Cash on Delivery,Female,,5,Fashion,2,Married,7,1,12,5,4,42,99.57
52907,1,33,Phone,2,109,Credit Card,Male,1,3,Grocery,1,Divorced,8,0,24,1,3,41,282.87
52908,0,14,Mobile Phone,1,70,Credit Card,Male,2,3,Fashion,4,Divorced,15,0,12,1,6,5,205.99
52909,0,13,Phone,1,44,E wallet,Female,0,6,Grocery,4,Married,19,1,15,1,11,26,187.67
52910,0,,Phone,2,58,Debit Card,Female,4,3,Laptop & Accessory,3,Divorced,4,0,23,10,1,31,158.24
52911,0,42,Computer,1,35,E wallet,Female,5,3,Fashion,3,Divorced,7,0,12,7,11,37,83.91
52912,0,14,Phone,1,101,UPI,Male,2,1,Mobile Phone,1,Single,21,1,14,16,15,21,21.02
52913,0,5,Computer,1,56,Cash on Delivery,Male,4,2,Fashion,1,Single,4,0,13,11,4,12,144.16
52914,1,51,Phone,2,98,Debit Card,Male,4,1,Fashion,1,Single,15,0,25,3,1,31,32.21
52915,0,8,Phone,1,,Cash on Delivery,Male,3,6,Grocery,4,Single,2,0,18,0,1,26,294.36
52916,0,36,Phone,2,38,Debit Card,Male,1,4,Fashion,5,Married,12,1,19,9,6,43,269.53
52917,0,19,Phone,1,11,UPI,Female,4,1,Grocery,3,Single,6,1,21,6,6,39,201.42
52918,1,33,Phone,1,93,UPI,Female,5,1,Laptop & Accessory,3,Single,6,0,24,15,16,29,147.04
52919,0,37,Phone,1,20,Debit Card,Female,,1,Fashion,5,Divorced,14,0,22,16,9,34,147.61
52920,0,25,Computer,2,26,Credit Card,Female,5,2,Mobile Phone,1,Married,6,0,,5,14,12,150.97
52921,0,17,Computer,1,104,Debit Card,Female,4,5,Mobile Phone,3,Married,1,0,24,0,14,0,242.28
52922,0,27,Mobile Phone,3,57,UPI,Female,5,4,Laptop & Accessory,4,Single,6,0,24,10,11,41,41.02
52923,0,60,Phone,3,95,Cash on Delivery,Male,5,4,Mobile Phone,5,Divorced,18,0,16,12,7,26,172.67
52924,0,54,Computer,3,21,E wallet,Female,1,2,Grocery,4,Married,21,0,,12,6,21,264.12
52925,0,50,Phone,3,8,Cash on Delivery,Male,0,6,Fashion,1,Married,16,0,21,8,3,42,165.79
52926,1,8,Phone,1,65,UPI,Male,4,1,Others,3,Single,1,1,21,2,3,23,4.47
52927,0,,Computer,2,126,Cash on Delivery,Male,2,5,Fashion,4,Single,21,1,,1,5,22,79.52
52928,1,58,Phone,2,103,Credit Card,Male,0,3,Fashion,5,Single,19,0,12,0,,34,217.29
52929,0,52,Computer,2,109,Credit Card,Female,5,2,Others,1,Divorced,18,0,21,,6,8,303.61
52930,0,55,Computer,3,90,Debit Card,Female,0,6,Mobile Phone,3,Single,2,1,18,,8,26,290.47
52931,0,58,Mobile Phone,2,115,Cash on Delivery,Male,,5,Mobile Phone,3,Married,19,1,25,1,8,6,267.38
52932,0,5,Mobile Phone,3,56,Cash on Delivery,Male,3,6,Fashion,1,Married,17,0,24,3,13,23,308.8
52933,0,13,Mobile Phone,1,39,UPI,Female,4,2,Mobile Phone,1,Single,18,0,13,15,13,15,90.97
52934,0,,Mobile Phone,3,48,Debit Card,Female,2,2,Grocery,1,Married,4,0,,7,1,22,4.03
52935,0,57,Phone,2,19,Debit Card,Female,3,3,Grocery,4,Divorced,18,1,14,11,3,6,115.17
52936,0,23,Phone,2,65,Cash on Delivery,Male,5,6,Others,2,Single,5,1,23,4,5,39,187.53
52937,0,60,Mobile Phone,1,120,E wallet,Female,1,5,Fashion,3,Married,12,0,12,2,16,21,102.85
52938,0,12,Computer,2,108,Cash on Delivery,Female,1,6,Grocery,4,Married,15,1,13,0,9,,14.37
52939,1,42,Computer,3,48,Cash on Delivery,Male,5,6,Laptop & Accessory,5,Single,15,0,19,13,4,19,164.84
52940,0,11,Computer,1,25,Cash on Delivery,Male,,1,Mobile Phone,3,Married,3,0,17,15,16,36,64.9
52941,0,50,Computer,2,81,Credit Card,Female,5,6,Fashion,2,Married,21,0,21,8,5,5,236.46
52942,0,18,Phone,1,51,Debit Card,Male,,5,Grocery,5,Single,3,0,25,4,1,30,28.99
52943,0,20,Computer,3,79,Credit Card,Male,0,5,Others,3,Divorced,11,1,11,3,7,26,311.39
52944,0,26,Computer,1,53,E wallet,Male,1,1,Grocery,2,Married,20,1,20,5,2,40,284.92
52945,0,57,Mobile Phone,1,57,UPI,Male,3,3,Laptop & Accessory,1,Divorced,21,0,15,11,13,36,284
52946,0,18,Computer,1,124,E wallet,Male,5,5,Grocery,2,Divorced,14,0,15,13,16,8,256.71
52947,0,23,Phone,2,31,Debit Card,Female,3,6,Fashion,3,Divorced,7,0,19,13,12,24,205.92
52948,0,25,Computer,1,35,UPI,Female,4,6,Others,2,Divorced,18,0,22,5,1,41,17.36
52949,0,44,Computer,2,48,E wallet,Female,2,1,Others,3,Divorced,6,1,11,4,14,37,215.29
52950,1,27,Phone,3,36,Debit Card,Female,1,2,Laptop & Accessory,3,Married,6,0,11,1,14,32,242.75
52951,0,45,Mobile Phone,3,120,E wallet,Female,0,2,Fashion,2,Married,11,0,24,2,13,12,42.52
52952,0,55,Phone,1,34,UPI,Male,2,1,Laptop & Accessory,2,Divorced,3,0,20,,13,36,200.12
52953,0,17,Mobile Phone,3,22,UPI,Female,0,2,Laptop & Accessory,5,Single,21,0,17,6,2,26,155.63
52954,0,43,Computer,2,,E wallet,Female,2,5,Laptop & Accessory,5,Divorced,14,1,17,11,8,18,153.54
52955,1,35,Mobile Phone,1,20,Credit Card,Male,2,1,Grocery,4,Single,12,0,21,12,1,15,64.83
52956,0,41,Mobile Phone,1,39,E wallet,Female,3,6,Mobile Phone,3,Married,14,0,25,0,15,13,240.32
52957,0,28,Mobile Phone,1,66,E wallet,Female,4,5,Grocery,5,Single,15,0,18,0,1,45,300.67
52958,1,16,Computer,3,13,E wallet,Female,4,4,Fashion,4,Married,9,0,14,0,1,3,256.04
52959,0,3,Mobile Phone,1,66,Credit Card,Female,0,3,Laptop & Accessory,3,Single,19,0,24,6,11,38,119.94
52960,0,43,Mobile Phone,1,43,Cash on Delivery,Male,1,6,Laptop & Accessory,4,Divorced,12,0,17,8,14,21,319.86
52961,0,44,Computer,2,55,UPI,Male,4,6,Mobile Phone,5,Married,7,0,16,0,2,36,118.36
52962,0,60,Phone,2,105,Debit Card,Male,1,3,Others,4,Single,17,1,25,14,14,0,76.19
52963,0,58,Phone,2,119,UPI,Male,0,3,Laptop & Accessory,2,Divorced,14,0,11,11,1,20,314.63
52964,1,28,Phone,2,14,UPI,Female,1,1,Grocery,4,Single,15,0,12,3,2,29,256.69
52965,1,,Computer,1,56,Cash on Delivery,Female,2,4,Laptop & Accessory,1,Single,14,1,18,9,,26,247.4
52966,0,9,Computer,3,16,UPI,Female,2,3,Fashion,1,Single,19,1,16,4,7,45,25.17
52967,0,24,Phone,1,76,UPI,Female,0,5,Mobile Phone,4,Married,19,0,17,1,1,33,62.41
52968,0,30,Mobile Phone,2,66,Credit Card,Female,1,6,Others,1,Married,14,1,,6,10,28,6.02
52969,1,2,Phone,2,7,Credit Card,Female,1,3,Fashion,4,Divorced,8,0,22,5,2,3,252.41
52970,0,46,Computer,1,87,Credit Card,Female,0,4,Grocery,4,Single,13,0,25,15,3,6,90.43
52971,0,1,Mobile Phone,3,15,Credit Card,Male,4,5,Fashion,4,Single,4,0,15,14,2,32,42.97
52972,0,56,Mobile Phone,1,12,Credit Card,Male,3,5,Laptop & Accessory,1,Married,12,0,15,8,3,11,59.11
52973,0,,Computer,1,94,Debit Card,Male,4,1,Mobile Phone,3,Married,1,0,,6,13,32,208.37
52974,0,48,Mobile Phone,3,113,Cash on Delivery,Male,5,1,Laptop & Accessory,4,Single,5,0,14,9,7,45,140.74
52975,0,5,Phone,2,126,E wallet,Male,3,2,Mobile Phone,4,Single,4,1,21,1,2,23,305.95
52976,0,25,Computer,2,27,Credit Card,Male,1,4,Grocery,2,Single,16,0,12,2,3,37,118.91
52977,1,7,Computer,2,123,Cash on Delivery,Male,3,5,Fashion,2,Married,19,0,17,2,6,0,271.01
52978,0,34,Computer,3,14,E wallet,Female,3,4,Mobile Phone,5,Single,20,1,24,7,4,33,177.6
52979,0,26,Computer,1,22,UPI,Female,1,3,Fashion,1,Single,19,0,24,4,1,16,229.24
52980,1,24,Mobile Phone,1,80,UPI,Female,2,6,Mobile Phone,3,Married,3,0,25,11,8,39,54.81
52981,0,17,Computer,1,43,Cash on Delivery,Female,3,3,Laptop & Accessory,4,Married,16,1,21,10,7,21,243.42
52982,0,53,Computer,1,30,Debit Card,Male,0,6,Mobile Phone,4,Married,7,0,19,3,8,,27.84
52983,0,0,Mobile Phone,2,15,Debit Card,Male,4,2,Mobile Phone,1,Married,5,0,21,3,9,14,224.61
52984,0,,Computer,1,14,Cash on Delivery,Male,1,5,Others,5,Single,21,0,12,0,9,14,151.29
52985,0,47,Mobile Phone,1,7,Debit Card,Male,1,6,Grocery,5,Married,20,0,14,6,3,22,74.27
52986,1,38,Mobile Phone,1,66,Debit Card,Female,3,5,Laptop & Accessory,2,Married,1,0,21,1,16,11,156.13
52987,0,2,Computer,2,75,UPI,Female,2,6,Laptop & Accessory,1,Single,11,0,25,0,15,26,278.1
52988,0,54,Phone,3,65,Debit Card,Female,2,2,Fashion,5,Divorced,21,1,18,16,11,39,50.28
52989,0,3,Computer,1,8,Debit Card,Female,4,3,Mobile Phone,5,Single,17,0,19,10,9,8,55.13
52990,1,40,Phone,2,65,Cash on Delivery,Male,4,5,Mobile Phone,3,Single,12,0,14,4,11,44,173.55
52991,0,36,Mobile Phone,1,,Debit Card,Male,2,6,Mobile Phone,2,Single,18,0,18,5,6,28,203.21
52992,0,50,Phone,2,12,Credit Card,Female,5,4,Laptop & Accessory,2,Single,2,0,17,5,10,36,136.56
52993,0,14,Computer,1,106,Credit Card,Female,2,5,Others,2,Single,10,1,23,16,10,20,86.58
52994,0,7,Computer,1,17,Cash on Delivery,Female,2,6,Fashion,5,Single,19,0,15,9,2,0,21.84
52995,0,37,Phone,2,16,Credit Card,Female,3,6,Mobile Phone,4,Single,16,1,14,9,13,11,16.18
52996,1,49,Computer,3,39,UPI,Female,0,3,Others,5,Divorced,8,0,16,8,1,0,13.27
52997,0,18,Phone,1,106,Cash on Delivery,Female,4,5,Grocery,5,Single,2,0,16,12,4,26,292.92
52998,0,55,Mobile Phone,2,58,Debit Card,Male,5,5,Laptop & Accessory,1,Single,5,0,12,7,,23,42.69
52999,0,46,Phone,2,55,Credit Card,Male,5,1,Grocery,2,Single,4,0,13,10,,23,95.92
53000,1,25,Phone,3,47,UPI,Female,1,6,Laptop & Accessory,2,Single,21,0,21,6,1,33,320.41
53001,0,38,Phone,1,104,Cash on Delivery,Male,2,5,Fashion,3,Single,4,1,16,6,,38,301.43
53002,0,9,Phone,1,115,Cash on Delivery,Male,2,6,Grocery,2,Divorced,1,1,14,2,2,34,13.93
53003,0,37,Mobile Phone,3,70,Debit Card,Male,0,2,Fashion,5,Married,15,0,13,15,7,45,179.16
53004,0,13,Mobile Phone,1,,E wallet,Female,2,2,Fashion,1,Married,13,0,23,12,13,9,205.89
53005,0,48,Mobile Phone,1,53,Credit Card,Male,4,4,Fashion,3,Single,17,1,14,11,5,23,17.59
53006,1,40,Phone,1,38,UPI,Male,5,5,Grocery,5,Divorced,6,1,16,12,16,26,236.64
53007,1,18,Mobile Phone,3,43,Cash on Delivery,Male,2,4,Grocery,5,Divorced,20,0,25,,15,6,321.06
53008,0,29,Computer,1,30,Credit Card,Male,0,3,Grocery,3,Divorced,13,1,13,2,5,13,139.55
53009,0,4,Mobile Phone,3,116,UPI,Male,3,6,Mobile Phone,5,Married,21,0,11,1,10,34,146.06
53010,0,54,Phone,1,73,UPI,Male,4,3,Fashion,5,Married,12,0,24,6,15,42,214.29
53011,0,30,Computer,1,52,Cash on Delivery,Male,3,1,Mobile Phone,1,Divorced,12,1,16,1,13,14,239.38
53012,0,6,Phone,1,93,Credit Card,Female,1,1,Laptop & Accessory,1,Married,20,0,25,5,13,43,256.68
53013,0,18,Computer,1,55,UPI,Male,0,5,Grocery,1,Married,10,0,,12,,31,25.21
53014,0,30,Phone,2,102,Cash on Delivery,Male,1,5,Others,2,Single,2,0,19,10,4,36,260.22
53015,0,51,Phone,2,115,Credit Card,Male,1,4,Laptop & Accessory,3,Single,15,0,16,4,1,8,280.82
53016,0,57,Computer,1,8,Credit Card,Female,5,4,Fashion,1,Single,19,0,11,6,8,38,14.7
53017,0,38,Mobile Phone,1,102,Cash on Delivery,Male,1,5,Fashion,5,Divorced,21,0,21,10,12,32,12.72
53018,0,23,Computer,2,31,Credit Card,Female,1,5,Mobile Phone,2,Single,4,0,14,6,1,32,179.04
53019,0,33,Computer,3,123,E wallet,Male,0,1,Grocery,3,Divorced,21,0,15,7,10,37,161.46
53020,0,56,Computer,2,46,UPI,Female,3,1,Grocery,1,Single,14,0,22,3,12,31,318.53
53021,0,22,Computer,3,122,UPI,Female,2,1,Laptop & Accessory,1,Divorced,1,1,,9,3,,95.68
53022,0,47,Computer,1,60,Credit Card,Female,1,5,Laptop & Accessory,3,Married,1,1,13,14,16,4,191.81
53023,0,44,Phone,3,97,Cash on Delivery,Male,5,4,Laptop & Accessory,1,Divorced,18,0,21,14,2,42,164.67
53024,0,39,Phone,1,73,Debit Card,Female,2,2,Others,3,Married,15,0,23,9,2,10,174.11
53025,0,5,Mobile Phone,1,22,Credit Card,Male,5,2,Others,3,Single,11,0,19,1,9,28,214.39
53026,0,37,Mobile Phone,3,65,Debit Card,Male,2,4,Fashion,5,Married,18,0,19,15,9,,174.72
53027,1,40,Computer,3,8,Credit Card,Male,,4,Fashion,3,Married,10,0,25,4,5,7,2.26
53028,0,35,Mobile Phone,2,5,Debit Card,Female,4,4,Fashion,4,Single,4,0,22,16,11,26,274.21
53029,0,26,Mobile Phone,1,54,Credit Card,Male,2,1,Grocery,1,Divorced,14,1,20,2,14,45,65.38
53030,0,10,Computer,1,88,Cash on Delivery,Female,4,3,Fashion,5,Divorced,18,1,21,7,2,40,75.13
53031,0,4,Phone,1,74,Debit Card,Male,3,5,Mobile Phone,2,Divorced,1,0,15,10,10,42,210.59
53032,0,56,Phone,3,24,E wallet,Male,2,1,Laptop & Accessory,4,Single,7,0,14,4,7,42,155.27
53033,0,16,Mobile Phone,1,24,Cash on Delivery,Male,0,2,Grocery,3,Divorced,4,1,17,16,8,11,186.71
53034,0,,Phone,3,50,Credit Card,Male,5,5,Others,2,Married,4,0,23,3,12,6,161.69
53035,0,6,Phone,1,31,Debit Card,Male,3,4,Laptop & Accessory,2,Single,18,0,19,7,9,34,135.81
53036,0,26,Mobile Phone,3,30,UPI,Male,3,6,Fashion,2,Divorced,9,0,16,1,4,43,157.07
53037,0,46,Computer,3,36,Cash on Delivery,Male,4,2,Others,2,Married,2,0,17,15,1,5,45.85
53038,1,56,Mobile Phone,1,14,Debit Card,Female,1,4,Others,5,Married,5,1,11,,7,18,315.02
53039,0,14,Mobile Phone,1,86,Cash on Delivery,Male,5,6,Others,5,Divorced,6,0,14,16,7,35,186.79
53040,0,45,Mobile Phone,3,109,Debit Card,Male,0,4,Laptop & Accessory,2,Single,3,0,25,9,16,41,93.22
53041,0,12,Computer,2,16,UPI,Female,0,4,Grocery,4,Married,19,1,12,12,1,39,231.67
53042,1,10,Computer,2,78,E wallet,Female,4,5,Laptop & Accessory,1,Married,21,1,11,16,4,41,286.03
53043,0,59,Computer,2,,UPI,Female,4,2,Mobile Phone,1,Married,5,0,23,11,4,15,96.35
53044,0,44,Computer,1,28,Credit Card,Male,3,2,Fashion,5,Married,21,0,21,,12,10,105.47
53045,0,25,Mobile Phone,3,121,Cash on Delivery,Female,4,4,Grocery,4,Divorced,9,0,17,14,14,35,142.53
53046,0,21,Phone,1,55,E wallet,Male,1,1,Grocery,4,Single,20,1,21,9,1,27,70.62
53047,0,27,Mobile Phone,3,42,Cash on Delivery,Female,3,3,Fashion,3,Married,6,0,20,16,7,44,263.18
53048,0,23,Computer,1,50,Debit Card,Male,3,6,Mobile Phone,5,Married,5,1,14,6,3,22,189.86
53049,0,28,Phone,2,93,Credit Card,Female,3,1,Others,4,Married,6,1,12,13,12,34,18.54
53050,0,8,Mobile Phone,1,12,Credit Card,Male,0,5,Fashion,4,Single,15,0,15,12,1,34,323.93
53051,0,41,Phone,1,,Cash on Delivery,Male,5,6,Others,1,Married,11,1,17,1,16,16,186.87
53052,0,3,Computer,1,82,Credit Card,Male,5,3,Fashion,4,Single,18,0,12,15,12,38,289.23
53053,0,48,Phone,2,111,Cash on Delivery,Female,0,1,Laptop & Accessory,4,Single,19,1,17,16,16,42,163.03
53054,0,45,Phone,2,35,Debit Card,Female,3,6,Mobile Phone,2,Single,12,0,13,5,,3,189.3
53055,0,55,Computer,3,92,Debit Card,Female,1,2,Mobile Phone,1,Single,12,0,24,0,7,6,147.7
53056,1,17,Phone,1,20,Cash on Delivery,Female,2,1,Fashion,1,Divorced,7,1,18,5,3,17,137.4
53057,0,42,Mobile Phone,2,24,UPI,Female,3,4,Mobile Phone,2,Divorced,16,1,17,0,16,43,70.95
53058,0,15,Phone,2,42,UPI,Male,4,5,Others,1,Divorced,12,0,11,9,3,22,312.69
53059,0,32,Mobile Phone,1,115,Debit Card,Female,5,1,Mobile Phone,3,Married,21,1,19,7,,27,59.08
53060,1,28,Phone,1,19,E wallet,Male,2,6,Mobile Phone,3,Single,4,1,25,15,13,,171.08
53061,0,38,Phone,1,82,UPI,Male,0,1,Mobile Phone,5,Single,10,1,16,11,3,41,28.31
53062,0,59,Computer,1,121,Cash on Delivery,Male,0,6,Grocery,1,Divorced,17,0,22,,16,35,322.85
53063,0,9,Computer,1,80,Debit Card,Male,2,3,Fashion,1,Divorced,15,0,,7,4,37,180.59
53064,0,8,Mobile Phone,2,38,Credit Card,Female,5,4,Laptop & Accessory,3,Single,8,0,23,14,5,18,264.74
53065,0,58,Computer,1,76,Credit Card,Female,5,3,Laptop & Accessory,5,Divorced,14,0,14,4,14,43,182.95
53066,0,30,Computer,2,23,UPI,Female,4,5,Grocery,5,Married,18,0,25,16,1,20,261.62
53067,0,27,Computer,3,114,E wallet,Female,0,5,Grocery,3,Married,8,1,16,13,3,34,173.68
53068,1,59,Computer,2,73,UPI,Female,0,6,Laptop & Accessory,3,Married,14,0,12,14,12,1,144.62
53069,0,56,Computer,2,124,E wallet,Female,3,4,Others,2,Single,16,0,12,7,14,16,148.17
53070,0,2,Mobile Phone,1,95,UPI,Male,1,3,Laptop & Accessory,5,Divorced,19,0,18,3,1,10,0.76
53071,0,53,Mobile Phone,3,67,Credit Card,Female,4,4,Laptop & Accessory,5,Married,7,0,20,6,3,12,120.46
53072,0,54,Computer,1,109,E wallet,Male,3,3,Fashion,2,Married,17,0,15,6,3,40,309.38
53073,0,13,Computer,2,81,Credit Card,Male,1,6,Laptop & Accessory,3,Married,5,0,17,4,4,27,219.56
53074,0,57,Mobile Phone,3,36,Cash on Delivery,Male,0,6,Laptop & Accessory,2,Married,13,1,11,9,12,,298.78
53075,0,24,Phone,2,99,Cash on Delivery,Male,1,6,Mobile Phone,2,Married,18,0,16,4,10,44,65.09
53076,1,14,Mobile Phone,2,109,Debit Card,Female,0,2,Grocery,4,Divorced,18,1,21,3,12,23,159.63
53077,1,1,Phone,1,114,Credit Card,Female,5,4,Laptop & Accessory,5,Married,19,0,21,,1,44,11.21
53078,0,,Computer,1,41,Credit Card,Male,3,5,Laptop & Accessory,3,Married,18,0,20,5,,33,220.04
53079,0,13,Computer,2,70,Debit Card,Female,0,3,Others,4,Married,20,1,17,14,12,36,254.81
53080,1,47,Mobile Phone,1,11,Cash on Delivery,Male,1,2,Laptop & Accessory,4,Single,20,0,20,10,4,13,243.04
53081,0,6,Computer,2,52,Cash on Delivery,Male,3,5,Fashion,4,Divorced,17,0,17,6,13,5,28.2
53082,1,35,Phone,1,15,E wallet,Male,,3,Others,3,Married,4,0,20,4,5,40,80.45
53083,0,49,Phone,3,79,E wallet,Male,1,2,Laptop & Accessory,2,Divorced,17,0,23,3,6,43,213.14
53084,0,23,Mobile Phone,1,91,Cash on Delivery,Female,2,5,Fashion,3,Married,19,0,13,0,3,21,246.67
53085,0,26,Phone,2,35,UPI,Male,0,5,Grocery,5,Single,8,0,22,15,15,19,89.12
53086,0,36,Mobile Phone,2,48,Credit Card,Female,0,2,Laptop & Accessory,5,Single,20,0,19,11,3,22,132.03
53087,0,37,Mobile Phone,1,49,E wallet,Male,1,5,Grocery,2,Single,1,0,22,1,13,43,114.16
53088,0,29,Phone,1,76,UPI,Female,5,3,Laptop & Accessory,3,Single,7,0,19,12,5,31,1.48
53089,0,26,Phone,1,60,E wallet,Female,0,3,Others,2,Married,8,1,15,11,5,21,187.37
53090,0,38,Phone,1,,Debit Card,Female,4,5,Others,2,Divorced,5,0,19,3,9,38,217.46
53091,0,14,Phone,1,116,Credit Card,Male,5,1,Fashion,3,Married,9,0,23,3,7,22,89.84
53092,1,25,Phone,1,25,E wallet,Male,5,6,Mobile Phone,5,Single,7,0,21,12,15,19,223.53
53093,0,0,Phone,2,35,Cash on Delivery,Female,5,2,Fashion,3,Single,4,1,,2,6,36,78.89
53094,1,55,Phone,1,5,Debit Card,Female,0,1,Laptop & Accessory,5,Married,8,1,17,16,2,42,232.55
53095,0,3,Computer,3,81,Debit Card,Male,5,3,Grocery,1,Married,2,0,19,6,9,45,148.59
53096,0,,Mobile Phone,2,15,Cash on Delivery,Female,5,5,Grocery,1,Divorced,5,1,12,12,10,38,283.38
53097,1,56,Mobile Phone,1,97,Debit Card,Female,3,4,Laptop & Accessory,1,Divorced,3,0,20,14,15,42,177.04
53098,0,0,Phone,1,72,Credit Card,Female,0,4,Mobile Phone,4,Divorced,5,0,25,13,15,33,60.01
53099,0,42,Mobile Phone,3,40,E wallet,Male,5,6,Mobile Phone,5,Divorced,1,0,15,15,3,16,267.15
53100,0,49,Phone,1,83,Debit Card,Male,4,1,Mobile Phone,5,Single,7,0,18,16,7,14,252.75
53101,0,45,Computer,2,,Credit Card,Male,,1,Laptop & Accessory,3,Single,10,0,18,15,8,20,27.37
53102,0,21,Mobile Phone,2,71,Cash on Delivery,Male,1,1,Others,5,Divorced,16,0,13,15,13,0,15.61
53103,1,10,Mobile Phone,1,60,E wallet,Male,0,3,Others,3,Divorced,1,0,15,0,9,44,44.29
53104,0,9,Computer,3,55,Cash on Delivery,Male,3,6,Laptop & Accessory,4,Single,17,0,22,,16,37,274.73
53105,0,58,Computer,1,33,E wallet,Female,4,6,Others,3,Single,4,0,14,,14,33,104.12
53106,0,16,Computer,1,89,Debit Card,Female,2,3,Mobile Phone,1,Single,16,0,14,8,5,28,164.04
53107,0,35,Mobile Phone,3,6,Debit Card,Female,1,6,Others,3,Divorced,9,1,12,4,6,1,195.96
53108,0,55,Mobile Phone,2,10,E wallet,Female,1,5,Laptop & Accessory,3,Divorced,8,0,16,,15,19,241.63
53109,0,46,Computer,3,35,Credit Card,Female,1,3,Others,3,Single,19,0,22,5,6,41,269.74
53110,0,25,Computer,2,58,Credit Card,Female,,5,Others,5,Single,17,0,11,2,5,43,167.66
53111,0,47,Computer,2,92,Credit Card,Male,0,5,Others,2,Married,10,0,18,1,13,12,135.12
53112,0,20,Computer,3,44,UPI,Female,0,1,Others,2,Married,17,0,22,5,7,7,63.68
53113,0,12,Computer,1,21,Credit Card,Female,5,4,Laptop & Accessory,2,Single,21,0,20,9,1,22,197.44
53114,0,8,Phone,2,9,Debit Card,Male,5,1,Fashion,5,Single,16,0,19,13,15,10,178.71
53115,0,10,Computer,2,6,UPI,Male,0,3,Others,1,Married,9,1,21,1,5,22,94.63
53116,1,10,Phone,1,62,Credit Card,Female,5,2,Fashion,2,Divorced,5,1,15,3,11,35,145.02
53117,0,5,Mobile Phone,2,16,Debit Card,Female,0,3,Laptop & Accessory,2,Single,2,1,23,14,10,27,240.39
53118,0,0,Mobile Phone,1,9,UPI,Female,1,4,Grocery,4,Single,14,1,16,5,6,16,203.8
53119,0,53,Phone,2,110,Debit Card,Male,2,3,Fashion,4,Single,17,0,11,5,12,7,156.57
53120,0,5,Computer,2,64,E wallet,Male,1,4,Laptop & Accessory,1,Divorced,13,1,,,3,0,88.5
53121,0,12,Mobile Phone,3,45,Debit Card,Male,5,2,Grocery,3,Married,13,0,11,3,2,28,217.1
53122,0,21,Computer,1,24,UPI,Male,2,2,Others,3,Divorced,13,1,24,0,4,2,203.99
53123,0,55,Computer,2,76,Credit Card,Female,2,6,Laptop & Accessory,4,Divorced,18,1,15,3,13,12,148.93
53124,0,30,Phone,1,5,UPI,Female,0,5,Mobile Phone,4,Single,1,0,23,2,3,32,77.52
53125,0,21,Mobile Phone,2,60,Credit Card,Female,3,3,Grocery,1,Single,21,1,19,12,6,22,56.83
53126,0,36,Mobile Phone,2,74,Credit Card,Male,4,5,Mobile Phone,1,Married,4,0,15,14,6,22,110.3
53127,0,46,Phone,2,60,Cash on Delivery,Male,3,1,Others,5,Divorced,21,0,25,0,4,33,295.33
53128,0,26,Computer,3,58,E wallet,Female,2,1,Others,3,Married,5,0,,15,,25,245.01
53129,1,49,Computer,3,15,Cash on Delivery,Female,3,1,Fashion,5,Divorced,11,0,24,1,4,4,289.6
53130,1,51,Mobile Phone,1,7,UPI,Female,5,6,Others,2,Single,2,1,13,5,13,7,273.84
53131,0,13,Phone,1,99,Cash on Delivery,Male,2,1,Fashion,1,Married,2,1,22,0,10,16,149.14
53132,0,46,Phone,2,32,Credit Card,Female,1,1,Grocery,3,Divorced,16,0,25,16,16,24,172.39
53133,1,57,Computer,1,115,UPI,Male,5,3,Mobile Phone,3,Single,3,0,24,16,,22,55.12
53134,0,4,Computer,1,111,Cash on Delivery,Female,1,5,Grocery,5,Single,6,0,14,0,11,27,234.28
53135,0,57,Phone,2,124,Debit Card,Female,5,5,Mobile Phone,4,Divorced,20,0,13,15,13,33,137.13
53136,0,35,Mobile Phone,1,9,E wallet,Male,0,4,Laptop & Accessory,4,Single,4,0,14,8,10,7,52.41
53137,0,31,Computer,1,,Debit Card,Male,5,1,Grocery,1,Divorced,5,0,22,1,11,42,30.99
53138,0,33,Phone,3,20,UPI,Male,4,2,Laptop & Accessory,4,Divorced,21,0,22,4,2,18,226.24
53139,0,6,Phone,1,121,Cash on Delivery,Female,1,4,Mobile Phone,2,Divorced,7,0,,7,7,12,156.72
53140,0,41,Phone,1,35,Credit Card,Male,5,4,Fashion,3,Divorced,7,1,25,0,9,25,2.92
53141,0,47,Mobile Phone,1,32,Cash on Delivery,Female,4,3,Grocery,4,Single,17,0,24,8,13,38,267.97
53142,1,9,Computer,3,11,UPI,Male,0,4,Grocery,1,Divorced,6,0,16,13,9,5,201.33
53143,0,49,Computer,3,106,UPI,Female,5,2,Fashion,2,Divorced,4,0,13,16,10,12,12.47
53144,0,16,Computer,2,13,UPI,Male,4,5,Fashion,5,Divorced,2,0,24,4,2,22,99.02
53145,0,29,Mobile Phone,1,43,UPI,Male,5,4,Others,5,Single,6,1,15,7,,35,234.78
53146,0,20,Computer,3,103,Cash on Delivery,Female,1,3,Others,2,Married,7,0,17,16,9,42,19.18
53147,1,59,Computer,2,47,Debit Card,Male,1,1,Mobile Phone,1,Divorced,2,1,11,11,5,16,239.28
53148,0,12,Computer,3,31,Credit Card,Female,3,2,Grocery,5,Married,18,0,13,7,15,0,164.09
53149,0,0,Computer,2,80,Credit Card,Female,3,1,Fashion,3,Married,10,0,21,11,11,42,254.43
53150,0,0,Mobile Phone,1,121,E wallet,Female,5,6,Fashion,3,Divorced,7,0,16,7,12,12,277.95
53151,0,46,Phone,1,93,UPI,Male,3,4,Laptop & Accessory,1,Married,9,1,20,10,6,27,249.52
53152,0,32,Phone,1,111,UPI,Female,5,5,Others,1,Married,19,0,12,10,1,13,25.37
53153,0,37,Computer,1,97,UPI,Male,5,3,Laptop & Accessory,3,Divorced,19,0,18,14,14,13,149.62
53154,0,24,Computer,2,99,Debit Card,Male,4,2,Fashion,1,Single,2,1,17,1,,,103.59
53155,0,25,Computer,3,126,UPI,Female,1,5,Grocery,2,Married,12,0,22,2,13,36,165.26
53156,0,,Mobile Phone,2,102,E wallet,Male,0,2,Grocery,1,Divorced,19,1,12,0,7,40,313.89
53157,1,58,Computer,1,37,E wallet,Female,2,3,Laptop & Accessory,3,Divorced,6,1,15,0,15,42,40.43
53158,0,27,Mobile Phone,1,95,Debit Card,Female,1,3,Others,4,Married,1,0,23,3,16,17,281.32
53159,0,32,Computer,1,60,UPI,Female,3,4,Mobile Phone,1,Married,15,0,25,0,8,,322.03
53160,0,,Computer,1,124,Cash on Delivery,Female,5,2,Grocery,5,Married,19,0,14,0,5,8,321.76
53161,0,40,Phone,1,6,Cash on Delivery,Female,3,6,Mobile Phone,2,Divorced,14,1,25,9,6,37,258.92
53162,0,29,Computer,2,18,Credit Card,Female,4,6,Others,2,Divorced,13,0,12,12,4,19,151.31
53163,0,56,Mobile Phone,1,17,Debit Card,Male,3,4,Laptop & Accessory,2,Single,5,0,14,7,15,20,57.85
53164,0,48,Phone,3,28,Cash on Delivery,Male,4,2,Others,5,Single,2,0,19,4,3,37,197.67
53165,0,47,Mobile Phone,1,73,Credit Card,Male,,2,Fashion,5,Divorced,15,1,20,10,3,35,198.37
53166,0,7,Phone,3,38,E wallet,Male,5,1,Others,2,Single,16,0,12,7,2,24,102.84
53167,1,,Mobile Phone,2,123,Credit Card,Male,3,4,Laptop & Accessory,2,Married,7,0,20,13,10,42,200.47
53168,0,46,Phone,1,91,UPI,Female,4,2,Laptop & Accessory,2,Single,6,1,20,11,6,1,37.88
53169,0,55,Mobile Phone,2,23,UPI,Male,3,2,Others,1,Single,17,1,23,,9,43,206.05
53170,0,0,Mobile Phone,2,34,E wallet,Female,4,3,Laptop & Accessory,5,Divorced,1,0,16,12,14,29,291.43
53171,0,11,Computer,2,53,Debit Card,Male,5,1,Fashion,3,Divorced,6,0,14,9,15,7,153.42
53172,0,4,Phone,2,,UPI,Male,5,6,Mobile Phone,1,Married,6,0,18,7,3,24,248.48
53173,0,23,Phone,1,20,UPI,Female,,6,Others,3,Single,4,0,,9,1,29,206.58
53174,0,5,Computer,2,56,Credit Card,Male,4,3,Laptop & Accessory,1,Divorced,8,1,14,5,10,29,1
53175,0,24,Mobile Phone,3,118,Credit Card,Male,2,4,Mobile Phone,1,Divorced,9,0,19,0,16,12,39.65
53176,0,0,Mobile Phone,1,120,Credit Card,Male,0,6,Fashion,3,Divorced,10,0,25,8,1,30,251.82
53177,0,24,Phone,1,108,Cash on Delivery,Female,1,4,Others,2,Married,8,0,20,3,4,31,13.15
53178,1,0,Mobile Phone,3,102,E wallet,Male,0,2,Laptop & Accessory,3,Married,2,1,13,0,15,35,310.78
53179,0,31,Phone,1,53,Debit Card,Female,1,5,Mobile Phone,4,Single,20,0,17,9,14,40,290.57
53180,0,41,Phone,2,15,Credit Card,Male,3,3,Fashion,5,Married,17,0,25,6,1,28,117.77
53181,0,41,Mobile Phone,2,82,Debit Card,Female,4,4,Grocery,4,Single,1,0,,6,10,33,100.87
53182,0,2,Mobile Phone,2,116,Credit Card,Male,3,2,Laptop & Accessory,1,Single,14,0,24,4,2,18,199.2
53183,0,48,Mobile Phone,1,51,UPI,Female,0,2,Fashion,3,Single,5,0,21,,4,25,198.83
53184,0,18,Computer,1,83,Debit Card,Female,5,3,Mobile Phone,2,Divorced,9,0,11,8,4,4,28.94
53185,0,59,Phone,1,,Cash on Delivery,Male,0,6,Others,2,Divorced,20,1,13,5,11,19,70
53186,0,42,Mobile Phone,2,126,Credit Card,Male,1,2,Mobile Phone,4,Divorced,17,0,19,8,12,13,206.85
53187,0,28,Computer,2,75,E wallet,Male,0,1,Others,4,Married,6,0,23,14,8,42,260.25
53188,0,49,Mobile Phone,2,33,UPI,Female,4,6,Fashion,1,Divorced,1,1,19,12,4,28,62.4
53189,0,,Phone,2,112,Credit Card,Male,0,5,Fashion,5,Single,18,0,15,14,15,2,228.13
53190,0,8,Computer,1,58,Debit Card,Female,3,3,Mobile Phone,1,Married,11,0,24,0,3,19,282.9
53191,0,55,Phone,1,90,Credit Card,Male,5,3,Mobile Phone,2,Married,4,1,15,14,4,24,38.29
53192,1,16,Mobile Phone,3,27,UPI,Male,4,3,Others,3,Divorced,20,0,21,10,5,40,142.71
53193,1,59,Mobile Phone,1,28,E wallet,Female,0,2,Laptop & Accessory,4,Divorced,6,1,14,2,16,4,276.43
53194,0,45,Mobile Phone,1,103,E wallet,Male,2,2,Mobile Phone,2,Divorced,8,0,24,0,5,28,120.45
53195,0,35,Computer,1,119,E wallet,Male,,3,Laptop & Accessory,1,Divorced,19,0,25,3,13,40,87.57
53196,0,60,Computer,1,14,UPI,Male,5,3,Laptop & Accessory,5,Married,15,0,14,1,4,,242.32
53197,1,16,Computer,1,65,Credit Card,Female,3,1,Laptop & Accessory,3,Married,19,0,14,15,10,1,130.25
53198,1,48,Computer,3,12,UPI,Female,1,4,Fashion,5,Single,2,1,12,15,2,5,229.55
53199,0,11,Mobile Phone,3,52,UPI,Female,1,6,Fashion,1,Married,4,0,17,11,3,,41.08
53200,0,59,Mobile Phone,3,116,Credit Card,Female,5,6,Laptop & Accessory,1,Married,4,0,13,7,,0,179.89
53201,0,19,Mobile Phone,3,80,Cash on Delivery,Male,0,1,Laptop & Accessory,2,Divorced,12,0,11,3,,30,123.32
53202,0,,Computer,3,97,E wallet,Male,4,3,Fashion,3,Single,18,1,22,15,3,26,324.12
53203,0,2,Computer,2,33,Debit Card,Male,5,2,Others,1,Married,12,1,21,8,5,44,192.2
53204,1,42,Mobile Phone,1,,Debit Card,Female,1,2,Grocery,2,Divorced,19,0,20,14,,36,221.7
53205,0,56,Mobile Phone,2,30,Credit Card,Male,2,3,Mobile Phone,1,Divorced,15,0,13,11,2,45,42.59
53206,1,49,Computer,1,41,Debit Card,Female,1,4,Laptop & Accessory,2,Single,10,0,19,16,16,45,322.39
53207,1,3,Phone,1,100,Cash on Delivery,Male,2,5,Fashion,5,Married,7,0,22,14,15,18,16.71
53208,0,,Mobile Phone,1,56,UPI,Female,1,5,Laptop & Accessory,2,Married,2,0,19,3,2,0,23.02
53209,0,49,Mobile Phone,2,42,E wallet,Female,3,1,Laptop & Accessory,5,Married,13,1,20,7,11,,24.61
53210,0,36,Mobile Phone,1,,Debit Card,Male,5,6,Laptop & Accessory,4,Married,16,0,17,2,16,17,282.95
53211,0,45,Computer,1,10,Debit Card,Female,4,4,Laptop & Accessory,1,Single,21,0,11,6,12,6,236.79
53212,0,41,Mobile Phone,1,12,Credit Card,Female,5,5,Others,4,Divorced,8,0,16,6,16,31,316.24
53213,0,14,Mobile Phone,3,21,Credit Card,Male,0,4,Mobile Phone,3,Divorced,1,0,20,14,10,34,21.63
53214,0,32,Mobile Phone,2,80,UPI,Female,2,2,Mobile Phone,4,Single,17,0,11,16,2,31,224.79
53215,0,15,Mobile Phone,3,66,E wallet,Female,1,2,Fashion,2,Married,15,0,12,9,11,0,173.31
53216,0,10,Mobile Phone,1,90,Debit Card,Male,,4,Others,2,Divorced,14,0,13,15,6,32,207.72
53217,0,54,Phone,1,82,UPI,Female,2,3,Others,3,Married,7,0,21,15,16,11,166.7
53218,0,19,Phone,2,38,E wallet,Female,5,5,Mobile Phone,3,Divorced,19,0,21,14,8,44,219.49
53219,0,37,Mobile Phone,1,,UPI,Female,2,5,Fashion,1,Married,10,1,24,11,10,23,294.79
53220,0,23,Mobile Phone,2,74,Debit Card,Male,3,2,Others,2,Single,20,1,16,6,16,3,190.93
53221,0,60,Mobile Phone,2,,Credit Card,Male,1,6,Fashion,3,Married,11,0,21,2,16,14,291.34
53222,0,53,Mobile Phone,2,104,Credit Card,Male,5,1,Mobile Phone,4,Married,20,0,17,1,6,31,254.2
53223,0,15,Computer,3,122,Credit Card,Male,0,5,Laptop & Accessory,2,Single,21,0,18,,4,23,281.1
53224,0,29,Computer,1,41,Cash on Delivery,Female,1,2,Others,3,Single,5,0,19,7,8,22,214.26
53225,0,33,Computer,1,42,UPI,Male,5,2,Fashion,1,Married,7,1,17,9,4,24,168.55
53226,1,0,Phone,2,,Debit Card,Male,1,4,Laptop & Accessory,5,Married,12,1,16,11,11,25,22.61
53227,0,23,Mobile Phone,1,106,UPI,Male,4,4,Mobile Phone,2,Married,2,0,15,11,9,20,271.34
53228,0,23,Computer,1,44,Credit Card,Male,2,6,Grocery,2,Divorced,7,0,20,8,8,5,78.65
53229,0,8,Mobile Phone,1,13,UPI,Female,,4,Others,2,Married,21,0,12,10,13,21,11.91
53230,0,21,Mobile Phone,1,57,E wallet,Female,4,1,Others,2,Divorced,5,0,25,12,12,44,168.7
53231,0,,Phone,1,122,UPI,Male,4,5,Fashion,5,Divorced,12,0,,0,15,38,205.57
53232,0,16,Phone,1,74,Cash on Delivery,Female,,1,Mobile Phone,5,Divorced,4,0,15,2,4,36,215.1
53233,0,24,Computer,2,122,Cash on Delivery,Male,2,1,Mobile Phone,1,Single,21,1,20,10,7,10,217.66
53234,0,,Computer,2,70,Credit Card,Male,0,4,Others,2,Single,21,0,12,14,13,36,212.46
53235,0,60,Phone,2,84,Debit Card,Female,3,6,Others,3,Divorced,19,0,13,,11,29,262.66
53236,0,14,Phone,2,56,E wallet,Female,5,2,Fashion,4,Divorced,3,0,20,15,10,30,250.04
53237,0,29,Mobile Phone,1,5,Debit Card,Female,4,3,Fashion,2,Divorced,17,0,20,5,11,32,264.17
53238,1,50,Mobile Phone,1,34,Debit Card,Female,0,2,Grocery,5,Single,4,0,22,9,9,44,149.59
53239,0,26,Computer,1,116,E wallet,Female,0,2,Laptop & Accessory,1,Single,9,1,25,3,6,11,20.42
53240,0,21,Computer,3,101,Cash on Delivery,Female,,2,Fashion,2,Single,2,1,25,5,,26,207.86
53241,0,9,Phone,2,5,Credit Card,Male,4,2,Laptop & Accessory,1,Divorced,10,0,17,11,13,13,68.32
53242,0,60,Computer,1,43,UPI,Female,0,1,Others,3,Divorced,20,0,20,2,6,0,279.34
53243,0,57,Mobile Phone,1,20,Cash on Delivery,Male,3,4,Grocery,3,Married,9,0,18,11,8,44,234.54
53244,0,30,Phone,3,21,Credit Card,Male,0,4,Grocery,3,Married,8,0,15,15,16,7,248.91
53245,0,26,Mobile Phone,2,116,Cash on Delivery,Male,3,2,Grocery,3,Single,18,1,20,11,9,7,93.09
53246,0,11,Phone,3,116,E wallet,Male,3,3,Mobile Phone,4,Single,11,0,18,14,1,39,205.74
53247,0,45,Phone,1,106,Debit Card,Male,3,5,Others,1,Married,19,0,23,15,13,28,171.63
53248,0,30,Mobile Phone,1,86,E wallet,Female,4,2,Mobile Phone,2,Single,18,0,24,5,5,25,87.25
53249,1,31,Computer,2,26,UPI,Female,3,2,Mobile Phone,4,Divorced,19,1,20,16,15,25,263.97
53250,0,,Computer,2,90,E wallet,Male,4,3,Grocery,2,Married,17,0,23,,16,19,178.74
53251,0,40,Computer,2,103,Debit Card,Male,0,1,Mobile Phone,5,Divorced,20,0,20,10,5,43,62.01
53252,0,,Computer,2,35,Cash on Delivery,Female,3,2,Others,4,Married,17,1,16,16,8,42,99.21
53253,0,44,Mobile Phone,2,,Credit Card,Male,2,3,Others,4,Married,15,1,12,5,7,6,73.81
53254,0,34,Phone,2,31,UPI,Female,0,1,Mobile Phone,5,Single,16,0,22,4,16,31,101.53
53255,0,52,Mobile Phone,1,40,Cash on Delivery,Female,5,1,Others,4,Divorced,17,0,24,15,5,41,61.15
53256,0,,Computer,1,123,Credit Card,Female,2,6,Laptop & Accessory,1,Divorced,8,1,22,9,13,17,120.62
53257,0,45,Computer,3,8,Debit Card,Male,2,6,Mobile Phone,3,Divorced,7,0,12,15,15,21,225.54
53258,0,,Mobile Phone,1,117,E wallet,Male,,6,Grocery,2,Divorced,21,1,18,2,12,28,311.77
53259,0,9,Phone,2,122,Cash on Delivery,Male,4,2,Grocery,5,Single,4,0,14,9,6,31,68.42
53260,1,15,Mobile Phone,2,73,Credit Card,Male,1,1,Others,3,Divorced,7,0,,15,8,19,97.44
53261,0,6,Mobile Phone,3,29,Credit Card,Male,4,2,Others,4,Single,11,0,19,16,6,30,0.7
53262,0,3,Mobile Phone,1,99,E wallet,Male,1,2,Grocery,1,Married,3,0,16,16,10,42,73.22
53263,0,26,Phone,1,82,Cash on Delivery,Male,0,4,Laptop & Accessory,4,Divorced,2,1,19,,5,40,136
53264,0,51,Mobile Phone,3,34,Cash on Delivery,Male,,5,Grocery,5,Single,1,0,16,4,10,7,150.06
53265,0,54,Mobile Phone,3,51,Debit Card,Female,0,5,Mobile Phone,4,Married,6,0,21,3,1,42,86.56
53266,0,24,Computer,2,125,Cash on Delivery,Male,4,4,Grocery,1,Divorced,14,0,24,14,12,35,48.85
53267,0,30,Mobile Phone,1,16,E wallet,Female,2,2,Fashion,4,Divorced,4,0,13,15,8,7,183
53268,0,10,Computer,1,31,Cash on Delivery,Female,2,3,Laptop & Accessory,4,Single,16,1,18,9,8,8,132.99
53269,0,47,Computer,2,49,Debit Card,Female,4,1,Laptop & Accessory,4,Married,10,1,11,10,13,13,138.54
53270,0,19,Computer,3,92,Credit Card,Male,0,4,Grocery,4,Married,5,1,16,8,6,45,290.87
53271,0,35,Phone,3,67,Cash on Delivery,Male,2,6,Fashion,1,Married,11,0,25,4,7,32,182.47
53272,0,53,Computer,1,59,E wallet,Male,5,4,Mobile Phone,2,Married,1,0,,5,7,,126.21
53273,0,53,Mobile Phone,1,34,Cash on Delivery,Female,0,4,Grocery,3,Divorced,17,0,13,2,15,29,82.48
53274,0,54,Mobile Phone,1,86,UPI,Male,0,4,Mobile Phone,5,Married,14,1,20,,16,29,139.29
53275,1,16,Computer,3,18,Debit Card,Male,0,5,Fashion,2,Single,7,0,20,5,12,39,280.11
53276,0,44,Computer,2,60,Credit Card,Female,2,2,Grocery,1,Single,14,0,13,10,16,30,313.66
53277,1,10,Mobile Phone,1,23,UPI,Male,3,4,Grocery,5,Divorced,1,0,19,15,11,4,122.6
53278,0,29,Computer,1,90,E wallet,Female,1,4,Mobile Phone,5,Single,6,0,17,10,16,18,67.92
53279,0,34,Phone,2,30,Cash on Delivery,Female,4,4,Grocery,4,Divorced,7,0,23,9,2,41,297.22
53280,0,40,Computer,1,75,Debit Card,Female,0,3,Fashion,3,Married,11,0,24,15,14,10,46.94
53281,0,37,Phone,3,96,Cash on Delivery,Male,2,3,Grocery,3,Divorced,10,0,12,13,16,36,96.65
53282,0,21,Phone,2,42,Cash on Delivery,Female,4,1,Others,1,Married,21,0,16,15,14,9,66.35
53283,1,52,Phone,1,73,Cash on Delivery,Female,3,2,Fashion,2,Single,3,0,22,16,6,35,183.89
53284,1,42,Computer,1,40,Cash on Delivery,Male,5,4,Laptop & Accessory,4,Divorced,19,0,23,7,7,32,132.81
53285,0,47,Phone,3,22,Debit Card,Female,3,1,Mobile Phone,3,Married,2,0,14,3,8,23,93.33
53286,0,50,Phone,1,61,UPI,Male,2,6,Fashion,4,Divorced,12,0,20,16,13,14,249.58
53287,0,26,Computer,1,82,E wallet,Male,0,1,Laptop & Accessory,2,Married,12,0,21,9,,28,215.84
53288,0,36,Phone,3,116,UPI,Female,3,6,Laptop & Accessory,5,Divorced,1,0,17,1,10,38,323.54
53289,1,45,Computer,3,,Debit Card,Male,3,6,Fashion,2,Divorced,14,0,14,11,8,26,101.4
53290,0,,Mobile Phone,3,123,E wallet,Male,3,2,Laptop & Accessory,5,Divorced,11,1,17,7,11,19,274.72
53291,0,,Phone,1,120,Credit Card,Male,5,3,Laptop & Accessory,2,Divorced,8,1,16,5,15,35,98.31
53292,1,3,Computer,1,18,UPI,Male,2,2,Others,4,Married,9,0,18,13,2,13,2.94
53293,0,15,Mobile Phone,1,100,Debit Card,Female,4,1,Grocery,2,Married,18,0,17,2,9,36,49.04
53294,0,15,Phone,1,73,Debit Card,Male,1,6,Others,3,Divorced,13,0,19,14,16,35,165.25
53295,1,20,Phone,2,26,Debit Card,Male,2,2,Grocery,3,Divorced,4,1,14,15,16,,263.25
53296,0,25,Computer,1,32,E wallet,Male,0,3,Laptop & Accessory,1,Single,16,0,19,16,2,23,18.66
53297,0,56,Mobile Phone,2,47,Cash on Delivery,Male,2,1,Grocery,3,Married,3,0,15,2,15,42,270.4
53298,0,35,Computer,1,80,Credit Card,Female,2,2,Others,3,Married,4,0,23,12,15,35,232.72
53299,0,18,Phone,1,22,E wallet,Female,5,4,Mobile Phone,5,Married,4,0,21,11,15,28,11.22
53300,0,57,Phone,3,104,E wallet,Male,1,4,Mobile Phone,4,Married,8,0,19,1,15,14,34.55
53301,0,16,Phone,1,99,UPI,Female,1,2,Grocery,4,Single,11,0,25,0,3,38,24.58
53302,1,44,Phone,1,,Credit Card,Male,1,2,Mobile Phone,5,Divorced,3,0,24,9,8,4,220.67
53303,0,25,Mobile Phone,1,88,Debit Card,Female,4,6,Fashion,3,Divorced,19,1,21,11,11,45,182.33
53304,0,21,Mobile Phone,1,113,E wallet,Male,2,6,Mobile Phone,2,Divorced,6,0,14,12,6,32,116.63
53305,0,54,Computer,1,40,Credit Card,Male,5,3,Grocery,5,Single,3,0,25,3,13,38,28.7
53306,0,57,Computer,1,123,UPI,Female,0,1,Laptop & Accessory,4,Single,21,0,13,0,9,44,127.72
53307,0,55,Computer,2,123,Cash on Delivery,Female,1,2,Others,1,Divorced,4,0,25,3,15,44,221.71
53308,0,27,Phone,3,11,Credit Card,Female,1,1,Mobile Phone,4,Single,4,1,24,16,8,0,30.36
53309,0,0,Computer,2,27,Debit Card,Female,2,4,Grocery,2,Single,2,0,17,13,10,33,278.39
53310,0,43,Mobile Phone,1,38,E wallet,Female,0,1,Others,4,Single,16,0,14,1,6,39,20.45
53311,0,35,Computer,2,121,Cash on Delivery,Male,5,5,Fashion,5,Single,5,0,15,13,15,7,197.66
53312,0,42,Computer,1,126,UPI,Male,1,3,Laptop & Accessory,1,Divorced,15,0,13,9,3,23,61.47
53313,0,36,Mobile Phone,2,118,Debit Card,Male,2,3,Others,4,Single,5,0,16,2,3,45,29.78
53314,0,1,Mobile Phone,2,100,Cash on Delivery,Male,3,1,Others,5,Divorced,12,0,23,14,2,22,115.37
53315,0,16,Phone,1,25,UPI,Female,5,3,Grocery,5,Married,19,0,14,6,8,35,216.75
53316,0,39,Mobile Phone,3,74,Debit Card,Female,4,1,Fashion,5,Single,15,1,11,14,10,12,39.34
53317,0,37,Mobile Phone,3,84,E wallet,Male,5,1,Mobile Phone,1,Married,6,1,12,11,13,36,154.6
53318,0,20,Computer,3,103,UPI,Male,2,4,Fashion,5,Married,1,0,18,3,,45,131.98
53319,0,60,Mobile Phone,1,122,Cash on Delivery,Female,1,1,Laptop & Accessory,1,Single,5,1,25,0,9,17,138.92
53320,0,8,Phone,2,51,Debit Card,Female,5,3,Mobile Phone,2,Divorced,21,0,14,4,5,9,306.61
53321,0,12,Computer,3,,Credit Card,Female,0,5,Fashion,2,Divorced,21,0,22,8,5,3,113.43
53322,0,10,Phone,1,88,Debit Card,Female,3,2,Laptop & Accessory,2,Divorced,19,0,25,7,8,6,322.28
53323,0,60,Mobile Phone,3,110,Cash on Delivery,Female,0,3,Others,5,Single,11,0,25,13,15,35,174.98
53324,0,15,Phone,1,45,Cash on Delivery,Male,,5,Others,1,Single,14,0,20,13,8,21,273.81
53325,0,15,Phone,1,79,Credit Card,Male,0,3,Others,2,Divorced,14,0,12,,12,42,113.38
53326,0,58,Mobile Phone,2,36,Cash on Delivery,Male,2,5,Others,3,Divorced,2,0,23,6,2,42,27.55
53327,0,1,Mobile Phone,2,18,Debit Card,Male,2,3,Mobile Phone,2,Married,5,0,22,1,8,11,27.43
53328,0,41,Computer,2,92,UPI,Female,5,2,Others,5,Married,9,1,14,10,13,23,186.6
53329,0,43,Computer,3,,Debit Card,Male,4,4,Mobile Phone,3,Single,17,0,17,6,7,36,302.22
53330,0,7,Computer,1,107,Cash on Delivery,Male,3,4,Mobile Phone,4,Divorced,19,0,21,16,,7,23.15
53331,0,42,Mobile Phone,1,111,Credit Card,Male,5,2,Fashion,3,Divorced,15,1,12,14,16,19,223.96
53332,0,41,Phone,3,99,Credit Card,Male,0,3,Others,4,Single,2,0,16,3,12,42,183.06
53333,0,12,Phone,1,21,E wallet,Male,5,5,Grocery,3,Divorced,9,0,11,1,6,17,211.98
53334,0,56,Computer,2,29,Credit Card,Female,1,1,Others,1,Single,11,0,22,8,13,24,70.05
53335,1,16,Computer,2,68,Credit Card,Male,5,3,Grocery,3,Married,6,0,13,11,3,22,22.92
53336,0,38,Mobile Phone,1,77,Cash on Delivery,Male,5,2,Others,2,Divorced,15,0,19,2,5,37,24.29
53337,1,23,Phone,1,90,UPI,Female,0,6,Mobile Phone,4,Divorced,21,0,15,4,13,17,80.19
53338,0,2,Computer,2,123,UPI,Female,5,4,Others,4,Single,20,1,24,8,2,45,69.43
53339,0,29,Mobile Phone,3,113,Cash on Delivery,Female,3,4,Others,2,Single,4,0,21,8,11,10,41.07
53340,0,51,Computer,2,52,Credit Card,Female,0,3,Others,1,Single,15,0,18,15,14,38,86.02
53341,1,12,Mobile Phone,2,39,Debit Card,Male,2,5,Others,3,Single,18,1,11,1,16,13,173.54
53342,0,18,Phone,1,41,UPI,Female,2,2,Fashion,1,Married,7,0,,11,9,21,308.59
53343,0,6,Mobile Phone,1,59,Cash on Delivery,Male,5,2,Fashion,2,Single,16,0,13,10,5,44,299.74
53344,0,8,Computer,1,21,Debit Card,Female,5,5,Mobile Phone,3,Divorced,3,1,20,2,8,37,88.31
53345,0,18,Computer,1,32,Credit Card,Male,3,5,Mobile Phone,2,Divorced,12,0,19,2,5,14,21.52
53346,0,,Phone,1,5,Cash on Delivery,Female,4,3,Grocery,4,Divorced,7,0,25,14,10,4,323.58
53347,0,53,Phone,1,57,UPI,Female,0,3,Mobile Phone,4,Divorced,9,1,17,11,9,4,154.83
53348,0,39,Computer,1,77,Debit Card,Male,3,6,Fashion,4,Married,10,0,22,,12,41,317.95
53349,0,21,Computer,1,59,Debit Card,Male,5,4,Mobile Phone,5,Married,1,0,13,10,11,18,174.73
53350,0,17,Computer,1,117,UPI,Female,5,4,Grocery,5,Married,12,0,24,1,1,33,288.07
53351,0,60,Phone,2,65,Debit Card,Male,5,5,Grocery,4,Single,18,0,11,13,6,15,145.35
53352,0,22,Computer,2,17,UPI,Male,5,1,Fashion,5,Divorced,1,0,23,0,,20,202.16
53353,1,1,Phone,1,51,Cash on Delivery,Male,1,1,Mobile Phone,5,Divorced,18,0,25,14,8,,174.12
53354,0,49,Computer,3,68,E wallet,Male,5,1,Grocery,2,Married,7,0,15,3,12,31,71.46
53355,0,49,Mobile Phone,1,36,Credit Card,Female,5,2,Mobile Phone,3,Single,17,0,20,1,7,18,248.23
53356,0,10,Mobile Phone,3,32,Cash on Delivery,Male,1,3,Mobile Phone,4,Married,13,1,13,14,15,23,17.81
53357,0,30,Computer,1,57,Credit Card,Female,4,5,Fashion,5,Divorced,10,1,21,12,2,34,117.78
53358,0,32,Mobile Phone,3,35,Credit Card,Male,2,4,Fashion,2,Divorced,14,0,12,9,13,17,282.72
53359,0,13,Phone,1,12,UPI,Female,5,1,Mobile Phone,2,Married,1,0,13,14,2,13,163.37
53360,0,15,Mobile Phone,2,76,E wallet,Female,5,4,Others,3,Divorced,6,0,15,5,16,21,25.23
53361,0,10,Mobile Phone,1,102,Credit Card,Female,3,3,Others,2,Married,4,1,15,9,11,38,67.45
53362,0,32,Phone,2,91,Credit Card,Female,0,6,Laptop & Accessory,1,Married,19,0,20,2,10,29,35.63
53363,0,6,Mobile Phone,1,78,Cash on Delivery,Male,3,6,Laptop & Accessory,1,Married,15,0,18,12,1,11,90.23
53364,0,30,Mobile Phone,1,105,E wallet,Male,5,5,Laptop & Accessory,4,Married,21,0,14,5,16,11,53.73
53365,1,60,Computer,2,116,E wallet,Female,4,1,Fashion,3,Divorced,21,0,12,13,1,29,231.38
53366,0,47,Phone,1,29,Credit Card,Male,3,1,Mobile Phone,1,Single,19,1,18,10,15,2,214.31
53367,0,45,Phone,3,119,E wallet,Male,4,6,Grocery,3,Divorced,12,0,23,14,3,39,43.9
53368,0,46,Computer,1,37,Cash on Delivery,Female,4,5,Mobile Phone,4,Married,14,1,25,12,15,,144.62
53369,0,13,Computer,1,113,UPI,Male,5,4,Mobile Phone,2,Divorced,3,0,18,15,3,26,96.15
53370,0,27,Mobile Phone,2,72,Credit Card,Male,4,3,Laptop & Accessory,2,Single,4,0,20,11,11,27,109.6
53371,0,52,Mobile Phone,1,11,Debit Card,Male,3,6,Mobile Phone,2,Divorced,3,0,23,0,8,17,187.19
53372,0,42,Mobile Phone,1,101,Credit Card,Male,1,6,Laptop & Accessory,1,Married,12,0,18,13,9,24,292.07
53373,0,15,Computer,2,70,Credit Card,Female,0,3,Mobile Phone,3,Single,9,0,22,2,5,14,291.63
53374,0,18,Phone,2,116,UPI,Female,4,3,Grocery,1,Divorced,19,0,23,9,1,44,134.23
53375,0,16,Mobile Phone,3,50,Debit Card,Male,5,6,Others,5,Single,16,1,24,,14,26,127.79
53376,0,58,Computer,1,100,Debit Card,Female,2,4,Others,3,Divorced,1,1,21,0,2,14,168.34
53377,0,25,Phone,2,9,Debit Card,Female,4,4,Fashion,4,Single,14,0,11,16,11,29,154.09
53378,0,5,Computer,1,,UPI,Female,3,1,Grocery,1,Married,13,1,25,0,16,10,20.08
53379,0,42,Mobile Phone,1,114,E wallet,Female,4,4,Mobile Phone,2,Married,12,0,22,4,4,44,188.09
53380,0,48,Computer,2,21,Debit Card,Male,2,2,Grocery,2,Single,5,1,19,5,9,13,190.04
53381,0,8,Computer,1,80,E wallet,Male,,5,Mobile Phone,2,Divorced,20,1,14,0,15,44,146.36
53382,0,49,Computer,1,56,Cash on Delivery,Male,3,4,Grocery,1,Married,3,1,14,16,12,27,134.54
53383,0,16,Computer,1,16,UPI,Female,3,3,Grocery,1,Divorced,2,0,18,11,5,7,305.16
53384,0,30,Phone,2,66,E wallet,Male,,4,Others,2,Single,11,0,,3,9,10,195.27
53385,0,11,Mobile Phone,3,39,Debit Card,Male,3,1,Grocery,2,Divorced,20,0,18,3,,13,265.29
53386,1,22,Phone,2,66,Debit Card,Male,2,5,Fashion,2,Single,2,0,16,9,13,21,310
53387,0,,Computer,1,25,E wallet,Female,3,5,Mobile Phone,5,Divorced,16,1,14,7,1,24,263.28
53388,0,53,Computer,2,89,E wallet,Male,1,3,Laptop & Accessory,1,Single,8,1,23,11,16,9,306.47
53389,0,4,Mobile Phone,2,126,Cash on Delivery,Female,0,5,Grocery,2,Single,3,1,13,11,,35,246.77
53390,0,,Mobile Phone,1,70,UPI,Female,0,2,Laptop & Accessory,4,Single,21,0,15,2,16,38,55.29
53391,0,35,Phone,1,57,Credit Card,Female,,5,Others,2,Single,4,0,23,15,8,23,73.75
53392,1,58,Phone,1,125,Cash on Delivery,Female,0,6,Laptop & Accessory,1,Divorced,21,0,24,3,,5,63.02
53393,1,35,Mobile Phone,1,25,Cash on Delivery,Female,2,3,Fashion,4,Married,4,0,18,4,14,32,104.69
53394,0,2,Phone,3,19,Cash on Delivery,Male,0,5,Fashion,1,Single,8,0,17,14,14,21,115.37
53395,1,57,Computer,1,79,Debit Card,Female,2,4,Others,1,Single,6,0,21,7,11,19,263.63
53396,1,23,Computer,1,78,E wallet,Female,2,1,Fashion,1,Married,14,0,18,9,,10,117.28
53397,0,,Mobile Phone,3,,UPI,Female,4,6,Mobile Phone,3,Married,15,0,25,0,7,34,236.35
53398,1,,Phone,3,27,Debit Card,Male,0,6,Fashion,4,Single,17,1,24,9,14,34,293.74
53399,0,16,Computer,2,35,Cash on Delivery,Male,4,4,Grocery,5,Single,5,0,22,16,5,0,37.23
53400,0,38,Mobile Phone,1,58,UPI,Male,3,6,Fashion,5,Divorced,1,0,21,3,10,41,0.08
53401,0,,Phone,1,59,Debit Card,Male,1,2,Mobile Phone,3,Married,12,0,11,12,8,25,288.81
53402,0,3,Computer,1,124,Credit Card,Female,0,2,Others,1,Divorced,19,0,21,5,4,13,77.43
53403,1,54,Phone,1,30,Cash on Delivery,Female,3,1,Fashion,5,Single,12,1,23,0,2,1,49.87
53404,0,44,Phone,1,57,Debit Card,Male,5,1,Mobile Phone,4,Single,11,0,14,0,15,45,95.94
53405,0,11,Phone,2,70,Debit Card,Female,,1,Grocery,2,Single,9,0,23,2,1,4,60.46
53406,0,0,Mobile Phone,1,43,Cash on Delivery,Male,4,1,Laptop & Accessory,4,Single,19,0,19,4,7,38,257.94
53407,1,20,Computer,1,11,Credit Card,Male,4,5,Laptop & Accessory,1,Married,4,1,16,11,1,14,206.22
53408,1,18,Mobile Phone,1,92,E wallet,Male,1,6,Others,4,Divorced,13,1,24,0,9,20,54.37
53409,0,20,Computer,2,43,Credit Card,Female,1,4,Others,1,Married,10,0,22,8,1,28,189.66
53410,0,51,Computer,2,36,Cash on Delivery,Male,1,2,Laptop & Accessory,4,Single,1,1,20,16,6,,67.63
53411,0,17,Mobile Phone,2,30,E wallet,Male,1,5,Laptop & Accessory,3,Divorced,10,0,18,12,,37,64.21
53412,0,42,Mobile Phone,1,91,Debit Card,Female,4,1,Others,4,Single,18,0,24,13,15,35,193.52
53413,0,51,Computer,1,82,Credit Card,Female,2,3,Laptop & Accessory,5,Married,13,0,23,10,11,13,216.02
53414,0,2,Computer,1,33,Credit Card,Female,4,3,Fashion,2,Single,7,0,18,10,15,32,112.52
53415,0,60,Computer,1,29,E wallet,Female,,4,Mobile Phone,3,Married,8,1,15,3,6,22,248.11
53416,0,48,Phone,3,60,Debit Card,Female,4,2,Others,4,Married,17,0,21,,6,,272.09
53417,0,43,Computer,3,35,Credit Card,Female,5,2,Mobile Phone,1,Single,1,1,18,3,16,19,297.81
53418,0,31,Mobile Phone,2,70,E wallet,Male,4,4,Grocery,3,Single,16,0,14,11,5,37,203.47
53419,0,9,Mobile Phone,3,6,Credit Card,Female,1,1,Grocery,5,Married,20,0,16,5,5,37,71.51
53420,0,39,Mobile Phone,2,91,Debit Card,Female,2,1,Fashion,2,Divorced,4,0,17,10,8,0,243.25
53421,0,14,Computer,1,126,Debit Card,Female,3,6,Grocery,2,Married,17,0,16,4,7,41,35.05
53422,0,4,Computer,3,51,UPI,Male,5,2,Others,4,Divorced,13,1,16,15,,3,58.89
53423,0,3,Phone,1,79,E wallet,Female,3,2,Fashion,5,Married,10,0,25,10,4,13,270.66
53424,0,57,Phone,2,33,Cash on Delivery,Male,5,2,Fashion,5,Single,9,0,18,4,1,21,296.02
53425,1,27,Mobile Phone,1,110,Credit Card,Male,3,1,Others,2,Married,14,0,24,8,14,11,21.68
53426,0,,Phone,1,103,Debit Card,Male,1,3,Laptop & Accessory,2,Divorced,17,0,25,10,2,24,101.44
53427,0,51,Phone,2,53,Credit Card,Male,3,4,Mobile Phone,5,Divorced,3,1,15,14,10,6,204.48
53428,0,50,Mobile Phone,1,77,Credit Card,Female,4,4,Others,2,Divorced,1,0,18,16,7,6,305.06
53429,1,52,Computer,1,36,Cash on Delivery,Female,,5,Laptop & Accessory,1,Divorced,1,0,19,13,,38,185.49
53430,0,3,Phone,1,34,Debit Card,Female,3,5,Laptop & Accessory,2,Divorced,20,0,22,6,11,5,266.82
53431,0,14,Computer,1,19,UPI,Female,1,3,Grocery,1,Married,2,0,14,15,1,18,299.9
53432,1,16,Mobile Phone,3,66,E wallet,Female,4,2,Fashion,2,Single,16,0,25,8,13,22,168.69
53433,0,43,Mobile Phone,2,82,Credit Card,Female,1,3,Fashion,3,Single,9,1,13,2,13,9,240.65
53434,0,2,Phone,1,119,Cash on Delivery,Male,,5,Grocery,3,Married,14,0,15,15,9,43,215.28
53435,0,9,Mobile Phone,1,21,Cash on Delivery,Male,1,6,Grocery,3,Single,1,0,23,6,6,7,218.19
53436,0,46,Mobile Phone,3,26,E wallet,Female,5,5,Fashion,1,Married,3,0,20,6,5,35,168.05
53437,0,41,Mobile Phone,1,120,E wallet,Female,0,4,Others,1,Divorced,18,0,20,0,6,6,202.54
53438,0,55,Phone,1,34,Debit Card,Female,3,3,Others,4,Married,1,0,22,7,13,2,180.17
53439,1,22,Phone,1,85,Credit Card,Female,4,1,Others,4,Single,11,0,15,0,1,7,207.27
53440,1,17,Phone,3,20,Credit Card,Female,2,5,Others,2,Single,5,0,24,11,2,12,164.19
53441,0,0,Mobile Phone,1,56,E wallet,Female,1,4,Grocery,1,Single,11,1,17,16,7,30,72.31
53442,0,34,Computer,1,12,UPI,Male,5,2,Mobile Phone,3,Married,6,0,13,9,6,12,225.43
53443,0,52,Mobile Phone,1,68,Credit Card,Male,1,3,Mobile Phone,3,Married,7,0,23,8,7,25,124.81
53444,1,57,Phone,1,43,Cash on Delivery,Female,3,5,Fashion,3,Married,13,0,21,9,12,1,41.52
53445,1,30,Computer,2,35,E wallet,Female,5,1,Mobile Phone,2,Single,16,0,20,10,6,2,276.68
53446,0,58,Computer,1,16,Credit Card,Female,3,5,Others,1,Married,3,0,24,9,7,14,58.94
53447,0,43,Phone,1,37,Debit Card,Male,0,1,Grocery,2,Married,15,0,19,16,16,1,175.73
53448,0,0,Computer,1,62,E wallet,Male,4,3,Others,5,Single,8,0,24,6,7,16,234.36
53449,0,2,Computer,1,16,Cash on Delivery,Male,5,6,Laptop & Accessory,5,Divorced,20,1,23,4,6,37,210.5
53450,0,2,Phone,3,29,Debit Card,Male,5,1,Grocery,4,Divorced,16,0,16,11,8,10,52.28
53451,0,36,Computer,3,42,E wallet,Male,1,1,Laptop & Accessory,1,Single,17,0,24,4,15,4,63.09
53452,0,18,Computer,1,52,E wallet,Female,1,4,Laptop & Accessory,3,Single,13,0,20,0,14,5,48.38
53453,0,28,Phone,1,86,Credit Card,Female,2,6,Fashion,1,Divorced,3,0,19,9,7,2,23.58
53454,0,24,Computer,1,87,Debit Card,Male,5,3,Laptop & Accessory,4,Married,3,0,11,6,9,22,92.06
53455,1,32,Computer,2,59,E wallet,Female,1,5,Mobile Phone,3,Single,13,0,12,11,13,31,170.34
53456,0,35,Computer,2,7,Cash on Delivery,Male,1,6,Mobile Phone,2,Divorced,17,0,20,1,5,3,56.21
53457,0,60,Computer,1,103,Debit Card,Male,0,2,Laptop & Accessory,3,Married,14,0,12,8,12,28,315.53
53458,0,28,Phone,2,73,Credit Card,Male,2,3,Fashion,5,Single,5,0,21,4,12,,227.12
53459,0,57,Mobile Phone,2,39,UPI,Female,1,6,Laptop & Accessory,2,Divorced,12,0,18,4,,30,189.62
53460,0,25,Mobile Phone,3,55,E wallet,Female,1,3,Grocery,3,Married,16,1,14,13,8,34,221.46
53461,0,3,Computer,1,31,UPI,Female,4,2,Grocery,2,Married,6,1,17,7,15,20,141.68
53462,0,48,Phone,1,41,E wallet,Female,5,5,Grocery,5,Divorced,9,0,14,2,8,22,152.72
53463,0,13,Phone,1,114,Credit Card,Female,1,4,Grocery,5,Married,16,1,14,13,8,30,288.82
53464,0,,Computer,3,89,Credit Card,Male,,6,Laptop & Accessory,1,Divorced,4,0,18,10,4,0,234.63
53465,0,26,Mobile Phone,2,20,Credit Card,Male,1,5,Others,5,Divorced,6,1,24,7,9,10,191.16
53466,0,32,Computer,2,96,Credit Card,Male,5,2,Others,5,Married,19,1,21,11,10,0,308.82
53467,0,21,Phone,1,29,Debit Card,Female,1,5,Grocery,5,Divorced,1,1,20,10,4,6,215.36
53468,0,47,Phone,1,37,Debit Card,Female,3,3,Fashion,4,Divorced,8,0,14,8,6,40,129.57
53469,1,2,Mobile Phone,1,66,E wallet,Female,1,4,Fashion,5,Single,6,0,13,3,11,12,15.42
53470,0,22,Phone,2,21,Debit Card,Male,2,1,Laptop & Accessory,1,Divorced,3,0,21,6,6,19,126.97
53471,0,20,Phone,1,47,E wallet,Male,5,6,Others,2,Married,21,0,20,16,2,5,300.56
53472,0,40,Phone,1,34,Debit Card,Male,,5,Laptop & Accessory,4,Divorced,14,1,19,15,12,29,14.51
53473,0,22,Mobile Phone,2,45,Debit Card,Female,3,1,Mobile Phone,2,Married,2,1,13,11,7,5,59.98
53474,0,3,Phone,1,121,Debit Card,Female,2,4,Grocery,2,Single,16,1,15,6,13,33,262.84
53475,1,20,Computer,1,8,Cash on Delivery,Male,2,1,Mobile Phone,1,Married,13,0,21,13,7,34,118.61
53476,0,36,Mobile Phone,1,70,Credit Card,Male,5,5,Mobile Phone,4,Divorced,16,0,,10,1,19,60.42
53477,1,42,Computer,3,64,Cash on Delivery,Male,0,2,Fashion,3,Married,11,0,19,10,13,37,265.09
53478,0,30,Computer,2,13,Debit Card,Male,1,6,Others,5,Single,11,0,16,6,5,29,181.49
53479,0,20,Mobile Phone,3,122,Debit Card,Female,2,3,Grocery,2,Single,16,0,15,10,9,32,178.25
53480,0,25,Computer,1,35,Cash on Delivery,Male,1,3,Laptop & Accessory,2,Single,10,0,14,2,10,23,95.48
53481,0,40,Mobile Phone,3,93,E wallet,Female,1,6,Grocery,1,Married,17,0,18,14,5,30,219.42
53482,0,57,Computer,3,105,Credit Card,Female,0,1,Laptop & Accessory,1,Married,12,0,21,2,10,15,280.09
53483,0,34,Mobile Phone,2,104,E wallet,Female,0,3,Laptop & Accessory,1,Married,5,0,12,8,7,39,243.82
53484,1,37,Phone,3,123,Credit Card,Female,2,6,Others,4,Single,12,0,24,16,9,15,199.04
53485,0,23,Phone,1,73,UPI,Female,2,6,Mobile Phone,5,Married,3,0,20,16,12,26,113.92
53486,0,10,Computer,1,28,Credit Card,Male,5,3,Laptop & Accessory,4,Single,19,0,15,11,13,35,277.81
53487,0,40,Phone,1,28,E wallet,Female,3,2,Others,1,Single,10,0,18,6,13,21,183.98
53488,0,28,Mobile Phone,2,97,Credit Card,Male,1,1,Mobile Phone,1,Divorced,16,1,11,10,1,14,289.12
53489,0,46,Computer,2,118,UPI,Male,5,2,Mobile Phone,2,Divorced,19,1,22,13,,45,82.61
53490,0,54,Phone,2,49,UPI,Female,1,2,Grocery,4,Single,11,0,,0,4,,212.65
53491,0,59,Phone,1,99,Debit Card,Male,0,4,Grocery,4,Single,16,0,17,5,15,27,303.94
53492,0,2,Computer,1,41,UPI,Male,0,1,Grocery,5,Single,10,1,21,16,1,32,121.58
53493,1,0,Phone,1,,Cash on Delivery,Male,5,2,Fashion,4,Divorced,15,0,25,8,16,35,309.16
53494,1,51,Phone,2,124,E wallet,Male,2,5,Mobile Phone,5,Single,3,0,21,0,8,14,127.55
53495,0,60,Computer,1,87,Cash on Delivery,Female,3,3,Fashion,3,Divorced,10,0,20,11,15,30,142.25
53496,0,53,Phone,3,27,Cash on Delivery,Male,3,1,Grocery,5,Divorced,12,0,22,16,3,5,262.1
53497,1,18,Phone,1,39,E wallet,Male,0,4,Others,1,Married,9,0,15,3,11,3,84.75
53498,1,45,Phone,1,67,Cash on Delivery,Female,0,2,Grocery,3,Married,19,1,20,7,8,19,229.41
53499,0,48,Phone,3,122,Cash on Delivery,Female,3,5,Laptop & Accessory,2,Married,1,0,19,4,6,3,96.98
53500,0,21,Computer,1,118,Cash on Delivery,Female,3,3,Others,2,Divorced,13,0,22,10,6,9,192.98
53501,0,13,Mobile Phone,1,,UPI,Female,2,3,Others,2,Single,7,0,24,5,8,6,252.19
53502,0,48,Mobile Phone,1,10,E wallet,Female,3,5,Mobile Phone,1,Married,20,0,11,,9,26,8.5
53503,1,56,Phone,1,124,E wallet,Male,1,1,Fashion,2,Divorced,21,0,21,5,8,5,28.76
53504,0,58,Phone,3,105,E wallet,Female,3,3,Laptop & Accessory,5,Single,7,0,24,12,12,30,303.67
53505,1,13,Mobile Phone,2,34,Cash on Delivery,Male,4,3,Others,1,Married,6,1,17,,7,35,265.14
53506,0,43,Phone,1,5,UPI,Female,3,3,Fashion,4,Divorced,12,1,20,15,3,26,285.03
53507,1,15,Mobile Phone,2,67,E wallet,Male,0,6,Fashion,1,Married,4,0,22,10,13,12,142.66
53508,0,32,Computer,1,12,Credit Card,Male,0,2,Laptop & Accessory,1,Married,20,0,16,16,4,10,232.81
53509,1,12,Computer,2,32,E wallet,Female,4,2,Laptop & Accessory,4,Divorced,10,0,20,9,9,8,324.44
53510,0,37,Computer,3,93,Debit Card,Male,1,3,Grocery,5,Married,19,0,14,15,11,7,140.57
53511,0,48,Computer,3,37,Credit Card,Female,3,4,Grocery,3,Divorced,2,0,21,4,4,9,275.2
53512,0,11,Computer,1,57,E wallet,Male,3,6,Others,4,Divorced,4,0,22,9,8,1,25.77
53513,1,54,Computer,1,42,Cash on Delivery,Female,,3,Others,1,Married,15,0,21,2,,23,176.76
53514,0,50,Mobile Phone,1,56,E wallet,Male,2,1,Others,2,Single,6,1,20,3,15,34,108.3
53515,1,37,Phone,2,82,UPI,Male,2,6,Grocery,4,Single,1,1,20,11,5,,170
53516,1,38,Mobile Phone,2,15,UPI,Female,1,4,Others,4,Single,18,0,16,9,16,10,37.07
53517,0,32,Computer,1,6,E wallet,Female,3,1,Others,3,Divorced,8,0,20,10,7,0,119.5
53518,0,32,Phone,3,57,Cash on Delivery,Female,3,5,Grocery,1,Married,13,0,21,7,1,4,24.87
53519,0,,Phone,1,98,Cash on Delivery,Female,3,5,Grocery,2,Single,19,0,19,11,10,26,147.26
53520,0,4,Computer,1,98,Cash on Delivery,Female,0,2,Others,2,Married,16,0,19,13,3,6,143.58
53521,0,5,Computer,1,72,E wallet,Female,5,6,Others,3,Single,1,0,22,2,5,36,107.16
53522,0,30,Computer,1,81,E wallet,Female,2,2,Fashion,2,Single,2,0,12,10,4,37,308.2
53523,0,15,Computer,1,,Debit Card,Female,5,2,Mobile Phone,5,Married,19,1,24,6,3,0,26.95
53524,0,30,Computer,2,106,UPI,Female,4,6,Grocery,4,Married,14,1,19,14,14,31,268.09
53525,0,24,Computer,1,71,Credit Card,Female,5,5,Mobile Phone,4,Married,15,0,23,10,3,16,115.35
53526,0,47,Phone,1,,Credit Card,Male,0,6,Grocery,2,Married,2,0,12,6,9,17,64.78
53527,1,45,Computer,2,82,UPI,Male,0,1,Fashion,2,Single,13,1,16,15,5,3,88.58
53528,0,32,Computer,1,120,Debit Card,Female,2,4,Mobile Phone,2,Married,20,1,23,12,3,12,293.12
53529,1,12,Phone,2,,UPI,Female,3,2,Fashion,4,Divorced,20,0,17,16,11,,268.09
53530,0,51,Mobile Phone,1,15,Debit Card,Male,1,5,Laptop & Accessory,2,Single,11,1,24,13,5,21,5.12
53531,0,9,Computer,2,,Debit Card,Female,5,2,Mobile Phone,5,Divorced,10,0,19,1,12,25,47.88
53532,0,23,Phone,3,18,Cash on Delivery,Male,4,3,Mobile Phone,5,Single,2,0,21,9,9,3,219.38
53533,0,9,Phone,1,23,UPI,Male,2,4,Mobile Phone,4,Single,17,1,23,5,3,22,103.16
53534,0,40,Mobile Phone,2,12,Credit Card,Male,1,1,Laptop & Accessory,1,Divorced,3,0,16,15,16,4,298.72
53535,0,,Computer,3,11,E wallet,Male,2,2,Laptop & Accessory,1,Single,4,0,23,6,14,8,255.61
53536,0,12,Computer,2,63,E wallet,Male,2,3,Fashion,1,Divorced,5,0,18,9,5,12,284.39
53537,0,,Computer,1,67,UPI,Female,2,3,Laptop & Accessory,5,Single,2,0,20,14,2,8,62.68
53538,0,58,Phone,1,11,E wallet,Male,2,4,Grocery,3,Married,4,0,25,11,8,3,48.98
53539,0,,Computer,2,124,Debit Card,Female,3,5,Others,1,Single,12,0,22,8,14,25,302.88
53540,0,51,Computer,3,59,E wallet,Male,0,5,Mobile Phone,3,Divorced,6,0,13,16,6,,131.36
53541,0,33,Computer,1,7,Debit Card,Male,5,2,Fashion,4,Married,20,0,20,9,12,1,135.11
53542,0,48,Computer,1,71,Debit Card,Male,2,2,Fashion,5,Married,15,0,16,7,8,30,222.49
53543,0,27,Mobile Phone,1,22,Credit Card,Female,1,5,Fashion,1,Married,7,0,12,4,1,25,129.17
53544,0,18,Mobile Phone,1,49,E wallet,Male,5,1,Fashion,5,Married,6,0,25,12,2,,284.44
53545,1,22,Mobile Phone,1,101,Credit Card,Male,1,1,Mobile Phone,4,Single,14,0,11,,7,40,311.7
53546,0,44,Computer,1,105,E wallet,Female,1,3,Fashion,5,Divorced,18,0,22,0,7,45,108.07
53547,0,31,Computer,1,96,Debit Card,Female,0,4,Mobile Phone,2,Married,7,0,16,7,12,43,67.62
53548,0,12,Phone,1,40,E wallet,Male,0,1,Fashion,1,Divorced,6,0,22,9,11,36,24.47
53549,0,32,Phone,3,20,Credit Card,Male,1,2,Fashion,5,Divorced,6,1,13,4,9,1,69.67
53550,0,33,Phone,1,83,Cash on Delivery,Male,3,1,Others,5,Married,6,0,21,1,12,39,45.32
53551,0,32,Computer,1,33,Credit Card,Female,0,4,Grocery,5,Divorced,20,1,22,8,12,27,9.46
53552,0,55,Mobile Phone,1,63,Cash on Delivery,Male,0,2,Laptop & Accessory,4,Divorced,10,0,15,15,6,22,15.16
53553,0,4,Mobile Phone,3,22,UPI,Female,3,4,Laptop & Accessory,1,Divorced,4,0,16,16,12,6,165.54
53554,0,55,Mobile Phone,2,53,Credit Card,Male,2,5,Laptop & Accessory,1,Divorced,10,0,23,15,,38,230.03
53555,0,2,Computer,2,114,E wallet,Female,0,4,Grocery,2,Single,1,0,20,0,4,,319.56
53556,0,60,Mobile Phone,1,50,Cash on Delivery,Female,5,4,Mobile Phone,2,Single,14,0,16,4,2,21,50.6
53557,0,59,Phone,3,87,E wallet,Male,1,4,Laptop & Accessory,5,Single,18,0,22,2,9,35,226.92
53558,0,6,Phone,1,33,Cash on Delivery,Male,1,2,Laptop & Accessory,1,Divorced,9,1,20,10,11,0,180.05
53559,0,23,Mobile Phone,1,74,Credit Card,Female,3,4,Laptop & Accessory,1,Single,10,0,,10,16,33,155.39
53560,0,21,Phone,2,113,Credit Card,Male,1,4,Mobile Phone,5,Married,19,1,17,10,1,3,234.6
53561,0,44,Mobile Phone,3,54,E wallet,Female,4,6,Grocery,3,Divorced,4,0,25,9,6,,77.56
53562,0,60,Mobile Phone,2,126,Credit Card,Female,1,6,Grocery,1,Single,21,1,17,9,10,34,101.17
53563,0,22,Phone,3,115,E wallet,Male,3,3,Mobile Phone,5,Single,13,1,21,3,9,30,125
53564,0,29,Phone,3,59,Debit Card,Female,3,2,Others,5,Divorced,10,0,16,8,10,,59.28
53565,0,59,Phone,1,31,Cash on Delivery,Male,3,6,Fashion,3,Divorced,13,0,22,9,10,4,155.55
53566,0,17,Phone,1,11,E wallet,Female,5,4,Mobile Phone,2,Divorced,12,0,11,12,2,42,42.86
53567,0,31,Mobile Phone,1,95,Cash on Delivery,Male,4,1,Fashion,5,Married,3,0,18,0,2,42,103.4
53568,0,55,Phone,3,87,Debit Card,Male,0,4,Grocery,1,Single,19,1,20,,12,10,36.78
53569,0,52,Phone,1,85,Cash on Delivery,Male,2,1,Fashion,2,Married,9,0,24,11,9,,11.66
53570,1,6,Computer,3,45,E wallet,Female,1,5,Laptop & Accessory,2,Single,13,1,,4,13,0,115.44
53571,0,32,Phone,1,15,Credit Card,Male,5,5,Fashion,2,Divorced,8,0,11,4,10,42,200.7
53572,0,,Phone,1,9,Cash on Delivery,Female,0,2,Fashion,5,Single,4,0,20,6,10,5,49.36
53573,1,48,Mobile Phone,1,70,Cash on Delivery,Female,3,2,Grocery,1,Divorced,21,0,23,11,9,27,322.87
53574,1,27,Mobile Phone,1,115,Debit Card,Male,0,5,Others,3,Single,9,0,12,13,4,16,89.16
53575,1,,Computer,3,60,UPI,Female,0,2,Fashion,4,Married,7,0,13,0,,10,7.38
53576,0,7,Phone,1,16,Credit Card,Male,4,1,Grocery,4,Single,21,0,16,5,8,40,9.11
53577,0,14,Phone,1,46,E wallet,Female,3,1,Laptop & Accessory,2,Divorced,11,0,12,5,8,26,216.63
53578,0,51,Phone,1,110,Debit Card,Female,5,3,Fashion,4,Married,15,0,12,11,11,11,217.71
53579,0,3,Phone,1,120,E wallet,Male,5,2,Fashion,4,Married,13,0,24,2,2,12,293.38
53580,0,33,Phone,1,79,E wallet,Male,3,2,Laptop & Accessory,5,Single,3,0,16,10,4,30,29.52
53581,0,4,Phone,1,14,Cash on Delivery,Female,1,3,Mobile Phone,3,Single,3,0,22,3,6,34,122.32
53582,1,32,Computer,3,32,Debit Card,Male,5,4,Others,4,Married,20,0,14,12,15,24,289.01
53583,0,56,Phone,1,11,Debit Card,Male,5,1,Laptop & Accessory,3,Single,11,0,,0,4,29,259.25
53584,1,4,Phone,1,18,Credit Card,Female,1,4,Laptop & Accessory,4,Divorced,21,0,21,5,7,35,75.87
53585,0,,Phone,2,81,UPI,Male,1,6,Laptop & Accessory,2,Divorced,5,0,18,13,13,20,289.24
53586,0,33,Computer,1,,E wallet,Female,5,3,Mobile Phone,2,Single,20,0,13,8,10,35,221.27
53587,0,57,Phone,1,65,Credit Card,Male,5,6,Laptop & Accessory,3,Married,19,0,15,8,12,27,85.9
53588,0,25,Computer,2,55,Credit Card,Male,5,6,Mobile Phone,3,Single,12,0,11,6,5,26,14.57
53589,0,0,Mobile Phone,1,46,E wallet,Female,1,2,Others,3,Married,18,1,20,14,4,11,161.67
53590,0,3,Phone,2,12,Cash on Delivery,Female,5,4,Mobile Phone,3,Married,4,0,14,9,6,9,231.75
53591,1,38,Computer,1,54,Cash on Delivery,Male,0,2,Others,1,Divorced,8,0,24,8,6,,87.31
53592,0,,Mobile Phone,2,5,E wallet,Male,0,3,Others,2,Single,14,0,24,14,,28,54.84
53593,0,25,Computer,3,73,Debit Card,Female,1,5,Others,4,Married,16,0,15,8,6,44,24.47
53594,0,32,Computer,1,15,UPI,Male,1,2,Grocery,1,Married,20,0,24,6,15,5,273.66
53595,0,32,Mobile Phone,1,120,Cash on Delivery,Male,1,6,Others,3,Married,8,0,23,,15,24,17.79
53596,0,7,Phone,1,111,UPI,Male,2,6,Mobile Phone,4,Married,5,1,14,1,5,7,198.06
53597,0,,Phone,1,52,Credit Card,Male,1,4,Grocery,2,Divorced,9,0,22,2,7,10,248.05
53598,0,15,Computer,3,14,Credit Card,Female,2,4,Laptop & Accessory,3,Divorced,2,0,24,1,14,16,253.66
53599,0,20,Mobile Phone,2,19,E wallet,Male,1,3,Laptop & Accessory,5,Divorced,8,1,,0,5,37,212.45
53600,0,44,Phone,1,107,E wallet,Female,3,4,Fashion,3,Divorced,7,0,18,11,4,12,212.16
53601,0,54,Computer,2,51,E wallet,Female,4,1,Others,4,Divorced,18,1,21,4,11,40,154.08
53602,0,55,Mobile Phone,1,97,Cash on Delivery,Male,5,2,Fashion,2,Single,21,1,22,1,9,14,135.43
53603,0,25,Computer,2,29,UPI,Female,5,6,Others,3,Single,9,0,23,,5,18,44.64
53604,0,22,Mobile Phone,2,,Credit Card,Male,0,1,Others,2,Divorced,11,0,,5,6,18,173.99
53605,0,17,Phone,2,10,UPI,Male,3,3,Mobile Phone,1,Married,12,1,19,2,2,9,23.08
53606,0,30,Phone,1,,Cash on Delivery,Female,4,6,Mobile Phone,5,Married,8,0,12,7,1,27,152.16
53607,0,51,Computer,2,21,UPI,Female,5,1,Laptop & Accessory,1,Single,17,0,16,3,3,36,237.54
53608,0,41,Phone,1,19,UPI,Female,5,1,Grocery,5,Single,19,1,12,3,7,24,143.93
53609,1,11,Phone,2,20,E wallet,Male,2,6,Laptop & Accessory,1,Single,1,0,16,7,1,14,165.19
53610,1,0,Mobile Phone,1,60,UPI,Male,0,2,Others,2,Divorced,3,0,16,6,1,34,273.72
53611,0,41,Phone,1,70,UPI,Male,2,2,Grocery,2,Married,14,0,21,0,16,15,210.14
53612,0,8,Mobile Phone,2,40,UPI,Female,2,5,Fashion,1,Married,18,0,17,1,8,36,41.47
53613,0,2,Mobile Phone,3,87,Debit Card,Female,0,1,Others,4,Single,2,1,20,9,3,26,176.45
53614,0,59,Computer,1,42,Credit Card,Female,4,2,Mobile Phone,1,Single,8,0,23,0,2,4,118.49
53615,0,50,Mobile Phone,3,118,Credit Card,Female,0,1,Laptop & Accessory,3,Single,17,1,15,6,8,23,67.22
53616,0,25,Phone,2,89,UPI,Female,1,1,Laptop & Accessory,4,Single,9,0,22,13,13,1,210.59
53617,0,8,Mobile Phone,2,79,E wallet,Male,2,3,Fashion,2,Divorced,12,0,13,0,12,39,125.61
53618,1,41,Mobile Phone,3,109,E wallet,Male,1,3,Laptop & Accessory,1,Married,7,0,22,3,10,34,249.37
53619,0,50,Computer,1,7,E wallet,Female,,6,Laptop & Accessory,4,Divorced,1,0,25,10,14,32,190.61
53620,0,15,Phone,3,102,Credit Card,Female,0,1,Grocery,3,Married,21,0,12,1,2,41,33.88
53621,0,23,Phone,1,22,Cash on Delivery,Female,5,3,Others,5,Divorced,21,0,23,7,13,31,113.86
53622,0,49,Phone,1,83,UPI,Female,4,6,Grocery,2,Married,14,0,14,16,15,,87.7
53623,0,13,Mobile Phone,2,93,Credit Card,Male,2,2,Grocery,4,Divorced,2,1,23,13,,15,48.74
53624,1,60,Phone,3,58,E wallet,Female,3,1,Laptop & Accessory,4,Married,17,0,24,9,14,44,260.07
53625,0,2,Phone,3,118,Credit Card,Female,0,3,Others,4,Divorced,7,0,22,4,7,37,123.02
53626,0,33,Mobile Phone,2,119,Credit Card,Female,5,2,Laptop & Accessory,1,Married,15,1,11,7,7,44,199.31
53627,0,32,Computer,2,,Credit Card,Male,3,1,Laptop & Accessory,2,Single,9,1,21,9,10,43,286.65
53628,1,49,Computer,1,98,E wallet,Male,2,6,Grocery,2,Married,8,1,22,0,,22,176.48
53629,0,23,Mobile Phone,3,21,Cash on Delivery,Female,1,1,Mobile Phone,1,Married,7,0,12,16,1,25,83.88
53630,0,8,Computer,1,86,Debit Card,Male,2,3,Mobile Phone,1,Divorced,4,0,18,16,1,,256.97
53631,0,12,Computer,2,99,UPI,Female,4,2,Grocery,1,Single,10,0,15,9,11,6,141.62
53632,0,1,Computer,2,118,UPI,Female,3,1,Grocery,3,Divorced,7,0,15,0,14,33,183.25
53633,0,6,Phone,2,111,Credit Card,Female,5,1,Laptop & Accessory,4,Married,15,0,13,16,11,9,293.18
53634,0,47,Computer,1,86,Cash on Delivery,Male,3,6,Others,3,Married,13,0,24,12,3,21,159.01
53635,0,20,Phone,3,123,E wallet,Female,1,5,Laptop & Accessory,2,Married,8,0,21,,12,20,108.78
53636,0,18,Computer,2,103,Debit Card,Female,5,1,Laptop & Accessory,1,Married,9,1,11,0,13,18,236.4
53637,1,24,Phone,3,17,Debit Card,Male,1,5,Fashion,4,Divorced,9,0,16,6,12,41,43.39
53638,0,46,Mobile Phone,1,67,Credit Card,Male,0,5,Laptop & Accessory,5,Single,5,0,,12,12,38,296.96
53639,0,21,Mobile Phone,2,18,Credit Card,Female,2,2,Others,4,Married,21,1,25,6,11,44,297.55
53640,0,10,Computer,2,63,E wallet,Female,4,4,Laptop & Accessory,5,Divorced,6,0,24,5,,24,188.31
53641,0,,Phone,2,40,E wallet,Male,0,6,Grocery,4,Divorced,16,0,22,12,4,12,50.15
53642,1,31,Mobile Phone,3,,E wallet,Male,2,5,Others,1,Divorced,16,0,11,7,9,42,146.93
53643,0,20,Mobile Phone,1,9,Credit Card,Male,1,2,Grocery,5,Divorced,14,0,14,15,16,18,137.57
53644,0,38,Mobile Phone,1,18,Cash on Delivery,Female,4,6,Fashion,5,Divorced,19,0,24,8,12,6,96.95
53645,0,19,Mobile Phone,1,29,Credit Card,Female,1,3,Fashion,2,Married,19,0,14,12,7,30,56.91
53646,0,7,Computer,1,48,Credit Card,Male,5,5,Others,4,Married,16,1,21,1,1,1,85.7
53647,0,41,Phone,3,125,Debit Card,Male,1,4,Mobile Phone,3,Single,5,0,13,11,,43,180.55
53648,0,36,Mobile Phone,1,43,E wallet,Female,,3,Mobile Phone,3,Single,1,1,14,11,6,44,222.85
53649,0,8,Computer,1,16,UPI,Male,2,6,Others,2,Single,5,0,24,14,14,3,318.37
53650,1,24,Mobile Phone,1,108,E wallet,Female,0,5,Others,2,Single,9,0,16,9,13,0,70.12
53651,0,24,Mobile Phone,2,65,Cash on Delivery,Female,3,5,Grocery,2,Divorced,21,1,16,13,6,22,66.31
53652,0,32,Mobile Phone,1,66,Cash on Delivery,Female,5,4,Fashion,1,Divorced,7,0,24,16,7,16,38.04
53653,0,1,Mobile Phone,1,,E wallet,Male,2,1,Others,1,Divorced,10,0,21,,9,21,305.17
53654,0,18,Computer,1,57,E wallet,Female,5,4,Laptop & Accessory,1,Divorced,15,0,16,10,6,34,124.1
53655,0,45,Phone,1,,Credit Card,Male,2,2,Grocery,1,Divorced,21,0,16,16,1,7,300.29
53656,0,19,Computer,3,39,UPI,Male,2,2,Fashion,2,Divorced,12,0,14,10,3,,289.07
53657,0,41,Computer,1,122,Credit Card,Male,4,4,Grocery,2,Divorced,13,0,21,14,1,0,14.29
53658,0,40,Computer,2,,Debit Card,Male,3,4,Fashion,1,Divorced,18,0,17,3,6,24,90.93
53659,0,41,Mobile Phone,3,7,Debit Card,Female,0,4,Laptop & Accessory,1,Single,21,0,17,3,15,23,98.32
53660,1,28,Phone,2,47,Cash on Delivery,Female,3,4,Fashion,5,Married,10,1,12,14,7,32,90.14
53661,0,5,Mobile Phone,3,54,Cash on Delivery,Female,5,4,Grocery,4,Single,1,0,22,13,15,10,138.23
53662,0,16,Computer,3,75,UPI,Male,1,5,Fashion,5,Divorced,4,1,16,8,15,31,162.28
53663,0,59,Mobile Phone,1,13,Cash on Delivery,Female,5,6,Grocery,4,Divorced,17,0,15,15,12,28,246.41
53664,0,24,Phone,2,40,Debit Card,Female,2,6,Others,1,Divorced,21,0,20,0,15,0,87
53665,0,37,Phone,1,27,UPI,Female,1,3,Laptop & Accessory,1,Married,13,0,11,2,15,7,97.09
53666,0,3,Mobile Phone,1,92,Debit Card,Female,3,2,Grocery,1,Divorced,2,0,24,3,,44,194.55
53667,1,,Computer,3,78,E wallet,Male,0,2,Mobile Phone,5,Divorced,15,0,13,8,3,28,58.26
53668,0,19,Mobile Phone,2,54,E wallet,Male,1,6,Mobile Phone,2,Single,12,0,19,7,10,,153.79
53669,0,2,Computer,2,59,UPI,Female,1,6,Fashion,4,Single,2,0,23,3,9,34,81.57
53670,0,22,Phone,2,116,Credit Card,Male,4,3,Others,5,Divorced,7,0,21,12,1,6,64.35
53671,0,50,Mobile Phone,1,16,Cash on Delivery,Male,3,4,Others,1,Married,4,1,19,13,1,30,258.59
53672,0,17,Phone,3,87,UPI,Male,1,6,Mobile Phone,2,Married,14,1,,4,7,44,229.81
53673,0,25,Computer,1,36,Cash on Delivery,Female,3,6,Fashion,5,Single,18,0,19,14,12,31,81.19
53674,0,55,Computer,1,28,Debit Card,Female,0,3,Others,4,Single,11,0,21,16,5,29,134.93
53675,0,35,Mobile Phone,3,90,Credit Card,Male,1,4,Others,1,Married,3,1,20,2,16,11,50.12
53676,0,7,Mobile Phone,1,71,Cash on Delivery,Male,0,2,Fashion,4,Single,3,0,15,0,5,34,17.28
53677,0,16,Mobile Phone,2,108,E wallet,Male,5,6,Grocery,1,Divorced,18,0,16,15,5,9,190.2
53678,0,30,Phone,2,31,E wallet,Male,1,1,Mobile Phone,1,Divorced,1,1,19,5,11,25,118.16
53679,0,36,Computer,1,65,Debit Card,Female,2,2,Others,3,Divorced,13,0,14,8,11,4,67.36
53680,0,44,Computer,3,23,UPI,Male,4,2,Grocery,4,Divorced,5,0,21,,12,22,37.25
53681,0,56,Phone,2,77,Cash on Delivery,Female,4,1,Grocery,2,Single,4,0,14,16,5,8,221.01
53682,0,32,Mobile Phone,1,55,Debit Card,Male,4,3,Grocery,1,Divorced,3,0,,6,,32,88.22
53683,0,26,Mobile Phone,1,68,E wallet,Female,,5,Grocery,2,Divorced,19,0,19,13,14,36,294.9
53684,0,44,Phone,3,117,E wallet,Male,3,4,Laptop & Accessory,5,Divorced,13,0,22,13,1,29,62.66
53685,0,3,Computer,1,81,E wallet,Female,4,4,Laptop & Accessory,1,Divorced,16,0,17,11,5,32,79.23
53686,0,21,Computer,3,6,Credit Card,Female,5,2,Fashion,1,Married,19,0,16,,10,1,276.81
53687,1,25,Computer,1,40,Credit Card,Male,1,1,Mobile Phone,1,Divorced,1,1,20,13,9,41,186.04
53688,0,31,Computer,2,97,E wallet,Male,1,2,Fashion,2,Single,18,1,16,7,8,3,35.22
53689,0,23,Phone,3,15,UPI,Female,2,2,Laptop & Accessory,3,Divorced,7,1,23,16,9,25,178.57
53690,0,,Computer,1,102,Credit Card,Female,0,6,Fashion,4,Married,3,0,25,7,3,29,100.14
53691,0,34,Phone,2,72,Cash on Delivery,Male,1,3,Fashion,1,Divorced,20,0,15,7,15,34,239.51
53692,0,36,Mobile Phone,2,72,Credit Card,Male,1,4,Grocery,4,Single,10,0,22,16,2,9,25.28
53693,0,31,Phone,2,120,Cash on Delivery,Male,2,5,Others,4,Single,21,0,21,10,,30,298.31
53694,0,6,Computer,2,68,Credit Card,Male,2,1,Laptop & Accessory,4,Married,8,0,14,6,7,14,155.42
53695,0,32,Mobile Phone,2,5,E wallet,Female,3,5,Laptop & Accessory,2,Single,2,1,13,,13,20,238.64
53696,0,,Phone,2,93,Cash on Delivery,Female,3,1,Fashion,4,Single,10,0,24,11,4,5,229.02
53697,1,54,Phone,3,30,UPI,Female,,4,Others,5,Single,21,1,17,15,15,0,57.93
53698,0,60,Phone,2,15,Credit Card,Male,1,3,Fashion,2,Married,18,0,15,12,2,9,286.03
53699,1,11,Mobile Phone,1,91,Credit Card,Male,2,5,Mobile Phone,2,Married,12,0,12,14,9,,75.63
53700,0,10,Phone,3,6,E wallet,Male,5,1,Laptop & Accessory,5,Married,14,1,13,2,6,8,61.93
53701,0,23,Computer,1,87,Cash on Delivery,Female,0,2,Grocery,3,Married,2,0,15,10,15,,169.21
53702,0,7,Mobile Phone,1,97,E wallet,Male,3,4,Grocery,3,Married,17,0,19,7,15,15,319.98
53703,0,31,Mobile Phone,1,44,Cash on Delivery,Female,5,3,Grocery,1,Married,20,0,22,7,3,,101.85
53704,1,56,Phone,1,123,Credit Card,Male,4,6,Laptop & Accessory,3,Married,12,0,16,11,12,15,313.45
53705,1,37,Computer,1,120,Credit Card,Female,1,2,Laptop & Accessory,1,Married,7,0,25,2,16,34,141.4
53706,1,59,Mobile Phone,1,8,Credit Card,Female,0,3,Grocery,4,Married,15,0,,1,,27,271.27
53707,0,21,Phone,1,125,Credit Card,Female,1,1,Laptop & Accessory,1,Divorced,2,1,12,2,1,12,172.24
53708,0,33,Computer,2,84,Debit Card,Male,5,2,Grocery,3,Married,12,0,18,15,16,5,66.71
53709,0,18,Phone,1,115,Credit Card,Male,3,6,Mobile Phone,1,Divorced,17,0,,6,15,24,286
53710,1,51,Phone,1,41,Credit Card,Male,5,6,Mobile Phone,2,Married,1,0,24,0,,38,23.39
53711,0,19,Mobile Phone,1,65,Cash on Delivery,Male,5,3,Mobile Phone,3,Married,8,1,16,12,14,25,221.9
53712,0,55,Mobile Phone,1,95,Credit Card,Female,1,4,Fashion,1,Married,5,1,16,13,8,43,270
53713,0,13,Phone,1,9,Credit Card,Female,3,5,Fashion,3,Divorced,8,0,23,0,11,45,270.41
53714,0,32,Mobile Phone,2,19,Cash on Delivery,Male,1,6,Others,5,Divorced,20,1,24,3,4,14,212.97
53715,1,9,Mobile Phone,3,91,Credit Card,Male,3,6,Others,3,Married,14,0,18,16,9,1,81.57
53716,0,15,Computer,3,117,Credit Card,Male,2,5,Others,5,Married,6,0,25,5,5,21,172.79
53717,0,3,Computer,3,,E wallet,Male,2,2,Mobile Phone,1,Divorced,18,1,17,5,5,41,204.6
53718,0,26,Phone,1,86,Debit Card,Female,2,4,Mobile Phone,5,Married,5,1,25,1,,27,289.15
53719,0,27,Phone,1,111,Cash on Delivery,Male,2,4,Mobile Phone,3,Married,10,0,23,16,7,16,51.89
53720,0,60,Phone,1,30,E wallet,Female,2,3,Laptop & Accessory,2,Divorced,15,0,25,15,13,,151.1
53721,0,42,Phone,2,10,UPI,Female,4,2,Laptop & Accessory,5,Divorced,3,1,15,11,,14,108.27
53722,1,15,Computer,1,48,UPI,Female,1,4,Mobile Phone,3,Divorced,3,0,21,11,14,37,139.01
53723,1,58,Mobile Phone,2,122,Debit Card,Male,5,3,Grocery,2,Married,17,1,,15,4,33,59.49
53724,0,51,Computer,1,62,UPI,Male,2,4,Others,4,Divorced,14,0,19,5,12,29,70.67
53725,0,32,Phone,1,85,Debit Card,Male,4,2,Fashion,5,Married,10,0,11,12,10,0,250.2
53726,1,47,Phone,3,50,UPI,Male,4,4,Others,5,Single,19,0,23,15,2,40,155.47
53727,0,18,Computer,2,106,UPI,Female,,4,Grocery,1,Single,16,0,14,9,6,15,167.1
53728,0,20,Computer,3,46,E wallet,Male,1,4,Laptop & Accessory,4,Married,17,0,25,10,14,24,291.68
53729,0,,Phone,2,52,UPI,Female,3,5,Mobile Phone,1,Married,20,0,,0,,45,77.99
53730,0,8,Mobile Phone,3,118,Debit Card,Male,3,1,Laptop & Accessory,1,Divorced,13,0,22,6,7,22,107.01
53731,0,8,Phone,2,31,Credit Card,Female,2,2,Laptop & Accessory,3,Married,1,0,21,16,6,32,100.3
53732,1,8,Computer,3,24,Credit Card,Female,0,5,Grocery,1,Married,1,0,19,11,,33,214.25
53733,0,26,Phone,1,74,Credit Card,Female,3,1,Laptop & Accessory,5,Divorced,17,0,12,14,3,8,182.8
53734,0,16,Phone,2,119,Debit Card,Male,0,6,Laptop & Accessory,1,Married,18,0,23,8,5,15,153.25
53735,0,43,Mobile Phone,2,39,Debit Card,Female,5,4,Others,2,Single,17,0,23,5,7,36,217.09
53736,0,56,Phone,1,80,Credit Card,Female,3,4,Others,5,Married,12,0,13,,2,4,157.27
53737,0,44,Phone,3,52,UPI,Male,5,5,Grocery,3,Divorced,6,1,13,4,16,41,265.19
53738,0,7,Phone,3,71,Credit Card,Female,4,3,Mobile Phone,1,Married,7,0,,8,16,11,133.33
53739,0,15,Computer,1,116,Cash on Delivery,Male,4,2,Others,2,Married,17,0,25,1,12,4,289.45
53740,0,17,Computer,1,72,Debit Card,Male,5,1,Laptop & Accessory,2,Married,16,0,13,9,11,22,38.88
53741,1,60,Mobile Phone,1,125,Cash on Delivery,Female,4,4,Fashion,5,Single,1,0,13,,4,7,30.53
53742,0,58,Phone,3,56,Cash on Delivery,Female,,2,Others,1,Divorced,11,1,15,16,13,42,213.1
53743,0,32,Computer,2,113,Debit Card,Male,0,4,Fashion,2,Single,10,1,23,3,12,34,126.65
53744,0,0,Mobile Phone,1,72,Credit Card,Female,2,4,Mobile Phone,1,Single,1,0,13,,8,15,148.11
53745,0,11,Phone,2,8,E wallet,Male,5,4,Laptop & Accessory,5,Divorced,11,0,15,12,3,19,226.21
53746,0,5,Mobile Phone,1,43,Cash on Delivery,Male,3,2,Others,4,Divorced,3,0,13,5,15,27,69.73
53747,0,40,Mobile Phone,2,25,Credit Card,Female,3,5,Mobile Phone,2,Single,16,0,12,15,7,29,14.28
53748,0,54,Mobile Phone,1,112,E wallet,Male,0,2,Grocery,3,Single,1,0,18,5,14,10,142.64
53749,0,4,Mobile Phone,1,70,Cash on Delivery,Female,5,2,Mobile Phone,1,Married,7,0,13,10,10,16,290.79
53750,1,58,Mobile Phone,2,20,Credit Card,Female,4,6,Grocery,5,Divorced,11,0,16,9,3,9,146.49
53751,1,15,Mobile Phone,1,11,Cash on Delivery,Male,2,3,Grocery,5,Single,17,0,21,8,8,23,185.89
53752,1,17,Mobile Phone,1,87,Credit Card,Female,3,3,Others,3,Married,19,1,12,9,7,30,67.72
53753,0,48,Phone,1,,UPI,Female,2,5,Fashion,4,Single,14,0,11,14,1,10,150.82
53754,0,17,Phone,1,101,UPI,Female,2,3,Grocery,1,Single,16,0,18,13,16,7,156.21
53755,0,,Mobile Phone,1,13,Debit Card,Female,1,5,Laptop & Accessory,4,Divorced,17,0,22,15,4,30,76.42
53756,0,18,Phone,3,105,E wallet,Female,2,4,Others,5,Single,14,0,,6,7,36,53.23
53757,0,53,Mobile Phone,3,126,Cash on Delivery,Female,5,4,Grocery,2,Divorced,9,1,,7,12,36,113.83
53758,0,60,Phone,3,21,Cash on Delivery,Male,1,2,Others,4,Single,21,0,12,7,12,32,12.63
53759,0,7,Computer,3,,Credit Card,Female,0,4,Laptop & Accessory,2,Married,13,0,15,12,13,8,54.1
53760,1,2,Mobile Phone,1,101,E wallet,Male,,3,Others,3,Divorced,2,0,16,9,5,45,237.69
53761,0,57,Computer,1,117,Cash on Delivery,Male,1,1,Others,5,Divorced,20,0,21,0,3,2,210.97
53762,0,24,Mobile Phone,1,16,E wallet,Female,2,2,Grocery,2,Married,8,0,24,15,16,12,101.65
53763,0,57,Mobile Phone,3,61,E wallet,Female,4,5,Mobile Phone,1,Divorced,4,0,12,2,2,27,179.13
53764,0,4,Computer,2,49,UPI,Male,2,4,Others,5,Married,5,1,16,2,9,23,269.55
53765,0,54,Computer,1,124,Cash on Delivery,Male,2,2,Grocery,3,Divorced,15,1,11,5,10,9,272.72
53766,0,39,Computer,1,15,Cash on Delivery,Female,1,2,Laptop & Accessory,1,Divorced,2,0,19,11,6,41,212.67
53767,0,18,Mobile Phone,2,17,Debit Card,Male,0,2,Laptop & Accessory,5,Divorced,21,0,14,4,10,36,40.32
53768,0,17,Computer,2,35,E wallet,Male,2,4,Mobile Phone,4,Divorced,9,0,23,15,1,14,52.94
53769,0,49,Computer,3,81,Credit Card,Female,5,5,Laptop & Accessory,5,Single,8,0,24,16,5,41,94.79
53770,0,52,Phone,1,106,UPI,Male,1,2,Grocery,1,Single,11,0,23,9,12,27,217.98
53771,0,30,Phone,3,30,Debit Card,Male,,2,Mobile Phone,2,Single,13,0,15,6,7,36,83.85
53772,1,32,Computer,1,,UPI,Female,5,2,Grocery,2,Divorced,7,0,13,9,8,,150.94
53773,0,46,Computer,2,,Credit Card,Female,2,6,Mobile Phone,5,Single,19,1,16,1,5,12,268.3
53774,0,17,Computer,3,26,Debit Card,Female,5,4,Mobile Phone,5,Divorced,15,1,11,14,12,3,289.83
53775,0,60,Computer,3,10,UPI,Female,4,6,Grocery,3,Divorced,12,0,17,16,15,39,272.53
53776,1,56,Phone,1,24,Credit Card,Male,0,3,Mobile Phone,4,Married,13,0,18,3,12,29,37.84
53777,0,38,Mobile Phone,1,89,Debit Card,Male,2,5,Grocery,3,Married,1,1,13,7,13,2,296
53778,0,15,Computer,1,14,Credit Card,Male,5,2,Laptop & Accessory,3,Married,21,0,12,1,10,19,222.35
53779,0,15,Computer,1,87,Debit Card,Male,0,6,Laptop & Accessory,2,Divorced,8,0,22,15,12,34,201.11
53780,1,46,Phone,2,39,Cash on Delivery,Male,0,2,Others,2,Married,15,0,24,13,13,26,80.45
53781,0,37,Computer,3,30,Cash on Delivery,Female,,6,Fashion,1,Married,14,0,14,11,10,11,301.67
53782,0,40,Computer,1,,UPI,Male,4,2,Fashion,3,Divorced,8,0,18,8,1,44,5.64
53783,0,6,Phone,1,41,E wallet,Male,3,4,Laptop & Accessory,1,Divorced,3,0,21,11,12,,26.71
53784,0,13,Computer,1,12,E wallet,Female,0,3,Others,5,Single,12,1,,2,2,15,49.94
53785,0,42,Computer,3,9,Credit Card,Male,2,2,Fashion,1,Divorced,15,0,24,12,4,31,225.6
53786,0,,Phone,3,48,Debit Card,Male,4,6,Grocery,2,Single,16,0,22,5,15,32,202.43
53787,0,47,Mobile Phone,1,104,Cash on Delivery,Female,,2,Grocery,3,Divorced,7,0,21,1,14,15,307.02
53788,0,24,Computer,1,119,E wallet,Female,0,4,Mobile Phone,2,Married,18,0,,6,10,28,113.42
53789,0,31,Computer,2,96,Cash on Delivery,Male,4,5,Fashion,5,Divorced,13,0,18,13,1,26,112.98
53790,1,37,Mobile Phone,2,118,Credit Card,Female,3,5,Grocery,4,Single,6,0,12,5,4,30,217.6
53791,0,21,Phone,1,71,Credit Card,Male,0,3,Fashion,3,Divorced,2,1,23,8,,23,56.6
53792,0,58,Mobile Phone,3,107,Debit Card,Male,2,5,Mobile Phone,2,Divorced,2,0,14,6,13,30,150.81
53793,0,15,Computer,3,76,E wallet,Female,3,2,Laptop & Accessory,4,Married,19,0,20,15,6,8,5.02
53794,0,51,Mobile Phone,2,83,Credit Card,Male,0,4,Others,5,Divorced,6,0,25,12,14,44,192.41
53795,0,28,Phone,2,,Credit Card,Female,4,2,Mobile Phone,4,Married,10,1,11,5,6,35,254.8
53796,0,15,Computer,1,95,Cash on Delivery,Female,5,2,Mobile Phone,2,Single,17,1,21,3,2,5,66.22
53797,0,11,Phone,2,53,UPI,Male,0,3,Mobile Phone,2,Divorced,19,1,17,11,1,29,99.83
53798,0,16,Phone,1,119,E wallet,Male,1,5,Others,5,Single,16,0,25,9,12,,42.85
53799,0,36,Mobile Phone,1,40,Debit Card,Female,2,5,Grocery,5,Divorced,18,0,20,15,8,39,200.09
53800,0,26,Mobile Phone,1,,Debit Card,Female,4,5,Fashion,4,Married,19,0,16,0,9,6,183.31
53801,0,24,Phone,1,30,Cash on Delivery,Female,4,6,Laptop & Accessory,4,Divorced,2,1,21,11,9,7,268.58
53802,1,,Phone,1,49,Debit Card,Female,1,2,Laptop & Accessory,2,Married,3,0,17,8,7,10,315.36
53803,0,7,Computer,2,65,Credit Card,Male,5,4,Others,5,Single,15,1,20,3,12,2,319.68
53804,1,55,Phone,2,48,E wallet,Female,3,4,Laptop & Accessory,1,Single,15,0,22,10,4,3,34.83
53805,0,4,Phone,2,8,Debit Card,Male,4,2,Others,5,Married,12,0,15,15,2,32,179.77
53806,1,11,Mobile Phone,1,80,E wallet,Female,3,1,Others,3,Divorced,20,0,16,1,16,19,256.64
53807,0,40,Phone,1,85,Debit Card,Female,3,2,Fashion,3,Married,13,1,22,8,7,4,214.17
53808,0,2,Phone,3,62,UPI,Male,3,6,Fashion,5,Married,2,0,16,16,6,33,291.52
53809,0,34,Mobile Phone,1,109,UPI,Male,5,5,Others,4,Married,18,0,16,16,13,13,143.56
53810,0,32,Computer,3,112,E wallet,Female,0,2,Fashion,3,Married,15,0,19,13,14,12,138.81
53811,0,56,Mobile Phone,1,30,UPI,Male,1,6,Grocery,2,Single,18,0,24,12,14,44,8.49
53812,0,21,Mobile Phone,2,99,UPI,Male,2,1,Mobile Phone,2,Married,13,1,14,5,16,23,5.09
53813,0,,Phone,1,83,Credit Card,Male,1,2,Laptop & Accessory,2,Married,6,0,12,11,,29,225.11
53814,0,55,Phone,2,120,Debit Card,Male,4,5,Laptop & Accessory,5,Single,8,0,19,12,,39,153.23
53815,0,43,Computer,3,102,UPI,Female,1,3,Laptop & Accessory,3,Single,16,0,20,2,14,10,214.58
53816,0,8,Phone,3,33,E wallet,Male,2,4,Laptop & Accessory,4,Single,20,1,17,15,4,8,77.42
53817,0,,Computer,3,13,Credit Card,Female,0,1,Grocery,2,Divorced,3,0,15,9,,12,280.5
53818,0,17,Computer,1,82,UPI,Female,4,3,Grocery,4,Divorced,17,0,16,9,7,12,293.43
53819,0,49,Computer,2,40,E wallet,Female,0,4,Mobile Phone,2,Single,18,1,21,2,6,31,215.25
53820,0,28,Computer,1,8,Debit Card,Female,4,3,Others,5,Married,12,1,17,12,10,6,90.29
53821,0,38,Phone,2,63,UPI,Male,2,2,Fashion,2,Married,7,1,15,15,8,10,70.25
53822,0,26,Mobile Phone,1,106,E wallet,Female,0,2,Mobile Phone,5,Single,12,1,15,3,,41,203.29
53823,0,35,Mobile Phone,3,124,E wallet,Female,2,4,Laptop & Accessory,3,Single,3,0,16,10,8,0,305.75
53824,0,44,Phone,3,41,Cash on Delivery,Male,2,4,Fashion,3,Divorced,12,0,18,16,16,27,187.89
53825,0,16,Phone,1,92,E wallet,Male,5,2,Mobile Phone,4,Single,15,0,23,0,8,7,272.77
53826,0,55,Computer,1,85,Cash on Delivery,Male,1,2,Laptop & Accessory,2,Divorced,17,0,12,11,2,14,183.76
53827,0,33,Phone,1,17,Debit Card,Female,4,6,Mobile Phone,3,Single,12,0,25,2,16,,219.25
53828,0,45,Mobile Phone,2,24,Debit Card,Male,3,4,Laptop & Accessory,1,Married,9,0,21,8,13,21,184.53
53829,1,2,Phone,1,21,Credit Card,Female,3,4,Laptop & Accessory,1,Single,1,0,20,10,11,19,186.99
53830,0,4,Phone,3,55,Cash on Delivery,Female,0,6,Grocery,4,Married,16,0,19,,11,3,240.26
53831,0,13,Computer,2,95,E wallet,Female,2,4,Laptop & Accessory,3,Single,15,0,24,11,14,44,128.78
53832,0,2,Computer,2,59,Credit Card,Male,1,5,Mobile Phone,5,Divorced,11,0,20,10,7,24,293.8
53833,0,22,Computer,2,37,Credit Card,Female,4,6,Fashion,1,Single,5,1,15,9,3,15,280.64
53834,0,38,Computer,1,25,Debit Card,Female,0,5,Grocery,3,Married,7,1,14,10,,39,235.73
53835,0,29,Mobile Phone,3,85,E wallet,Male,2,2,Fashion,5,Married,3,0,18,7,13,45,241.61
53836,0,49,Phone,2,,Cash on Delivery,Female,,5,Others,2,Married,13,0,,16,8,26,134.3
53837,1,44,Phone,3,29,Debit Card,Male,3,1,Fashion,3,Single,13,0,,5,1,28,270.57
53838,0,60,Computer,2,71,Credit Card,Male,3,2,Others,2,Divorced,19,0,15,6,,11,303.1
53839,1,22,Mobile Phone,2,95,UPI,Male,4,1,Others,1,Divorced,10,0,15,4,10,6,258.42
53840,0,26,Mobile Phone,1,95,Credit Card,Male,4,3,Grocery,2,Divorced,7,0,14,,13,23,43.23
53841,0,53,Phone,2,114,UPI,Male,4,1,Fashion,1,Married,20,0,13,6,8,4,255.65
53842,0,9,Computer,2,16,Debit Card,Male,0,3,Laptop & Accessory,4,Married,21,0,,15,,41,150.99
53843,0,,Phone,2,19,Cash on Delivery,Female,4,1,Grocery,4,Divorced,15,0,15,3,3,32,197.83
53844,0,12,Phone,2,106,E wallet,Male,0,3,Grocery,1,Divorced,18,0,19,2,11,37,322.13
53845,0,15,Mobile Phone,1,88,UPI,Female,1,3,Laptop & Accessory,5,Single,20,1,19,13,8,39,116.79
53846,0,40,Mobile Phone,3,90,E wallet,Female,2,2,Fashion,4,Single,7,1,19,3,8,42,113.27
53847,1,33,Phone,3,6,Debit Card,Female,3,4,Grocery,5,Single,3,1,16,8,9,5,85.52
53848,0,54,Computer,1,8,Debit Card,Female,0,4,Others,5,Divorced,20,0,18,10,10,7,41.32
53849,0,36,Computer,3,49,Debit Card,Male,2,2,Laptop & Accessory,5,Divorced,10,0,11,0,10,21,54.66
53850,0,60,Phone,1,,Cash on Delivery,Female,5,3,Mobile Phone,3,Divorced,15,0,25,8,6,13,167.14
53851,0,21,Phone,2,59,UPI,Male,4,4,Grocery,3,Married,12,0,11,7,12,8,295.68
53852,0,16,Computer,1,36,E wallet,Female,3,4,Others,5,Divorced,16,0,17,14,,12,263.22
53853,0,22,Computer,3,26,Credit Card,Male,5,1,Fashion,1,Single,19,0,22,7,13,31,59.31
53854,1,53,Computer,1,93,Debit Card,Male,0,5,Fashion,4,Single,12,0,15,6,11,13,182.55
53855,0,35,Phone,1,,E wallet,Female,4,2,Laptop & Accessory,2,Married,21,1,12,13,6,34,275.25
53856,0,48,Mobile Phone,1,59,E wallet,Male,2,5,Others,3,Single,2,1,14,2,3,24,175.34
53857,0,8,Computer,1,21,Cash on Delivery,Male,1,3,Laptop & Accessory,3,Single,8,0,14,14,9,30,296.22
53858,0,51,Computer,2,74,UPI,Male,2,1,Grocery,2,Married,13,0,16,5,1,42,295.06
53859,0,1,Computer,1,111,Cash on Delivery,Male,0,4,Laptop & Accessory,5,Single,1,0,,14,5,44,113.18
53860,1,31,Phone,2,55,Cash on Delivery,Female,1,6,Mobile Phone,2,Married,2,0,23,13,6,19,284.03
53861,0,55,Mobile Phone,3,84,E wallet,Female,1,1,Laptop & Accessory,5,Single,14,1,13,10,15,41,190.16
53862,0,49,Mobile Phone,3,12,UPI,Female,4,2,Laptop & Accessory,3,Married,4,1,22,7,16,36,155.95
53863,0,52,Computer,3,65,UPI,Female,2,3,Grocery,2,Married,6,0,22,7,6,6,251.64
53864,0,58,Phone,1,101,UPI,Male,0,1,Others,1,Divorced,13,0,24,,1,9,256.63
53865,0,21,Mobile Phone,1,14,Debit Card,Female,5,1,Mobile Phone,4,Married,9,1,17,15,8,5,219.51
53866,0,42,Phone,2,102,UPI,Female,5,1,Laptop & Accessory,4,Single,16,1,25,6,,24,263.54
53867,0,12,Mobile Phone,1,23,E wallet,Male,1,4,Grocery,4,Divorced,1,0,12,0,1,5,309.21
53868,0,7,Computer,3,18,Debit Card,Male,4,3,Grocery,2,Divorced,9,0,19,4,3,44,283.75
53869,0,58,Phone,1,71,Credit Card,Female,5,4,Grocery,5,Divorced,7,0,22,2,8,16,24.13
53870,0,0,Computer,3,59,Cash on Delivery,Female,1,1,Others,3,Married,18,0,17,12,13,,276.26
53871,0,16,Mobile Phone,1,65,UPI,Female,2,4,Laptop & Accessory,4,Married,16,1,25,,8,22,254
53872,0,11,Mobile Phone,3,60,Credit Card,Male,5,4,Fashion,2,Divorced,7,0,11,0,11,28,301.19
53873,0,3,Computer,1,67,UPI,Female,3,2,Mobile Phone,4,Married,18,0,23,3,16,,240.36
53874,0,52,Mobile Phone,1,109,Cash on Delivery,Male,0,5,Fashion,5,Single,9,0,14,12,11,34,285.3
53875,0,12,Computer,2,91,E wallet,Male,3,5,Others,1,Single,20,1,12,10,,38,3.32
53876,0,30,Computer,1,108,E wallet,Female,2,2,Laptop & Accessory,1,Single,2,0,20,8,16,19,317.79
53877,0,60,Computer,2,,Cash on Delivery,Male,3,2,Fashion,3,Married,5,1,15,2,15,,62.04
53878,1,40,Mobile Phone,2,51,Credit Card,Male,2,6,Fashion,1,Single,9,0,19,15,11,28,280.87
53879,0,58,Phone,1,10,Debit Card,Female,2,4,Fashion,1,Single,4,0,13,16,13,28,302.12
53880,0,6,Computer,3,38,Debit Card,Male,4,6,Mobile Phone,2,Married,16,0,15,12,1,6,0.72
53881,0,22,Phone,1,69,UPI,Male,3,4,Laptop & Accessory,2,Married,21,1,21,5,13,33,296.95
53882,0,23,Mobile Phone,2,103,Cash on Delivery,Male,1,3,Grocery,3,Single,3,0,20,6,8,4,269.49
53883,1,4,Mobile Phone,2,93,Cash on Delivery,Female,2,5,Laptop & Accessory,3,Divorced,6,0,12,8,2,12,299.78
53884,0,4,Phone,2,68,Debit Card,Male,3,4,Fashion,2,Divorced,17,1,25,4,5,5,57.49
53885,1,,Computer,1,97,Credit Card,Male,1,3,Laptop & Accessory,1,Married,19,1,14,4,8,31,252.67
53886,1,29,Mobile Phone,1,91,Cash on Delivery,Male,0,6,Grocery,5,Married,8,0,12,14,5,35,158.43
53887,1,8,Computer,2,86,E wallet,Female,1,5,Mobile Phone,1,Married,10,0,18,3,12,32,83.75
53888,0,5,Computer,1,,E wallet,Female,3,3,Laptop & Accessory,1,Divorced,10,0,,9,15,,245.76
53889,0,24,Phone,1,85,Cash on Delivery,Female,3,3,Laptop & Accessory,5,Single,16,0,17,8,7,32,153.81
53890,0,18,Mobile Phone,2,70,Credit Card,Female,1,2,Mobile Phone,3,Divorced,6,0,17,6,15,18,292.46
53891,0,15,Phone,2,35,E wallet,Female,1,1,Mobile Phone,2,Married,20,1,19,14,14,40,230.99
53892,0,20,Mobile Phone,1,87,Credit Card,Female,5,1,Fashion,3,Divorced,8,0,12,9,16,17,45.22
53893,0,,Phone,1,100,Debit Card,Female,2,1,Fashion,3,Married,3,1,,6,6,13,81.5
53894,0,9,Mobile Phone,1,66,UPI,Male,3,3,Mobile Phone,3,Single,2,0,25,2,5,20,85.97
53895,0,15,Mobile Phone,1,58,Debit Card,Male,2,4,Grocery,2,Married,10,0,22,,15,38,111.82
53896,0,36,Mobile Phone,1,96,UPI,Female,2,6,Fashion,3,Single,8,0,23,12,11,33,216.6
53897,0,14,Computer,1,109,E wallet,Female,0,1,Grocery,3,Single,12,1,24,,3,,290.66
53898,1,12,Computer,3,12,UPI,Female,3,4,Mobile Phone,4,Divorced,20,0,14,16,6,16,192.95
53899,0,12,Phone,2,46,UPI,Male,2,5,Laptop & Accessory,1,Married,12,0,23,16,9,6,244.34
53900,1,,Phone,1,45,Cash on Delivery,Male,0,6,Mobile Phone,4,Divorced,9,0,22,10,14,20,102.94
53901,0,44,Mobile Phone,1,63,UPI,Male,5,6,Mobile Phone,2,Married,19,1,20,16,7,,169.8
53902,0,46,Mobile Phone,2,44,Cash on Delivery,Male,2,1,Others,5,Married,15,1,21,16,10,0,163.84
53903,1,45,Computer,1,107,UPI,Female,2,3,Mobile Phone,5,Married,14,0,16,6,1,21,227.84
53904,0,7,Computer,2,26,Cash on Delivery,Male,5,2,Fashion,4,Divorced,5,0,19,,5,21,168.34
53905,1,42,Computer,3,28,E wallet,Male,3,3,Laptop & Accessory,4,Divorced,18,1,21,9,7,22,108.63
53906,0,17,Phone,2,42,E wallet,Male,1,6,Grocery,4,Married,12,1,11,5,14,27,79.27
53907,0,55,Computer,1,,UPI,Female,5,4,Others,1,Divorced,6,1,12,15,7,39,82.78
53908,0,35,Phone,2,45,Credit Card,Female,1,5,Fashion,2,Married,20,1,16,7,15,45,318.79
53909,0,25,Computer,3,109,E wallet,Female,3,6,Laptop & Accessory,3,Divorced,21,0,25,3,13,29,116.18
53910,0,9,Computer,2,23,Debit Card,Male,1,3,Grocery,4,Divorced,11,1,22,10,11,44,262.15
53911,0,30,Mobile Phone,2,109,Debit Card,Male,4,6,Laptop & Accessory,1,Single,15,1,,14,7,9,23.19
53912,0,32,Phone,1,6,Cash on Delivery,Male,1,2,Fashion,5,Divorced,4,1,17,15,13,11,29.14
53913,0,,Computer,1,,Credit Card,Female,5,2,Laptop & Accessory,5,Married,14,0,23,7,14,44,223
53914,1,4,Mobile Phone,2,100,Cash on Delivery,Female,,5,Mobile Phone,5,Divorced,5,0,13,16,14,15,148.59
53915,1,12,Phone,3,66,UPI,Male,2,1,Laptop & Accessory,4,Divorced,21,0,11,1,6,20,286.16
53916,0,0,Phone,2,87,E wallet,Male,0,3,Mobile Phone,5,Married,11,1,17,16,13,12,280.22
53917,0,22,Computer,2,20,Credit Card,Female,5,6,Fashion,5,Divorced,20,0,22,14,11,3,245.59
53918,0,39,Phone,1,98,Cash on Delivery,Male,3,3,Others,5,Single,7,0,12,6,2,36,264.98
53919,0,2,Mobile Phone,1,26,Cash on Delivery,Male,0,2,Mobile Phone,3,Single,13,0,22,10,13,29,282.91
53920,0,2,Mobile Phone,2,18,Debit Card,Male,2,4,Laptop & Accessory,5,Single,19,1,23,5,12,25,254.66
53921,1,6,Phone,1,120,UPI,Female,2,3,Laptop & Accessory,1,Single,4,0,16,8,2,13,171.24
53922,0,35,Mobile Phone,2,60,Cash on Delivery,Female,0,2,Laptop & Accessory,4,Married,20,0,14,15,10,36,86.04
53923,0,34,Phone,1,69,Debit Card,Female,5,4,Fashion,3,Married,12,0,20,12,6,24,255.9
53924,0,14,Mobile Phone,2,49,Credit Card,Female,4,1,Grocery,3,Single,14,1,14,7,,38,103.26
53925,1,39,Phone,3,58,Cash on Delivery,Female,1,1,Laptop & Accessory,4,Married,1,0,19,16,16,26,79.57
53926,0,2,Phone,1,70,Debit Card,Female,4,2,Laptop & Accessory,5,Divorced,8,1,17,13,1,13,55.79
53927,0,28,Phone,1,90,UPI,Female,4,2,Mobile Phone,5,Divorced,16,0,11,8,14,1,203.84
53928,0,29,Mobile Phone,2,50,E wallet,Female,4,1,Others,2,Divorced,21,1,14,5,6,,78.81
53929,0,38,Phone,3,37,Credit Card,Female,5,2,Laptop & Accessory,5,Single,19,1,20,15,5,32,121.82
53930,0,17,Phone,2,83,Cash on Delivery,Male,4,5,Fashion,1,Single,5,1,16,2,,1,230.45
53931,1,10,Computer,1,54,Debit Card,Male,1,3,Grocery,5,Married,14,0,12,1,1,33,257.99
53932,0,42,Computer,1,109,Cash on Delivery,Male,3,5,Grocery,4,Married,12,0,14,7,5,24,102.3
53933,0,48,Phone,1,26,E wallet,Male,0,4,Grocery,5,Married,12,0,12,3,4,44,273.91
53934,0,59,Computer,1,44,Cash on Delivery,Female,4,2,Fashion,4,Single,20,0,11,11,9,36,18.84
53935,0,37,Phone,3,43,Cash on Delivery,Male,4,2,Grocery,3,Married,12,0,11,0,11,26,320.41
53936,0,39,Computer,3,109,Debit Card,Male,0,4,Grocery,2,Divorced,11,0,19,16,1,25,135.48
53937,0,0,Mobile Phone,1,45,E wallet,Male,0,3,Mobile Phone,3,Divorced,15,0,23,16,10,21,105.59
53938,0,28,Mobile Phone,1,79,Credit Card,Female,3,1,Grocery,4,Divorced,7,0,24,15,3,6,300.19
53939,0,9,Phone,1,72,Debit Card,Male,2,5,Mobile Phone,2,Single,10,0,21,2,2,12,43.03
53940,0,27,Phone,3,11,E wallet,Male,3,3,Mobile Phone,3,Married,5,0,19,8,11,27,116.28
53941,0,56,Mobile Phone,2,89,E wallet,Male,2,1,Mobile Phone,5,Married,15,0,14,11,1,44,116.64
53942,1,30,Mobile Phone,2,75,Cash on Delivery,Female,5,1,Fashion,5,Single,2,0,24,6,15,27,137.92
53943,0,18,Computer,1,8,UPI,Male,1,2,Laptop & Accessory,2,Single,13,0,23,5,2,23,275.71
53944,0,2,Phone,2,80,UPI,Female,3,4,Others,3,Divorced,14,0,18,10,16,34,276.05
53945,0,35,Mobile Phone,1,126,Credit Card,Female,1,6,Grocery,1,Single,20,0,22,5,11,32,192.28
53946,0,42,Mobile Phone,1,95,Cash on Delivery,Male,0,2,Others,1,Divorced,6,0,20,16,7,36,322.32
53947,0,14,Phone,2,63,UPI,Female,3,6,Laptop & Accessory,1,Divorced,1,0,21,9,5,8,274.35
53948,0,32,Computer,2,85,Debit Card,Female,5,4,Mobile Phone,3,Married,15,1,17,2,2,2,221.35
53949,0,40,Computer,1,88,Credit Card,Male,0,2,Mobile Phone,3,Divorced,11,1,15,2,4,1,64.82
53950,0,42,Computer,1,99,Cash on Delivery,Female,5,5,Mobile Phone,3,Married,13,0,25,1,11,21,178.66
53951,0,50,Computer,1,30,Debit Card,Male,,2,Mobile Phone,4,Divorced,17,0,20,0,6,20,69.52
53952,1,44,Mobile Phone,1,35,UPI,Male,4,5,Grocery,1,Married,4,0,12,7,15,36,98.04
53953,1,25,Phone,2,103,UPI,Male,0,6,Laptop & Accessory,1,Single,11,0,,4,8,23,222.91
53954,0,15,Phone,3,77,UPI,Female,5,3,Laptop & Accessory,1,Married,1,0,17,9,6,13,59.94
53955,0,35,Mobile Phone,1,73,UPI,Male,4,3,Laptop & Accessory,4,Single,14,0,14,8,16,32,29.52
53956,1,32,Mobile Phone,1,56,E wallet,Male,2,6,Others,4,Married,21,0,25,4,6,16,172.75
53957,1,19,Mobile Phone,1,116,Credit Card,Male,4,6,Mobile Phone,3,Single,5,0,,,,20,0.31
53958,0,12,Phone,2,76,Credit Card,Female,2,2,Fashion,1,Single,21,1,24,0,5,12,197.9
53959,0,32,Phone,1,25,UPI,Male,4,3,Laptop & Accessory,1,Single,5,0,12,11,5,43,292.94
53960,0,4,Phone,2,20,Credit Card,Female,4,1,Others,5,Divorced,3,0,12,5,6,43,61.83
53961,0,36,Computer,1,55,Debit Card,Female,,5,Grocery,5,Single,9,1,13,11,6,39,124.4
53962,0,13,Mobile Phone,2,20,Debit Card,Male,1,6,Mobile Phone,5,Married,13,1,23,11,1,10,297.82
53963,0,26,Mobile Phone,3,22,Credit Card,Female,0,4,Others,4,Single,11,0,25,2,7,1,228.76
53964,0,22,Mobile Phone,3,51,UPI,Male,5,5,Fashion,3,Single,18,0,25,14,,36,43.98
53965,0,13,Phone,3,60,Cash on Delivery,Female,1,2,Fashion,2,Married,10,0,24,10,16,27,124.15
53966,0,39,Mobile Phone,2,32,UPI,Male,2,3,Grocery,1,Single,6,0,16,9,6,2,245.7
53967,0,3,Mobile Phone,3,86,E wallet,Male,1,3,Laptop & Accessory,5,Married,9,1,24,15,1,14,216.05
53968,0,38,Computer,1,82,Cash on Delivery,Female,,1,Laptop & Accessory,1,Single,13,0,11,11,7,45,50.59
53969,0,51,Phone,1,60,E wallet,Male,3,3,Others,1,Married,18,1,15,15,14,23,20.31
53970,0,18,Mobile Phone,1,116,Credit Card,Male,2,2,Others,1,Married,10,1,20,4,,7,221.54
53971,1,46,Phone,2,41,E wallet,Female,3,2,Laptop & Accessory,3,Single,15,0,24,9,10,5,197.93
53972,0,53,Phone,3,108,Credit Card,Female,2,4,Laptop & Accessory,1,Single,12,0,13,5,2,,19.29
53973,0,3,Phone,1,20,E wallet,Female,5,5,Others,3,Single,20,0,17,13,16,40,316.81
53974,0,29,Computer,2,,Cash on Delivery,Female,5,5,Mobile Phone,2,Single,15,1,17,13,16,34,82.04
53975,0,18,Phone,2,69,E wallet,Female,5,5,Fashion,2,Single,14,0,20,8,12,12,125.46
53976,1,30,Phone,3,64,UPI,Male,0,4,Fashion,4,Single,19,1,25,15,13,27,57.72
53977,0,30,Phone,2,65,Credit Card,Male,1,4,Grocery,1,Divorced,19,1,22,12,11,41,269.27
53978,0,8,Mobile Phone,3,15,Debit Card,Male,3,4,Fashion,5,Single,21,0,15,13,12,3,312.83
53979,0,52,Computer,1,79,E wallet,Female,3,1,Others,4,Divorced,10,0,25,10,8,30,69.32
53980,0,12,Mobile Phone,1,70,Credit Card,Female,1,4,Mobile Phone,4,Divorced,1,0,19,1,8,0,92.03
53981,1,13,Computer,2,36,Debit Card,Male,0,3,Others,2,Divorced,20,0,21,11,15,29,229.62
53982,0,54,Computer,1,122,Credit Card,Female,1,6,Laptop & Accessory,5,Single,7,0,23,16,14,7,171.56
53983,0,59,Phone,1,23,Credit Card,Male,4,1,Laptop & Accessory,1,Married,11,0,20,8,7,39,34.15
53984,0,45,Phone,2,60,Debit Card,Male,4,3,Fashion,1,Married,21,0,18,10,12,45,301.8
53985,0,53,Mobile Phone,2,9,Debit Card,Female,5,5,Mobile Phone,2,Married,4,0,19,11,7,13,198.62
53986,1,9,Computer,2,7,Cash on Delivery,Female,,2,Grocery,3,Single,4,0,21,2,12,43,97.91
53987,0,47,Phone,1,32,E wallet,Female,,5,Others,2,Married,21,1,16,16,15,27,159.19
53988,0,30,Phone,2,94,E wallet,Female,5,4,Grocery,5,Married,10,0,18,5,14,33,162.58
53989,0,36,Phone,1,91,Credit Card,Female,3,2,Grocery,3,Single,5,0,20,3,11,38,170.76
53990,1,22,Phone,1,98,UPI,Female,0,5,Grocery,5,Single,16,0,12,12,7,3,161.62
53991,0,26,Mobile Phone,2,76,UPI,Male,2,1,Grocery,1,Divorced,12,0,15,16,16,,182.58
53992,0,5,Mobile Phone,1,104,Credit Card,Female,1,4,Others,3,Single,1,0,18,9,14,26,127.84
53993,0,25,Phone,1,33,Cash on Delivery,Male,2,5,Laptop & Accessory,5,Married,5,1,12,13,4,41,47.5
53994,0,1,Phone,2,81,Debit Card,Male,3,2,Others,1,Single,18,0,25,15,1,10,215.99
53995,0,44,Phone,1,63,Credit Card,Male,1,3,Laptop & Accessory,5,Single,4,0,12,14,9,22,257.56
53996,0,60,Phone,3,29,E wallet,Female,3,5,Laptop & Accessory,3,Married,15,0,13,12,1,41,273.33
53997,0,,Phone,2,26,UPI,Male,0,1,Others,1,Married,6,1,12,1,12,31,7.13
53998,0,,Computer,3,114,UPI,Female,5,2,Others,5,Single,7,1,14,8,12,3,131.5
53999,0,49,Computer,1,101,UPI,Female,1,5,Others,4,Single,19,1,14,12,5,18,317.99
54000,0,59,Computer,2,105,Cash on Delivery,Female,3,3,Laptop & Accessory,3,Single,14,1,11,11,15,6,20.33
54001,0,18,Computer,1,121,E wallet,Female,4,4,Others,3,Married,15,0,16,0,10,32,255.31
54002,0,0,Phone,3,75,Cash on Delivery,Female,4,4,Mobile Phone,3,Divorced,21,0,22,12,13,13,40.99
54003,0,39,Computer,1,27,Debit Card,Male,3,4,Fashion,1,Single,16,0,17,7,14,12,268.01
54004,0,31,Computer,1,74,Credit Card,Female,2,6,Fashion,3,Single,15,1,17,3,9,5,218.47
54005,0,,Mobile Phone,3,83,Credit Card,Male,5,2,Mobile Phone,5,Single,6,0,24,10,15,18,235.64
54006,0,47,Computer,1,83,UPI,Female,0,6,Fashion,4,Divorced,6,1,22,5,2,8,317.63
54007,0,28,Computer,1,44,UPI,Female,0,3,Laptop & Accessory,5,Single,6,0,15,12,16,34,305.33
54008,0,1,Phone,1,102,Debit Card,Female,3,3,Others,5,Divorced,12,0,14,4,5,25,98.92
54009,0,39,Computer,2,18,Cash on Delivery,Male,0,5,Others,3,Single,2,0,12,,11,3,121.95
54010,0,37,Computer,1,33,E wallet,Male,1,4,Others,4,Married,4,1,15,16,11,27,132.33
54011,0,47,Phone,1,20,Debit Card,Male,0,2,Mobile Phone,4,Divorced,6,1,25,0,11,,58.69
54012,0,54,Computer,1,97,Credit Card,Male,4,6,Mobile Phone,4,Married,10,0,14,3,1,43,123.87
54013,0,10,Phone,2,91,Credit Card,Female,3,6,Laptop & Accessory,4,Single,19,0,18,1,2,6,318.18
54014,0,16,Computer,2,14,Cash on Delivery,Female,,4,Mobile Phone,2,Married,5,0,25,11,1,,159.11
54015,0,,Mobile Phone,1,51,Debit Card,Male,0,6,Others,4,Divorced,6,0,20,0,15,,309.6
54016,0,,Mobile Phone,1,123,E wallet,Male,4,4,Laptop & Accessory,3,Single,14,0,11,11,3,7,23.22
54017,1,42,Computer,1,8,Debit Card,Male,5,5,Laptop & Accessory,4,Married,15,0,17,12,4,9,12.77
54018,1,59,Mobile Phone,1,16,Debit Card,Male,2,5,Others,5,Divorced,19,0,15,5,1,0,186.98
54019,0,7,Phone,1,46,Cash on Delivery,Female,0,5,Grocery,2,Divorced,19,0,20,6,10,7,239.28
54020,0,21,Computer,1,102,E wallet,Female,4,1,Others,5,Divorced,7,1,15,4,1,44,70.67
54021,0,3,Phone,2,8,Credit Card,Female,5,1,Laptop & Accessory,3,Married,18,0,11,8,2,38,163.59
54022,0,10,Mobile Phone,3,88,UPI,Male,5,6,Grocery,3,Divorced,12,1,25,12,14,45,283.71
54023,0,7,Phone,1,96,E wallet,Male,4,2,Others,4,Single,8,0,19,13,4,38,247.56
54024,0,8,Mobile Phone,2,96,Credit Card,Female,4,2,Others,3,Single,21,0,23,7,13,16,75.34
54025,0,25,Mobile Phone,2,10,Cash on Delivery,Male,4,5,Grocery,2,Divorced,3,0,25,15,2,,108.7
54026,0,1,Mobile Phone,2,18,E wallet,Male,2,3,Grocery,5,Divorced,15,1,,13,2,33,99.38
54027,0,15,Phone,3,123,E wallet,Male,3,2,Fashion,3,Single,10,0,12,9,8,34,233.84
54028,0,30,Mobile Phone,1,39,Credit Card,Female,4,6,Grocery,3,Single,21,1,21,15,11,2,314.66
54029,0,5,Computer,1,51,Credit Card,Male,3,1,Mobile Phone,2,Divorced,19,0,15,8,8,11,91.03
54030,0,52,Mobile Phone,2,,Debit Card,Female,5,6,Grocery,1,Single,12,0,18,0,7,3,191.2
54031,0,20,Computer,1,69,Debit Card,Male,,6,Laptop & Accessory,1,Divorced,3,1,24,8,11,35,321.28
54032,0,25,Computer,1,23,E wallet,Male,,1,Grocery,2,Married,14,0,25,13,4,8,51.21
54033,0,58,Computer,1,61,UPI,Female,2,4,Others,3,Divorced,17,0,21,6,7,34,214.2
54034,1,18,Computer,1,69,Cash on Delivery,Female,5,5,Mobile Phone,2,Divorced,3,0,17,10,14,2,107.9
54035,0,27,Phone,2,17,Credit Card,Female,1,6,Grocery,2,Married,7,0,24,6,6,24,322.29
54036,1,7,Computer,1,12,Debit Card,Female,1,3,Mobile Phone,1,Divorced,17,0,12,9,7,25,35.35
54037,1,13,Mobile Phone,1,22,Cash on Delivery,Male,4,5,Fashion,4,Divorced,15,0,17,1,1,36,146.66
54038,0,23,Computer,1,122,E wallet,Male,3,1,Mobile Phone,3,Married,20,0,16,1,15,26,82.87
54039,0,47,Mobile Phone,1,39,Credit Card,Female,5,3,Others,5,Single,10,0,22,15,5,27,10.3
54040,0,43,Phone,3,91,Credit Card,Female,2,2,Fashion,2,Single,7,1,,11,5,18,313.17
54041,1,36,Computer,1,118,Debit Card,Male,0,4,Grocery,1,Single,20,0,18,7,7,23,184.66
54042,0,55,Mobile Phone,3,120,UPI,Male,1,6,Mobile Phone,4,Single,3,0,19,9,4,36,227.76
54043,0,25,Phone,2,30,Credit Card,Male,1,1,Fashion,3,Single,15,0,24,14,13,39,201.59
54044,0,30,Phone,2,109,UPI,Female,5,4,Grocery,2,Married,20,0,17,15,1,43,48.25
54045,0,55,Mobile Phone,1,42,Cash on Delivery,Female,0,6,Grocery,1,Married,5,0,24,3,3,37,55.43
54046,0,50,Computer,1,88,Credit Card,Male,3,6,Mobile Phone,2,Divorced,2,1,18,4,14,24,203.59
54047,0,31,Phone,3,70,Credit Card,Female,3,5,Mobile Phone,5,Single,9,0,22,16,4,33,253.44
54048,0,49,Mobile Phone,3,30,UPI,Male,3,3,Fashion,3,Married,18,0,20,9,5,14,198.6
54049,1,40,Computer,1,61,Debit Card,Female,4,5,Mobile Phone,3,Married,13,0,17,3,15,15,185.37
54050,0,1,Phone,1,104,E wallet,Female,4,4,Grocery,3,Single,20,0,17,0,14,3,242.44
54051,1,24,Mobile Phone,1,29,Cash on Delivery,Male,5,1,Others,3,Married,7,0,11,0,12,25,79.17
54052,0,51,Phone,3,34,Credit Card,Male,0,4,Fashion,1,Divorced,4,0,15,6,8,38,237.78
54053,0,43,Phone,1,86,Debit Card,Female,5,1,Others,5,Divorced,8,0,20,2,8,25,133.65
54054,0,60,Mobile Phone,2,11,Credit Card,Male,2,4,Others,2,Single,6,0,15,15,12,27,219.07
54055,0,1,Phone,2,31,Cash on Delivery,Female,0,5,Grocery,1,Single,4,0,25,,2,36,89.28
54056,0,41,Mobile Phone,2,15,E wallet,Male,2,4,Others,4,Single,5,0,14,14,10,37,44.68
54057,0,0,Computer,2,105,Credit Card,Male,0,2,Laptop & Accessory,3,Divorced,20,0,25,10,4,35,9.48
54058,0,35,Mobile Phone,1,12,UPI,Female,4,5,Fashion,3,Married,20,1,23,7,14,9,261.13
54059,1,56,Computer,3,15,Debit Card,Male,3,4,Grocery,2,Divorced,21,0,24,5,2,32,64.01
54060,1,11,Phone,2,92,E wallet,Female,1,4,Mobile Phone,3,Single,9,0,11,7,5,7,118.13
54061,0,8,Mobile Phone,2,,Credit Card,Female,0,3,Grocery,3,Married,8,0,17,16,4,37,249.88
54062,0,35,Mobile Phone,1,98,E wallet,Female,0,5,Mobile Phone,2,Divorced,2,0,18,4,2,41,146.31
54063,0,40,Mobile Phone,2,120,UPI,Female,1,3,Grocery,5,Single,7,0,,2,13,35,70.7
54064,0,27,Mobile Phone,1,120,Credit Card,Male,0,5,Laptop & Accessory,1,Single,18,0,14,6,3,20,63.3
54065,1,37,Computer,1,19,E wallet,Female,3,1,Fashion,5,Married,10,0,22,11,15,44,132.58
54066,0,32,Computer,2,,Credit Card,Female,,5,Others,2,Divorced,3,0,,0,3,19,183.68
54067,0,41,Phone,2,39,Credit Card,Female,,5,Grocery,3,Married,17,0,13,2,16,33,127.51
54068,1,60,Phone,2,43,E wallet,Male,1,4,Fashion,3,Married,2,0,24,,,37,293.99
54069,0,45,Phone,1,28,Credit Card,Female,3,2,Fashion,5,Divorced,3,1,13,5,7,42,1.25
54070,1,21,Phone,2,12,UPI,Female,3,6,Fashion,4,Divorced,5,1,23,15,4,27,130.65
54071,0,24,Mobile Phone,1,47,E wallet,Male,1,5,Fashion,1,Divorced,13,0,14,13,1,31,241.42
54072,0,,Computer,2,46,E wallet,Female,3,3,Fashion,3,Married,13,1,17,7,5,11,289.54
54073,0,,Computer,1,88,UPI,Female,,2,Others,2,Married,6,0,12,5,6,8,116.48
54074,0,5,Computer,2,45,UPI,Male,3,5,Others,5,Divorced,14,0,18,10,6,42,218.92
54075,0,17,Computer,3,51,UPI,Female,5,2,Grocery,1,Divorced,5,0,12,3,15,14,188.61
54076,0,51,Phone,1,30,Credit Card,Female,3,1,Mobile Phone,4,Married,21,0,14,7,14,12,65.5
54077,0,15,Mobile Phone,1,56,Credit Card,Male,1,2,Grocery,3,Divorced,1,0,12,4,12,1,221.31
54078,0,14,Computer,2,92,Cash on Delivery,Male,0,1,Fashion,5,Single,9,0,24,9,10,19,81.11
54079,0,47,Mobile Phone,2,26,Credit Card,Male,2,2,Mobile Phone,3,Divorced,3,0,19,11,,13,254.77
54080,0,7,Mobile Phone,2,9,UPI,Female,1,2,Grocery,5,Single,6,1,23,16,2,41,281.42
54081,0,12,Mobile Phone,2,19,Cash on Delivery,Female,2,3,Mobile Phone,4,Single,4,1,14,10,5,14,155.49
54082,0,54,Mobile Phone,1,40,UPI,Male,3,6,Others,2,Married,2,1,15,11,4,28,17.59
54083,0,42,Computer,1,105,Debit Card,Female,3,3,Fashion,2,Married,16,1,19,11,,20,239.64
54084,0,59,Computer,1,67,E wallet,Male,0,4,Mobile Phone,1,Married,6,1,12,16,11,9,151.84
54085,0,60,Computer,1,97,Debit Card,Female,3,2,Laptop & Accessory,3,Divorced,14,0,,4,5,40,30.72
54086,0,56,Phone,2,83,UPI,Male,2,1,Fashion,3,Married,10,0,16,,7,37,107.62
54087,0,6,Computer,1,95,Credit Card,Male,1,2,Others,3,Divorced,4,0,11,4,3,20,94.46
54088,0,16,Phone,3,53,E wallet,Male,1,5,Others,2,Married,7,0,11,12,14,,236.07
54089,1,49,Phone,3,59,Credit Card,Female,5,1,Grocery,1,Single,17,1,17,13,,43,137.82
54090,0,31,Phone,3,,Credit Card,Male,0,5,Laptop & Accessory,2,Married,5,0,16,7,8,16,190.79
54091,0,21,Computer,3,64,E wallet,Male,2,4,Mobile Phone,5,Single,14,0,23,13,11,43,162.86
54092,0,54,Computer,1,61,E wallet,Female,3,5,Grocery,3,Divorced,16,1,14,5,12,3,235.38
54093,0,50,Computer,3,33,Debit Card,Male,4,4,Others,5,Married,8,0,15,6,16,13,233.37
54094,1,56,Phone,1,23,UPI,Female,0,4,Mobile Phone,4,Married,16,0,15,9,12,39,145.86
54095,0,,Phone,1,99,Credit Card,Male,0,4,Others,5,Single,6,0,19,16,9,31,43.89
54096,0,46,Mobile Phone,2,77,UPI,Male,4,5,Others,5,Married,11,0,15,5,1,17,132.56
54097,0,22,Phone,1,14,UPI,Male,1,4,Laptop & Accessory,5,Divorced,2,0,12,2,1,33,52.04
54098,0,53,Phone,3,105,Cash on Delivery,Male,5,4,Fashion,2,Single,1,1,17,2,9,31,311.73
54099,0,28,Computer,2,14,Debit Card,Male,1,3,Mobile Phone,5,Divorced,9,0,25,2,14,13,308.8
54100,0,21,Mobile Phone,2,122,Credit Card,Male,1,6,Laptop & Accessory,3,Divorced,5,0,25,4,15,35,148.42
54101,0,0,Mobile Phone,1,101,E wallet,Male,4,2,Others,1,Single,2,1,20,5,10,33,8.98
54102,0,28,Mobile Phone,2,93,E wallet,Female,3,4,Others,4,Divorced,14,0,19,5,1,,121.76
54103,0,47,Computer,1,61,UPI,Male,3,1,Laptop & Accessory,3,Married,20,0,17,12,2,39,290.91
54104,0,4,Mobile Phone,3,,Debit Card,Female,5,1,Mobile Phone,1,Divorced,13,0,18,4,3,34,93.61
54105,0,57,Mobile Phone,1,60,Debit Card,Female,5,3,Others,3,Married,12,0,23,0,7,14,202.14
54106,0,34,Computer,2,72,Credit Card,Female,2,5,Mobile Phone,5,Single,9,0,,16,10,19,59.78
54107,1,54,Mobile Phone,1,121,Credit Card,Female,2,5,Laptop & Accessory,4,Married,6,0,20,1,3,27,268.18
54108,0,9,Phone,1,,UPI,Female,1,5,Others,3,Divorced,4,0,13,11,9,36,289.87
54109,1,18,Phone,1,91,UPI,Female,4,4,Grocery,4,Married,10,0,21,6,2,37,199.91
54110,0,36,Phone,1,107,UPI,Male,5,6,Grocery,2,Divorced,5,1,23,4,,20,202.72
54111,0,6,Phone,2,59,Cash on Delivery,Male,0,6,Others,2,Married,4,1,19,15,9,23,123.03
54112,0,45,Phone,1,73,Debit Card,Male,3,5,Fashion,5,Single,20,1,17,11,6,9,229.8
54113,0,34,Phone,1,120,UPI,Male,4,5,Others,5,Single,4,0,20,14,11,35,155.5
54114,0,44,Phone,2,76,Debit Card,Male,5,2,Others,2,Married,13,1,14,,12,8,242.28
54115,0,12,Phone,1,85,E wallet,Female,2,6,Others,3,Single,16,0,,7,11,21,314.77
54116,0,9,Phone,1,5,E wallet,Female,5,4,Laptop & Accessory,1,Married,11,0,20,6,9,41,267.27
54117,1,1,Computer,3,122,Debit Card,Female,3,4,Others,1,Divorced,19,0,23,11,15,36,168.13
54118,0,5,Computer,1,118,E wallet,Male,5,1,Others,2,Married,18,1,17,2,14,15,318.14
54119,0,7,Phone,1,16,E wallet,Male,3,1,Laptop & Accessory,1,Divorced,1,0,13,3,5,42,197.3
54120,0,35,Computer,1,39,E wallet,Male,4,2,Others,3,Married,21,1,21,1,4,23,21.08
54121,0,24,Computer,1,120,Credit Card,Male,5,3,Grocery,1,Divorced,4,0,20,6,2,3,237.37
54122,0,43,Phone,2,82,Credit Card,Female,,4,Grocery,1,Single,9,0,24,2,12,43,266.52
54123,0,59,Phone,1,116,Debit Card,Female,2,1,Others,2,Married,9,0,17,0,1,22,43.82
54124,1,46,Computer,2,86,Debit Card,Male,4,5,Laptop & Accessory,4,Single,11,0,13,11,11,41,220.77
54125,0,39,Phone,1,78,Cash on Delivery,Female,0,4,Others,4,Single,5,0,12,16,5,21,299.3
54126,0,6,Phone,1,123,Credit Card,Male,,4,Others,3,Divorced,21,1,,2,1,1,81.71
54127,0,45,Phone,1,83,Debit Card,Male,4,4,Mobile Phone,4,Single,6,0,21,12,,27,190.13
54128,1,22,Phone,2,110,Credit Card,Male,4,6,Fashion,5,Divorced,20,0,16,4,6,18,89.24
54129,0,18,Computer,3,37,Cash on Delivery,Female,0,1,Laptop & Accessory,2,Single,6,0,23,7,11,19,251.68
54130,0,45,Mobile Phone,2,87,Debit Card,Female,4,2,Fashion,4,Single,8,1,24,15,6,27,188.71
54131,0,21,Computer,3,102,Debit Card,Female,3,1,Mobile Phone,1,Married,21,0,13,4,14,41,139.12
54132,0,12,Mobile Phone,1,113,Debit Card,Male,1,5,Fashion,4,Married,19,0,20,3,7,23,9.42
54133,0,60,Mobile Phone,1,29,Debit Card,Male,1,5,Others,2,Divorced,1,0,22,15,9,26,307.06
54134,0,20,Mobile Phone,1,20,UPI,Male,2,3,Grocery,1,Single,5,0,21,13,6,43,161.77
54135,0,0,Computer,1,,Credit Card,Female,0,1,Laptop & Accessory,1,Single,21,1,24,12,,,261.34
54136,0,58,Computer,1,39,Credit Card,Male,2,1,Laptop & Accessory,2,Married,19,0,12,7,3,6,127.37
54137,0,18,Computer,1,89,Credit Card,Male,1,3,Others,3,Divorced,2,0,21,4,16,0,275.96
54138,0,60,Computer,1,87,Cash on Delivery,Female,0,3,Fashion,3,Married,16,0,13,5,8,10,52.01
54139,0,,Computer,1,50,UPI,Male,4,4,Laptop & Accessory,2,Single,2,0,18,5,16,30,75.24
54140,0,32,Mobile Phone,1,15,Credit Card,Female,4,4,Mobile Phone,2,Divorced,9,0,13,16,5,29,108.35
54141,0,,Computer,1,65,Credit Card,Female,3,5,Mobile Phone,2,Single,18,0,14,15,8,12,28.79
54142,0,41,Mobile Phone,3,48,Debit Card,Male,,2,Fashion,1,Married,16,0,12,4,8,23,144.25
54143,0,2,Computer,1,15,Debit Card,Male,1,5,Mobile Phone,1,Divorced,7,0,25,,3,17,157.93
54144,1,26,Computer,2,15,Debit Card,Male,4,6,Grocery,2,Married,9,0,18,0,7,12,37.31
54145,1,51,Phone,2,26,Credit Card,Male,0,1,Others,1,Single,12,0,16,4,16,16,138.81
54146,0,40,Mobile Phone,1,89,Debit Card,Female,,2,Laptop & Accessory,5,Single,19,1,19,2,4,45,64.12
54147,0,34,Computer,1,95,Credit Card,Female,5,4,Others,2,Married,1,0,24,15,9,29,284.44
54148,0,27,Computer,1,86,Cash on Delivery,Female,4,3,Fashion,1,Single,6,0,25,15,7,18,165.52
54149,0,5,Computer,2,66,Cash on Delivery,Female,2,3,Others,3,Married,2,1,18,,10,11,309.39
54150,0,5,Phone,1,110,E wallet,Female,2,5,Laptop & Accessory,2,Married,17,0,23,2,,25,110.97
54151,0,54,Mobile Phone,1,52,UPI,Female,2,1,Laptop & Accessory,2,Divorced,21,1,14,11,1,17,110.95
54152,0,56,Computer,1,108,Debit Card,Female,5,1,Fashion,2,Single,14,0,23,16,6,11,110.08
54153,0,43,Computer,3,106,Debit Card,Male,2,3,Laptop & Accessory,4,Single,13,1,23,11,15,43,87.19
54154,0,22,Computer,1,98,UPI,Male,2,5,Mobile Phone,2,Married,11,0,18,9,6,41,254.88
54155,0,32,Phone,2,67,UPI,Male,5,6,Others,3,Divorced,16,0,25,1,16,1,91.89
54156,0,,Computer,1,55,E wallet,Male,3,5,Grocery,1,Married,18,1,11,,10,19,93.6
54157,0,23,Mobile Phone,3,49,UPI,Male,2,4,Grocery,2,Single,20,0,21,,5,5,15.24
54158,1,4,Mobile Phone,2,115,Credit Card,Male,3,4,Grocery,5,Divorced,3,0,19,16,15,0,313.74
54159,1,40,Mobile Phone,1,113,Debit Card,Female,3,4,Fashion,1,Divorced,1,1,15,4,2,25,288.05
54160,0,41,Mobile Phone,3,,UPI,Male,4,6,Grocery,3,Married,14,0,14,1,15,6,95.07
54161,0,,Computer,2,89,Credit Card,Male,,2,Others,4,Married,17,0,15,13,9,31,169.25
54162,0,46,Phone,1,64,UPI,Female,0,5,Laptop & Accessory,3,Divorced,3,0,23,9,6,32,156.89
54163,0,11,Phone,1,6,Credit Card,Female,2,5,Mobile Phone,4,Single,12,0,11,14,4,9,28.5
54164,0,4,Phone,2,17,Cash on Delivery,Male,0,6,Grocery,1,Single,2,0,12,4,7,44,172.64
54165,0,36,Computer,3,70,Credit Card,Female,,4,Grocery,4,Divorced,2,0,23,13,14,40,36.83
54166,0,30,Phone,2,61,E wallet,Male,3,3,Grocery,1,Married,12,1,12,12,16,14,141.08
54167,0,27,Mobile Phone,2,47,Credit Card,Female,1,4,Mobile Phone,3,Married,21,0,25,12,9,30,28.54
54168,0,27,Computer,2,49,UPI,Male,3,2,Others,3,Single,5,0,21,2,8,23,191.4
54169,0,29,Phone,1,35,Cash on Delivery,Male,2,6,Grocery,4,Single,16,0,23,3,1,28,15.93
54170,0,17,Mobile Phone,2,14,Cash on Delivery,Male,1,3,Laptop & Accessory,5,Divorced,5,0,25,4,3,17,204.24
54171,0,43,Mobile Phone,1,,Credit Card,Female,,5,Fashion,3,Single,3,0,19,9,,6,229.85
54172,1,26,Computer,3,90,UPI,Female,4,2,Mobile Phone,4,Single,6,1,16,1,2,33,185.53
54173,0,34,Computer,2,115,Cash on Delivery,Male,1,2,Others,2,Married,19,0,13,8,3,13,152.58
54174,0,25,Phone,2,33,Credit Card,Female,3,6,Laptop & Accessory,1,Married,12,0,14,8,,19,19.76
54175,1,56,Phone,1,101,Credit Card,Female,5,3,Mobile Phone,2,Single,8,0,23,9,5,28,3.69
54176,1,38,Phone,1,35,Credit Card,Male,3,4,Mobile Phone,2,Married,6,0,11,11,6,36,111.29
54177,0,,Computer,1,82,Cash on Delivery,Male,,4,Fashion,2,Married,14,0,25,14,3,41,250.66
54178,0,50,Phone,2,,Debit Card,Female,1,1,Fashion,4,Married,3,1,17,2,2,30,210.37
54179,0,59,Phone,2,22,UPI,Female,4,3,Others,3,Single,11,0,17,8,5,18,40.72
54180,0,17,Mobile Phone,1,15,E wallet,Male,2,4,Grocery,2,Married,7,0,23,6,13,22,223.58
54181,0,32,Mobile Phone,2,107,E wallet,Female,0,2,Fashion,4,Single,9,1,18,15,4,6,186.85
54182,0,24,Mobile Phone,3,51,UPI,Female,1,6,Others,3,Single,11,1,11,3,5,5,54.19
54183,0,55,Phone,1,7,Debit Card,Female,0,4,Mobile Phone,1,Divorced,13,0,,13,,34,245.47
54184,0,30,Computer,1,6,UPI,Male,1,6,Grocery,3,Divorced,18,0,12,4,4,28,269.85
54185,0,36,Mobile Phone,2,58,Credit Card,Female,2,4,Laptop & Accessory,3,Divorced,10,0,23,15,4,12,75.58
54186,0,58,Computer,2,76,UPI,Female,2,6,Mobile Phone,2,Single,2,0,11,13,15,38,206.66
54187,0,,Phone,2,35,UPI,Male,4,2,Others,4,Divorced,7,0,11,12,8,24,122.89
54188,0,1,Phone,2,12,Cash on Delivery,Female,0,3,Laptop & Accessory,5,Married,15,0,18,13,16,33,19
54189,0,32,Mobile Phone,3,47,E wallet,Male,4,1,Mobile Phone,1,Divorced,10,1,13,4,16,18,279.94
54190,0,38,Computer,1,52,E wallet,Male,1,6,Fashion,4,Single,12,0,23,16,6,3,266.74
54191,0,,Mobile Phone,1,6,Credit Card,Male,2,4,Others,2,Married,20,0,16,0,15,23,103.33
54192,1,42,Phone,1,,Credit Card,Male,2,6,Laptop & Accessory,4,Married,9,0,16,10,2,32,172.74
54193,0,42,Computer,1,9,Cash on Delivery,Male,3,6,Fashion,5,Married,19,1,21,9,3,42,166.52
54194,0,31,Mobile Phone,1,11,Credit Card,Male,3,4,Laptop & Accessory,1,Divorced,6,1,12,3,15,1,57.67
54195,0,17,Phone,1,24,Debit Card,Female,4,4,Grocery,3,Divorced,19,1,12,16,8,1,47.34
54196,0,16,Mobile Phone,3,96,Cash on Delivery,Male,0,3,Grocery,1,Divorced,1,0,11,16,1,13,274.39
54197,0,33,Computer,3,81,Cash on Delivery,Female,1,2,Others,5,Divorced,2,0,19,15,13,10,281.89
54198,0,38,Computer,1,6,UPI,Male,4,2,Laptop & Accessory,1,Married,15,0,11,,6,33,235.68
54199,0,6,Computer,2,36,UPI,Male,2,2,Grocery,1,Single,11,0,23,15,16,37,23.65
54200,0,41,Computer,2,94,Debit Card,Female,2,2,Mobile Phone,2,Divorced,18,0,23,1,3,27,295.47
54201,1,53,Computer,3,7,Cash on Delivery,Male,2,2,Mobile Phone,3,Single,1,1,16,7,9,38,318.74
54202,0,52,Mobile Phone,2,45,Cash on Delivery,Male,1,2,Grocery,5,Married,4,0,22,5,10,21,252.07
54203,0,34,Mobile Phone,1,46,UPI,Male,4,4,Grocery,2,Single,4,1,19,9,13,41,114.86
54204,1,29,Mobile Phone,2,124,E wallet,Male,1,4,Others,1,Single,4,0,16,1,11,,131.88
54205,0,11,Mobile Phone,2,,E wallet,Female,5,2,Others,1,Divorced,18,0,21,3,1,37,282.63
54206,0,34,Phone,2,125,UPI,Male,,2,Mobile Phone,4,Divorced,1,0,16,5,14,30,91.06
54207,0,10,Phone,3,,Credit Card,Male,3,3,Fashion,2,Married,7,0,14,12,2,13,46.1
54208,0,,Mobile Phone,3,49,Cash on Delivery,Male,4,6,Laptop & Accessory,5,Divorced,14,1,15,0,6,37,267.41
54209,0,43,Phone,2,,Debit Card,Female,3,3,Fashion,5,Single,16,0,23,,12,,62.83
54210,0,56,Phone,2,,E wallet,Male,4,5,Others,5,Single,15,0,11,6,4,23,294.87
54211,0,3,Computer,3,75,Credit Card,Male,2,4,Fashion,5,Single,5,1,13,13,12,28,193.6
54212,0,24,Mobile Phone,1,21,Cash on Delivery,Female,3,2,Others,1,Single,13,0,21,10,10,4,180.5
54213,0,47,Phone,1,96,Credit Card,Male,3,6,Fashion,1,Divorced,5,0,16,5,1,41,252.12
54214,0,31,Phone,1,51,Cash on Delivery,Female,4,4,Mobile Phone,2,Married,18,0,12,5,10,38,5.35
54215,0,19,Mobile Phone,3,98,Cash on Delivery,Female,5,5,Others,3,Divorced,5,0,11,6,,26,231.9
54216,0,49,Computer,2,73,UPI,Female,5,3,Mobile Phone,5,Single,5,0,23,16,2,7,194.51
54217,0,30,Mobile Phone,1,28,UPI,Female,3,5,Fashion,1,Married,6,0,11,4,13,28,170.23
54218,0,3,Computer,3,75,Debit Card,Female,3,1,Grocery,2,Married,14,1,24,6,9,11,70.63
54219,0,53,Phone,2,38,Debit Card,Male,2,3,Grocery,5,Single,2,0,11,5,7,7,269.57
54220,0,37,Computer,3,124,Credit Card,Male,4,4,Laptop & Accessory,3,Single,15,0,20,16,6,41,81.46
54221,0,52,Computer,1,54,UPI,Female,4,3,Grocery,5,Divorced,16,0,20,11,13,40,159.18
54222,0,46,Mobile Phone,2,46,Cash on Delivery,Male,0,5,Laptop & Accessory,4,Married,5,1,22,6,14,20,51.38
54223,1,0,Phone,2,37,UPI,Male,4,2,Fashion,5,Married,16,1,11,11,12,8,316.46
54224,0,2,Mobile Phone,2,31,Cash on Delivery,Female,2,6,Laptop & Accessory,4,Divorced,1,0,23,16,9,13,63.22
54225,0,36,Mobile Phone,2,,UPI,Female,,5,Laptop & Accessory,3,Single,8,1,16,14,13,0,261.05
54226,0,21,Phone,3,63,Cash on Delivery,Male,0,5,Laptop & Accessory,4,Married,1,0,24,15,8,30,85.5
54227,0,16,Mobile Phone,1,23,Credit Card,Male,3,2,Mobile Phone,3,Divorced,7,1,20,0,2,15,83.21
54228,0,13,Mobile Phone,3,116,UPI,Female,4,6,Laptop & Accessory,2,Married,6,1,14,10,3,,137.06
54229,0,40,Computer,1,119,E wallet,Male,1,4,Others,4,Divorced,8,0,14,0,14,,274.9
54230,0,34,Mobile Phone,1,106,E wallet,Female,3,6,Fashion,5,Married,5,0,24,12,15,10,223.46
54231,0,57,Phone,1,80,Cash on Delivery,Female,5,4,Mobile Phone,5,Single,15,1,14,16,7,1,283.28
54232,0,12,Mobile Phone,1,7,Credit Card,Female,4,3,Others,2,Single,20,1,18,15,10,30,15.34
54233,0,34,Computer,1,75,Cash on Delivery,Male,5,5,Fashion,1,Married,16,0,17,16,4,23,310.6
54234,1,42,Mobile Phone,3,124,Credit Card,Female,2,3,Mobile Phone,3,Married,17,0,15,13,11,38,25.07
54235,0,1,Mobile Phone,2,103,Debit Card,Female,5,2,Fashion,1,Married,11,1,24,4,6,2,234.35
54236,0,55,Mobile Phone,1,29,UPI,Female,4,1,Grocery,1,Divorced,2,1,25,12,9,3,67.33
54237,0,46,Computer,2,117,Credit Card,Female,0,4,Fashion,2,Single,1,1,17,6,7,29,273.27
54238,0,12,Phone,1,19,Cash on Delivery,Female,5,2,Grocery,2,Divorced,17,0,18,16,14,,280.27
54239,0,50,Phone,1,87,Debit Card,Male,1,4,Grocery,4,Single,1,1,20,10,3,3,179.16
54240,0,53,Computer,2,64,Cash on Delivery,Male,1,3,Fashion,4,Single,2,0,18,16,14,12,130.93
54241,0,15,Computer,2,87,E wallet,Male,,1,Grocery,4,Divorced,17,0,21,5,6,13,257.85
54242,0,17,Mobile Phone,2,27,E wallet,Female,5,6,Mobile Phone,4,Single,4,0,17,9,7,9,284.06
54243,0,6,Phone,1,15,UPI,Male,2,5,Grocery,4,Single,12,1,17,0,1,13,239.93
54244,0,44,Computer,2,63,UPI,Female,1,6,Laptop & Accessory,5,Married,10,0,23,0,13,16,294.75
54245,0,35,Phone,2,89,Debit Card,Male,3,4,Mobile Phone,2,Divorced,10,0,24,14,7,21,203.62
54246,1,40,Mobile Phone,3,120,E wallet,Male,2,5,Mobile Phone,3,Divorced,15,0,19,5,14,45,217.9
54247,0,29,Computer,1,38,Credit Card,Female,4,3,Mobile Phone,3,Single,11,0,21,6,5,36,185.86
54248,0,41,Phone,2,107,E wallet,Male,0,4,Laptop & Accessory,3,Divorced,7,1,25,9,14,20,158.65
54249,0,40,Phone,2,119,UPI,Male,2,6,Laptop & Accessory,3,Single,10,1,25,3,7,24,212.83
54250,1,6,Mobile Phone,3,11,Cash on Delivery,Male,0,3,Laptop & Accessory,3,Single,19,1,15,13,14,2,182.38
54251,0,14,Computer,1,110,Debit Card,Female,2,5,Laptop & Accessory,5,Divorced,18,1,18,7,13,18,237.65
54252,0,59,Phone,2,48,E wallet,Male,4,3,Laptop & Accessory,2,Single,2,0,12,0,13,31,303.63
54253,0,39,Mobile Phone,1,123,Credit Card,Female,0,3,Others,4,Married,7,0,22,1,15,14,121.24
54254,0,18,Phone,2,95,Credit Card,Female,2,3,Others,4,Divorced,14,0,25,9,7,40,133.63
54255,0,42,Mobile Phone,1,68,Credit Card,Female,0,2,Laptop & Accessory,4,Divorced,11,0,23,3,15,23,4.89
54256,0,,Phone,1,118,Debit Card,Male,1,2,Mobile Phone,2,Single,1,0,18,16,6,,171.29
54257,1,1,Phone,2,,Credit Card,Male,1,4,Grocery,2,Divorced,20,0,11,15,13,9,42.71
54258,0,41,Mobile Phone,1,106,Credit Card,Female,5,3,Grocery,5,Divorced,5,1,19,4,3,31,232.7
54259,0,47,Computer,1,62,E wallet,Female,1,6,Others,5,Married,4,0,,9,9,39,253.37
54260,0,54,Mobile Phone,1,24,Debit Card,Male,3,3,Laptop & Accessory,4,Married,14,1,24,10,13,6,234.89
54261,0,12,Computer,1,31,Cash on Delivery,Male,1,3,Fashion,2,Divorced,3,0,,0,,45,177.66
54262,1,39,Phone,3,,Cash on Delivery,Male,1,2,Grocery,4,Single,18,1,25,12,5,26,173.62
54263,0,40,Phone,2,64,Credit Card,Male,4,5,Grocery,5,Married,18,0,13,1,9,14,210.13
54264,0,42,Mobile Phone,3,12,UPI,Female,0,3,Mobile Phone,4,Married,4,0,24,0,15,,180.28
54265,0,42,Mobile Phone,1,105,Debit Card,Male,0,1,Grocery,5,Married,3,0,14,13,3,20,243.84
54266,0,54,Computer,3,71,UPI,Female,1,4,Others,1,Single,10,0,25,11,14,9,290.72
54267,0,57,Computer,1,6,Debit Card,Female,0,2,Laptop & Accessory,3,Divorced,16,1,23,10,7,22,174.24
54268,0,30,Computer,2,26,Debit Card,Male,2,5,Laptop & Accessory,1,Divorced,3,1,,0,5,4,35.86
54269,0,15,Mobile Phone,1,74,E wallet,Male,5,1,Grocery,4,Married,19,0,23,13,14,5,42.59
54270,1,41,Phone,2,107,Credit Card,Male,1,3,Fashion,4,Divorced,20,1,20,7,14,21,122.17
54271,0,60,Mobile Phone,2,108,E wallet,Male,5,6,Others,2,Married,15,1,17,4,7,27,161.3
54272,1,55,Phone,1,40,UPI,Male,1,6,Grocery,3,Married,5,0,,2,16,,73.14
54273,0,43,Mobile Phone,1,112,UPI,Male,3,2,Others,5,Single,11,0,20,5,8,13,147.14
54274,0,56,Mobile Phone,2,28,Cash on Delivery,Male,5,3,Fashion,4,Single,9,0,23,4,11,6,44.11
54275,0,5,Computer,1,16,E wallet,Female,2,4,Others,5,Married,13,0,13,,8,14,78.27
54276,0,27,Phone,1,85,E wallet,Female,1,2,Others,5,Single,11,1,19,2,5,31,238.54
54277,0,31,Mobile Phone,1,26,E wallet,Male,1,1,Others,5,Single,21,0,13,3,11,,320.31
54278,0,,Mobile Phone,2,122,Cash on Delivery,Female,0,6,Laptop & Accessory,1,Single,14,1,18,0,14,45,60.52
54279,0,9,Phone,3,87,E wallet,Female,,5,Fashion,5,Divorced,1,0,18,15,12,20,110.21
54280,0,,Mobile Phone,1,77,E wallet,Male,5,5,Laptop & Accessory,2,Divorced,9,1,24,7,5,18,113.97
54281,0,17,Phone,1,,E wallet,Female,5,4,Mobile Phone,1,Single,13,0,13,1,13,12,72.58
54282,0,3,Computer,3,100,E wallet,Male,1,5,Grocery,1,Divorced,2,0,23,2,8,21,66.32
54283,0,8,Computer,2,121,UPI,Male,1,5,Laptop & Accessory,4,Married,4,1,13,13,14,9,42.8
54284,0,6,Phone,1,99,Credit Card,Female,1,4,Others,3,Married,16,0,20,6,6,,294.94
54285,0,,Computer,3,85,UPI,Male,3,6,Mobile Phone,3,Single,10,0,15,12,6,45,211.05
54286,0,7,Phone,1,27,E wallet,Male,2,1,Fashion,4,Single,6,0,18,6,2,43,94.4
54287,1,42,Mobile Phone,1,78,Debit Card,Male,5,2,Fashion,3,Divorced,9,0,16,15,7,23,83.88
54288,0,6,Mobile Phone,3,67,Debit Card,Female,3,6,Laptop & Accessory,5,Single,2,1,15,2,10,7,191.66
54289,0,40,Phone,3,34,Cash on Delivery,Female,0,2,Others,2,Single,1,0,15,4,7,7,226.6
54290,0,39,Mobile Phone,1,23,UPI,Male,4,4,Others,5,Married,12,1,21,2,6,38,82.23
54291,0,2,Computer,1,30,Cash on Delivery,Male,1,6,Fashion,3,Married,16,0,22,14,14,18,112.83
54292,0,16,Mobile Phone,1,94,Cash on Delivery,Female,5,3,Others,3,Divorced,2,0,16,10,14,41,94.45
54293,0,1,Mobile Phone,1,15,Debit Card,Female,0,4,Grocery,2,Divorced,13,0,18,4,11,17,28.51
54294,1,14,Phone,1,24,UPI,Male,5,4,Laptop & Accessory,1,Divorced,8,1,16,12,2,32,125.62
54295,0,45,Computer,1,122,Credit Card,Female,4,4,Laptop & Accessory,1,Single,1,1,17,0,11,36,173.42
54296,0,28,Mobile Phone,3,60,UPI,Male,1,4,Others,2,Single,5,0,19,13,13,28,212.99
54297,0,49,Mobile Phone,3,49,Cash on Delivery,Female,5,5,Fashion,1,Single,10,0,17,8,5,31,135.44
54298,0,47,Phone,2,72,E wallet,Female,1,5,Grocery,3,Single,3,0,24,8,6,7,319.6
54299,0,51,Phone,2,51,Cash on Delivery,Female,4,6,Grocery,1,Married,11,0,19,3,16,31,203.4
54300,0,21,Computer,1,80,UPI,Female,3,1,Grocery,3,Divorced,5,0,20,1,12,11,288.14
54301,0,3,Mobile Phone,1,93,Debit Card,Male,4,4,Mobile Phone,4,Divorced,12,1,,15,4,21,297.7
54302,1,56,Phone,1,124,UPI,Male,4,2,Others,5,Married,12,0,11,4,,,266.95
54303,0,51,Phone,2,62,Credit Card,Female,5,3,Grocery,1,Married,13,0,,1,14,44,87.75
54304,0,5,Phone,1,14,E wallet,Male,2,5,Others,4,Single,14,0,16,13,6,25,140.17
54305,0,37,Computer,3,26,E wallet,Male,,2,Fashion,1,Divorced,4,0,25,14,5,16,0.13
54306,0,25,Phone,2,75,Cash on Delivery,Female,5,5,Fashion,4,Divorced,3,1,13,9,11,41,146.71
54307,0,10,Computer,1,28,UPI,Female,1,6,Fashion,2,Married,17,0,21,15,10,33,95.47
54308,0,25,Computer,1,70,Debit Card,Male,3,1,Mobile Phone,4,Divorced,8,0,24,7,12,30,36.37
54309,0,16,Mobile Phone,2,100,Credit Card,Female,3,3,Fashion,3,Married,16,0,12,,9,17,272.54
54310,0,23,Mobile Phone,3,89,Cash on Delivery,Male,2,5,Others,2,Divorced,11,1,15,9,,2,218.87
54311,0,27,Computer,2,65,UPI,Female,2,3,Laptop & Accessory,2,Married,5,1,11,12,6,17,324.71
54312,1,34,Mobile Phone,1,11,Debit Card,Male,2,3,Laptop & Accessory,3,Single,16,0,15,1,16,19,161.98
54313,0,30,Mobile Phone,2,76,UPI,Female,3,6,Others,1,Divorced,9,1,23,4,1,20,107.48
54314,1,,Phone,1,121,Debit Card,Female,4,2,Laptop & Accessory,2,Single,13,0,21,13,10,,85.74
54315,1,53,Mobile Phone,3,119,UPI,Male,5,5,Grocery,1,Married,8,0,18,7,,41,141.49
54316,0,34,Computer,2,42,UPI,Female,1,3,Laptop & Accessory,5,Divorced,5,0,19,0,10,42,100.71
54317,0,15,Mobile Phone,2,25,Cash on Delivery,Male,1,6,Mobile Phone,4,Divorced,9,0,20,4,1,29,322
54318,0,14,Phone,1,12,UPI,Male,5,4,Fashion,4,Single,6,0,23,10,2,35,59.41
54319,0,42,Computer,2,125,UPI,Female,0,3,Laptop & Accessory,3,Single,2,0,16,7,2,3,6.22
54320,0,17,Mobile Phone,1,93,Cash on Delivery,Female,3,3,Laptop & Accessory,3,Married,7,0,14,16,13,14,42.25
54321,0,46,Computer,1,32,Cash on Delivery,Female,3,5,Mobile Phone,4,Single,17,0,13,9,14,,289.75
54322,1,36,Mobile Phone,1,96,E wallet,Female,2,4,Mobile Phone,5,Divorced,12,1,18,13,11,31,225.52
54323,0,47,Phone,3,58,E wallet,Male,,3,Laptop & Accessory,3,Divorced,1,1,22,0,4,32,254.79
54324,0,47,Mobile Phone,2,35,Cash on Delivery,Male,0,5,Grocery,5,Divorced,15,0,25,4,14,12,104.15
54325,0,48,Computer,1,120,Credit Card,Female,,5,Laptop & Accessory,3,Divorced,21,0,12,14,13,16,202.38
54326,1,40,Computer,3,104,Debit Card,Male,3,6,Grocery,2,Single,11,0,18,9,10,39,230.07
54327,0,26,Computer,1,93,Cash on Delivery,Female,2,3,Fashion,1,Single,10,0,17,14,12,37,106.09
54328,1,54,Mobile Phone,1,120,E wallet,Male,1,1,Others,4,Married,16,0,12,0,2,5,235.47
54329,0,34,Mobile Phone,1,124,UPI,Female,2,1,Fashion,1,Single,9,0,12,10,14,3,204.64
54330,0,,Mobile Phone,2,45,Cash on Delivery,Female,1,2,Laptop & Accessory,4,Married,12,0,12,5,8,14,96.28
54331,0,,Phone,2,41,Cash on Delivery,Male,3,1,Laptop & Accessory,3,Single,15,0,25,1,8,7,17.18
54332,0,53,Phone,1,42,E wallet,Female,2,1,Grocery,1,Single,16,0,11,1,11,33,77.31
54333,0,34,Phone,2,55,E wallet,Male,0,5,Mobile Phone,5,Divorced,1,1,17,16,,29,201.35
54334,0,27,Computer,1,80,Credit Card,Female,5,5,Grocery,3,Single,6,1,18,4,9,22,194.68
54335,0,38,Computer,2,41,E wallet,Male,4,6,Mobile Phone,2,Married,13,1,17,13,9,8,164.99
54336,0,60,Computer,1,105,E wallet,Male,0,3,Mobile Phone,1,Divorced,1,0,25,11,9,,81.73
54337,0,37,Computer,2,35,E wallet,Male,5,3,Mobile Phone,1,Single,13,0,14,,9,43,144.47
54338,1,8,Computer,2,66,UPI,Male,,5,Mobile Phone,2,Divorced,5,0,21,8,12,7,46.81
54339,0,11,Mobile Phone,2,,Cash on Delivery,Female,3,3,Laptop & Accessory,4,Divorced,3,0,25,9,14,5,215.27
54340,0,14,Computer,1,94,Cash on Delivery,Female,2,5,Others,3,Divorced,12,0,22,6,7,24,282.48
54341,0,20,Mobile Phone,2,10,E wallet,Female,3,1,Others,2,Married,10,1,19,4,9,12,150.7
54342,0,51,Phone,1,13,Credit Card,Male,3,3,Fashion,5,Married,9,0,23,14,8,33,69.22
54343,0,34,Phone,3,15,E wallet,Female,1,1,Fashion,3,Single,17,0,12,12,10,24,269.06
54344,0,41,Phone,1,99,Credit Card,Female,3,2,Fashion,2,Divorced,6,1,15,13,8,17,101.75
54345,0,,Phone,1,123,Cash on Delivery,Female,2,6,Grocery,2,Single,14,0,25,3,15,8,193.04
54346,0,50,Phone,2,114,Credit Card,Female,0,6,Fashion,1,Married,3,1,,5,7,32,24.51
54347,0,18,Computer,2,,Credit Card,Male,3,3,Fashion,1,Divorced,18,0,13,14,13,5,233.33
54348,0,54,Computer,1,6,Debit Card,Female,2,5,Fashion,1,Married,7,0,12,12,2,13,149.72
54349,0,22,Computer,3,33,Credit Card,Female,2,6,Laptop & Accessory,3,Divorced,9,0,18,12,2,5,137.59
54350,0,12,Phone,3,114,Credit Card,Male,1,5,Fashion,4,Divorced,15,0,25,16,16,17,303.82
54351,0,43,Phone,2,125,UPI,Female,3,6,Others,3,Divorced,19,1,20,0,16,42,159.73
54352,0,0,Mobile Phone,1,55,Cash on Delivery,Male,1,2,Laptop & Accessory,1,Single,16,0,24,3,8,38,5.44
54353,0,50,Computer,2,110,E wallet,Female,0,5,Mobile Phone,1,Married,19,0,23,10,2,25,311.94
54354,1,28,Phone,1,73,Debit Card,Male,0,1,Grocery,3,Married,19,1,16,12,2,35,3.97
54355,0,23,Phone,1,27,Credit Card,Male,5,5,Laptop & Accessory,2,Married,17,1,15,,13,35,174.16
54356,0,,Phone,3,104,UPI,Female,2,2,Laptop & Accessory,2,Divorced,6,0,15,14,7,10,205.92
54357,0,24,Mobile Phone,3,11,UPI,Female,3,4,Others,1,Single,1,0,19,11,7,17,290.71
54358,0,54,Phone,3,60,E wallet,Female,5,4,Fashion,1,Single,19,0,12,7,1,14,220.74
54359,0,22,Mobile Phone,1,81,E wallet,Female,2,1,Mobile Phone,4,Single,15,0,23,0,11,,263.62
54360,0,27,Mobile Phone,1,110,Cash on Delivery,Female,3,4,Others,2,Single,3,1,11,7,7,40,250.22
54361,0,46,Computer,1,66,Credit Card,Female,1,5,Others,4,Divorced,17,1,16,4,,24,69.4
54362,0,15,Phone,1,78,UPI,Male,0,2,Laptop & Accessory,1,Divorced,6,0,,0,13,15,227.65
54363,0,42,Mobile Phone,1,104,Debit Card,Male,5,6,Mobile Phone,1,Single,4,1,18,11,5,11,207.21
54364,0,55,Phone,1,84,Cash on Delivery,Male,5,1,Others,4,Single,8,0,16,3,15,13,79.29
54365,0,37,Computer,2,19,Credit Card,Male,0,4,Grocery,4,Married,4,0,13,14,5,12,41.71
54366,0,10,Computer,2,57,E wallet,Female,1,5,Grocery,1,Divorced,21,0,13,8,12,38,244.28
54367,0,2,Mobile Phone,2,47,Credit Card,Male,4,6,Others,5,Single,2,1,12,9,16,29,315.62
54368,0,14,Computer,3,87,E wallet,Male,4,6,Laptop & Accessory,1,Divorced,10,1,23,12,2,35,239.99
54369,0,0,Computer,1,89,Credit Card,Male,4,5,Grocery,2,Married,12,0,12,9,6,45,243.57
54370,0,6,Computer,1,124,Debit Card,Female,3,3,Laptop & Accessory,1,Single,1,1,12,9,16,15,54.18
54371,0,0,Phone,2,39,Cash on Delivery,Female,5,3,Fashion,3,Divorced,12,1,17,13,4,0,80.29
54372,0,48,Phone,2,83,E wallet,Female,1,2,Fashion,1,Divorced,10,0,25,0,7,40,190.37
54373,0,31,Mobile Phone,2,116,Debit Card,Male,,1,Laptop & Accessory,5,Divorced,12,0,20,7,13,28,10.22
54374,0,8,Mobile Phone,1,18,UPI,Female,3,4,Others,2,Divorced,19,0,19,16,2,26,217.07
54375,0,28,Computer,1,97,Debit Card,Male,1,4,Fashion,1,Divorced,3,0,20,9,8,12,47.06
54376,0,25,Computer,2,73,Debit Card,Male,3,5,Fashion,4,Divorced,19,0,24,0,5,16,134.35
54377,0,22,Mobile Phone,3,126,Debit Card,Male,5,4,Grocery,2,Married,7,0,21,7,8,27,104.06
54378,1,44,Computer,3,53,E wallet,Female,1,2,Others,2,Divorced,21,1,23,4,16,19,34.6
54379,0,42,Mobile Phone,2,22,UPI,Female,4,3,Laptop & Accessory,5,Married,1,0,17,1,16,4,188.1
54380,0,28,Phone,2,55,Cash on Delivery,Female,4,5,Fashion,4,Married,13,1,22,1,7,23,117.4
54381,0,51,Computer,3,5,Debit Card,Male,3,1,Others,3,Divorced,9,0,18,10,3,8,14.3
54382,0,37,Computer,2,31,E wallet,Female,0,5,Fashion,1,Single,16,0,22,2,9,32,144.44
54383,0,32,Computer,2,68,E wallet,Female,1,4,Grocery,3,Divorced,18,0,22,8,9,33,191.83
54384,0,6,Phone,3,64,Cash on Delivery,Female,2,2,Others,4,Married,15,0,15,7,13,45,42.38
54385,1,11,Phone,2,95,Credit Card,Male,2,1,Mobile Phone,2,Divorced,20,0,12,5,2,26,190.12
54386,0,30,Computer,3,93,UPI,Male,3,5,Grocery,5,Divorced,15,0,24,13,3,36,98.16
54387,1,31,Mobile Phone,1,45,UPI,Male,0,4,Laptop & Accessory,5,Divorced,15,0,18,7,11,32,84.39
54388,0,53,Phone,2,25,Debit Card,Male,1,5,Others,2,Married,10,1,15,14,14,37,258.53
54389,0,19,Computer,3,18,Credit Card,Female,4,1,Fashion,5,Married,18,0,23,2,10,28,152.02
54390,0,54,Computer,1,120,UPI,Female,3,4,Others,3,Married,15,0,24,7,10,37,122.82
54391,0,50,Phone,2,121,Debit Card,Male,1,3,Laptop & Accessory,2,Single,12,0,19,15,11,34,264.23
54392,0,16,Mobile Phone,1,24,Credit Card,Female,1,6,Others,1,Single,1,1,16,5,1,19,295.86
54393,0,35,Computer,3,96,E wallet,Male,1,1,Fashion,1,Single,13,0,23,6,1,18,102.4
54394,0,2,Mobile Phone,2,89,Debit Card,Female,0,3,Grocery,4,Single,17,0,17,12,3,4,16.38
54395,1,0,Mobile Phone,1,,Credit Card,Female,1,3,Grocery,2,Divorced,17,0,11,8,,24,175.73
54396,1,49,Phone,1,15,Cash on Delivery,Female,0,4,Fashion,3,Single,7,1,18,6,,28,232.42
54397,0,,Computer,2,124,UPI,Male,0,5,Mobile Phone,2,Single,11,0,17,15,5,25,191.03
54398,0,52,Computer,2,70,Debit Card,Female,5,5,Mobile Phone,2,Single,12,0,,6,6,45,223.62
54399,0,46,Mobile Phone,1,88,E wallet,Female,1,2,Grocery,3,Divorced,9,0,17,14,4,1,210.19
54400,0,39,Phone,3,28,Debit Card,Female,5,1,Laptop & Accessory,5,Single,15,0,,4,10,14,310.7
54401,0,32,Phone,2,123,UPI,Female,4,1,Others,3,Single,1,0,17,1,11,44,281.42
54402,0,19,Phone,2,93,UPI,Male,5,4,Fashion,2,Single,11,0,25,1,7,5,42.85
54403,0,13,Mobile Phone,1,41,Credit Card,Male,5,4,Laptop & Accessory,2,Married,5,0,21,4,3,0,147.1
54404,0,35,Mobile Phone,3,90,E wallet,Male,1,2,Others,2,Single,19,0,11,,4,8,147.8
54405,1,,Computer,1,28,Credit Card,Female,4,2,Grocery,2,Single,18,0,22,3,11,,148.31
54406,0,22,Phone,2,19,E wallet,Female,3,3,Fashion,4,Single,18,0,19,10,5,15,302.48
54407,1,44,Mobile Phone,3,16,Debit Card,Female,2,6,Laptop & Accessory,5,Divorced,18,0,17,5,8,13,106.34
54408,0,59,Phone,1,114,Debit Card,Male,3,2,Others,2,Single,20,1,17,12,9,9,199.64
54409,0,55,Mobile Phone,2,99,Credit Card,Male,0,5,Grocery,4,Single,7,0,21,4,3,18,291.3
54410,0,14,Computer,1,111,Cash on Delivery,Female,3,3,Grocery,2,Married,14,0,23,3,1,7,16.43
54411,0,5,Phone,2,68,UPI,Male,2,6,Others,5,Married,1,0,22,9,2,11,285.53
54412,0,32,Mobile Phone,2,35,Credit Card,Male,2,2,Mobile Phone,5,Divorced,20,1,11,1,2,5,248.61
54413,0,,Phone,3,57,Credit Card,Female,4,6,Mobile Phone,3,Divorced,9,0,16,7,3,34,67.56
54414,0,18,Mobile Phone,3,98,Debit Card,Male,3,5,Others,4,Single,16,0,20,2,,5,105.79
54415,0,12,Mobile Phone,2,109,UPI,Female,,5,Others,5,Married,6,0,18,8,11,5,100.94
54416,0,28,Mobile Phone,2,88,Credit Card,Male,5,3,Others,1,Divorced,7,0,24,1,1,34,71.92
54417,0,60,Phone,2,76,Debit Card,Male,5,3,Grocery,2,Divorced,18,0,15,16,12,43,207.52
54418,0,5,Mobile Phone,1,48,Debit Card,Male,0,5,Fashion,5,Married,1,1,22,0,11,10,319.42
54419,0,14,Computer,2,34,Credit Card,Male,4,4,Grocery,4,Single,16,1,22,16,6,37,54.15
54420,0,15,Phone,3,39,Credit Card,Female,5,3,Grocery,4,Married,18,0,11,4,16,26,75.46
54421,0,,Computer,1,25,Debit Card,Female,4,1,Mobile Phone,4,Single,18,0,23,12,7,25,94.37
54422,1,22,Computer,1,115,Credit Card,Male,5,4,Others,3,Single,19,0,15,7,12,27,304.71
54423,0,47,Phone,1,108,UPI,Female,5,1,Grocery,2,Married,13,0,25,6,,7,203.39
54424,0,9,Mobile Phone,1,67,Debit Card,Male,3,6,Grocery,1,Single,19,0,12,13,,,69.12
54425,0,53,Computer,1,126,Debit Card,Female,,6,Others,4,Divorced,3,0,12,7,16,18,261.3
54426,0,40,Phone,1,96,Credit Card,Male,2,6,Fashion,2,Married,20,0,14,10,7,15,299.93
54427,0,40,Mobile Phone,1,107,Credit Card,Female,0,2,Mobile Phone,4,Divorced,17,0,24,2,12,25,131.12
54428,0,48,Phone,2,21,Credit Card,Male,5,3,Laptop & Accessory,4,Single,11,0,22,4,14,43,56.17
54429,0,16,Phone,1,16,UPI,Male,2,3,Grocery,1,Single,17,1,21,4,11,14,100.72
54430,0,48,Phone,2,120,Debit Card,Female,1,5,Fashion,2,Married,12,0,14,12,4,38,70.56
54431,0,55,Mobile Phone,3,118,Cash on Delivery,Male,2,3,Laptop & Accessory,4,Married,12,0,25,4,3,11,65.46
54432,0,43,Computer,3,22,UPI,Male,0,6,Others,3,Single,20,0,20,1,6,23,55.51
54433,0,44,Computer,2,115,UPI,Male,1,1,Laptop & Accessory,4,Married,16,0,17,12,3,12,284.72
54434,1,29,Phone,1,123,Debit Card,Male,3,4,Others,2,Single,1,0,19,5,16,16,27.91
54435,0,43,Phone,3,96,Cash on Delivery,Female,1,2,Fashion,5,Divorced,20,0,21,16,16,12,134.34
54436,0,45,Mobile Phone,2,64,Debit Card,Female,,4,Laptop & Accessory,4,Married,13,1,22,7,4,16,4.79
54437,0,9,Phone,1,71,UPI,Male,0,1,Mobile Phone,3,Divorced,2,1,12,16,9,42,95.35
54438,0,54,Phone,1,119,Credit Card,Male,4,2,Fashion,3,Married,16,0,18,14,5,0,229.75
54439,1,18,Phone,1,19,Debit Card,Female,2,5,Laptop & Accessory,4,Divorced,7,1,24,0,10,10,65.92
54440,0,28,Computer,1,20,Debit Card,Female,,3,Grocery,2,Single,2,0,18,6,5,19,324.59
54441,1,1,Phone,1,26,Credit Card,Male,0,3,Laptop & Accessory,4,Single,18,0,21,6,9,30,15.7
54442,1,35,Computer,3,122,Cash on Delivery,Male,3,5,Laptop & Accessory,3,Single,17,0,18,15,2,43,44.36
54443,0,18,Mobile Phone,2,117,Cash on Delivery,Female,5,1,Mobile Phone,4,Single,16,1,19,10,7,34,255.74
54444,0,6,Mobile Phone,2,99,Debit Card,Male,0,5,Fashion,3,Married,20,1,19,4,7,38,317.2
54445,0,25,Computer,3,67,Credit Card,Female,4,6,Grocery,5,Divorced,18,0,24,13,6,5,310.05
54446,1,14,Computer,2,35,Debit Card,Female,2,1,Fashion,4,Married,21,1,20,9,14,34,259.43
54447,0,46,Computer,3,5,Credit Card,Female,1,2,Fashion,1,Married,20,0,17,4,4,27,316.22
54448,0,55,Computer,3,79,UPI,Male,3,4,Grocery,4,Single,16,1,15,3,7,40,273.26
54449,0,37,Phone,1,10,Credit Card,Female,0,4,Grocery,3,Married,1,0,17,8,13,43,18.86
54450,0,2,Computer,3,91,Debit Card,Female,0,5,Mobile Phone,2,Divorced,21,1,24,10,16,0,274.83
54451,0,37,Computer,2,13,E wallet,Male,5,3,Others,3,Married,5,0,17,2,3,15,157.23
54452,0,15,Computer,1,56,Cash on Delivery,Female,3,5,Mobile Phone,5,Divorced,15,0,20,10,9,44,148.44
54453,1,1,Phone,2,84,Debit Card,Female,1,3,Grocery,2,Single,13,0,20,6,1,11,0.82
54454,0,30,Phone,2,66,Credit Card,Female,2,5,Laptop & Accessory,1,Single,5,0,17,,6,27,201.58
54455,1,27,Phone,3,62,Credit Card,Female,0,5,Laptop & Accessory,1,Married,18,0,18,14,1,14,218.27
54456,0,6,Mobile Phone,1,106,Cash on Delivery,Female,0,4,Fashion,5,Divorced,20,0,25,16,6,7,256.98
54457,0,29,Phone,2,112,Debit Card,Female,3,6,Fashion,5,Single,5,1,12,16,5,3,105.93
54458,0,42,Computer,1,23,E wallet,Male,3,3,Others,5,Single,16,0,23,9,11,30,41.64
54459,0,57,Phone,1,113,UPI,Male,0,6,Others,5,Married,11,1,14,14,5,45,142.95
54460,0,6,Phone,1,17,E wallet,Male,0,6,Others,4,Divorced,11,0,22,,11,29,117.74
54461,0,35,Computer,2,36,UPI,Female,5,6,Others,3,Single,3,0,19,14,10,34,244.77
54462,0,28,Phone,3,104,UPI,Female,,4,Laptop & Accessory,4,Single,19,0,14,8,12,5,74.57
54463,1,23,Mobile Phone,1,13,Debit Card,Female,,6,Grocery,2,Divorced,10,0,12,0,6,37,44.91
54464,0,51,Phone,2,114,UPI,Male,0,3,Others,1,Married,2,0,17,,8,20,143.06
54465,0,38,Mobile Phone,1,114,Credit Card,Male,2,2,Mobile Phone,1,Married,17,1,16,5,,29,204.1
54466,0,3,Mobile Phone,1,53,UPI,Female,2,6,Others,2,Single,3,1,14,8,3,15,91.32
54467,0,28,Mobile Phone,2,41,UPI,Male,5,6,Laptop & Accessory,1,Single,3,0,23,0,5,7,37.19
54468,0,43,Computer,1,35,Cash on Delivery,Male,1,2,Fashion,5,Married,8,0,18,9,14,,142.71
54469,1,4,Phone,2,35,Cash on Delivery,Female,3,6,Mobile Phone,5,Married,16,0,16,3,15,32,312.61
54470,1,,Mobile Phone,1,63,Debit Card,Male,1,2,Others,5,Single,12,1,18,13,14,42,314.38
54471,1,28,Mobile Phone,1,59,Debit Card,Male,0,1,Laptop & Accessory,2,Divorced,19,0,14,5,,,230.32
54472,1,29,Phone,2,23,Credit Card,Male,3,4,Fashion,3,Divorced,1,0,12,4,6,42,252.57
54473,0,28,Computer,2,67,Cash on Delivery,Male,0,4,Others,2,Single,19,1,22,14,13,44,66.14
54474,0,25,Computer,1,6,E wallet,Female,3,2,Laptop & Accessory,3,Single,4,1,16,9,1,41,121.76
54475,0,18,Mobile Phone,2,49,Debit Card,Female,,5,Laptop & Accessory,1,Single,17,0,19,2,1,22,196.55
54476,0,25,Computer,3,100,Debit Card,Male,4,4,Grocery,1,Single,19,0,22,16,16,45,243.89
54477,0,36,Phone,2,47,Cash on Delivery,Male,4,3,Laptop & Accessory,1,Married,4,0,19,8,1,,54.15
54478,0,26,Computer,1,102,Cash on Delivery,Male,,4,Others,3,Divorced,15,1,25,8,2,45,148.73
54479,0,29,Phone,2,5,Credit Card,Male,,4,Laptop & Accessory,1,Divorced,7,0,21,14,,0,52.9
54480,0,50,Mobile Phone,2,89,Cash on Delivery,Female,1,3,Mobile Phone,2,Divorced,20,0,23,2,6,6,205.84
54481,0,52,Phone,1,65,UPI,Female,3,2,Laptop & Accessory,3,Married,17,0,19,7,3,35,250.95
54482,0,29,Mobile Phone,3,7,E wallet,Male,1,2,Laptop & Accessory,5,Single,9,0,24,2,9,,270.83
54483,0,2,Phone,3,95,UPI,Male,3,3,Mobile Phone,3,Divorced,7,0,13,12,3,20,238.02
54484,0,58,Phone,3,48,UPI,Male,,4,Others,2,Divorced,4,0,13,15,13,36,51.72
54485,0,57,Computer,3,11,UPI,Male,4,6,Fashion,2,Married,17,1,20,6,4,11,269.23
54486,0,42,Phone,2,37,Debit Card,Female,4,4,Grocery,2,Single,15,1,,4,4,31,108.68
54487,0,6,Mobile Phone,2,13,UPI,Male,3,2,Fashion,1,Single,9,0,15,1,11,37,271.62
54488,0,60,Phone,2,34,Debit Card,Male,1,6,Others,5,Single,16,0,15,2,15,15,81.54
54489,0,48,Mobile Phone,3,22,Cash on Delivery,Female,1,1,Others,5,Divorced,6,1,23,2,5,0,154.6
54490,0,56,Mobile Phone,2,60,E wallet,Male,2,2,Mobile Phone,4,Married,17,0,15,1,16,43,187.39
54491,0,8,Phone,1,,E wallet,Female,4,3,Fashion,2,Divorced,7,0,18,15,5,25,11.28
54492,0,52,Computer,1,88,UPI,Female,4,6,Laptop & Accessory,1,Married,17,0,20,16,2,13,293.7
54493,0,40,Phone,3,106,E wallet,Male,1,1,Mobile Phone,3,Married,14,1,22,15,6,,166.25
54494,0,41,Phone,1,109,Debit Card,Female,4,1,Mobile Phone,1,Divorced,15,1,18,15,9,40,62.41
54495,0,,Computer,2,123,Cash on Delivery,Male,1,3,Grocery,2,Married,20,0,25,16,5,19,52.26
54496,0,14,Mobile Phone,3,35,UPI,Male,2,6,Mobile Phone,1,Married,21,0,24,,1,2,223.13
54497,0,53,Phone,2,76,Credit Card,Female,3,5,Fashion,2,Married,18,1,18,11,9,42,26.56
54498,0,4,Computer,3,67,E wallet,Female,3,2,Others,3,Single,19,0,24,11,7,11,142.94
54499,0,28,Computer,2,91,E wallet,Female,2,4,Grocery,3,Single,18,0,19,6,15,32,175.59
54500,0,34,Mobile Phone,1,54,UPI,Male,4,6,Laptop & Accessory,5,Single,14,0,20,6,7,44,75.77
54501,0,26,Computer,3,93,E wallet,Male,0,2,Fashion,4,Single,20,0,16,3,11,0,41.99
54502,0,26,Mobile Phone,1,115,E wallet,Male,4,3,Laptop & Accessory,1,Divorced,5,0,12,5,6,18,159.48
54503,0,7,Phone,1,5,Credit Card,Male,1,4,Mobile Phone,4,Divorced,7,1,19,15,1,1,110.61
54504,0,31,Computer,1,114,Debit Card,Male,5,5,Fashion,1,Divorced,12,0,16,7,11,22,45.58
54505,0,19,Phone,1,86,UPI,Female,0,3,Grocery,5,Single,17,0,11,5,7,44,68.37
54506,0,9,Computer,1,23,UPI,Female,2,2,Grocery,5,Divorced,19,1,22,9,16,7,153.06
54507,0,12,Computer,1,119,Credit Card,Female,3,1,Laptop & Accessory,3,Single,16,1,22,15,4,33,43.24
54508,0,28,Phone,2,110,Credit Card,Male,3,3,Others,3,Single,2,0,15,1,5,3,304.24
54509,0,34,Computer,3,68,Debit Card,Male,4,3,Grocery,3,Married,12,0,17,13,7,7,252.02
54510,1,,Phone,1,120,Cash on Delivery,Male,3,2,Laptop & Accessory,1,Married,17,0,24,10,3,26,105.81
54511,0,53,Phone,1,57,UPI,Male,4,5,Others,4,Single,21,0,22,1,2,25,83.97
54512,0,7,Mobile Phone,2,10,E wallet,Male,,2,Fashion,4,Married,3,0,22,2,11,32,284.15
54513,0,28,Phone,2,21,Debit Card,Female,1,2,Grocery,3,Married,8,0,11,10,1,42,138.75
54514,0,30,Mobile Phone,3,50,UPI,Male,2,5,Grocery,5,Married,5,0,25,3,8,39,280.38
54515,0,40,Phone,1,113,Debit Card,Female,5,5,Laptop & Accessory,4,Married,21,0,17,13,8,44,241.3
54516,0,29,Computer,3,76,Cash on Delivery,Male,1,3,Grocery,5,Divorced,17,0,21,4,7,39,29.94
54517,0,21,Phone,2,122,UPI,Female,4,1,Laptop & Accessory,3,Married,21,0,15,2,10,2,264.42
54518,1,20,Computer,2,110,E wallet,Male,3,2,Grocery,1,Single,14,1,15,7,14,,175.46
54519,0,11,Mobile Phone,1,77,UPI,Male,1,1,Laptop & Accessory,2,Married,14,0,12,,9,,220.22
54520,0,10,Computer,1,105,Debit Card,Female,1,5,Grocery,4,Married,4,0,22,11,10,28,71.18
54521,1,1,Phone,1,59,Cash on Delivery,Male,4,5,Fashion,3,Divorced,15,0,14,7,11,20,0.09
54522,0,49,Computer,1,95,Debit Card,Male,1,2,Fashion,3,Divorced,2,0,19,6,1,41,108.45
54523,1,40,Mobile Phone,2,104,Debit Card,Male,3,3,Laptop & Accessory,4,Divorced,21,1,22,1,3,17,61.95
54524,0,1,Computer,3,10,Credit Card,Female,5,2,Fashion,2,Married,4,1,12,11,5,16,141.45
54525,0,33,Computer,2,74,Debit Card,Female,3,3,Laptop & Accessory,1,Single,17,0,19,,,20,29.54
54526,0,2,Phone,2,113,Cash on Delivery,Male,5,4,Laptop & Accessory,4,Divorced,3,0,18,8,2,,290.89
54527,0,15,Phone,2,72,E wallet,Female,3,3,Mobile Phone,1,Married,21,1,25,4,7,26,38.59
54528,1,50,Computer,1,90,Credit Card,Female,3,2,Fashion,3,Married,16,1,23,5,12,31,248.36
54529,0,3,Mobile Phone,3,,Debit Card,Female,0,2,Mobile Phone,4,Married,12,1,,6,6,41,305.28
54530,0,22,Computer,2,95,UPI,Female,,3,Mobile Phone,1,Divorced,20,0,22,13,12,28,48.17
54531,0,56,Mobile Phone,1,105,Credit Card,Female,0,1,Grocery,5,Married,3,0,12,14,11,28,112.6
54532,0,49,Mobile Phone,1,70,Cash on Delivery,Male,3,3,Laptop & Accessory,5,Divorced,5,0,16,0,10,25,237.6
54533,0,19,Mobile Phone,2,13,UPI,Male,3,4,Others,5,Married,16,0,25,15,2,8,232.2
54534,0,24,Computer,2,15,Cash on Delivery,Male,4,4,Mobile Phone,1,Single,7,0,17,14,8,26,12.15
54535,0,29,Mobile Phone,1,,UPI,Female,5,1,Grocery,5,Single,20,1,25,8,3,11,22.98
54536,0,17,Computer,3,120,E wallet,Female,3,4,Fashion,3,Married,16,0,12,6,4,15,39.05
54537,0,41,Mobile Phone,2,47,Cash on Delivery,Female,1,2,Others,1,Divorced,17,0,18,11,14,1,184.61
54538,0,,Mobile Phone,2,107,UPI,Male,3,1,Laptop & Accessory,3,Married,2,1,19,8,5,38,17.89
54539,0,28,Computer,1,62,Cash on Delivery,Male,2,1,Grocery,2,Single,12,0,15,11,6,26,191.23
54540,0,16,Phone,1,82,Credit Card,Male,4,1,Others,1,Married,13,1,16,10,12,8,111.3
54541,0,25,Phone,3,30,Cash on Delivery,Male,4,6,Laptop & Accessory,5,Divorced,5,0,16,,9,45,217.56
54542,0,55,Computer,3,42,Cash on Delivery,Male,3,3,Laptop & Accessory,5,Divorced,16,0,,12,12,1,254.16
54543,0,56,Computer,1,98,UPI,Male,2,3,Others,2,Divorced,8,0,12,4,9,41,257.2
54544,0,22,Phone,1,40,Cash on Delivery,Male,5,1,Grocery,4,Divorced,14,0,23,10,9,6,12.23
54545,0,55,Phone,1,106,E wallet,Male,3,4,Others,2,Single,8,0,21,2,16,7,307.84
54546,0,51,Phone,1,,Debit Card,Female,1,6,Mobile Phone,5,Divorced,18,0,11,8,8,37,190.66
54547,0,,Computer,2,59,Credit Card,Female,4,6,Laptop & Accessory,5,Divorced,20,0,24,7,5,5,291.1
54548,0,19,Mobile Phone,3,10,UPI,Female,4,2,Fashion,4,Single,12,0,21,7,5,18,199.92
54549,0,44,Computer,1,7,Cash on Delivery,Male,5,2,Others,2,Divorced,11,0,15,12,14,14,157.34
54550,0,1,Phone,1,69,Cash on Delivery,Male,2,3,Others,3,Single,16,0,16,10,4,44,237.16
54551,1,23,Mobile Phone,3,68,Cash on Delivery,Male,0,5,Laptop & Accessory,2,Divorced,15,0,24,5,14,27,71.31
54552,0,30,Computer,1,62,Credit Card,Female,5,1,Laptop & Accessory,3,Divorced,13,0,22,12,15,29,33.55
54553,0,26,Phone,3,121,Debit Card,Male,2,5,Others,5,Divorced,21,0,,10,16,26,29.41
54554,1,1,Computer,2,62,E wallet,Female,,2,Fashion,5,Divorced,18,0,11,13,7,9,275.97
54555,0,56,Mobile Phone,3,22,E wallet,Female,2,3,Laptop & Accessory,2,Married,1,0,18,13,11,44,296.54
54556,0,13,Phone,1,27,UPI,Male,5,3,Laptop & Accessory,5,Married,1,0,15,4,4,30,264.68
54557,0,3,Computer,1,100,Debit Card,Female,0,3,Mobile Phone,4,Divorced,1,1,,14,15,0,293.94
54558,0,48,Mobile Phone,1,33,Debit Card,Male,1,3,Grocery,1,Divorced,9,0,18,12,,31,320.05
54559,1,12,Mobile Phone,1,27,Credit Card,Female,1,3,Mobile Phone,3,Divorced,21,0,24,15,14,15,170.97
54560,1,35,Computer,1,40,Cash on Delivery,Male,0,1,Fashion,5,Married,14,0,18,16,9,5,50.01
54561,0,34,Mobile Phone,3,74,Debit Card,Male,3,6,Grocery,3,Divorced,18,0,19,15,7,1,197.58
54562,0,,Phone,3,85,Cash on Delivery,Male,2,5,Others,2,Single,1,0,21,,9,41,115.02
54563,1,53,Mobile Phone,2,86,Credit Card,Female,5,6,Fashion,4,Married,20,1,14,16,8,1,112.6
54564,0,54,Computer,1,99,UPI,Male,1,2,Fashion,3,Married,11,0,13,6,11,,236.54
54565,0,7,Phone,2,10,UPI,Male,5,2,Mobile Phone,5,Married,2,0,20,5,12,,29.46
54566,1,1,Mobile Phone,2,,Cash on Delivery,Male,2,6,Grocery,1,Divorced,19,0,,4,3,3,12.2
54567,0,5,Mobile Phone,1,,Cash on Delivery,Male,0,3,Fashion,4,Single,2,0,12,0,3,40,225.96
54568,0,30,Phone,3,48,Debit Card,Male,,3,Grocery,2,Married,19,0,11,15,12,42,84.74
54569,0,,Phone,1,31,Credit Card,Female,0,6,Others,5,Single,2,0,24,13,15,17,125.29
54570,1,9,Mobile Phone,1,104,UPI,Female,2,3,Grocery,4,Single,6,0,20,1,2,17,99.98
54571,0,43,Phone,1,116,Debit Card,Female,1,6,Mobile Phone,5,Single,15,1,15,3,12,45,199.82
54572,0,20,Computer,2,56,E wallet,Male,,4,Mobile Phone,2,Divorced,11,1,16,,3,44,50.22
54573,0,,Mobile Phone,2,46,Debit Card,Male,4,2,Fashion,2,Divorced,16,0,18,1,14,45,234.19
54574,0,9,Computer,1,29,Cash on Delivery,Male,1,3,Grocery,1,Divorced,20,1,24,8,10,20,300.6
54575,0,22,Mobile Phone,1,78,E wallet,Female,4,5,Mobile Phone,4,Married,21,1,25,0,15,20,271.74
54576,0,2,Computer,1,43,Debit Card,Female,3,4,Laptop & Accessory,1,Married,3,0,16,15,14,38,294.79
54577,0,,Computer,1,114,Credit Card,Male,5,1,Mobile Phone,1,Single,3,1,25,13,3,29,304.55
54578,0,,Phone,1,43,UPI,Female,0,4,Others,1,Married,19,0,12,12,3,40,121.01
54579,1,9,Mobile Phone,1,16,E wallet,Female,3,4,Laptop & Accessory,3,Divorced,21,1,,14,15,16,258.62
54580,0,28,Phone,1,15,Credit Card,Male,2,4,Grocery,2,Divorced,11,1,15,2,11,4,160.82
54581,1,40,Phone,3,117,Debit Card,Female,3,5,Fashion,1,Divorced,6,0,23,14,6,4,87.68
54582,0,51,Mobile Phone,2,111,Cash on Delivery,Male,0,2,Laptop & Accessory,3,Divorced,9,0,13,14,9,8,242.74
54583,0,50,Computer,2,121,Cash on Delivery,Female,1,3,Mobile Phone,3,Single,5,0,24,4,12,10,79.34
54584,0,45,Mobile Phone,1,7,Credit Card,Female,5,5,Fashion,3,Married,7,0,16,12,13,37,35.63
54585,0,33,Mobile Phone,1,119,Cash on Delivery,Female,4,5,Fashion,1,Divorced,20,0,22,15,7,39,229
54586,1,36,Mobile Phone,1,26,UPI,Male,1,6,Fashion,3,Single,1,0,16,14,7,13,93.46
54587,0,19,Phone,1,8,Credit Card,Female,5,3,Fashion,1,Married,3,0,,13,7,37,99.42
54588,0,60,Mobile Phone,1,12,Credit Card,Male,3,6,Grocery,4,Single,11,0,17,8,1,5,286.36
54589,0,60,Mobile Phone,3,18,Cash on Delivery,Female,2,6,Grocery,2,Divorced,21,0,17,16,4,13,44.05
54590,0,7,Mobile Phone,3,88,Credit Card,Male,3,4,Grocery,5,Divorced,10,0,17,4,9,7,248.57
54591,0,6,Computer,1,92,Debit Card,Male,,6,Mobile Phone,1,Divorced,13,0,18,14,4,29,125.52
54592,0,5,Computer,1,,E wallet,Male,,1,Grocery,2,Married,3,1,21,10,7,0,290.23
54593,0,10,Computer,3,96,E wallet,Female,2,4,Fashion,1,Divorced,11,0,17,11,2,24,143.11
54594,0,43,Computer,1,20,Cash on Delivery,Male,5,4,Laptop & Accessory,4,Married,20,0,23,6,6,12,132.93
54595,0,17,Phone,2,36,UPI,Female,1,6,Laptop & Accessory,2,Single,9,0,14,8,5,26,139.71
54596,0,50,Phone,3,68,UPI,Male,0,6,Laptop & Accessory,2,Married,11,0,15,2,10,24,272.25
54597,0,41,Mobile Phone,3,115,Cash on Delivery,Male,0,2,Laptop & Accessory,3,Single,9,0,24,16,2,3,3.42
54598,0,56,Phone,1,80,Cash on Delivery,Male,2,4,Laptop & Accessory,1,Married,13,0,14,8,12,30,229.08
54599,0,28,Computer,1,,Credit Card,Male,1,1,Others,1,Divorced,9,0,,10,11,17,66.7
54600,0,24,Mobile Phone,1,56,UPI,Female,3,5,Laptop & Accessory,5,Divorced,14,1,17,13,14,16,286.69
54601,0,20,Mobile Phone,3,23,E wallet,Female,4,6,Laptop & Accessory,3,Single,16,0,23,9,15,10,122.18
54602,0,45,Computer,3,73,Cash on Delivery,Male,2,4,Laptop & Accessory,3,Married,17,0,13,3,3,11,110.16
54603,1,2,Computer,2,16,E wallet,Female,1,5,Mobile Phone,5,Married,15,0,23,15,3,2,231.6
54604,0,17,Computer,2,97,E wallet,Female,4,6,Others,3,Single,11,0,11,15,3,14,234.8
54605,0,23,Phone,2,9,UPI,Male,2,2,Laptop & Accessory,3,Married,12,0,11,11,14,5,205.96
54606,1,46,Mobile Phone,2,46,E wallet,Female,3,6,Grocery,4,Married,11,1,19,5,5,4,107.19
54607,1,37,Computer,3,126,Credit Card,Female,3,1,Mobile Phone,2,Single,18,1,,6,10,30,198.36
54608,0,9,Mobile Phone,2,21,Credit Card,Male,1,3,Others,5,Single,12,0,13,7,9,7,17.64
54609,1,26,Mobile Phone,2,115,UPI,Female,1,3,Grocery,4,Single,8,1,17,5,13,9,310.43
54610,0,11,Phone,1,76,Credit Card,Male,,6,Grocery,4,Married,21,1,19,6,7,2,147.13
54611,0,6,Mobile Phone,2,108,Cash on Delivery,Female,3,2,Mobile Phone,4,Single,10,1,24,8,6,11,98.96
54612,0,16,Computer,1,108,UPI,Male,2,1,Grocery,3,Single,3,1,17,15,4,,279.75
54613,0,0,Computer,1,98,E wallet,Female,5,6,Fashion,5,Single,20,1,21,12,13,11,105.36
54614,0,57,Mobile Phone,3,14,Cash on Delivery,Female,5,5,Mobile Phone,3,Single,4,1,18,14,5,41,324.08
54615,0,49,Mobile Phone,2,88,UPI,Female,1,2,Mobile Phone,3,Divorced,13,0,16,3,6,29,224.44
54616,0,25,Phone,3,113,E wallet,Female,4,4,Fashion,4,Divorced,20,0,21,4,12,18,211.11
54617,0,14,Computer,1,20,E wallet,Female,3,5,Mobile Phone,1,Divorced,8,0,,7,8,20,49.35
54618,1,50,Computer,2,109,E wallet,Male,4,6,Grocery,5,Single,2,1,11,,9,16,198.21
54619,0,59,Mobile Phone,1,20,E wallet,Female,1,4,Grocery,5,Married,2,1,20,16,2,,50.42
54620,1,32,Mobile Phone,3,46,E wallet,Male,1,4,Grocery,4,Divorced,21,0,24,16,8,38,254.67
54621,1,36,Mobile Phone,1,7,UPI,Male,0,5,Fashion,4,Single,6,0,18,1,15,10,44.98
54622,0,46,Computer,2,27,Credit Card,Female,3,4,Grocery,2,Divorced,20,0,16,15,8,28,116.62
54623,0,30,Mobile Phone,2,90,E wallet,Male,5,3,Fashion,4,Divorced,7,0,25,,13,6,154.94
54624,0,34,Phone,1,,Cash on Delivery,Female,5,5,Fashion,3,Single,4,0,12,10,7,0,261.69
54625,1,0,Phone,3,32,UPI,Female,1,2,Fashion,4,Single,8,0,22,0,16,40,205.65
54626,0,7,Mobile Phone,3,114,Debit Card,Female,1,3,Mobile Phone,5,Divorced,18,0,23,6,4,6,243.09
54627,0,,Phone,1,49,Credit Card,Female,3,2,Others,1,Single,10,0,20,,12,13,79.29
54628,0,58,Phone,1,104,Cash on Delivery,Male,0,1,Fashion,1,Divorced,20,0,18,2,9,15,77.11
54629,0,53,Phone,1,72,E wallet,Female,0,2,Grocery,3,Divorced,11,0,14,8,7,,123.7
54630,0,56,Phone,1,106,UPI,Female,0,5,Fashion,1,Divorced,7,0,20,16,5,15,6.07
54631,0,18,Phone,3,28,UPI,Female,0,2,Laptop & Accessory,4,Divorced,5,0,19,1,4,20,269.98
54632,0,24,Computer,3,23,E wallet,Male,2,1,Mobile Phone,1,Married,11,0,25,14,,12,120.24
54633,0,56,Mobile Phone,1,79,Cash on Delivery,Male,3,4,Grocery,4,Married,18,0,22,8,15,17,21.95
54634,1,31,Phone,1,44,UPI,Male,3,5,Mobile Phone,2,Single,16,0,19,6,6,28,283.47
54635,0,11,Mobile Phone,2,50,Credit Card,Male,3,6,Mobile Phone,5,Married,19,1,19,10,9,20,314.54
54636,1,12,Phone,1,44,Cash on Delivery,Female,5,3,Laptop & Accessory,3,Married,20,0,14,16,7,8,210.14
54637,0,27,Computer,1,66,E wallet,Male,0,3,Fashion,2,Single,5,0,16,,15,30,115.89
54638,0,0,Computer,1,,Cash on Delivery,Male,0,2,Grocery,1,Divorced,7,0,,1,16,36,134.47
54639,0,50,Phone,2,123,Cash on Delivery,Male,5,3,Others,3,Married,3,1,14,16,1,44,83.25
54640,0,5,Phone,2,107,Debit Card,Male,5,1,Mobile Phone,4,Married,10,1,20,0,4,16,231.16
54641,1,7,Phone,2,121,E wallet,Female,1,6,Others,2,Married,19,0,20,12,4,30,115.72
54642,0,3,Computer,1,22,Credit Card,Female,2,3,Others,5,Married,5,0,15,9,5,23,10.56
54643,1,4,Computer,3,16,E wallet,Male,5,2,Fashion,5,Divorced,5,0,17,16,16,5,15
54644,0,24,Mobile Phone,2,18,Debit Card,Male,3,3,Others,2,Single,11,0,17,16,5,31,199.79
54645,0,21,Computer,3,115,E wallet,Female,2,4,Grocery,2,Married,19,0,20,10,10,30,94.37
54646,0,27,Phone,1,86,E wallet,Female,5,4,Fashion,2,Married,12,0,16,8,4,17,54.79
54647,0,38,Mobile Phone,3,65,Credit Card,Female,3,3,Others,1,Married,17,1,22,2,15,8,179.52
54648,0,22,Computer,3,112,Debit Card,Female,0,5,Fashion,5,Married,20,0,20,9,3,2,90.49
54649,1,3,Computer,1,110,E wallet,Male,0,6,Grocery,5,Single,15,1,14,16,6,36,23.83
54650,0,51,Phone,1,16,E wallet,Male,3,3,Mobile Phone,1,Divorced,18,0,25,15,11,6,62.91
54651,0,3,Mobile Phone,3,108,UPI,Female,4,4,Laptop & Accessory,3,Single,9,0,23,15,14,25,252.82
54652,0,46,Computer,2,31,E wallet,Male,0,4,Fashion,5,Married,17,0,22,14,2,12,276.9
54653,0,58,Computer,3,10,Credit Card,Male,1,1,Laptop & Accessory,3,Married,11,1,23,12,12,33,283.45
54654,1,20,Phone,2,92,UPI,Male,5,2,Mobile Phone,3,Single,6,0,25,1,9,42,173.82
54655,0,36,Mobile Phone,2,119,Debit Card,Female,0,1,Grocery,3,Divorced,12,0,15,5,6,28,309.06
54656,0,55,Mobile Phone,1,37,Cash on Delivery,Female,1,5,Mobile Phone,5,Divorced,11,1,25,2,15,32,49.29
54657,1,,Mobile Phone,1,113,Credit Card,Female,2,2,Laptop & Accessory,4,Divorced,17,1,15,0,11,4,220.47
54658,0,1,Mobile Phone,3,122,Debit Card,Female,0,3,Grocery,3,Divorced,10,0,19,16,5,35,228.89
54659,0,58,Phone,1,84,UPI,Male,5,3,Others,4,Single,13,1,24,0,16,14,17.29
54660,0,6,Computer,1,54,Cash on Delivery,Female,0,5,Others,1,Single,5,1,25,10,3,9,91.8
54661,0,48,Computer,2,16,Debit Card,Female,5,6,Fashion,4,Divorced,4,1,21,3,4,,308.44
54662,0,15,Mobile Phone,2,99,Credit Card,Male,2,4,Others,4,Single,7,0,16,10,6,38,246.68
54663,0,16,Mobile Phone,1,61,UPI,Female,5,6,Laptop & Accessory,2,Single,15,0,14,12,3,36,17.78
54664,0,19,Mobile Phone,1,105,Credit Card,Male,1,3,Others,3,Married,2,0,16,16,10,36,175.76
54665,0,57,Computer,1,57,Credit Card,Female,4,1,Fashion,5,Single,17,0,17,12,7,44,210.8
54666,0,22,Computer,1,17,UPI,Male,5,4,Grocery,2,Single,21,1,17,16,15,37,316.25
54667,0,33,Mobile Phone,2,126,E wallet,Male,5,3,Others,4,Divorced,8,1,20,1,5,31,232.84
54668,1,10,Phone,1,76,Credit Card,Male,1,4,Fashion,1,Single,16,0,,1,10,23,207.56
54669,0,33,Computer,3,106,UPI,Male,3,6,Others,5,Divorced,20,0,16,5,1,19,295.27
54670,0,32,Computer,3,7,Credit Card,Female,3,2,Others,1,Married,3,0,21,1,9,40,214.8
54671,0,25,Mobile Phone,2,125,E wallet,Male,3,3,Laptop & Accessory,4,Married,17,0,24,10,9,37,302.94
54672,1,1,Phone,1,68,UPI,Male,5,3,Fashion,1,Single,5,0,17,16,1,39,160.15
54673,0,60,Mobile Phone,2,126,Debit Card,Female,2,4,Fashion,2,Single,14,0,25,,4,3,233.53
54674,0,,Mobile Phone,1,88,Debit Card,Male,1,2,Mobile Phone,1,Divorced,14,0,11,,12,40,205.32
54675,0,40,Phone,1,62,Debit Card,Male,5,1,Mobile Phone,2,Married,14,1,14,14,4,10,179.57
54676,1,21,Phone,3,8,Cash on Delivery,Female,0,2,Fashion,3,Divorced,11,0,17,16,,10,105.33
54677,0,57,Phone,1,112,Credit Card,Female,5,1,Laptop & Accessory,5,Single,20,0,22,9,8,15,293.73
54678,1,33,Computer,3,49,Credit Card,Female,3,5,Others,1,Married,13,0,20,5,2,,87.76
54679,0,59,Mobile Phone,1,70,UPI,Male,1,6,Grocery,2,Single,9,0,11,12,7,0,51.8
54680,0,14,Computer,1,119,Cash on Delivery,Male,0,2,Others,4,Married,20,0,24,15,8,32,231.42
54681,0,9,Phone,3,40,Credit Card,Female,1,1,Grocery,4,Divorced,2,0,18,1,3,6,177.63
54682,0,14,Computer,2,27,UPI,Female,2,4,Laptop & Accessory,2,Single,12,1,16,4,16,2,85.43
54683,1,41,Phone,2,113,E wallet,Female,3,1,Mobile Phone,5,Single,8,0,24,16,13,6,282.85
54684,0,28,Phone,2,23,Credit Card,Male,4,5,Fashion,3,Married,16,0,16,6,16,0,93.02
54685,0,56,Mobile Phone,1,44,Credit Card,Male,5,1,Laptop & Accessory,3,Divorced,1,0,13,16,10,,20.73
54686,0,22,Mobile Phone,2,76,E wallet,Female,3,6,Grocery,5,Married,16,0,16,4,3,6,4.99
54687,0,58,Mobile Phone,1,20,E wallet,Male,3,2,Fashion,1,Married,6,0,14,5,9,3,299.93
54688,0,16,Computer,2,62,Credit Card,Male,,1,Grocery,2,Married,20,0,19,9,8,17,130.71
54689,0,59,Mobile Phone,2,,E wallet,Male,0,2,Others,3,Single,6,0,23,4,1,36,69.38
54690,1,8,Phone,3,22,UPI,Female,3,5,Others,5,Divorced,3,0,14,13,15,13,184.31
54691,0,,Mobile Phone,2,40,Credit Card,Female,0,1,Others,3,Divorced,9,0,16,13,2,14,158.56
54692,0,35,Computer,1,28,Credit Card,Male,0,1,Fashion,3,Divorced,19,0,21,1,4,24,324.95
54693,0,8,Mobile Phone,2,5,Debit Card,Female,2,5,Mobile Phone,1,Married,3,1,23,8,15,17,288.76
54694,0,15,Mobile Phone,1,5,Credit Card,Male,3,6,Mobile Phone,3,Divorced,21,0,25,8,11,3,88.11
54695,0,35,Mobile Phone,1,68,Debit Card,Male,5,1,Grocery,2,Divorced,7,0,23,,6,1,226.76
54696,1,47,Computer,1,66,E wallet,Female,,2,Mobile Phone,5,Single,14,0,24,11,15,42,125.83
54697,0,50,Phone,2,114,E wallet,Female,2,6,Mobile Phone,1,Single,14,0,23,5,13,25,118.44
54698,0,32,Phone,1,40,UPI,Female,4,3,Grocery,1,Single,3,0,16,16,16,19,119.31
54699,0,54,Phone,1,79,Debit Card,Male,5,6,Grocery,5,Married,5,0,21,13,3,14,207.76
54700,1,30,Mobile Phone,3,22,Credit Card,Female,2,3,Grocery,2,Single,5,0,11,9,4,5,174.84
54701,0,5,Mobile Phone,2,20,Debit Card,Male,4,2,Fashion,3,Divorced,19,0,14,2,16,36,245.39
54702,0,9,Computer,1,21,E wallet,Male,0,1,Grocery,3,Single,10,0,19,9,14,42,49.72
54703,0,15,Phone,1,28,E wallet,Male,5,2,Fashion,2,Married,9,0,24,13,4,41,138.26
54704,0,3,Mobile Phone,2,102,UPI,Male,5,5,Fashion,4,Single,16,0,21,14,10,12,279.6
54705,0,53,Mobile Phone,3,72,E wallet,Male,0,2,Fashion,5,Divorced,9,0,20,15,,15,1.03
54706,0,21,Mobile Phone,1,103,Debit Card,Female,1,3,Grocery,2,Single,6,0,16,5,7,41,202.63
54707,0,12,Computer,3,83,Credit Card,Male,5,6,Mobile Phone,3,Single,5,0,22,13,7,37,255.36
54708,0,15,Phone,2,6,Credit Card,Male,1,4,Mobile Phone,5,Single,4,1,14,3,4,1,124.75
54709,0,51,Computer,2,124,Debit Card,Female,0,5,Grocery,5,Married,20,1,17,12,12,0,287.18
54710,0,28,Phone,3,119,UPI,Male,3,1,Mobile Phone,3,Married,21,1,,7,5,4,239.1
54711,0,5,Phone,2,99,Credit Card,Female,1,6,Grocery,2,Married,18,1,20,8,4,29,196.97
54712,0,25,Mobile Phone,3,77,Debit Card,Male,2,2,Fashion,4,Married,16,1,17,10,14,30,64.45
54713,0,10,Mobile Phone,1,14,Debit Card,Female,5,5,Others,5,Married,7,1,15,4,,42,217.78
54714,0,23,Mobile Phone,2,57,E wallet,Female,1,3,Laptop & Accessory,5,Single,14,0,14,4,4,31,270.97
54715,0,28,Mobile Phone,2,93,E wallet,Female,5,1,Grocery,5,Single,17,0,25,15,1,2,237.22
54716,0,2,Mobile Phone,1,55,UPI,Female,0,2,Fashion,2,Married,8,1,14,8,16,2,186.83
54717,0,,Phone,2,73,UPI,Female,3,6,Others,5,Married,11,0,25,10,8,41,232.24
54718,1,9,Mobile Phone,1,18,UPI,Male,0,2,Fashion,3,Single,17,1,17,10,13,4,317.49
54719,0,60,Mobile Phone,1,110,Debit Card,Female,3,1,Laptop & Accessory,3,Divorced,14,1,16,13,6,34,3.51
54720,1,59,Computer,1,,Debit Card,Female,5,6,Mobile Phone,1,Single,9,1,14,9,2,,215.78
54721,0,0,Computer,2,106,E wallet,Female,,4,Mobile Phone,5,Married,6,0,13,8,16,31,257.72
54722,0,51,Phone,3,125,Credit Card,Male,2,4,Fashion,4,Single,8,0,12,4,1,22,207.64
54723,0,42,Phone,1,108,UPI,Female,2,5,Laptop & Accessory,1,Married,17,0,25,10,10,37,88.75
54724,0,25,Computer,2,70,Cash on Delivery,Male,0,2,Fashion,5,Single,13,0,14,8,14,41,267.4
54725,0,57,Computer,1,86,UPI,Male,5,5,Mobile Phone,5,Single,13,1,17,12,14,7,296.82
54726,0,11,Mobile Phone,3,97,E wallet,Female,3,1,Fashion,2,Single,17,1,24,7,7,3,222.14
54727,1,13,Mobile Phone,2,57,Debit Card,Male,1,6,Others,2,Divorced,19,1,12,3,14,5,166.08
54728,1,24,Phone,2,121,E wallet,Male,3,5,Laptop & Accessory,3,Single,2,0,,11,8,26,119.05
54729,0,7,Computer,2,121,E wallet,Male,3,2,Mobile Phone,1,Single,18,0,22,6,16,44,107.27
54730,0,42,Phone,1,88,E wallet,Male,3,4,Fashion,1,Divorced,4,1,19,7,14,18,235.05
54731,0,3,Mobile Phone,2,68,Cash on Delivery,Male,5,4,Laptop & Accessory,1,Single,7,0,24,7,10,41,197.32
54732,0,27,Phone,3,76,Cash on Delivery,Female,1,1,Fashion,3,Divorced,16,1,19,3,9,43,50.98
54733,0,6,Phone,1,105,UPI,Male,5,3,Mobile Phone,4,Divorced,19,0,16,9,11,43,45.86
54734,1,9,Phone,2,53,Debit Card,Male,3,5,Laptop & Accessory,4,Divorced,15,0,19,14,4,28,23.11
54735,0,50,Mobile Phone,3,116,E wallet,Male,5,1,Mobile Phone,4,Single,14,1,11,7,7,37,222.14
54736,0,56,Phone,1,94,Credit Card,Male,2,4,Others,1,Married,13,0,16,14,5,43,102.17
54737,0,57,Mobile Phone,3,66,UPI,Male,0,2,Others,5,Single,20,0,13,15,14,5,6.58
54738,0,35,Computer,3,,UPI,Female,4,2,Grocery,1,Married,7,0,16,6,2,2,109.75
54739,0,1,Phone,2,53,E wallet,Male,3,6,Laptop & Accessory,5,Married,15,0,15,7,3,31,270.44
54740,0,25,Phone,1,72,UPI,Male,2,3,Others,2,Divorced,1,0,,,8,15,80.49
54741,0,52,Mobile Phone,1,37,E wallet,Male,5,3,Grocery,3,Divorced,2,0,15,12,10,32,205.9
54742,0,,Phone,1,26,UPI,Female,2,4,Laptop & Accessory,4,Divorced,3,0,24,1,11,,142.89
54743,0,13,Mobile Phone,3,74,Debit Card,Female,0,3,Mobile Phone,1,Divorced,21,0,11,,5,42,178.39
54744,1,57,Phone,3,,UPI,Female,0,3,Fashion,1,Single,5,0,24,5,15,25,193.63
54745,0,15,Computer,2,32,UPI,Male,4,2,Fashion,2,Single,16,0,15,6,,34,147.81
54746,0,53,Computer,1,92,Credit Card,Male,4,6,Mobile Phone,5,Married,17,0,23,1,,27,18.8
54747,0,,Computer,1,8,Debit Card,Male,4,5,Others,4,Single,18,0,21,1,7,42,184.5
54748,0,41,Phone,2,70,Debit Card,Male,1,2,Fashion,3,Single,16,0,16,0,7,10,129.2
54749,0,16,Phone,2,81,Debit Card,Male,1,6,Mobile Phone,5,Married,11,1,25,13,7,45,64.96
54750,0,45,Computer,3,114,UPI,Male,2,2,Grocery,5,Single,3,1,,1,16,23,291.37
54751,0,21,Computer,2,53,Cash on Delivery,Male,5,4,Grocery,4,Single,10,0,11,9,5,15,239.22
54752,0,3,Mobile Phone,3,15,UPI,Male,0,6,Mobile Phone,3,Divorced,18,0,20,3,4,24,92.32
54753,0,18,Mobile Phone,2,39,E wallet,Male,3,6,Laptop & Accessory,4,Divorced,16,0,23,3,6,22,175.16
54754,0,1,Computer,2,43,Credit Card,Male,0,4,Others,4,Married,9,0,24,6,6,38,313.01
54755,1,38,Computer,1,14,Debit Card,Male,,6,Others,1,Divorced,21,1,17,4,15,34,79.78
54756,1,8,Phone,3,111,E wallet,Female,2,5,Mobile Phone,3,Single,1,0,23,11,6,24,307.9
54757,0,59,Computer,2,78,E wallet,Female,3,1,Fashion,5,Divorced,11,0,11,11,16,40,222.09
54758,0,18,Mobile Phone,1,76,Cash on Delivery,Female,4,3,Others,4,Divorced,11,0,17,5,11,38,175.77
54759,0,15,Mobile Phone,1,73,Debit Card,Female,4,6,Others,2,Married,13,1,21,1,8,44,319.54
54760,1,,Mobile Phone,1,27,UPI,Male,1,3,Grocery,3,Single,8,0,,15,6,32,108.46
54761,0,24,Mobile Phone,2,38,Debit Card,Female,2,2,Grocery,2,Married,19,1,22,1,10,21,90.43
54762,1,47,Mobile Phone,1,115,Credit Card,Female,5,2,Grocery,5,Single,9,0,19,16,16,9,110.37
54763,0,17,Mobile Phone,1,36,Debit Card,Female,0,6,Others,3,Single,6,0,17,6,4,0,244.03
54764,0,22,Computer,2,20,E wallet,Female,1,6,Others,1,Single,4,0,24,6,10,,109.53
54765,0,52,Mobile Phone,1,72,E wallet,Female,5,6,Others,3,Divorced,9,0,22,11,10,37,33.4
54766,1,20,Mobile Phone,3,58,UPI,Male,5,5,Fashion,5,Married,15,0,,10,12,21,209.4
54767,1,10,Mobile Phone,1,32,UPI,Female,0,6,Fashion,1,Single,18,0,25,16,4,31,72.47
54768,0,38,Mobile Phone,2,116,UPI,Female,3,3,Fashion,5,Divorced,4,0,22,10,5,22,1.35
54769,0,40,Computer,1,112,Credit Card,Male,0,2,Laptop & Accessory,3,Married,19,0,15,7,16,,64.73
54770,0,3,Phone,1,64,Debit Card,Female,3,2,Others,5,Divorced,16,0,13,5,7,22,266.22
54771,0,24,Phone,1,82,Cash on Delivery,Male,5,6,Others,3,Divorced,6,0,17,5,16,42,305.58
54772,0,31,Phone,3,80,Debit Card,Male,2,4,Mobile Phone,1,Single,12,0,16,14,11,11,215.13
54773,0,29,Phone,2,64,UPI,Male,1,1,Mobile Phone,3,Married,15,1,18,11,13,18,100.91
54774,0,44,Mobile Phone,1,89,Credit Card,Male,,6,Laptop & Accessory,5,Divorced,15,1,24,8,1,6,141.86
54775,0,58,Phone,2,116,Debit Card,Female,2,5,Mobile Phone,5,Divorced,15,1,18,12,1,26,63.23
54776,0,25,Phone,1,84,E wallet,Female,2,1,Fashion,5,Divorced,16,0,20,14,16,25,286.25
54777,0,56,Computer,3,122,Debit Card,Male,0,1,Laptop & Accessory,2,Divorced,14,1,21,14,5,17,216.31
54778,0,60,Computer,3,48,E wallet,Female,4,6,Laptop & Accessory,2,Single,8,1,16,12,5,,27.43
54779,0,35,Computer,2,6,Debit Card,Male,5,5,Laptop & Accessory,2,Single,2,0,17,8,11,10,119.25
54780,0,50,Mobile Phone,2,27,Debit Card,Female,4,3,Grocery,4,Married,15,0,13,10,12,1,174.86
54781,0,33,Mobile Phone,3,124,Debit Card,Female,3,6,Mobile Phone,3,Divorced,8,0,24,10,1,16,259.13
54782,0,8,Mobile Phone,2,97,UPI,Male,2,2,Others,2,Single,11,0,14,8,7,45,299.16
54783,0,11,Computer,2,50,E wallet,Female,1,5,Grocery,5,Married,16,0,17,16,7,28,43.12
54784,0,1,Phone,3,111,Credit Card,Male,1,2,Fashion,5,Married,8,0,16,5,4,31,271.23
54785,0,37,Computer,2,77,Cash on Delivery,Male,2,6,Grocery,2,Single,5,0,13,4,2,14,21.38
54786,0,4,Mobile Phone,2,58,E wallet,Female,4,6,Fashion,2,Single,20,0,25,2,2,17,78.16
54787,1,4,Computer,3,75,UPI,Female,5,4,Others,5,Divorced,4,0,20,5,4,27,6.83
54788,1,51,Phone,2,97,E wallet,Male,2,1,Others,2,Single,12,0,17,16,2,26,20.74
54789,0,21,Mobile Phone,2,112,Credit Card,Male,3,4,Mobile Phone,4,Single,10,0,13,10,1,40,10.54
54790,0,4,Phone,1,85,E wallet,Female,2,1,Grocery,4,Single,4,0,,3,1,32,47.45
54791,0,58,Phone,1,13,UPI,Female,0,3,Others,4,Married,19,0,23,11,8,43,284.87
54792,1,3,Mobile Phone,1,74,UPI,Female,4,5,Fashion,1,Single,10,0,24,9,2,9,92.24
54793,0,60,Phone,2,48,Cash on Delivery,Female,0,3,Others,4,Married,19,0,18,16,9,23,155.91
54794,0,8,Computer,1,88,Credit Card,Male,0,1,Mobile Phone,5,Married,19,0,23,5,2,33,158.31
54795,0,28,Phone,3,78,Cash on Delivery,Female,2,6,Fashion,1,Single,11,0,17,14,11,42,323.46
54796,0,21,Phone,2,,Debit Card,Female,5,4,Laptop & Accessory,5,Married,13,0,14,11,11,26,118.52
54797,0,26,Phone,2,16,UPI,Male,2,1,Mobile Phone,5,Divorced,21,0,11,4,4,19,86.16
54798,0,9,Computer,1,101,Cash on Delivery,Female,5,6,Mobile Phone,2,Divorced,2,1,16,11,7,40,313.05
54799,0,15,Phone,3,36,UPI,Male,1,3,Laptop & Accessory,3,Married,14,0,,14,7,24,192.57
54800,0,41,Phone,2,38,UPI,Male,5,6,Others,4,Single,20,0,15,9,10,25,94.08
54801,0,60,Computer,2,87,Debit Card,Female,0,6,Mobile Phone,3,Single,18,0,24,8,11,42,93.43
54802,0,41,Mobile Phone,1,37,UPI,Female,2,3,Laptop & Accessory,3,Married,16,0,19,5,8,20,28.07
54803,1,60,Mobile Phone,2,68,Cash on Delivery,Male,1,4,Laptop & Accessory,2,Single,4,0,20,13,3,12,180.98
54804,0,50,Mobile Phone,2,52,Credit Card,Male,0,6,Mobile Phone,3,Married,1,0,25,0,1,32,235.2
54805,0,9,Phone,2,20,E wallet,Female,1,4,Grocery,4,Divorced,3,0,16,0,12,9,154.28
54806,0,5,Mobile Phone,3,54,Cash on Delivery,Male,4,6,Mobile Phone,1,Married,12,0,11,10,,27,287.44
54807,0,48,Computer,3,118,Debit Card,Male,3,6,Grocery,5,Married,3,1,,2,16,32,157.29
54808,1,4,Phone,3,27,E wallet,Male,0,3,Others,4,Divorced,21,0,25,4,3,10,112.57
54809,0,57,Phone,2,30,UPI,Male,2,1,Laptop & Accessory,2,Divorced,18,0,12,7,11,13,81.5
54810,1,5,Phone,3,113,Cash on Delivery,Male,5,1,Fashion,1,Married,4,0,13,4,4,19,79.07
54811,0,58,Mobile Phone,3,58,E wallet,Male,4,5,Mobile Phone,2,Divorced,17,1,11,11,6,35,102.87
54812,1,55,Mobile Phone,1,48,Cash on Delivery,Male,1,3,Fashion,4,Divorced,12,0,21,11,16,40,322.39
54813,0,58,Mobile Phone,1,109,UPI,Female,3,5,Others,5,Single,20,1,12,,1,19,117.27
54814,0,46,Phone,1,41,Cash on Delivery,Male,5,6,Mobile Phone,3,Divorced,8,1,,8,13,,170.49
54815,0,24,Computer,1,13,Debit Card,Female,0,3,Fashion,3,Divorced,17,1,24,14,1,,89.27
54816,1,58,Phone,1,98,E wallet,Male,3,5,Others,2,Married,14,1,13,2,13,32,46.65
54817,1,50,Computer,1,17,E wallet,Female,4,2,Grocery,1,Divorced,20,0,19,14,12,18,209.9
54818,0,49,Phone,2,116,E wallet,Male,3,1,Others,5,Married,11,0,21,3,12,11,177.2
54819,1,60,Computer,1,64,Cash on Delivery,Female,0,1,Mobile Phone,2,Single,8,0,21,15,16,16,22.04
54820,0,3,Phone,1,110,UPI,Female,4,2,Mobile Phone,5,Married,1,0,14,15,16,32,286.91
54821,0,39,Phone,2,84,Cash on Delivery,Female,1,4,Mobile Phone,2,Married,21,0,12,11,12,19,165.01
54822,0,58,Computer,3,114,Cash on Delivery,Female,0,2,Others,1,Single,17,0,22,11,2,45,108.98
54823,0,47,Computer,3,125,E wallet,Male,3,1,Mobile Phone,4,Single,20,1,17,3,10,30,253.29
54824,0,31,Computer,2,6,UPI,Male,0,3,Others,3,Divorced,18,0,,14,10,37,36.43
54825,0,55,Computer,1,99,Credit Card,Male,4,5,Laptop & Accessory,5,Married,10,0,15,10,12,18,153.98
54826,0,50,Computer,1,64,UPI,Male,3,1,Laptop & Accessory,5,Married,9,0,11,14,3,,178.35
54827,0,51,Computer,1,,Cash on Delivery,Female,1,2,Laptop & Accessory,1,Married,2,0,19,15,12,43,251.92
54828,0,34,Computer,1,119,Debit Card,Male,5,3,Fashion,5,Single,20,0,19,10,5,,120.33
54829,0,,Computer,1,47,UPI,Male,2,1,Laptop & Accessory,4,Married,3,0,17,10,16,37,277.86
54830,0,33,Phone,3,23,E wallet,Male,1,2,Laptop & Accessory,4,Divorced,1,1,11,12,9,0,226.74
54831,0,35,Computer,1,15,Debit Card,Male,0,1,Others,1,Single,1,0,14,6,6,10,250.6
54832,0,5,Computer,1,82,Credit Card,Female,2,2,Others,2,Married,18,0,11,14,5,26,314.95
54833,0,42,Phone,1,51,Credit Card,Male,5,6,Mobile Phone,2,Single,8,0,,16,8,36,274.54
54834,0,45,Phone,2,93,Debit Card,Male,5,2,Mobile Phone,5,Single,18,1,17,12,15,,112.71
54835,0,15,Mobile Phone,1,67,Credit Card,Female,4,1,Mobile Phone,5,Single,1,0,11,3,,0,209.89
54836,0,58,Mobile Phone,1,11,Debit Card,Female,5,3,Others,1,Married,17,0,18,0,7,14,282.3
54837,0,52,Computer,1,83,Cash on Delivery,Male,3,1,Others,4,Married,10,0,23,11,16,17,170.66
54838,0,18,Computer,1,98,Debit Card,Female,3,1,Laptop & Accessory,1,Divorced,9,0,20,3,8,42,221.91
54839,0,33,Mobile Phone,1,35,Cash on Delivery,Male,4,6,Grocery,2,Single,10,0,14,0,13,24,55.98
54840,0,24,Mobile Phone,2,92,E wallet,Male,5,3,Others,4,Married,1,1,14,5,9,0,265.17
54841,1,30,Computer,1,59,E wallet,Male,0,6,Grocery,5,Married,16,0,22,10,14,18,246.17
54842,1,48,Mobile Phone,2,29,Credit Card,Male,1,1,Others,2,Divorced,7,0,22,5,11,33,288.89
54843,0,40,Computer,2,76,Debit Card,Female,2,6,Others,3,Married,3,1,,13,9,9,230.8
54844,0,16,Phone,2,34,Cash on Delivery,Female,4,5,Fashion,2,Married,17,0,15,5,12,11,284.99
54845,0,46,Phone,1,40,E wallet,Female,5,5,Grocery,4,Married,9,0,18,14,13,38,52.72
54846,0,29,Mobile Phone,1,54,E wallet,Female,0,5,Fashion,4,Single,15,1,18,0,,44,264.44
54847,1,38,Phone,1,18,E wallet,Male,0,2,Laptop & Accessory,1,Divorced,8,0,24,16,10,1,309.71
54848,0,53,Phone,2,33,Credit Card,Female,2,4,Fashion,4,Divorced,4,0,17,11,15,,265.04
54849,0,54,Phone,2,31,E wallet,Female,4,6,Fashion,3,Divorced,19,0,17,2,3,25,199.95
54850,0,30,Phone,1,121,UPI,Male,1,1,Laptop & Accessory,3,Married,2,0,18,1,6,19,301.11
54851,1,18,Computer,2,54,Credit Card,Male,1,4,Grocery,4,Married,2,0,18,5,5,5,30.71
54852,0,34,Computer,3,40,Debit Card,Female,4,6,Mobile Phone,5,Married,13,0,25,4,,6,5.48
54853,0,28,Mobile Phone,2,38,UPI,Male,3,5,Others,4,Single,19,0,11,7,2,1,313.73
54854,0,58,Phone,1,,Credit Card,Male,5,3,Grocery,5,Single,1,1,,1,2,16,221.98
54855,0,0,Phone,2,42,Credit Card,Male,,5,Laptop & Accessory,4,Divorced,15,0,20,11,10,25,37.1
54856,0,3,Phone,1,79,Cash on Delivery,Female,,1,Fashion,2,Single,2,0,18,6,10,30,110.5
54857,0,27,Mobile Phone,2,101,UPI,Female,4,4,Mobile Phone,4,Single,16,0,11,13,10,33,243.36
54858,1,17,Computer,1,83,UPI,Female,5,4,Fashion,2,Married,14,0,19,9,4,17,243.88
54859,1,25,Phone,1,80,UPI,Male,,6,Others,5,Married,6,0,19,13,9,40,55.25
54860,1,39,Computer,3,92,E wallet,Female,4,2,Laptop & Accessory,4,Divorced,11,0,23,10,15,42,152.8
54861,0,18,Mobile Phone,2,54,E wallet,Male,,3,Mobile Phone,5,Married,14,1,22,,,13,262.38
54862,0,54,Computer,1,41,Debit Card,Female,4,5,Grocery,3,Married,20,1,25,1,16,4,314.21
54863,0,54,Phone,1,79,Debit Card,Male,3,3,Grocery,1,Single,4,0,20,2,5,22,202.33
54864,0,59,Computer,2,124,Debit Card,Male,5,1,Laptop & Accessory,5,Divorced,17,0,12,4,13,0,207.39
54865,0,56,Computer,3,121,E wallet,Female,3,2,Laptop & Accessory,2,Single,16,1,22,10,8,19,152.54
54866,0,5,Mobile Phone,2,23,Cash on Delivery,Female,5,5,Fashion,1,Divorced,6,1,16,6,10,1,175.19
54867,0,0,Mobile Phone,3,122,Debit Card,Female,4,1,Mobile Phone,4,Divorced,8,0,25,15,11,42,32.15
54868,0,7,Mobile Phone,1,5,Credit Card,Female,0,3,Others,2,Married,13,0,25,7,2,45,113.62
54869,0,32,Mobile Phone,2,85,E wallet,Male,4,2,Laptop & Accessory,1,Single,4,0,14,3,16,36,164.87
54870,0,50,Computer,2,44,Cash on Delivery,Female,0,5,Mobile Phone,1,Single,16,1,20,11,14,0,89.37
54871,0,42,Computer,2,59,Credit Card,Male,3,3,Laptop & Accessory,5,Married,17,0,17,13,7,9,116.94
54872,0,20,Mobile Phone,1,84,Credit Card,Male,2,5,Laptop & Accessory,4,Divorced,4,1,25,16,,4,315.64
54873,0,,Mobile Phone,2,30,E wallet,Female,1,2,Grocery,4,Divorced,16,0,12,11,6,40,1.69
54874,0,24,Phone,2,126,UPI,Male,3,2,Mobile Phone,4,Divorced,2,0,23,8,1,44,98.36
54875,0,46,Phone,2,47,Cash on Delivery,Female,4,3,Grocery,5,Divorced,20,1,20,15,16,12,189.79
54876,0,54,Mobile Phone,2,63,E wallet,Female,4,5,Grocery,5,Married,13,0,11,9,13,3,90.66
54877,0,56,Computer,2,55,UPI,Female,0,4,Mobile Phone,4,Divorced,3,0,25,10,7,23,219.85
54878,0,42,Mobile Phone,2,124,E wallet,Male,1,1,Grocery,1,Single,21,1,19,8,,26,97.26
54879,0,18,Computer,1,111,E wallet,Female,5,2,Fashion,4,Divorced,10,1,22,0,10,35,207.42
54880,0,28,Computer,1,19,Credit Card,Female,3,5,Others,5,Divorced,18,0,22,15,9,42,276.21
54881,0,52,Phone,2,12,E wallet,Male,1,3,Others,4,Divorced,3,1,19,3,1,35,214.06
54882,0,9,Mobile Phone,3,98,UPI,Female,1,3,Fashion,5,Married,1,0,22,7,2,1,16.21
54883,0,55,Mobile Phone,1,18,Credit Card,Female,3,2,Laptop & Accessory,4,Divorced,11,0,19,1,7,31,258.44
54884,0,11,Computer,2,101,UPI,Male,0,6,Grocery,1,Married,5,0,15,13,1,16,69.16
54885,0,32,Mobile Phone,1,110,UPI,Female,5,2,Others,1,Single,3,0,22,8,13,11,206.31
54886,1,55,Phone,1,11,Credit Card,Male,0,6,Mobile Phone,5,Divorced,11,1,13,13,2,11,210.19
54887,0,,Phone,2,22,UPI,Male,0,4,Laptop & Accessory,5,Divorced,1,1,16,13,3,20,261.21
54888,0,16,Mobile Phone,2,16,Debit Card,Male,2,3,Others,2,Single,15,0,20,11,2,7,164.39
54889,0,60,Mobile Phone,1,6,E wallet,Male,1,5,Grocery,3,Divorced,7,1,11,10,13,21,122.19
54890,0,60,Phone,2,54,Credit Card,Male,2,6,Others,2,Divorced,2,0,24,0,2,,168.36
54891,0,57,Mobile Phone,3,97,Credit Card,Male,0,1,Grocery,5,Married,15,1,20,0,2,19,177.37
54892,0,59,Computer,3,25,Debit Card,Male,,1,Laptop & Accessory,5,Married,18,0,18,10,7,27,267
54893,0,9,Mobile Phone,1,11,Debit Card,Male,3,4,Fashion,4,Single,4,0,20,14,10,24,66.65
54894,0,30,Computer,2,120,Debit Card,Male,1,6,Grocery,2,Married,1,0,14,,4,27,275.22
54895,0,59,Mobile Phone,1,95,Debit Card,Female,3,6,Grocery,3,Married,9,1,12,16,4,3,118.85
54896,0,5,Mobile Phone,1,16,Cash on Delivery,Female,4,5,Laptop & Accessory,2,Single,9,0,21,9,8,44,241.76
54897,0,16,Phone,2,88,Credit Card,Female,1,1,Laptop & Accessory,1,Single,6,1,14,14,5,25,109.11
54898,0,49,Computer,2,61,UPI,Male,3,1,Mobile Phone,1,Divorced,14,0,24,11,1,12,230.39
54899,0,36,Phone,1,82,Credit Card,Male,0,5,Laptop & Accessory,2,Divorced,9,0,11,4,15,18,259.73
54900,1,17,Mobile Phone,3,78,Credit Card,Male,2,6,Others,2,Divorced,2,0,20,13,2,33,181.37
54901,0,25,Phone,3,109,Credit Card,Female,3,5,Grocery,5,Divorced,9,0,25,9,15,44,201.35
54902,0,48,Mobile Phone,2,27,Debit Card,Female,5,2,Fashion,4,Married,13,0,20,0,10,15,230.02
54903,0,53,Mobile Phone,2,34,Debit Card,Female,4,1,Laptop & Accessory,1,Married,20,0,,15,15,44,223.74
54904,0,,Mobile Phone,1,115,Cash on Delivery,Male,0,6,Grocery,3,Single,20,0,18,3,14,3,236.41
54905,1,7,Computer,2,62,Credit Card,Male,4,1,Fashion,4,Single,12,0,25,4,12,19,276.14
54906,0,23,Computer,1,99,E wallet,Female,5,4,Mobile Phone,2,Married,10,1,16,8,3,40,71.67
54907,1,12,Computer,3,56,Cash on Delivery,Female,5,2,Others,1,Divorced,5,0,11,16,14,,69.79
54908,0,28,Phone,1,60,Debit Card,Male,2,2,Mobile Phone,2,Divorced,12,0,23,5,4,43,315.47
54909,0,31,Mobile Phone,1,14,Credit Card,Female,4,1,Laptop & Accessory,1,Divorced,1,0,11,4,9,37,276.68
54910,0,23,Phone,2,23,Debit Card,Female,5,3,Others,3,Divorced,4,1,12,16,14,29,192.3
54911,1,15,Phone,1,23,UPI,Male,3,3,Mobile Phone,4,Single,13,0,17,10,,5,2.66
54912,0,10,Mobile Phone,1,112,Debit Card,Female,5,5,Grocery,3,Married,18,1,12,2,,37,277.8
54913,0,31,Phone,1,91,Debit Card,Male,5,2,Laptop & Accessory,3,Single,2,1,13,5,15,12,244.27
54914,0,,Mobile Phone,3,63,Cash on Delivery,Male,3,1,Mobile Phone,4,Married,11,0,22,8,5,35,310.82
54915,0,58,Mobile Phone,2,48,UPI,Male,0,6,Others,4,Divorced,4,0,21,12,11,,4.28
54916,1,34,Mobile Phone,1,109,E wallet,Female,2,1,Others,3,Single,18,1,19,0,13,26,9.27
54917,0,32,Mobile Phone,1,63,E wallet,Male,2,1,Fashion,2,Married,7,1,11,14,11,34,168.17
54918,0,,Phone,1,100,E wallet,Male,1,6,Others,4,Married,9,0,19,3,14,39,278.22
54919,0,36,Phone,2,88,Credit Card,Male,1,6,Others,3,Married,2,0,16,1,6,32,322.18
54920,0,12,Phone,2,8,E wallet,Female,3,4,Laptop & Accessory,3,Married,4,0,25,15,11,17,104.01
54921,1,9,Computer,1,101,Credit Card,Female,5,3,Others,3,Divorced,14,1,19,5,14,19,11.82
54922,0,36,Phone,1,116,Debit Card,Female,4,4,Fashion,2,Divorced,17,0,22,14,11,32,63.54
54923,0,25,Phone,1,69,E wallet,Male,5,1,Others,5,Married,1,0,20,6,3,30,285.03
54924,1,45,Computer,1,,Cash on Delivery,Female,5,1,Fashion,5,Married,3,0,21,10,13,36,151.6
54925,0,16,Mobile Phone,1,71,UPI,Female,4,2,Grocery,4,Married,1,0,18,7,2,18,277.32
54926,0,0,Mobile Phone,2,16,UPI,Female,0,2,Fashion,5,Divorced,20,1,17,1,2,32,144.27
54927,0,24,Mobile Phone,1,97,Debit Card,Female,2,3,Laptop & Accessory,1,Single,21,0,20,11,6,16,17.35
54928,0,33,Computer,2,59,UPI,Male,3,6,Mobile Phone,4,Married,13,0,17,7,15,32,200.71
54929,0,38,Phone,2,65,UPI,Male,4,5,Mobile Phone,4,Single,14,0,16,0,13,35,141.6
54930,1,9,Phone,1,99,Debit Card,Male,1,1,Grocery,3,Divorced,12,1,,6,6,4,159.69
54931,0,19,Phone,2,45,Debit Card,Male,3,2,Laptop & Accessory,1,Divorced,11,0,21,8,,39,308.42
54932,0,6,Phone,2,40,Debit Card,Male,,3,Grocery,5,Divorced,18,0,24,8,,44,148.55
54933,1,55,Computer,1,6,Cash on Delivery,Male,3,4,Grocery,4,Divorced,2,0,18,1,14,26,258.87
54934,0,15,Phone,3,26,Debit Card,Female,4,1,Others,1,Divorced,3,0,19,3,9,6,19.15
54935,0,36,Mobile Phone,1,26,Debit Card,Female,0,5,Others,2,Single,4,1,18,13,3,13,155.69
54936,0,28,Computer,3,45,Debit Card,Female,5,3,Laptop & Accessory,2,Single,9,1,19,13,15,,190.68
54937,1,,Computer,2,99,E wallet,Female,1,6,Mobile Phone,3,Single,11,1,15,7,7,17,36.8
54938,0,11,Mobile Phone,2,120,E wallet,Male,1,5,Fashion,1,Single,21,0,13,8,7,33,98.23
54939,0,16,Mobile Phone,3,124,Cash on Delivery,Male,4,1,Others,4,Married,9,1,,2,8,15,240.37
54940,0,47,Phone,3,113,Cash on Delivery,Female,0,3,Laptop & Accessory,2,Divorced,17,0,14,5,5,26,59.77
54941,0,19,Mobile Phone,2,18,UPI,Female,1,6,Laptop & Accessory,2,Single,15,0,19,0,3,37,41.75
54942,0,25,Computer,2,97,E wallet,Male,0,2,Mobile Phone,5,Single,9,0,19,7,11,19,97.26
54943,1,47,Computer,1,39,Cash on Delivery,Female,3,5,Laptop & Accessory,5,Married,7,0,11,6,,45,279.16
54944,0,18,Computer,2,54,Cash on Delivery,Female,2,4,Laptop & Accessory,1,Married,8,0,24,6,13,18,247.96
54945,0,57,Phone,1,13,UPI,Female,2,4,Mobile Phone,5,Divorced,3,1,25,9,2,0,252.46
54946,1,46,Phone,1,,Debit Card,Male,2,5,Others,1,Divorced,1,1,23,3,4,43,104.8
54947,0,11,Mobile Phone,3,122,Credit Card,Male,1,1,Mobile Phone,4,Married,4,0,25,9,12,22,32.16
54948,0,20,Phone,1,100,UPI,Male,4,1,Grocery,4,Married,17,0,15,2,8,8,10.38
54949,0,41,Phone,1,63,Credit Card,Female,2,1,Others,4,Married,1,1,12,16,14,,190.51
54950,1,60,Computer,2,60,UPI,Male,5,4,Grocery,5,Divorced,4,0,15,0,5,19,228.24
54951,0,57,Computer,1,95,UPI,Female,4,4,Laptop & Accessory,5,Married,8,1,21,7,1,15,122.81
54952,0,60,Mobile Phone,1,14,Debit Card,Female,2,2,Grocery,3,Single,17,1,15,16,12,12,171.88
54953,0,53,Computer,2,29,Cash on Delivery,Male,3,1,Mobile Phone,2,Divorced,12,1,13,3,12,32,90.68
54954,0,33,Phone,2,117,E wallet,Male,2,4,Mobile Phone,4,Divorced,16,1,14,1,3,2,118.4
54955,0,6,Mobile Phone,2,49,UPI,Male,4,4,Fashion,5,Single,5,1,17,16,5,14,237.19
54956,0,44,Mobile Phone,2,101,Debit Card,Male,1,1,Laptop & Accessory,2,Single,13,1,20,1,14,15,233.42
54957,0,34,Computer,2,15,Credit Card,Male,5,1,Mobile Phone,4,Divorced,13,1,23,0,6,29,9.13
54958,0,14,Computer,2,105,Cash on Delivery,Male,3,4,Others,4,Divorced,12,0,14,4,2,24,306.88
54959,0,0,Computer,1,,UPI,Male,4,6,Mobile Phone,2,Married,3,0,13,5,13,13,87.43
54960,0,25,Mobile Phone,2,11,Credit Card,Female,0,5,Others,2,Married,12,0,20,11,8,0,294.97
54961,0,34,Computer,3,75,UPI,Male,2,4,Laptop & Accessory,5,Single,20,1,14,9,16,32,166.37
54962,0,24,Phone,1,38,E wallet,Female,3,2,Fashion,2,Single,20,1,21,7,13,36,162.23
54963,0,41,Mobile Phone,1,87,E wallet,Male,1,3,Fashion,2,Single,20,0,12,13,12,28,146.45
54964,0,58,Computer,1,24,Cash on Delivery,Female,0,6,Grocery,5,Single,11,0,11,3,7,36,299.79
54965,0,58,Phone,2,118,Credit Card,Female,2,1,Mobile Phone,4,Married,10,1,15,4,7,7,67.64
54966,0,14,Phone,1,110,E wallet,Male,3,2,Laptop & Accessory,2,Divorced,16,0,19,6,15,0,198.78
54967,1,21,Computer,2,93,Debit Card,Male,5,5,Grocery,3,Married,6,0,19,1,11,23,103.28
54968,0,58,Phone,3,9,Cash on Delivery,Male,4,3,Laptop & Accessory,1,Single,17,0,11,10,7,0,297.45
54969,1,5,Mobile Phone,2,116,UPI,Female,2,6,Laptop & Accessory,2,Married,13,1,22,9,5,45,55.04
54970,0,51,Mobile Phone,1,,Credit Card,Male,3,4,Grocery,2,Single,18,0,11,1,2,42,219.76
54971,0,14,Phone,2,59,Credit Card,Male,2,1,Laptop & Accessory,1,Married,12,0,18,13,8,9,137.07
54972,1,23,Mobile Phone,1,95,Debit Card,Female,5,4,Grocery,3,Divorced,5,0,,9,3,,214.9
54973,0,20,Computer,2,93,E wallet,Female,3,2,Mobile Phone,4,Single,20,0,17,5,3,20,51.22
54974,0,6,Phone,2,,Credit Card,Female,4,1,Grocery,3,Married,16,1,24,2,2,,127.94
54975,0,56,Mobile Phone,1,19,Debit Card,Female,2,4,Mobile Phone,1,Single,3,0,19,15,2,21,34.86
54976,0,60,Computer,3,,Debit Card,Female,3,1,Fashion,2,Divorced,16,0,22,,14,44,314.85
54977,0,28,Computer,1,52,UPI,Female,0,2,Grocery,4,Single,11,0,15,8,2,8,69.55
54978,0,31,Mobile Phone,3,8,Debit Card,Female,1,4,Fashion,3,Divorced,14,0,18,10,,8,322.8
54979,0,31,Phone,1,82,Cash on Delivery,Female,5,3,Grocery,3,Married,13,0,17,15,16,39,136.01
54980,0,52,Computer,1,,Credit Card,Male,3,5,Laptop & Accessory,4,Divorced,11,1,24,1,6,44,23.25
54981,1,58,Computer,1,117,Cash on Delivery,Male,3,4,Fashion,3,Single,14,0,12,4,8,38,5.71
54982,0,4,Computer,1,85,Debit Card,Female,3,1,Others,1,Married,10,0,12,0,3,20,194.66
54983,0,3,Computer,2,25,Debit Card,Female,2,6,Others,4,Single,18,0,23,14,6,30,199.79
54984,1,21,Phone,2,84,Cash on Delivery,Female,5,4,Others,1,Single,7,0,14,6,3,1,170.56
54985,0,17,Mobile Phone,2,94,UPI,Female,1,1,Fashion,4,Married,18,0,11,15,9,23,21.58
54986,0,34,Mobile Phone,1,13,Debit Card,Female,5,6,Mobile Phone,1,Divorced,21,0,20,11,15,32,107.74
54987,0,16,Mobile Phone,1,70,Cash on Delivery,Male,2,2,Grocery,2,Divorced,2,0,15,14,1,10,116.7
54988,0,49,Computer,2,111,Cash on Delivery,Female,3,6,Laptop & Accessory,2,Married,8,0,15,2,7,0,229.07
54989,0,49,Phone,1,83,Credit Card,Female,,5,Laptop & Accessory,3,Married,15,1,,4,8,7,136.13
54990,0,55,Mobile Phone,2,39,UPI,Male,3,1,Fashion,4,Single,6,0,15,14,9,8,186.21
54991,1,23,Phone,2,92,E wallet,Female,1,4,Others,4,Single,21,1,14,16,14,20,93.06
54992,0,,Mobile Phone,1,116,Cash on Delivery,Female,0,6,Laptop & Accessory,1,Married,13,0,22,15,5,21,235.94
54993,0,12,Computer,2,121,Credit Card,Male,2,2,Laptop & Accessory,3,Married,5,0,24,15,6,28,15.2
54994,0,53,Mobile Phone,2,55,E wallet,Female,0,6,Mobile Phone,3,Single,3,0,20,11,5,39,321.26
54995,0,14,Computer,2,122,Credit Card,Female,5,3,Laptop & Accessory,4,Single,15,0,21,3,10,2,208.49
54996,1,4,Computer,1,106,Credit Card,Female,3,4,Laptop & Accessory,2,Divorced,9,1,15,4,5,24,48.38
54997,0,2,Mobile Phone,1,82,UPI,Male,,5,Grocery,4,Married,17,1,14,7,11,17,233.18
54998,0,36,Phone,1,105,Debit Card,Female,4,2,Laptop & Accessory,4,Single,17,0,19,11,11,10,255.63
54999,0,36,Computer,1,,UPI,Female,4,4,Grocery,5,Divorced,13,1,19,4,7,29,256.29
55000,0,36,Phone,1,10,E wallet,Male,,1,Others,1,Single,18,0,13,10,14,24,87.99
55001,0,2,Mobile Phone,3,86,UPI,Male,4,1,Mobile Phone,1,Married,20,0,13,9,15,10,311.56
55002,0,34,Computer,2,90,Debit Card,Female,,1,Laptop & Accessory,5,Divorced,5,0,13,11,12,33,5.76
55003,1,51,Phone,2,86,UPI,Female,1,4,Mobile Phone,3,Single,13,0,17,8,4,23,123.45
55004,0,22,Computer,1,55,UPI,Female,5,5,Mobile Phone,1,Married,7,1,11,9,15,31,33.87
55005,1,59,Mobile Phone,3,70,UPI,Female,0,1,Mobile Phone,3,Married,4,0,23,5,13,2,125.08
55006,0,27,Computer,1,100,Cash on Delivery,Female,5,4,Fashion,2,Married,13,0,14,9,15,44,18.6
55007,0,59,Mobile Phone,2,21,Cash on Delivery,Female,4,4,Grocery,3,Married,17,0,19,8,14,24,209.62
55008,1,29,Phone,3,69,UPI,Female,4,5,Mobile Phone,1,Divorced,8,0,22,15,6,44,20.3
55009,0,17,Computer,2,13,Debit Card,Male,1,2,Others,3,Single,3,1,18,7,4,19,200.15
55010,0,57,Phone,3,17,Debit Card,Male,5,2,Laptop & Accessory,2,Single,16,0,,11,13,19,76.08
55011,0,51,Mobile Phone,2,104,Debit Card,Female,1,4,Mobile Phone,5,Married,2,0,18,4,2,16,58.22
55012,0,35,Mobile Phone,1,105,Debit Card,Male,0,2,Mobile Phone,1,Single,1,0,16,10,2,19,112.78
55013,0,32,Phone,1,62,Credit Card,Female,2,3,Laptop & Accessory,2,Married,8,0,20,2,12,17,208.31
55014,0,25,Phone,1,34,UPI,Female,5,5,Others,4,Single,3,0,23,14,13,,187.92
55015,0,47,Mobile Phone,1,35,UPI,Female,5,4,Mobile Phone,5,Single,17,0,24,2,4,33,221.15
55016,0,39,Phone,2,27,Credit Card,Female,1,2,Mobile Phone,5,Single,19,1,21,,11,15,298.67
55017,0,16,Mobile Phone,1,67,Debit Card,Male,4,6,Others,1,Divorced,16,0,13,10,5,31,66.07
55018,0,39,Phone,3,,E wallet,Female,0,2,Mobile Phone,2,Married,20,0,22,12,1,7,134.34
55019,0,6,Mobile Phone,1,32,E wallet,Female,2,5,Others,4,Divorced,10,0,19,4,3,41,86.39
55020,1,56,Mobile Phone,1,63,Credit Card,Female,5,6,Mobile Phone,2,Single,15,0,20,6,5,15,190.56
55021,0,7,Computer,3,14,E wallet,Female,0,1,Laptop & Accessory,3,Divorced,7,0,23,0,8,38,92.11
55022,0,52,Mobile Phone,1,93,Cash on Delivery,Male,4,2,Others,1,Divorced,16,1,17,12,4,37,181.36
55023,1,55,Mobile Phone,2,104,UPI,Female,2,6,Laptop & Accessory,3,Divorced,17,0,18,9,6,3,267.53
55024,0,30,Computer,2,94,E wallet,Male,2,5,Laptop & Accessory,3,Single,20,0,20,12,12,34,179.06
55025,1,58,Computer,1,30,Cash on Delivery,Male,1,6,Mobile Phone,5,Divorced,13,1,21,,4,27,272.39
55026,0,57,Phone,2,113,UPI,Female,3,1,Others,5,Single,10,0,12,16,5,42,198.69
55027,0,11,Phone,1,81,Cash on Delivery,Female,4,6,Fashion,3,Married,9,0,23,11,12,41,282.85
55028,0,47,Mobile Phone,2,21,UPI,Female,3,4,Laptop & Accessory,2,Single,7,1,13,5,16,13,302.39
55029,0,30,Phone,2,44,UPI,Male,4,1,Laptop & Accessory,1,Single,12,0,23,6,7,4,165.04
55030,0,43,Phone,1,72,E wallet,Male,0,2,Laptop & Accessory,1,Single,1,1,17,0,15,1,256.96
55031,0,18,Mobile Phone,2,27,Credit Card,Female,3,4,Mobile Phone,2,Married,16,1,12,9,13,44,152.37
55032,0,9,Computer,1,39,E wallet,Female,5,4,Mobile Phone,3,Married,4,0,16,2,15,23,229.19
55033,0,38,Computer,2,79,Debit Card,Male,5,1,Laptop & Accessory,1,Single,14,1,17,6,8,2,12.19
55034,0,11,Mobile Phone,3,80,Cash on Delivery,Female,5,4,Mobile Phone,5,Single,17,0,21,9,13,22,314.25
55035,0,19,Mobile Phone,3,13,Debit Card,Male,2,1,Mobile Phone,4,Married,12,0,,9,12,10,290.66
55036,0,36,Mobile Phone,2,83,UPI,Male,1,1,Mobile Phone,5,Married,15,0,16,,10,37,290.32
55037,0,47,Mobile Phone,1,49,E wallet,Male,4,6,Grocery,2,Single,12,0,,,10,34,91.41
55038,1,40,Mobile Phone,3,41,Debit Card,Male,1,1,Others,4,Married,3,0,19,8,15,0,92.03
55039,0,6,Mobile Phone,1,73,Debit Card,Female,4,5,Mobile Phone,1,Single,10,0,13,8,8,5,130.85
55040,1,51,Phone,2,23,Debit Card,Female,5,2,Grocery,1,Single,20,0,15,9,11,5,286.06
55041,0,53,Phone,1,79,UPI,Male,2,4,Grocery,4,Single,17,0,23,3,13,,279.06
55042,0,57,Phone,3,77,UPI,Female,2,3,Mobile Phone,1,Married,14,0,15,,12,25,94.07
55043,0,13,Computer,2,103,UPI,Male,2,6,Grocery,4,Married,13,0,18,1,14,34,176.08
55044,0,10,Mobile Phone,2,118,Debit Card,Female,2,2,Fashion,3,Married,13,1,18,10,7,12,154.43
55045,0,6,Mobile Phone,1,31,Cash on Delivery,Male,2,3,Grocery,2,Single,8,0,11,8,4,24,211.47
55046,0,28,Phone,2,17,E wallet,Female,5,1,Others,5,Single,14,0,24,2,4,21,69.52
55047,0,9,Computer,2,61,E wallet,Female,1,4,Grocery,4,Divorced,2,0,16,6,2,16,27.64
55048,0,28,Phone,2,64,UPI,Male,0,6,Mobile Phone,4,Single,19,0,22,12,,13,8.86
55049,0,8,Mobile Phone,1,16,Debit Card,Female,3,2,Laptop & Accessory,3,Single,2,0,16,12,6,2,123.96
55050,0,35,Mobile Phone,1,13,Cash on Delivery,Male,1,3,Fashion,5,Divorced,12,0,25,10,13,3,307.65
55051,0,47,Phone,1,110,Credit Card,Female,5,3,Grocery,3,Single,20,0,21,4,,34,222.56
55052,0,9,Phone,1,96,UPI,Male,3,3,Fashion,3,Single,12,0,20,15,3,27,243.47
55053,0,18,Mobile Phone,1,81,Credit Card,Female,,2,Others,2,Married,19,0,23,1,,42,307.18
55054,0,55,Phone,1,88,E wallet,Female,4,5,Grocery,1,Divorced,16,0,12,,3,1,137.17
55055,0,30,Mobile Phone,1,120,E wallet,Male,0,1,Grocery,5,Married,2,1,,,13,44,154.17
55056,0,16,Phone,1,81,Cash on Delivery,Male,0,4,Fashion,3,Divorced,8,0,23,,13,37,116.85
55057,0,8,Computer,1,31,Cash on Delivery,Female,5,3,Grocery,1,Single,2,0,16,15,11,3,58.95
55058,0,44,Mobile Phone,3,94,Credit Card,Female,4,6,Grocery,1,Divorced,10,0,13,12,11,11,249.08
55059,0,32,Computer,2,67,E wallet,Male,3,2,Laptop & Accessory,1,Married,16,0,11,2,12,33,294.67
55060,0,33,Phone,1,97,Cash on Delivery,Male,2,6,Fashion,1,Single,7,0,19,8,16,36,264.51
55061,1,44,Computer,2,33,Cash on Delivery,Male,4,3,Mobile Phone,2,Married,19,1,12,,14,43,15.51
55062,1,23,Phone,2,26,E wallet,Male,4,2,Mobile Phone,2,Divorced,20,0,14,15,1,40,97.22
55063,0,,Computer,3,77,E wallet,Female,0,6,Others,3,Divorced,3,0,19,3,2,29,192.43
55064,0,6,Computer,1,92,Debit Card,Female,4,5,Laptop & Accessory,1,Divorced,17,1,19,15,5,20,106.34
55065,0,15,Computer,1,110,Cash on Delivery,Female,1,3,Fashion,3,Married,8,0,18,9,9,,48.79
55066,0,,Mobile Phone,3,23,Credit Card,Female,2,3,Fashion,4,Single,4,0,24,0,3,41,174.97
55067,0,38,Computer,1,42,UPI,Female,0,4,Laptop & Accessory,2,Single,1,1,14,9,7,4,169.48
55068,0,5,Phone,1,99,UPI,Female,3,2,Laptop & Accessory,2,Married,18,0,11,16,6,,230.72
55069,1,49,Phone,1,43,E wallet,Male,,2,Others,5,Married,1,0,21,15,11,33,324.96
55070,0,50,Mobile Phone,1,,Credit Card,Female,3,5,Mobile Phone,4,Married,9,0,21,5,3,31,210.68
55071,0,10,Mobile Phone,3,58,Debit Card,Male,3,3,Fashion,2,Single,14,0,17,7,11,26,102.99
55072,0,60,Phone,1,36,Cash on Delivery,Male,3,4,Laptop & Accessory,1,Divorced,7,1,12,15,4,2,310.82
55073,0,11,Computer,3,119,Debit Card,Male,,6,Fashion,1,Married,8,0,18,11,13,,185.67
55074,0,,Phone,3,114,Credit Card,Male,1,1,Mobile Phone,1,Married,8,0,24,8,,43,209.86
55075,1,,Mobile Phone,2,116,Debit Card,Female,1,4,Fashion,3,Divorced,1,1,25,15,11,41,116.21
55076,0,41,Mobile Phone,1,50,E wallet,Male,3,6,Fashion,2,Single,3,0,20,6,5,43,146.85
55077,0,12,Phone,1,65,UPI,Male,1,4,Laptop & Accessory,3,Married,9,0,20,7,2,,136.06
55078,0,,Computer,1,,E wallet,Female,2,6,Laptop & Accessory,2,Married,8,0,24,4,16,35,304.27
55079,0,20,Computer,1,125,Cash on Delivery,Male,1,4,Laptop & Accessory,5,Married,5,1,21,8,8,35,263.12
55080,0,9,Mobile Phone,2,56,E wallet,Male,,4,Mobile Phone,3,Divorced,1,1,12,7,12,40,29.48
55081,0,19,Phone,1,38,Credit Card,Female,3,3,Grocery,2,Divorced,2,1,20,15,12,2,102.01
55082,0,49,Phone,3,77,Credit Card,Male,4,4,Mobile Phone,5,Divorced,10,1,13,10,7,0,18.1
55083,1,35,Mobile Phone,2,39,Cash on Delivery,Female,4,6,Laptop & Accessory,2,Divorced,14,1,25,0,15,38,167.95
55084,0,27,Phone,2,74,Cash on Delivery,Female,3,6,Others,4,Single,15,1,,16,9,39,90.81
55085,0,23,Mobile Phone,3,41,UPI,Female,5,2,Fashion,3,Divorced,10,0,14,11,8,38,23.86
55086,0,4,Computer,1,82,Debit Card,Female,0,6,Fashion,1,Married,9,0,12,4,12,26,250.9
55087,0,,Computer,1,65,UPI,Female,5,2,Fashion,5,Married,12,0,11,13,7,43,29.62
55088,0,60,Phone,1,115,E wallet,Male,1,6,Fashion,5,Married,10,0,13,6,16,2,88.26
55089,0,59,Computer,1,118,Debit Card,Female,5,4,Others,1,Married,9,1,14,6,15,35,250.78
55090,0,11,Computer,2,53,Cash on Delivery,Female,2,6,Laptop & Accessory,5,Single,18,1,19,3,9,36,166.26
55091,0,57,Mobile Phone,1,13,Credit Card,Female,5,2,Grocery,1,Single,19,0,19,14,10,29,265.56
55092,0,34,Mobile Phone,1,23,E wallet,Female,5,3,Fashion,1,Single,19,0,15,6,,0,134.71
55093,1,60,Phone,3,91,UPI,Female,0,1,Grocery,2,Single,17,0,22,8,3,9,264.83
55094,0,39,Mobile Phone,1,125,Cash on Delivery,Male,2,4,Mobile Phone,3,Single,2,0,15,,6,2,174.9
55095,0,53,Phone,2,109,Debit Card,Male,,6,Mobile Phone,4,Single,10,0,17,,9,37,28.59
55096,0,1,Phone,1,32,Debit Card,Female,3,2,Fashion,5,Divorced,5,1,18,7,15,2,153.23
55097,1,49,Mobile Phone,1,84,Credit Card,Male,1,2,Laptop & Accessory,2,Single,7,0,13,6,15,,179.9
55098,0,40,Computer,2,30,Cash on Delivery,Female,5,3,Others,4,Single,6,0,25,2,,33,198.93
55099,0,44,Computer,3,42,Cash on Delivery,Female,0,6,Fashion,4,Married,2,0,22,6,14,19,301.56
55100,0,38,Computer,1,44,E wallet,Female,3,3,Mobile Phone,5,Married,8,0,15,15,12,10,59.66
55101,0,41,Computer,1,29,E wallet,Male,0,1,Mobile Phone,5,Single,4,0,17,1,15,18,196.96
55102,0,8,Phone,1,103,Debit Card,Female,4,6,Grocery,2,Divorced,18,1,25,0,14,26,244.41
55103,0,21,Computer,1,122,UPI,Female,5,5,Others,5,Divorced,4,0,21,7,3,23,289.24
55104,0,46,Phone,1,73,Debit Card,Male,1,5,Fashion,4,Divorced,8,1,12,4,2,5,170.72
55105,0,,Mobile Phone,2,75,E wallet,Female,1,6,Laptop & Accessory,5,Divorced,17,0,19,9,5,0,69.53
55106,0,11,Mobile Phone,1,27,E wallet,Male,,5,Grocery,2,Single,14,1,13,3,8,18,265.75
55107,0,0,Phone,1,93,E wallet,Male,3,1,Others,2,Divorced,8,0,17,8,8,9,294.14
55108,0,43,Computer,2,69,Debit Card,Female,3,4,Grocery,2,Single,14,1,22,13,1,43,34.57
55109,0,21,Phone,1,26,Cash on Delivery,Male,1,5,Laptop & Accessory,5,Single,8,0,19,9,12,31,74.66
55110,1,37,Computer,1,68,UPI,Female,5,5,Mobile Phone,3,Single,14,0,19,8,14,36,283.23
55111,1,50,Computer,3,121,UPI,Male,4,6,Fashion,2,Single,11,0,13,4,14,35,157.44
55112,1,18,Phone,1,72,E wallet,Male,1,2,Fashion,3,Single,9,0,12,7,16,1,54.96
55113,0,15,Phone,2,62,Credit Card,Male,3,2,Laptop & Accessory,1,Married,17,0,21,11,3,36,209.72
55114,0,30,Computer,1,32,Debit Card,Female,2,4,Fashion,2,Single,17,0,24,13,11,13,148.94
55115,0,50,Phone,1,116,Cash on Delivery,Male,5,6,Fashion,3,Single,12,0,15,10,11,45,314.59
55116,0,2,Computer,1,82,E wallet,Female,,3,Grocery,3,Single,20,0,15,10,5,12,72.38
55117,0,22,Phone,1,101,Credit Card,Female,1,1,Laptop & Accessory,4,Married,2,1,24,3,1,16,117.7
55118,0,41,Mobile Phone,1,72,E wallet,Female,2,5,Grocery,3,Married,17,0,23,8,13,26,54
55119,0,58,Computer,1,110,Credit Card,Male,5,6,Fashion,4,Single,20,0,18,7,6,28,16.16
55120,0,17,Mobile Phone,3,79,UPI,Male,4,6,Others,3,Divorced,11,1,16,3,4,12,89.02
55121,0,25,Phone,2,107,Credit Card,Female,1,1,Others,3,Single,9,0,22,1,9,24,266.44
55122,1,12,Mobile Phone,1,100,UPI,Female,5,2,Grocery,1,Divorced,18,0,17,10,2,23,86.85
55123,0,57,Phone,2,8,UPI,Female,5,1,Mobile Phone,3,Divorced,6,1,21,2,10,35,226.31
55124,0,17,Computer,3,5,Debit Card,Female,3,2,Mobile Phone,5,Single,4,0,18,0,14,22,170.96
55125,1,2,Phone,2,30,Credit Card,Female,1,1,Laptop & Accessory,5,Divorced,14,0,19,9,5,25,168.91
55126,0,57,Phone,1,37,Cash on Delivery,Female,,2,Others,5,Married,20,0,14,12,5,35,254
55127,0,59,Computer,3,85,Cash on Delivery,Male,4,1,Others,1,Single,10,0,15,2,6,5,200.77
55128,0,22,Phone,1,31,Credit Card,Female,3,5,Grocery,3,Married,4,0,14,6,5,15,51.95
55129,0,2,Computer,1,46,Debit Card,Female,,5,Fashion,1,Married,15,0,19,4,10,9,71.75
55130,1,54,Phone,2,73,Cash on Delivery,Female,0,4,Laptop & Accessory,3,Single,9,0,22,1,10,38,176.73
55131,0,24,Computer,3,75,E wallet,Female,2,1,Grocery,4,Single,12,0,12,13,9,26,274.73
55132,0,26,Mobile Phone,3,68,Cash on Delivery,Male,5,3,Mobile Phone,1,Single,8,1,23,1,14,1,49.5
55133,0,57,Phone,3,29,Debit Card,Male,3,4,Fashion,5,Married,5,0,,4,1,9,34.74
55134,0,43,Phone,1,76,UPI,Female,3,1,Laptop & Accessory,5,Single,16,1,25,12,13,7,168.2
55135,1,26,Phone,3,102,UPI,Female,4,3,Fashion,5,Married,15,0,18,6,8,8,61.31
55136,0,51,Computer,1,109,UPI,Female,5,5,Mobile Phone,3,Divorced,17,1,21,9,6,12,323.13
55137,0,38,Phone,1,8,Debit Card,Male,5,5,Grocery,3,Single,1,0,24,6,11,7,1.42
55138,0,24,Computer,2,16,UPI,Male,4,6,Grocery,1,Married,12,0,17,1,9,26,145.88
55139,0,23,Phone,1,,UPI,Male,2,5,Others,2,Single,20,0,25,15,10,45,52.83
55140,1,7,Mobile Phone,2,99,Debit Card,Female,4,6,Grocery,3,Married,19,0,23,12,7,41,221.35
55141,0,8,Phone,1,15,E wallet,Male,3,3,Others,2,Married,5,1,17,16,12,20,204.79
55142,0,45,Mobile Phone,3,105,Cash on Delivery,Female,2,2,Grocery,2,Divorced,15,1,18,,16,40,262.3
55143,0,36,Computer,1,112,Debit Card,Female,2,1,Laptop & Accessory,3,Single,9,0,23,8,15,33,183.11
55144,0,29,Mobile Phone,1,63,Debit Card,Female,1,4,Mobile Phone,1,Married,3,0,21,2,16,,61.54
55145,0,52,Phone,3,121,Credit Card,Female,3,6,Fashion,2,Single,12,1,21,6,,29,17.33
55146,1,18,Phone,1,40,UPI,Female,3,4,Mobile Phone,1,Married,19,1,11,4,16,43,234.7
55147,0,52,Computer,2,113,E wallet,Male,4,5,Mobile Phone,1,Divorced,15,0,11,6,8,15,142.97
55148,1,15,Phone,2,26,Credit Card,Male,,2,Others,3,Married,3,0,17,9,14,0,72.22
55149,0,23,Phone,2,69,E wallet,Male,5,6,Others,2,Married,20,0,12,9,16,44,81.84
55150,0,43,Computer,2,,UPI,Female,4,1,Laptop & Accessory,1,Single,18,0,22,9,10,28,48.43
55151,0,20,Computer,1,,UPI,Male,3,6,Fashion,2,Divorced,16,0,14,5,3,41,92.16
55152,0,35,Mobile Phone,3,104,UPI,Female,5,1,Grocery,1,Married,15,0,22,14,12,29,257.41
55153,1,39,Computer,1,76,Cash on Delivery,Female,1,4,Grocery,3,Single,5,0,16,,14,21,201.71
55154,0,38,Phone,1,93,E wallet,Female,3,4,Mobile Phone,1,Married,10,1,15,1,13,14,320.9
55155,0,46,Computer,1,96,E wallet,Male,1,4,Laptop & Accessory,3,Single,10,0,15,9,3,19,170.39
55156,0,5,Phone,2,56,Credit Card,Male,3,1,Fashion,3,Divorced,13,1,21,1,4,37,169.48
55157,0,4,Mobile Phone,2,106,Debit Card,Male,3,6,Grocery,2,Divorced,18,1,16,2,,22,62.2
55158,0,13,Computer,3,,UPI,Male,0,4,Mobile Phone,2,Single,10,1,20,4,12,30,190.6
55159,0,52,Phone,2,104,UPI,Female,5,1,Laptop & Accessory,2,Divorced,16,0,17,14,3,16,197.72
55160,0,44,Computer,2,47,Credit Card,Female,3,5,Fashion,4,Single,2,0,12,6,15,34,67.12
55161,0,41,Computer,3,109,E wallet,Female,1,6,Mobile Phone,2,Single,18,0,22,14,6,1,28.59
55162,0,49,Computer,1,50,Cash on Delivery,Female,,6,Mobile Phone,2,Divorced,4,0,21,11,11,30,119.85
55163,0,,Computer,2,8,E wallet,Female,1,6,Laptop & Accessory,1,Divorced,19,0,14,2,7,25,55.93
55164,0,3,Mobile Phone,2,17,Cash on Delivery,Male,5,2,Laptop & Accessory,4,Single,5,0,17,9,16,30,163.54
55165,0,7,Phone,1,42,Cash on Delivery,Male,,4,Laptop & Accessory,4,Single,17,0,15,3,3,7,170.99
55166,1,23,Computer,3,49,E wallet,Female,4,1,Laptop & Accessory,1,Divorced,2,0,21,,3,15,197.65
55167,0,10,Phone,1,29,UPI,Female,0,5,Fashion,2,Divorced,15,0,24,10,13,11,195.92
55168,0,16,Mobile Phone,2,71,Cash on Delivery,Female,4,3,Laptop & Accessory,5,Single,6,1,22,16,7,18,219.34
55169,0,49,Phone,2,59,Credit Card,Female,0,5,Laptop & Accessory,3,Single,18,1,20,14,10,43,74.9
55170,0,20,Phone,3,100,Credit Card,Female,0,2,Laptop & Accessory,4,Single,14,0,,16,9,12,237.52
55171,0,56,Mobile Phone,3,43,Cash on Delivery,Male,4,5,Fashion,1,Divorced,12,0,19,,16,0,170.57
55172,0,25,Computer,2,69,UPI,Female,5,4,Grocery,5,Married,6,0,16,11,13,12,142.12
55173,0,42,Phone,2,79,Cash on Delivery,Male,3,4,Mobile Phone,3,Single,20,0,23,12,3,3,210.57
55174,0,47,Phone,1,6,Credit Card,Male,1,3,Others,5,Married,20,1,14,4,12,44,162.91
55175,0,43,Computer,1,73,Credit Card,Female,4,6,Mobile Phone,2,Divorced,18,0,21,11,6,30,170.84
55176,0,,Computer,3,124,E wallet,Female,2,1,Fashion,1,Married,3,0,21,7,5,7,7.56
55177,1,26,Phone,3,90,UPI,Male,0,5,Laptop & Accessory,3,Married,6,1,,7,8,26,260.66
55178,0,15,Mobile Phone,3,66,E wallet,Male,1,3,Fashion,3,Single,4,0,24,,9,7,137.86
55179,0,54,Computer,1,50,Debit Card,Male,2,4,Grocery,2,Married,19,0,20,3,8,,168.37
55180,1,25,Computer,3,81,Cash on Delivery,Female,1,6,Others,2,Divorced,17,0,,5,14,21,126.72
55181,0,52,Mobile Phone,3,,E wallet,Male,3,1,Grocery,2,Single,11,0,23,,1,39,179.25
55182,0,32,Phone,1,91,UPI,Female,2,1,Laptop & Accessory,1,Married,14,1,13,0,7,28,17.56
55183,0,30,Computer,2,115,Cash on Delivery,Male,5,2,Fashion,4,Married,11,0,23,16,8,8,124.77
55184,1,47,Phone,2,35,Cash on Delivery,Female,5,6,Fashion,5,Married,19,0,24,2,5,16,217.32
55185,0,46,Phone,2,103,Cash on Delivery,Female,4,4,Laptop & Accessory,1,Married,17,0,16,3,4,0,304.99
55186,1,5,Phone,3,106,Cash on Delivery,Male,1,1,Laptop & Accessory,1,Single,4,0,18,13,7,43,275.98
55187,0,43,Mobile Phone,1,109,Cash on Delivery,Female,5,2,Others,5,Single,12,0,11,5,12,31,312.92
55188,0,7,Phone,2,39,UPI,Female,5,2,Grocery,3,Single,4,0,25,4,6,19,253.99
55189,1,6,Phone,2,49,Debit Card,Male,4,4,Laptop & Accessory,5,Divorced,12,0,12,5,12,0,205.6
55190,0,,Computer,1,81,Credit Card,Female,4,1,Laptop & Accessory,2,Divorced,17,1,14,12,16,24,137.56
55191,0,43,Computer,3,58,Debit Card,Male,5,6,Grocery,3,Single,15,0,17,8,2,40,40.02
55192,0,52,Mobile Phone,2,75,Credit Card,Male,1,1,Laptop & Accessory,1,Single,7,1,22,16,16,26,81.51
55193,0,13,Mobile Phone,1,73,E wallet,Male,1,5,Others,5,Divorced,21,0,12,14,16,22,88.13
55194,1,15,Computer,1,126,Cash on Delivery,Female,0,1,Others,1,Married,1,0,21,14,12,17,139.06
55195,0,42,Computer,1,,E wallet,Female,0,2,Grocery,1,Single,5,0,22,7,9,30,198.2
55196,0,51,Mobile Phone,2,76,E wallet,Male,2,3,Mobile Phone,5,Single,12,0,20,8,14,27,201.07
55197,0,8,Phone,3,12,Credit Card,Female,2,4,Others,1,Married,7,0,22,1,11,41,148.05
55198,0,9,Mobile Phone,1,58,UPI,Male,2,3,Fashion,4,Divorced,15,0,18,13,3,20,89.26
55199,0,16,Phone,1,11,Cash on Delivery,Male,0,1,Fashion,4,Divorced,5,1,13,13,15,11,18.36
55200,0,11,Computer,1,87,E wallet,Male,4,6,Mobile Phone,1,Single,9,1,25,4,1,36,321.37
55201,0,5,Computer,2,107,Debit Card,Female,5,6,Others,3,Married,1,0,12,,16,23,305.36
55202,1,18,Computer,3,27,Cash on Delivery,Female,3,2,Laptop & Accessory,3,Divorced,6,1,17,9,12,38,59.45
55203,0,42,Phone,2,104,UPI,Female,3,3,Mobile Phone,3,Married,16,0,21,1,3,32,196.75
55204,0,40,Mobile Phone,2,110,Cash on Delivery,Male,5,4,Laptop & Accessory,3,Married,15,0,,12,15,16,96.09
55205,1,52,Phone,2,36,E wallet,Male,1,5,Fashion,4,Single,2,0,20,10,14,32,63.19
55206,0,28,Mobile Phone,1,,Debit Card,Female,0,3,Mobile Phone,3,Married,13,1,19,10,1,15,222.43
55207,0,5,Mobile Phone,2,49,E wallet,Female,,6,Others,5,Married,5,1,14,8,12,26,255.51
55208,0,58,Mobile Phone,2,72,UPI,Male,3,5,Fashion,3,Married,16,0,12,8,,40,132.14
55209,1,24,Computer,2,34,Credit Card,Male,1,6,Others,5,Married,1,0,19,11,7,27,19.2
55210,0,56,Mobile Phone,3,119,Debit Card,Male,0,1,Laptop & Accessory,4,Married,21,1,20,0,,35,130.49
55211,1,23,Computer,2,110,UPI,Male,,1,Others,5,Single,10,0,15,16,6,,172.96
55212,0,24,Mobile Phone,2,43,UPI,Female,0,4,Mobile Phone,5,Divorced,16,0,23,4,12,33,290.3
55213,0,15,Mobile Phone,3,9,E wallet,Female,3,5,Laptop & Accessory,1,Divorced,13,0,20,11,8,45,213.46
55214,0,51,Computer,3,71,E wallet,Male,0,5,Mobile Phone,5,Married,21,0,17,10,14,0,230.91
55215,0,15,Computer,2,26,E wallet,Male,2,4,Laptop & Accessory,1,Single,2,0,20,15,4,3,65.86
55216,0,5,Phone,1,,Credit Card,Female,2,6,Mobile Phone,3,Single,4,0,15,6,6,25,234.09
55217,0,36,Mobile Phone,1,26,Cash on Delivery,Male,5,3,Fashion,5,Married,1,0,22,7,3,19,163.09
55218,0,20,Computer,2,90,Cash on Delivery,Male,0,4,Mobile Phone,5,Married,11,0,23,14,4,12,266.63
55219,0,3,Phone,1,,E wallet,Female,2,1,Fashion,2,Divorced,9,1,15,4,6,34,70.32
55220,0,33,Phone,1,,E wallet,Female,0,5,Grocery,3,Divorced,6,0,16,8,16,9,167.33
55221,0,27,Computer,1,47,Credit Card,Female,3,2,Others,5,Divorced,1,0,15,12,,7,68.08
55222,0,37,Mobile Phone,2,46,Cash on Delivery,Male,2,6,Laptop & Accessory,5,Married,8,0,18,,16,17,92.92
55223,0,40,Phone,2,64,Credit Card,Male,3,2,Others,2,Divorced,8,0,21,0,13,16,270.47
55224,0,27,Mobile Phone,1,,UPI,Female,2,1,Fashion,1,Single,4,0,22,2,2,4,223.53
55225,0,16,Mobile Phone,1,81,Cash on Delivery,Female,4,5,Fashion,3,Single,4,0,21,6,9,29,236.76
55226,0,13,Phone,2,75,E wallet,Male,4,5,Fashion,2,Married,1,0,14,8,13,30,22.27
55227,0,6,Computer,1,78,Debit Card,Male,5,4,Mobile Phone,3,Married,8,1,13,3,13,38,236.85
55228,1,,Mobile Phone,1,96,UPI,Male,5,3,Others,3,Divorced,18,0,24,7,2,23,159.71
55229,0,50,Computer,2,72,Debit Card,Female,5,4,Fashion,1,Single,20,0,13,1,8,16,149.22
55230,0,0,Phone,2,63,Credit Card,Female,3,2,Grocery,1,Divorced,19,0,12,13,13,33,134.1
55231,0,28,Mobile Phone,1,100,Credit Card,Male,2,5,Fashion,4,Single,11,1,18,5,5,42,276.83
55232,0,51,Computer,2,90,Credit Card,Female,4,3,Others,2,Divorced,20,0,23,6,7,34,57.68
55233,0,30,Computer,1,88,E wallet,Female,0,4,Fashion,2,Married,10,1,24,0,6,14,264.59
55234,0,29,Mobile Phone,2,116,Credit Card,Female,1,3,Fashion,3,Single,6,0,17,15,11,10,301.71
55235,0,56,Computer,1,88,Debit Card,Male,4,6,Laptop & Accessory,4,Single,7,0,16,2,15,33,54.68
55236,0,14,Computer,1,10,UPI,Male,4,6,Fashion,4,Single,2,0,12,14,2,,324.87
55237,0,17,Phone,2,,E wallet,Female,0,2,Others,3,Divorced,18,1,12,10,4,14,321.92
55238,0,34,Phone,2,32,UPI,Male,4,3,Laptop & Accessory,1,Divorced,18,0,20,4,16,35,201.93
55239,0,49,Computer,1,81,Credit Card,Female,4,6,Laptop & Accessory,4,Divorced,17,0,11,16,12,36,87.27
55240,0,29,Computer,1,35,Cash on Delivery,Female,4,5,Fashion,2,Single,13,0,24,15,16,22,139.63
55241,1,33,Mobile Phone,3,,E wallet,Male,,6,Fashion,1,Married,15,0,22,4,9,38,55.37
55242,0,41,Phone,2,54,Credit Card,Female,5,3,Grocery,5,Divorced,11,0,20,7,7,25,39.07
55243,0,10,Mobile Phone,1,82,E wallet,Female,2,3,Others,4,Single,7,0,12,13,1,33,228.81
55244,1,26,Computer,2,90,Cash on Delivery,Female,5,4,Others,3,Divorced,17,0,19,10,13,10,188.45
55245,0,23,Mobile Phone,1,41,Debit Card,Female,4,3,Mobile Phone,2,Single,19,0,11,14,13,11,183.16
55246,0,34,Computer,2,122,Debit Card,Female,1,3,Mobile Phone,4,Single,8,0,23,,4,7,80.52
55247,0,,Phone,1,113,Debit Card,Female,5,2,Others,3,Divorced,17,0,20,11,10,,76.34
55248,1,7,Phone,1,92,Cash on Delivery,Male,2,3,Fashion,2,Single,16,0,14,10,15,7,321.66
55249,0,50,Computer,1,76,UPI,Female,2,4,Laptop & Accessory,4,Divorced,14,0,12,14,3,40,204.35
55250,0,17,Phone,1,19,Cash on Delivery,Male,3,4,Grocery,2,Single,18,1,15,8,14,4,266.32
55251,0,12,Computer,1,55,Cash on Delivery,Male,4,5,Fashion,5,Married,9,0,24,11,1,44,123.02
55252,1,44,Mobile Phone,1,109,Credit Card,Male,1,6,Laptop & Accessory,2,Married,18,0,20,0,5,9,274.2
55253,0,23,Computer,1,74,Debit Card,Male,1,2,Others,3,Married,20,1,18,1,9,2,234.77
55254,0,50,Mobile Phone,1,27,E wallet,Male,3,1,Fashion,4,Married,16,1,11,16,4,42,113.79
55255,1,22,Computer,2,29,UPI,Female,1,5,Grocery,3,Divorced,17,0,19,0,,36,233.25
55256,0,11,Phone,1,99,E wallet,Female,2,3,Mobile Phone,5,Single,17,1,17,9,7,21,300.83
55257,0,48,Computer,2,,Credit Card,Male,0,6,Laptop & Accessory,1,Single,16,1,15,12,12,24,69.46
55258,0,29,Computer,1,97,Credit Card,Female,2,2,Fashion,2,Married,19,0,15,14,8,3,177.98
55259,0,30,Computer,1,27,UPI,Male,5,5,Grocery,3,Married,11,0,19,4,11,36,314.16
55260,1,,Phone,2,14,E wallet,Female,0,4,Fashion,4,Single,6,1,19,10,2,7,266.95
55261,0,21,Computer,3,,UPI,Male,1,2,Others,4,Single,19,0,12,6,11,29,201.59
55262,0,43,Phone,1,117,UPI,Male,4,2,Laptop & Accessory,1,Single,7,0,18,3,,8,22.67
55263,0,27,Computer,1,81,Debit Card,Male,0,3,Others,4,Married,9,0,15,10,10,14,132.06
55264,0,,Mobile Phone,2,36,E wallet,Female,2,2,Others,5,Single,12,0,24,,11,,211.5
55265,1,24,Computer,3,117,Debit Card,Female,2,6,Mobile Phone,1,Married,2,1,12,13,9,43,133.14
55266,0,43,Mobile Phone,3,55,Debit Card,Male,5,6,Others,5,Married,4,1,19,6,13,12,324.05
55267,0,50,Phone,1,113,Debit Card,Male,2,2,Grocery,2,Married,3,1,14,9,10,3,244.85
55268,0,45,Phone,1,45,Cash on Delivery,Female,5,1,Laptop & Accessory,5,Single,21,0,15,15,8,15,60.8
55269,1,6,Computer,2,69,Credit Card,Female,2,3,Mobile Phone,2,Married,12,0,17,6,4,43,159.38
55270,0,44,Phone,2,69,Credit Card,Male,3,2,Fashion,5,Divorced,3,0,12,10,12,0,124.79
55271,0,5,Computer,2,105,Cash on Delivery,Male,1,2,Others,1,Single,9,0,,3,13,13,193
55272,0,23,Phone,3,,UPI,Male,4,1,Fashion,2,Single,12,1,18,1,4,26,145.13
55273,0,,Mobile Phone,2,22,E wallet,Female,5,1,Mobile Phone,5,Single,8,0,22,15,5,25,77.32
55274,0,18,Phone,1,40,E wallet,Male,3,4,Fashion,5,Single,19,0,24,1,1,31,235.42
55275,0,35,Mobile Phone,1,35,E wallet,Female,1,3,Grocery,4,Married,5,0,21,7,15,39,34.66
55276,0,50,Computer,2,58,Debit Card,Female,5,1,Mobile Phone,5,Divorced,21,0,11,10,7,1,172.94
55277,0,8,Computer,1,67,E wallet,Male,,2,Laptop & Accessory,4,Married,5,0,22,5,12,15,100.8
55278,0,47,Computer,1,5,E wallet,Female,3,1,Laptop & Accessory,5,Divorced,8,1,21,16,4,27,314.12
55279,1,58,Mobile Phone,1,115,E wallet,Male,5,5,Laptop & Accessory,3,Single,3,1,18,10,1,25,98.66
55280,0,35,Computer,1,56,Credit Card,Male,3,4,Laptop & Accessory,4,Married,19,0,12,5,4,10,110.81
55281,1,37,Computer,1,104,Cash on Delivery,Female,3,4,Mobile Phone,1,Married,9,0,14,11,4,22,229.8
55282,0,39,Mobile Phone,3,61,UPI,Male,3,6,Mobile Phone,1,Married,21,0,21,11,1,29,41.75
55283,0,58,Phone,1,13,Cash on Delivery,Female,0,3,Mobile Phone,2,Divorced,14,0,22,11,14,30,105.5
55284,1,28,Computer,2,90,E wallet,Female,2,4,Others,1,Divorced,21,0,13,4,16,1,226.17
55285,0,23,Phone,1,124,UPI,Male,3,3,Mobile Phone,2,Single,20,1,12,5,9,19,9.99
55286,0,47,Phone,1,96,UPI,Female,1,5,Mobile Phone,1,Married,2,0,20,14,8,28,101.08
55287,1,4,Computer,3,94,Cash on Delivery,Female,2,6,Mobile Phone,4,Single,15,0,20,6,16,9,2.68
55288,0,52,Computer,3,120,Cash on Delivery,Male,0,2,Laptop & Accessory,3,Divorced,4,0,12,6,14,17,48.82
55289,0,53,Mobile Phone,1,78,Cash on Delivery,Female,4,5,Grocery,2,Single,2,0,20,2,9,30,196.36
55290,0,41,Mobile Phone,2,60,Cash on Delivery,Male,,3,Laptop & Accessory,3,Married,9,0,16,7,7,3,148.43
55291,0,54,Computer,1,51,Debit Card,Male,4,3,Grocery,5,Married,4,0,13,10,14,26,50.71
55292,0,44,Phone,3,7,Credit Card,Female,1,3,Grocery,5,Divorced,5,0,20,,12,17,25.36
55293,0,,Mobile Phone,1,6,Credit Card,Female,4,2,Grocery,3,Divorced,11,1,14,1,5,43,18.31
55294,0,25,Mobile Phone,1,58,E wallet,Male,5,6,Laptop & Accessory,4,Single,4,0,14,12,14,30,27.74
55295,0,13,Computer,2,41,Debit Card,Female,3,6,Others,3,Married,4,0,12,7,13,6,31.22
55296,0,38,Computer,3,60,UPI,Male,2,3,Fashion,3,Single,15,0,14,14,7,18,28.05
55297,0,28,Computer,1,35,Cash on Delivery,Female,5,5,Others,3,Divorced,5,0,12,9,2,38,17.9
55298,0,51,Computer,2,101,E wallet,Male,2,6,Laptop & Accessory,2,Divorced,3,0,24,,10,1,226.53
55299,0,5,Mobile Phone,1,100,UPI,Male,3,2,Grocery,2,Single,16,0,14,9,7,13,305.91
55300,0,6,Mobile Phone,3,111,Credit Card,Female,2,5,Fashion,3,Married,1,0,23,,4,35,278.19
55301,0,36,Mobile Phone,1,16,UPI,Female,0,2,Others,4,Divorced,1,0,18,0,12,42,86.4
55302,0,52,Phone,3,62,Cash on Delivery,Female,3,3,Mobile Phone,5,Single,1,0,25,13,5,45,66.39
55303,0,,Mobile Phone,1,71,Cash on Delivery,Male,3,6,Others,5,Married,3,0,25,2,11,27,15.57
55304,1,22,Mobile Phone,1,123,Credit Card,Male,2,2,Laptop & Accessory,5,Single,9,0,19,0,7,37,50.71
55305,0,43,Computer,3,116,Cash on Delivery,Female,5,1,Fashion,1,Divorced,13,0,25,9,2,2,184.53
55306,0,37,Mobile Phone,3,,Debit Card,Female,4,5,Mobile Phone,4,Married,13,0,14,16,5,28,324.39
55307,0,58,Mobile Phone,2,82,E wallet,Male,1,1,Fashion,2,Divorced,21,1,14,0,12,26,279.19
55308,0,0,Mobile Phone,1,16,Credit Card,Female,4,1,Fashion,5,Divorced,13,0,25,15,2,,167.35
55309,1,3,Computer,2,120,Credit Card,Female,0,3,Others,2,Divorced,21,0,24,0,10,29,137.62
55310,1,50,Mobile Phone,2,94,UPI,Male,3,3,Grocery,2,Divorced,8,0,17,2,6,17,48.04
55311,0,43,Mobile Phone,2,20,Credit Card,Female,3,1,Others,2,Divorced,8,0,,4,10,7,136.04
55312,0,46,Phone,2,57,E wallet,Male,0,2,Mobile Phone,2,Single,19,0,17,13,8,9,193.33
55313,1,34,Phone,1,76,Debit Card,Male,1,3,Laptop & Accessory,3,Divorced,5,0,23,13,7,21,193.53
55314,1,22,Phone,2,53,UPI,Female,3,5,Others,2,Divorced,10,0,19,6,12,,181.2
55315,0,26,Phone,2,53,E wallet,Female,4,1,Grocery,1,Divorced,19,0,14,10,5,2,267.81
55316,0,59,Computer,1,96,Credit Card,Female,0,5,Grocery,2,Married,3,0,25,9,16,13,165.78
55317,0,25,Phone,2,11,Cash on Delivery,Male,3,6,Others,5,Divorced,7,0,12,11,3,,153.68
55318,1,51,Mobile Phone,2,19,Cash on Delivery,Male,4,5,Mobile Phone,2,Married,6,0,23,9,16,26,99.38
55319,0,59,Phone,2,109,E wallet,Male,,5,Grocery,5,Single,7,0,25,5,4,33,58.58
55320,0,7,Computer,1,40,Debit Card,Female,0,1,Grocery,2,Divorced,7,1,25,7,2,30,0.46
55321,0,42,Phone,2,76,Cash on Delivery,Male,0,4,Mobile Phone,4,Single,20,0,14,6,6,26,104.68
55322,0,15,Phone,1,,E wallet,Male,1,6,Mobile Phone,3,Single,8,0,12,12,14,44,205.75
55323,0,40,Computer,2,19,UPI,Male,0,3,Mobile Phone,5,Divorced,2,0,20,11,15,,181.64
55324,1,2,Computer,2,123,Credit Card,Female,5,5,Mobile Phone,1,Single,15,0,17,11,8,28,172.42
55325,0,31,Computer,2,66,Debit Card,Male,,1,Others,2,Divorced,10,0,16,12,8,45,251.02
55326,0,4,Computer,1,22,Debit Card,Female,2,4,Others,5,Single,21,0,23,8,15,11,75.68
55327,0,19,Computer,2,50,UPI,Female,0,1,Fashion,3,Married,15,0,,6,9,13,220.52
55328,0,13,Computer,3,105,Debit Card,Male,3,3,Fashion,2,Married,2,0,21,15,5,26,197.33
55329,0,59,Mobile Phone,1,109,E wallet,Male,2,1,Fashion,3,Married,3,0,12,10,12,1,110.17
55330,0,31,Phone,3,113,Debit Card,Male,4,2,Grocery,1,Divorced,19,0,25,4,10,36,71.03
55331,0,25,Phone,2,65,Debit Card,Female,4,6,Mobile Phone,5,Single,5,1,16,16,15,44,182.87
55332,0,46,Computer,2,125,Debit Card,Female,3,2,Others,1,Married,19,0,19,0,11,17,307.17
55333,0,5,Computer,1,119,E wallet,Female,4,5,Others,3,Divorced,7,0,21,4,6,12,24.81
55334,0,58,Mobile Phone,1,47,Credit Card,Female,5,1,Mobile Phone,4,Married,21,0,24,1,2,8,309.72
55335,1,57,Mobile Phone,3,,Cash on Delivery,Male,3,1,Fashion,4,Married,14,1,18,1,10,28,151.05
55336,1,35,Computer,1,103,Debit Card,Male,4,5,Grocery,5,Divorced,12,0,19,11,,9,230.76
55337,0,39,Mobile Phone,1,70,UPI,Female,0,5,Others,2,Married,10,0,15,4,14,19,261.04
55338,0,50,Mobile Phone,2,59,UPI,Female,4,6,Laptop & Accessory,1,Divorced,10,0,24,10,3,36,49.24
55339,1,,Computer,1,90,E wallet,Female,0,4,Grocery,4,Married,4,1,25,12,14,28,14.61
55340,0,4,Computer,2,83,Credit Card,Female,4,1,Grocery,4,Divorced,18,0,20,13,9,5,41.76
55341,0,12,Computer,2,105,Debit Card,Female,4,3,Fashion,2,Married,6,1,12,4,,40,110.81
55342,1,31,Computer,3,43,E wallet,Female,4,3,Mobile Phone,1,Single,20,0,15,10,6,25,310.88
55343,0,15,Phone,2,104,Cash on Delivery,Female,0,3,Laptop & Accessory,3,Single,4,1,20,3,6,21,13.9
55344,0,0,Phone,1,9,Credit Card,Female,4,5,Fashion,4,Divorced,5,0,24,16,4,42,298.93
55345,1,12,Computer,1,61,Credit Card,Male,4,5,Mobile Phone,5,Divorced,14,0,13,13,6,37,182.42
55346,0,,Mobile Phone,2,116,E wallet,Male,5,5,Laptop & Accessory,5,Single,9,0,24,2,13,25,33.26
55347,0,10,Computer,1,19,UPI,Female,1,3,Others,3,Divorced,15,0,21,1,11,16,49.64
55348,0,52,Phone,3,95,Credit Card,Male,0,4,Laptop & Accessory,2,Married,1,0,24,7,1,0,224.03
55349,0,7,Mobile Phone,2,,UPI,Male,5,6,Fashion,2,Married,21,0,23,15,9,30,197.75
55350,0,24,Phone,1,61,Credit Card,Male,2,2,Laptop & Accessory,4,Married,21,0,24,5,3,8,54.42
55351,0,39,Computer,3,104,Credit Card,Female,3,1,Laptop & Accessory,4,Married,13,0,25,6,5,25,293.91
55352,1,31,Phone,1,106,Credit Card,Female,1,2,Laptop & Accessory,4,Married,2,0,14,14,7,5,43.19
55353,0,23,Phone,1,86,Cash on Delivery,Female,5,1,Others,3,Married,15,0,17,8,2,45,166.26
55354,0,27,Phone,2,103,UPI,Male,5,5,Mobile Phone,3,Married,15,1,12,11,4,1,171.7
55355,0,13,Mobile Phone,3,29,Cash on Delivery,Female,4,3,Laptop & Accessory,4,Divorced,16,1,24,5,15,41,282.91
55356,0,44,Phone,2,26,UPI,Male,2,2,Grocery,2,Single,3,0,,11,13,26,7.2
55357,0,2,Mobile Phone,1,124,Cash on Delivery,Female,2,5,Fashion,1,Married,13,0,25,6,6,0,44.35
55358,1,35,Computer,1,35,Cash on Delivery,Female,4,1,Grocery,4,Married,20,1,21,14,1,29,55.47
55359,1,26,Computer,1,105,Cash on Delivery,Male,5,6,Mobile Phone,2,Divorced,1,0,11,0,6,17,20.44
55360,0,19,Phone,1,38,E wallet,Female,5,6,Fashion,2,Divorced,14,0,20,14,5,33,205.23
55361,0,46,Mobile Phone,1,91,Cash on Delivery,Male,4,2,Mobile Phone,5,Single,3,0,13,13,2,20,74.62
55362,0,,Computer,2,20,Credit Card,Female,,2,Fashion,1,Single,17,0,21,12,6,0,187.42
55363,0,,Mobile Phone,3,74,Debit Card,Female,0,2,Grocery,4,Divorced,17,1,17,13,5,31,254.35
55364,0,52,Mobile Phone,1,63,Cash on Delivery,Female,1,2,Grocery,1,Married,9,0,21,14,13,42,132.77
55365,0,44,Phone,1,19,Debit Card,Male,0,2,Others,4,Married,20,0,22,8,14,33,249.88
55366,1,40,Phone,3,,Debit Card,Female,2,5,Mobile Phone,1,Married,20,0,15,5,1,13,252.81
55367,0,27,Mobile Phone,2,106,Credit Card,Male,3,1,Grocery,1,Married,4,0,22,3,13,4,85.61
55368,0,,Mobile Phone,3,17,Debit Card,Male,4,1,Fashion,2,Married,11,1,18,7,14,35,5.12
55369,0,,Phone,1,28,Debit Card,Male,1,4,Laptop & Accessory,1,Divorced,15,0,17,10,12,31,33.57
55370,0,60,Mobile Phone,1,17,Debit Card,Female,2,3,Laptop & Accessory,1,Single,13,0,17,7,11,8,267.65
55371,0,43,Phone,2,69,UPI,Female,1,6,Laptop & Accessory,4,Single,20,1,24,9,6,44,131.72
55372,0,45,Mobile Phone,2,116,Cash on Delivery,Female,5,2,Others,2,Divorced,12,0,11,4,7,34,272.71
55373,0,32,Phone,1,40,Cash on Delivery,Female,0,6,Grocery,1,Married,15,0,11,1,,24,177.94
55374,0,45,Mobile Phone,2,53,Debit Card,Female,4,1,Mobile Phone,2,Divorced,6,0,23,11,9,10,64.15
55375,0,13,Phone,1,86,Credit Card,Male,5,3,Mobile Phone,2,Single,18,0,16,5,11,45,231.48
55376,0,7,Mobile Phone,1,52,UPI,Male,0,3,Others,3,Single,17,0,23,10,13,40,181.41
55377,0,47,Computer,2,101,Credit Card,Male,,5,Fashion,4,Single,21,1,18,6,2,12,114.34
55378,0,13,Computer,1,106,Credit Card,Male,0,2,Grocery,3,Single,17,1,13,16,6,29,28.51
55379,0,0,Mobile Phone,2,47,Debit Card,Male,0,4,Grocery,2,Divorced,11,0,18,3,16,33,33.25
55380,0,15,Computer,1,10,E wallet,Male,5,3,Fashion,1,Married,18,0,18,2,6,31,61.27
55381,0,17,Mobile Phone,1,85,Debit Card,Female,2,5,Fashion,4,Married,3,1,11,3,1,29,218.7
55382,0,6,Mobile Phone,1,72,E wallet,Male,4,2,Grocery,5,Divorced,4,0,21,13,13,17,236.59
55383,0,14,Computer,1,18,UPI,Male,3,1,Grocery,4,Married,13,0,15,,8,38,205.05
55384,0,23,Mobile Phone,1,34,E wallet,Male,1,4,Laptop & Accessory,3,Married,1,0,19,15,5,2,109.61
55385,0,48,Phone,2,114,Debit Card,Male,0,2,Mobile Phone,4,Married,19,0,21,11,2,6,143.15
55386,0,50,Mobile Phone,3,88,Debit Card,Female,4,5,Laptop & Accessory,1,Married,20,1,20,,5,38,230.61
55387,0,54,Mobile Phone,1,12,Credit Card,Male,1,6,Laptop & Accessory,4,Single,5,0,24,8,4,33,214.45
55388,1,12,Computer,1,58,Debit Card,Female,4,5,Mobile Phone,5,Married,13,1,20,5,7,7,251.23
55389,0,8,Phone,3,70,Debit Card,Female,5,5,Others,3,Divorced,16,0,21,13,10,42,78.37
55390,1,55,Mobile Phone,1,,Cash on Delivery,Male,,5,Others,3,Single,16,1,22,5,8,31,1.46
55391,0,55,Mobile Phone,1,8,Cash on Delivery,Male,4,5,Others,2,Single,11,1,13,6,1,39,86.59
55392,0,,Mobile Phone,1,78,Credit Card,Female,3,4,Others,3,Divorced,9,1,19,4,1,13,113.06
55393,1,,Mobile Phone,2,88,E wallet,Male,4,3,Fashion,5,Married,18,1,23,2,8,4,312.17
55394,0,57,Mobile Phone,1,64,E wallet,Male,4,3,Laptop & Accessory,5,Single,15,0,21,9,11,6,70.76
55395,0,34,Mobile Phone,2,124,Cash on Delivery,Male,,1,Fashion,3,Divorced,13,0,19,15,12,9,268.58
55396,0,23,Phone,1,,UPI,Female,,3,Fashion,4,Divorced,7,0,11,10,14,19,202.32
55397,0,32,Phone,1,103,Cash on Delivery,Male,0,5,Mobile Phone,5,Married,3,0,,2,,20,54.45
55398,0,15,Mobile Phone,1,116,UPI,Female,5,3,Others,3,Married,12,0,13,14,8,27,131.14
55399,0,7,Mobile Phone,2,78,E wallet,Female,4,6,Grocery,3,Divorced,18,1,24,11,7,28,165.8
55400,1,28,Computer,2,96,Cash on Delivery,Female,3,6,Others,4,Married,9,0,14,0,9,5,111.85
55401,0,22,Phone,1,19,Debit Card,Male,1,3,Laptop & Accessory,3,Divorced,3,0,22,12,13,37,73.5
55402,1,44,Phone,1,104,UPI,Female,0,5,Fashion,1,Married,1,0,15,15,7,41,82.18
55403,1,30,Mobile Phone,2,5,UPI,Male,2,4,Laptop & Accessory,2,Married,21,1,15,6,14,40,190.19
55404,0,39,Phone,3,26,UPI,Female,4,5,Fashion,5,Divorced,21,0,,6,4,2,223.63
55405,0,48,Phone,1,95,E wallet,Male,3,3,Fashion,4,Divorced,7,1,21,5,12,36,152.42
55406,1,53,Computer,2,97,Credit Card,Male,3,3,Fashion,4,Married,19,1,15,2,5,16,306.06
55407,1,54,Computer,1,19,Debit Card,Female,0,1,Grocery,2,Divorced,12,1,13,11,7,32,236.78
55408,0,13,Phone,1,78,Cash on Delivery,Female,5,5,Others,1,Single,14,0,16,,2,9,289.82
55409,0,58,Phone,1,88,UPI,Female,0,1,Fashion,2,Married,13,1,14,,13,,154.59
55410,0,52,Phone,2,26,E wallet,Male,5,1,Mobile Phone,3,Single,5,0,19,5,3,32,4.84
55411,0,29,Mobile Phone,1,54,UPI,Male,2,2,Fashion,4,Single,12,0,22,11,3,27,192.42
55412,0,52,Computer,3,52,Cash on Delivery,Male,2,6,Others,3,Single,8,0,12,15,14,22,265.93
55413,0,38,Mobile Phone,2,121,Debit Card,Female,0,1,Others,4,Divorced,6,0,21,5,16,41,174.37
55414,0,,Computer,3,77,UPI,Male,1,6,Grocery,4,Married,18,0,11,11,9,45,184.57
55415,0,46,Computer,1,,E wallet,Male,0,3,Fashion,3,Married,7,0,17,3,2,45,316.87
55416,0,15,Computer,1,55,E wallet,Male,0,3,Mobile Phone,2,Single,19,1,25,16,,9,119
55417,0,50,Phone,3,100,Credit Card,Female,3,2,Grocery,5,Divorced,15,0,19,7,14,7,260.61
55418,0,5,Computer,2,21,E wallet,Female,0,2,Grocery,5,Married,10,0,20,12,8,15,164.15
55419,0,54,Mobile Phone,3,110,Credit Card,Male,0,5,Fashion,2,Married,9,0,19,4,1,42,150.71
55420,0,32,Computer,1,,Debit Card,Female,0,2,Fashion,1,Married,20,0,13,2,9,31,47.31
55421,0,43,Mobile Phone,1,108,Cash on Delivery,Female,1,4,Grocery,2,Single,16,0,22,4,14,44,243.23
55422,0,17,Computer,2,,Credit Card,Female,3,3,Grocery,2,Single,20,0,25,5,6,24,267.57
55423,1,15,Computer,1,55,UPI,Female,4,3,Grocery,2,Single,4,1,21,8,12,,140.04
55424,0,11,Phone,2,41,UPI,Female,4,6,Laptop & Accessory,5,Single,10,0,23,16,,14,248.15
55425,0,19,Mobile Phone,1,,Cash on Delivery,Female,4,2,Grocery,4,Single,10,0,25,10,5,15,188.86
55426,0,44,Computer,1,115,E wallet,Female,4,6,Others,1,Married,8,0,11,14,7,41,83.71
55427,1,39,Computer,1,53,UPI,Female,3,2,Mobile Phone,1,Single,1,0,19,15,11,16,300.21
55428,0,58,Mobile Phone,1,63,Credit Card,Female,0,3,Mobile Phone,1,Divorced,3,0,17,0,12,26,226.45
55429,0,28,Computer,1,14,Cash on Delivery,Male,4,2,Fashion,3,Single,12,1,18,14,8,25,285.46
55430,0,29,Phone,2,34,UPI,Male,0,5,Grocery,2,Single,7,1,21,4,5,7,91.48
55431,0,25,Mobile Phone,1,89,E wallet,Female,,2,Mobile Phone,4,Single,1,0,25,4,7,40,297.82
55432,0,21,Phone,1,25,E wallet,Female,1,2,Mobile Phone,4,Married,20,0,16,15,3,40,118.52
55433,0,32,Mobile Phone,3,122,UPI,Female,0,5,Others,3,Married,1,0,,7,2,10,3.1
55434,0,57,Mobile Phone,1,38,Cash on Delivery,Female,3,5,Others,5,Divorced,4,0,16,5,2,26,24.38
55435,0,52,Mobile Phone,1,77,Debit Card,Male,5,5,Laptop & Accessory,3,Married,18,1,21,11,10,8,29.04
55436,0,38,Computer,2,102,UPI,Female,1,6,Laptop & Accessory,3,Single,5,1,25,3,12,10,67.32
55437,0,46,Mobile Phone,3,,E wallet,Male,5,3,Mobile Phone,2,Divorced,1,0,14,15,3,6,60.62
55438,1,28,Mobile Phone,1,80,Debit Card,Male,1,2,Fashion,5,Divorced,1,0,12,10,6,27,18.82
55439,0,21,Mobile Phone,1,51,Cash on Delivery,Male,3,5,Mobile Phone,3,Divorced,5,0,11,12,16,29,291
55440,1,44,Phone,2,89,E wallet,Male,1,5,Fashion,4,Single,18,0,24,14,,35,269.2
55441,0,12,Mobile Phone,1,125,Cash on Delivery,Male,0,3,Mobile Phone,2,Married,9,1,16,,,8,247.92
55442,0,59,Computer,2,88,UPI,Male,,4,Others,5,Married,10,0,19,12,10,34,155.72
55443,0,8,Mobile Phone,3,10,Cash on Delivery,Female,2,2,Grocery,4,Single,7,1,20,1,1,12,138.17
55444,1,23,Mobile Phone,3,,E wallet,Female,,4,Mobile Phone,1,Married,15,1,20,11,3,3,138.24
55445,0,14,Phone,1,113,UPI,Male,4,4,Laptop & Accessory,2,Single,14,0,12,5,3,9,85.07
55446,0,35,Computer,1,104,E wallet,Female,0,5,Fashion,4,Single,4,1,11,2,13,25,197.68
55447,0,12,Computer,3,67,E wallet,Male,3,6,Fashion,3,Divorced,14,0,11,9,2,2,19.2
55448,0,26,Computer,1,16,Debit Card,Female,0,3,Mobile Phone,3,Married,7,0,24,3,15,42,214.1
55449,0,43,Mobile Phone,1,45,Credit Card,Male,4,2,Fashion,2,Divorced,8,0,17,9,1,16,167
55450,0,36,Mobile Phone,2,35,Cash on Delivery,Male,1,2,Laptop & Accessory,5,Married,8,1,24,6,13,26,265.37
55451,0,6,Computer,1,6,Cash on Delivery,Female,5,2,Others,3,Single,5,0,,13,1,21,316.14
55452,0,7,Computer,1,20,Debit Card,Male,0,6,Grocery,4,Divorced,11,0,19,0,14,43,284.9
55453,0,36,Phone,3,,Cash on Delivery,Female,0,4,Grocery,1,Single,2,0,19,16,1,35,233.98
55454,0,40,Computer,1,8,Debit Card,Male,3,1,Fashion,5,Single,15,1,21,2,8,7,140.65
55455,0,13,Mobile Phone,1,51,Cash on Delivery,Female,4,3,Mobile Phone,2,Divorced,19,1,13,14,6,,69.72
55456,0,57,Mobile Phone,1,120,Cash on Delivery,Female,0,1,Fashion,3,Divorced,18,1,21,13,9,25,216.08
55457,0,11,Mobile Phone,2,69,E wallet,Female,1,4,Laptop & Accessory,5,Married,15,1,12,,12,30,65.52
55458,0,35,Phone,1,56,Debit Card,Female,5,5,Mobile Phone,1,Married,19,0,19,9,,10,6.58
55459,1,51,Computer,1,51,Cash on Delivery,Female,1,1,Others,5,Divorced,7,0,24,7,3,28,186.3
55460,1,60,Mobile Phone,2,,Credit Card,Male,2,1,Laptop & Accessory,5,Married,4,1,,10,13,28,128.09
55461,0,39,Phone,3,81,Debit Card,Male,4,3,Others,2,Single,14,1,13,4,7,37,284.71
55462,0,16,Phone,1,54,Debit Card,Female,1,4,Mobile Phone,1,Single,8,0,12,2,6,36,209.88
55463,0,39,Mobile Phone,3,49,Debit Card,Male,3,3,Others,1,Single,10,0,14,8,9,14,210.36
55464,0,52,Phone,1,46,E wallet,Male,5,5,Laptop & Accessory,5,Single,13,0,25,6,15,14,256.07
55465,0,28,Phone,2,99,Debit Card,Female,4,6,Laptop & Accessory,3,Single,6,0,17,0,9,6,109.09
55466,0,26,Mobile Phone,1,88,E wallet,Female,1,6,Fashion,5,Single,4,0,23,9,11,28,311.41
55467,0,0,Phone,1,60,Credit Card,Male,0,6,Mobile Phone,4,Married,5,0,14,11,14,32,71.93
55468,1,51,Mobile Phone,2,75,UPI,Female,4,2,Grocery,3,Divorced,10,0,18,14,9,45,283.3
55469,1,33,Mobile Phone,1,61,E wallet,Female,1,6,Grocery,2,Divorced,13,0,22,10,16,15,296.02
55470,0,3,Phone,1,108,Cash on Delivery,Female,0,6,Others,1,Married,19,0,,5,7,33,12.69
55471,0,23,Mobile Phone,1,37,Debit Card,Male,2,4,Grocery,3,Married,11,1,24,2,16,20,205.34
55472,0,20,Mobile Phone,2,32,UPI,Female,5,6,Grocery,2,Married,19,1,12,8,9,6,243.56
55473,0,32,Computer,1,118,E wallet,Male,4,6,Laptop & Accessory,5,Divorced,5,0,23,16,7,43,309.99
55474,0,6,Mobile Phone,1,48,Cash on Delivery,Female,4,5,Laptop & Accessory,2,Married,5,0,20,1,9,28,81.7
55475,0,0,Computer,1,118,UPI,Male,1,5,Laptop & Accessory,4,Married,1,0,14,4,2,8,182.6
55476,0,40,Computer,1,60,Credit Card,Female,,1,Grocery,2,Divorced,21,0,,11,2,6,251.26
55477,0,2,Computer,1,48,E wallet,Female,3,3,Others,3,Married,9,0,22,14,7,13,48.22
55478,0,43,Computer,1,88,E wallet,Female,1,1,Mobile Phone,1,Single,7,0,23,13,10,29,277.22
55479,0,50,Phone,1,100,Credit Card,Male,1,1,Fashion,3,Divorced,9,0,17,1,16,23,131.18
55480,0,14,Phone,1,77,E wallet,Male,3,2,Others,3,Divorced,10,1,,,6,33,207.92
55481,0,30,Mobile Phone,2,38,Debit Card,Male,3,3,Laptop & Accessory,1,Divorced,21,0,11,2,6,,13.66
55482,0,53,Mobile Phone,2,,E wallet,Male,3,2,Others,4,Married,3,0,17,8,5,0,72.45
55483,0,,Mobile Phone,3,72,Debit Card,Female,5,6,Mobile Phone,3,Divorced,18,1,13,14,1,33,155.41
55484,0,9,Phone,1,33,E wallet,Female,3,5,Laptop & Accessory,1,Single,9,0,17,2,7,19,93.99
55485,0,53,Computer,3,83,Cash on Delivery,Male,3,6,Mobile Phone,1,Single,5,1,13,5,2,30,311.3
55486,1,28,Phone,1,21,Cash on Delivery,Male,0,2,Fashion,3,Divorced,11,0,22,3,16,14,258.35
55487,0,58,Phone,3,87,UPI,Male,0,5,Others,1,Single,1,0,22,10,8,14,281.09
55488,0,58,Mobile Phone,1,106,Cash on Delivery,Male,3,1,Fashion,5,Married,2,0,18,7,10,33,151.55
55489,0,5,Mobile Phone,1,13,Credit Card,Male,5,6,Grocery,3,Divorced,18,0,14,12,15,4,153.93
55490,1,28,Mobile Phone,1,31,UPI,Male,5,2,Others,4,Single,20,1,11,14,,21,261.69
55491,0,16,Computer,1,53,Cash on Delivery,Female,2,6,Grocery,5,Married,14,1,11,15,16,11,125.95
55492,0,52,Computer,3,83,Debit Card,Male,5,3,Mobile Phone,4,Divorced,8,1,14,2,12,44,156.28
55493,0,59,Phone,2,41,E wallet,Male,2,2,Grocery,3,Divorced,19,0,19,4,13,30,171.79
55494,0,21,Computer,3,32,Cash on Delivery,Male,3,5,Mobile Phone,2,Divorced,14,0,15,,,28,197.33
55495,0,23,Mobile Phone,2,54,Debit Card,Female,5,4,Fashion,1,Single,14,0,23,0,2,21,211.24
55496,0,60,Computer,1,59,UPI,Male,0,6,Laptop & Accessory,5,Divorced,20,0,15,7,10,7,221.24
55497,0,16,Computer,1,8,E wallet,Female,2,6,Fashion,3,Single,8,0,13,5,8,,144.3
55498,1,20,Computer,3,,Cash on Delivery,Female,0,3,Grocery,1,Married,9,0,15,3,12,27,95.92
55499,0,50,Computer,2,124,UPI,Male,1,5,Mobile Phone,2,Married,14,0,17,,12,20,299.05
55500,0,49,Mobile Phone,2,,Cash on Delivery,Female,0,6,Grocery,4,Married,12,1,13,5,5,10,268.68
55501,0,10,Mobile Phone,1,23,UPI,Male,3,4,Laptop & Accessory,3,Divorced,13,0,15,1,8,10,1.12
55502,0,55,Phone,2,41,Cash on Delivery,Female,5,6,Others,3,Married,6,0,22,,1,22,166.7
55503,0,6,Phone,3,126,Debit Card,Male,5,3,Others,2,Single,14,0,13,2,9,41,89.25
55504,0,41,Phone,1,8,Credit Card,Male,4,4,Others,4,Single,15,1,11,10,8,12,208.89
55505,0,38,Computer,1,41,Debit Card,Female,3,1,Grocery,3,Single,2,1,,0,6,42,163.36
55506,0,4,Computer,1,55,E wallet,Male,1,1,Others,1,Single,18,0,13,1,15,26,6.88
55507,0,43,Mobile Phone,2,36,Cash on Delivery,Male,5,6,Mobile Phone,2,Single,10,1,12,0,13,22,236.53
55508,0,47,Phone,1,49,Credit Card,Female,0,2,Laptop & Accessory,3,Single,21,0,13,0,14,32,89.5
55509,0,60,Mobile Phone,1,116,Credit Card,Female,2,2,Fashion,4,Married,7,1,23,12,8,25,84.58
55510,0,56,Phone,1,16,E wallet,Male,3,2,Mobile Phone,5,Divorced,5,1,15,0,1,42,10.38
55511,0,20,Phone,2,45,E wallet,Female,5,2,Laptop & Accessory,3,Single,8,1,15,9,11,35,269.21
55512,1,17,Phone,1,60,Credit Card,Male,2,6,Fashion,4,Married,20,0,19,12,8,32,188.12
55513,1,34,Computer,1,84,E wallet,Female,,4,Others,2,Married,13,0,22,7,14,37,157.57
55514,0,19,Phone,3,18,E wallet,Female,5,3,Fashion,4,Single,7,0,21,6,1,15,219.64
55515,0,14,Phone,3,58,Cash on Delivery,Female,1,3,Grocery,4,Married,18,0,19,11,16,9,112.25
55516,0,4,Computer,1,67,Debit Card,Male,3,2,Grocery,2,Single,9,0,12,7,12,42,185.08
55517,0,12,Phone,2,69,UPI,Male,2,1,Others,5,Divorced,12,0,21,12,4,40,81.01
55518,0,50,Computer,2,120,Credit Card,Male,5,5,Others,1,Single,17,0,16,1,10,43,20.46
55519,0,11,Computer,1,123,UPI,Male,3,2,Mobile Phone,5,Divorced,10,0,23,8,12,16,182.44
55520,0,54,Mobile Phone,1,62,Credit Card,Male,,2,Mobile Phone,1,Married,7,0,19,16,3,42,71.89
55521,1,20,Computer,1,100,Credit Card,Female,3,6,Grocery,1,Married,21,1,19,15,11,22,243.76
55522,0,36,Computer,1,25,Debit Card,Male,2,1,Laptop & Accessory,1,Single,5,1,21,8,15,0,146.85
55523,0,5,Computer,1,8,Credit Card,Female,1,5,Mobile Phone,3,Married,15,1,16,4,3,28,81.38
55524,0,6,Phone,3,77,Credit Card,Female,3,4,Laptop & Accessory,5,Married,16,1,11,15,10,24,197.71
55525,0,25,Mobile Phone,1,124,Debit Card,Female,1,4,Grocery,4,Divorced,16,1,11,12,9,5,37.9
55526,0,41,Phone,2,,E wallet,Male,1,5,Mobile Phone,3,Single,10,1,19,1,8,9,247.46
55527,0,47,Computer,1,,UPI,Female,0,5,Laptop & Accessory,2,Single,14,1,25,11,15,39,146.96
55528,0,7,Computer,2,90,Credit Card,Male,5,4,Laptop & Accessory,2,Divorced,20,0,13,8,,13,264.11
55529,0,8,Mobile Phone,1,,Debit Card,Male,2,2,Mobile Phone,1,Divorced,17,1,15,1,12,22,44.88
55530,0,26,Mobile Phone,2,34,Credit Card,Male,0,2,Others,3,Divorced,6,0,16,11,8,18,124.33
55531,0,3,Computer,2,98,Debit Card,Male,4,6,Fashion,3,Single,1,0,11,5,16,30,58.51
55532,0,,Computer,2,100,UPI,Female,5,1,Others,2,Divorced,11,0,25,12,11,38,19.89
55533,0,30,Phone,1,64,Cash on Delivery,Male,0,5,Fashion,4,Single,1,0,11,,7,38,310.49
55534,0,20,Computer,2,104,E wallet,Female,3,2,Laptop & Accessory,5,Divorced,12,0,14,7,8,37,236.16
55535,0,39,Phone,3,75,Cash on Delivery,Female,3,2,Mobile Phone,5,Married,20,0,16,,8,18,105.82
55536,0,24,Mobile Phone,2,85,Debit Card,Male,3,1,Grocery,1,Single,15,0,18,14,10,42,80
55537,0,38,Phone,1,69,Credit Card,Female,4,5,Mobile Phone,1,Single,5,0,17,4,6,0,66.4
55538,1,14,Computer,2,18,E wallet,Female,1,1,Others,1,Single,10,0,24,12,8,37,13.98
55539,0,52,Phone,1,115,UPI,Female,3,1,Fashion,2,Married,17,0,12,15,2,12,33.37
55540,0,34,Phone,3,48,E wallet,Male,5,4,Mobile Phone,2,Married,10,0,14,12,7,33,33.44
55541,0,48,Mobile Phone,2,112,Credit Card,Female,5,1,Fashion,5,Single,7,0,15,13,3,16,216.54
55542,0,42,Phone,1,,Cash on Delivery,Male,0,5,Others,1,Divorced,18,0,18,15,8,31,193.28
55543,1,40,Computer,1,30,Debit Card,Male,1,2,Others,3,Single,6,0,17,11,5,33,184.66
55544,0,36,Phone,1,,Cash on Delivery,Male,0,2,Mobile Phone,4,Single,9,1,14,11,11,32,238.7
55545,0,56,Phone,3,113,E wallet,Male,0,4,Grocery,2,Married,2,0,18,10,5,43,81.63
55546,0,41,Phone,1,20,Credit Card,Female,3,5,Grocery,1,Married,12,0,21,,3,27,111.3
55547,0,46,Computer,1,114,Debit Card,Female,0,2,Fashion,1,Divorced,5,0,18,3,1,43,41.18
55548,0,27,Phone,3,11,Credit Card,Female,4,1,Mobile Phone,2,Divorced,15,0,14,5,13,,191.01
55549,0,60,Computer,1,36,Credit Card,Male,5,3,Laptop & Accessory,5,Single,13,0,21,13,13,36,303.19
55550,0,13,Phone,1,93,E wallet,Female,5,3,Others,5,Single,2,1,22,13,14,23,280.52
55551,0,,Mobile Phone,2,99,Cash on Delivery,Male,5,3,Fashion,5,Divorced,15,0,22,,2,15,180.37
55552,0,52,Mobile Phone,1,20,Credit Card,Female,1,3,Others,5,Single,14,1,12,14,13,12,209.5
55553,1,19,Mobile Phone,1,123,Credit Card,Male,3,1,Fashion,3,Single,9,0,25,10,12,25,322.5
55554,0,33,Computer,1,109,Credit Card,Male,3,2,Mobile Phone,1,Divorced,16,0,24,3,2,6,168.14
55555,1,11,Computer,2,,Debit Card,Male,0,4,Fashion,5,Divorced,2,1,13,10,7,43,282.94
55556,0,32,Computer,3,82,Credit Card,Male,0,1,Fashion,5,Divorced,1,0,15,11,2,13,162.71
55557,0,23,Phone,1,,Credit Card,Female,2,2,Laptop & Accessory,4,Married,9,0,24,,14,31,15.56
55558,0,19,Computer,1,66,E wallet,Male,2,5,Fashion,4,Divorced,20,1,11,5,15,40,303.76
55559,0,4,Computer,1,34,Credit Card,Female,3,2,Grocery,1,Married,14,1,15,8,7,10,36.36
55560,0,37,Computer,3,124,Credit Card,Female,3,2,Fashion,2,Divorced,2,1,14,,1,31,228.86
55561,0,,Computer,1,75,E wallet,Female,0,2,Fashion,5,Divorced,1,0,15,4,2,10,77.34
55562,1,,Mobile Phone,3,16,Debit Card,Male,4,1,Mobile Phone,3,Married,10,0,22,15,16,19,292.84
55563,0,42,Phone,1,71,Cash on Delivery,Male,4,2,Fashion,4,Married,19,0,22,12,7,33,65.16
55564,0,39,Mobile Phone,3,,E wallet,Male,5,2,Laptop & Accessory,5,Single,18,1,11,12,7,21,45.52
55565,1,6,Phone,2,50,Debit Card,Female,0,5,Mobile Phone,2,Single,20,0,20,8,2,22,142.58
55566,0,35,Phone,2,87,Cash on Delivery,Male,2,5,Others,3,Single,20,1,17,1,12,28,161.42
55567,0,37,Mobile Phone,1,47,Credit Card,Male,,3,Grocery,4,Married,11,0,20,15,10,11,266.15
55568,0,15,Computer,2,105,E wallet,Female,4,6,Grocery,2,Divorced,9,0,19,0,,38,247.78
55569,1,51,Mobile Phone,1,59,Credit Card,Male,3,1,Others,2,Married,15,0,15,7,16,30,106.69
55570,1,14,Phone,1,49,E wallet,Female,0,2,Fashion,3,Divorced,16,0,13,1,14,28,125.11
55571,1,45,Phone,1,64,Cash on Delivery,Female,5,3,Laptop & Accessory,3,Divorced,13,0,19,9,7,30,187.42
55572,0,22,Computer,3,110,Debit Card,Female,5,3,Laptop & Accessory,4,Divorced,21,0,16,12,14,11,179.26
55573,0,11,Mobile Phone,2,75,E wallet,Male,3,1,Laptop & Accessory,3,Single,6,0,22,0,9,34,280.17
55574,0,28,Phone,2,117,Debit Card,Male,2,6,Laptop & Accessory,5,Married,15,1,16,2,8,,153.55
55575,0,43,Mobile Phone,2,84,Credit Card,Female,4,3,Fashion,3,Married,15,1,20,8,16,40,290.39
55576,0,47,Computer,1,36,Credit Card,Female,3,3,Others,2,Single,18,0,20,3,14,26,66.65
55577,0,14,Computer,3,12,Cash on Delivery,Male,2,1,Others,3,Divorced,11,0,23,4,6,14,281.98
55578,1,28,Phone,2,117,Cash on Delivery,Male,2,4,Grocery,4,Single,1,0,,,4,29,98.9
55579,1,44,Computer,2,81,UPI,Female,5,3,Others,5,Divorced,14,0,24,14,14,6,256.51
55580,0,42,Phone,1,66,UPI,Female,2,5,Laptop & Accessory,3,Single,2,1,11,2,11,35,183.75
55581,0,48,Phone,3,79,Cash on Delivery,Female,,3,Fashion,5,Married,2,0,14,10,3,45,284.56
55582,0,20,Computer,3,24,Credit Card,Male,1,1,Mobile Phone,3,Single,20,1,24,6,8,23,75.16
55583,0,,Computer,2,22,Debit Card,Female,4,1,Mobile Phone,5,Married,10,1,14,6,3,17,227.99
55584,0,13,Mobile Phone,1,105,Cash on Delivery,Male,2,6,Laptop & Accessory,3,Divorced,16,0,13,16,12,23,275.91
55585,0,41,Mobile Phone,2,10,Debit Card,Female,3,4,Grocery,3,Single,3,0,23,14,11,31,252.42
55586,0,,Phone,2,88,UPI,Male,5,4,Mobile Phone,1,Single,14,0,24,7,5,11,183.95
55587,0,15,Mobile Phone,1,100,Debit Card,Female,0,6,Laptop & Accessory,2,Single,7,0,21,9,11,27,219.5
55588,0,14,Phone,1,114,Cash on Delivery,Male,5,6,Fashion,4,Single,19,0,15,14,3,10,63.87
55589,1,41,Computer,1,112,Credit Card,Male,,5,Mobile Phone,4,Married,19,0,23,6,9,2,70.35
55590,0,3,Computer,2,33,Cash on Delivery,Male,0,5,Laptop & Accessory,1,Married,19,0,24,16,11,36,86.87
55591,0,26,Mobile Phone,1,8,E wallet,Male,0,3,Mobile Phone,3,Single,3,1,19,12,7,2,269.1
55592,0,22,Phone,1,75,E wallet,Male,5,4,Fashion,2,Married,13,0,19,5,3,28,54.42
55593,0,28,Phone,2,47,E wallet,Male,3,5,Others,5,Single,19,0,18,4,10,31,97.15
55594,1,40,Mobile Phone,2,88,Credit Card,Female,5,3,Others,1,Married,14,1,22,15,13,37,299.14
55595,0,52,Phone,1,38,Cash on Delivery,Female,1,2,Fashion,4,Married,8,0,20,1,7,30,245.45
55596,0,51,Phone,1,104,E wallet,Female,3,3,Fashion,4,Married,8,1,16,,16,0,238.27
55597,0,8,Computer,3,75,Cash on Delivery,Male,3,5,Others,4,Single,17,1,23,4,4,36,147.92
55598,0,52,Phone,2,37,UPI,Male,4,3,Fashion,3,Single,21,0,14,11,16,20,228.27
55599,0,56,Phone,1,19,E wallet,Female,3,2,Fashion,5,Married,5,0,24,,,45,183.86
55600,0,55,Phone,3,120,E wallet,Male,4,5,Fashion,5,Divorced,5,0,12,12,4,40,23.23
55601,0,51,Mobile Phone,1,100,Credit Card,Male,2,3,Others,5,Married,21,0,22,11,11,41,187.37
55602,0,42,Mobile Phone,3,90,Cash on Delivery,Female,4,5,Others,3,Single,2,0,23,7,10,19,146.98
55603,0,42,Mobile Phone,1,124,Credit Card,Female,3,6,Mobile Phone,4,Divorced,11,1,,,11,10,37.04
55604,0,6,Phone,1,44,Credit Card,Female,2,6,Others,4,Single,15,1,,14,,9,111.89
55605,0,52,Phone,1,97,Cash on Delivery,Female,,3,Mobile Phone,3,Divorced,7,0,19,9,8,2,290.81
55606,0,41,Mobile Phone,1,93,UPI,Female,1,1,Others,2,Divorced,11,0,11,,16,13,261.2
55607,1,3,Mobile Phone,2,9,Cash on Delivery,Female,5,5,Grocery,3,Single,2,0,17,13,14,44,297.02
55608,1,4,Phone,2,82,UPI,Female,3,5,Mobile Phone,3,Married,6,0,20,12,6,44,233.05
55609,0,4,Phone,3,54,Credit Card,Male,0,6,Fashion,4,Single,9,0,16,9,1,30,205.58
55610,0,10,Computer,1,103,UPI,Male,5,6,Grocery,5,Single,17,0,12,4,16,34,45.25
55611,0,40,Mobile Phone,1,70,UPI,Male,3,5,Others,4,Married,19,0,15,8,1,,34.84
55612,0,27,Phone,1,93,UPI,Male,,5,Others,2,Married,12,1,,13,4,5,80.19
55613,0,15,Mobile Phone,1,58,E wallet,Female,5,6,Grocery,1,Divorced,6,0,,0,15,28,102.11
55614,0,40,Mobile Phone,2,84,E wallet,Male,1,3,Laptop & Accessory,1,Divorced,16,0,19,14,16,45,197.29
55615,0,,Mobile Phone,1,50,Credit Card,Male,3,4,Fashion,3,Married,2,0,15,6,11,21,285.13
55616,1,29,Computer,2,84,Cash on Delivery,Male,5,3,Mobile Phone,1,Single,11,0,16,3,16,45,289.49
55617,1,3,Phone,2,15,UPI,Male,1,2,Grocery,5,Married,15,0,14,,6,2,221.77
55618,0,1,Phone,1,53,E wallet,Female,0,1,Mobile Phone,4,Married,6,1,25,2,,1,186.52
55619,0,45,Mobile Phone,2,103,Cash on Delivery,Male,4,3,Others,2,Married,9,0,11,3,,27,79.43
55620,0,2,Phone,1,27,UPI,Female,3,3,Laptop & Accessory,2,Single,9,0,25,1,9,,304.83
55621,0,49,Computer,1,59,Cash on Delivery,Female,2,5,Laptop & Accessory,2,Single,18,0,13,,2,,218.11
55622,1,20,Mobile Phone,2,9,Debit Card,Male,2,2,Mobile Phone,4,Divorced,13,1,15,1,14,8,173.37
55623,0,5,Computer,1,68,UPI,Female,1,5,Others,5,Married,5,0,13,7,6,31,33.79
55624,0,42,Computer,1,39,Cash on Delivery,Male,4,6,Laptop & Accessory,2,Married,17,0,18,6,7,16,268.41
55625,0,52,Phone,2,97,UPI,Female,2,5,Fashion,1,Single,21,0,,8,4,10,113.42
55626,1,17,Phone,1,115,UPI,Female,2,4,Others,5,Married,11,0,22,8,12,37,292.69
55627,0,43,Computer,2,123,Debit Card,Female,3,1,Grocery,5,Single,9,1,25,1,5,34,54.73
55628,0,4,Phone,1,73,Cash on Delivery,Male,2,4,Grocery,5,Divorced,20,1,12,6,14,17,15.79
55629,0,8,Computer,1,58,Credit Card,Male,0,5,Grocery,2,Divorced,9,0,11,12,5,35,141.29
55630,0,19,Computer,3,7,E wallet,Male,1,1,Fashion,5,Divorced,9,0,22,,2,18,25.45
