CustomerID,Churn,Tenure,PreferredLoginDevice,CityTier,WarehouseToHome,PreferredPaymentMode,Gender,HourSpendOnApp,NumberOfDeviceRegistered,PreferedOrderCat,SatisfactionScore,MaritalStatus,NumberOfAddress,Complain,OrderAmountHikeFromlastYear,CouponUsed,OrderCount,DaySinceLastOrder,CashbackAmount,TotalSpend,AvgOrderValue,ReturnRate,CustomerAge,LastLoginDaysAgo,ReviewsGiven,WishlistItems,SubscriptionPlan,ReferralsMade,SupportTicketCount
CUST_00000,0,5,Mobile Phone,2,28,Debit Card,Male,2,8,Laptop & Accessory,3,Married,4,0,14,9,14,39,44.32,5336.41,793.71,0.1631,64,83,7,4,Platinum,9,2
CUST_00001,0,47,Phone,1,52,Credit Card,Female,0,6,Fashion,1,Single,10,0,27,19,19,15,212.22,7318.1,2462.64,0.5415,19,42,2,11,Gold,5,1
CUST_00002,0,39,Mobile Phone,1,41,Credit Card,Female,0,7,Mobile Phone,5,Married,4,0,36,14,0,14,271.23,5128.22,785.61,0.2102,59,75,8,8,Platinum,8,9
CUST_00003,0,26,Mobile Phone,1,32,Credit Card,Female,4,7,Electronics,5,Single,6,1,43,2,3,68,388.15,10523.54,2269.12,0.67,33,53,14,30,Gold,0,0
CUST_00004,0,26,Tablet,1,69,E-wallet,Male,3,8,Others,1,Single,2,0,7,8,16,28,159.27,7766.55,550.3,0.3993,41,66,7,14,Gold,9,2
CUST_00005,0,52,Mobile Phone,1,96,E-wallet,Female,3,6,Mobile Phone,4,Married,4,1,29,1,20,3,271.39,8207.56,489.88,0.104,39,71,7,4,Silver,9,2
CUST_00006,1,5,Computer,2,75,Cash on Delivery,Female,2,6,Laptop & Accessory,1,Married,3,0,40,18,5,69,314.53,10589.25,2157.58,0.5747,67,61,12,14,Silver,2,10
CUST_00007,0,42,Mobile Phone,2,39,Cash on Delivery,Male,3,1,Others,1,Single,4,0,16,8,20,17,333.03,1635.87,1537.2,0.5619,59,81,15,7,Silver,9,8
CUST_00008,0,12,Phone,1,45,Credit Card,Female,5,10,Mobile Phone,4,Married,4,0,1,1,0,90,366.79,5419.93,1925.91,0.4881,29,87,15,18,Silver,7,8
CUST_00009,0,5,Mobile Phone,1,14,Credit Card,Male,1,6,Mobile Phone,4,Married,2,0,47,19,14,53,138.35,4881.88,1460.03,0.6817,21,2,14,16,Silver,3,6
CUST_00010,0,32,Mobile Phone,3,18,Debit Card,Female,2,3,Others,5,Single,6,1,42,17,8,50,336.99,9035.91,2433.73,0.5596,28,20,3,23,Silver,9,8
CUST_00011,0,59,Mobile Phone,1,30,E-wallet,Female,1,2,Others,2,Single,6,0,36,20,13,64,382.77,10123.16,121.06,0.5791,27,89,3,11,Free,10,7
CUST_00012,0,44,Computer,2,42,UPI,Female,0,7,Grocery,5,Married,6,0,38,7,18,20,187.75,5453.93,417.96,0.3783,18,70,12,6,Silver,3,8
CUST_00013,0,46,Computer,2,100,E-wallet,Female,4,8,Laptop & Accessory,3,Single,5,0,15,10,11,61,276.49,1493.53,322.1,0.5732,56,52,12,16,Silver,8,1
CUST_00014,0,43,Mobile Phone,2,88,Debit Card,Male,4,9,Electronics,2,Divorced,6,0,40,10,4,16,129.2,9159.25,1694.7,0.3204,54,44,9,11,Silver,3,2
CUST_00015,0,47,Mobile Phone,3,15,Debit Card,Female,5,9,Electronics,2,Single,8,0,50,15,20,23,102.52,9420.19,819.08,0.3369,47,59,10,0,Free,6,3
CUST_00016,0,31,Phone,2,36,E-wallet,Female,0,9,Fashion,4,Married,3,0,15,17,6,52,111.19,3377.82,1977.28,0.4505,46,66,11,11,Gold,4,7
CUST_00017,0,7,Mobile Phone,3,10,UPI,Male,1,7,Grocery,2,Married,2,1,24,11,10,35,20.57,2140.75,354.03,0.5677,32,20,2,20,Platinum,0,2
CUST_00018,0,51,Mobile Phone,3,11,Cash on Delivery,Male,3,10,Grocery,2,Single,7,0,43,11,3,82,231.37,1782.51,613.8,0.0686,33,77,8,21,Free,8,1
CUST_00019,0,27,Computer,1,40,Cash on Delivery,Female,4,1,Grocery,2,Married,2,0,11,2,18,3,344.71,1303.2,211.14,0.3633,22,43,9,8,Platinum,0,8
CUST_00020,0,30,Mobile Phone,1,97,Cash on Delivery,Male,5,4,Grocery,2,Married,4,1,35,3,20,9,114.84,3556.56,2483.46,0.01,35,69,11,21,Free,3,4
CUST_00021,0,22,Mobile Phone,1,22,Cash on Delivery,Male,4,5,Others,2,Married,6,0,1,13,8,0,12.69,8622.02,1807.87,0.3763,40,31,3,9,Free,7,1
CUST_00022,1,11,Mobile Phone,1,70,E-wallet,Female,5,7,Laptop & Accessory,1,Married,6,0,49,9,9,82,113.25,3501.51,316.97,0.3248,34,76,10,0,Gold,1,10
CUST_00023,0,56,Mobile Phone,2,42,UPI,Male,4,3,Laptop & Accessory,5,Divorced,8,0,3,3,9,37,308.81,10068.04,1635.01,0.0464,65,36,6,28,Platinum,3,2
CUST_00024,0,47,Mobile Phone,1,56,Debit Card,Female,1,3,Laptop & Accessory,2,Single,5,0,1,2,19,80,179.05,4077.47,1127.13,0.2659,38,42,10,0,Gold,6,7
CUST_00025,0,39,Computer,1,88,UPI,Male,3,10,Laptop & Accessory,3,Married,5,0,21,13,12,49,306.85,8491.61,2294.66,0.2115,58,33,3,27,Free,3,7
CUST_00026,1,24,Computer,1,84,Debit Card,Male,3,7,Fashion,1,Single,1,0,40,18,1,78,86.81,2618.49,378.52,0.6698,34,47,15,3,Free,0,9
CUST_00027,0,50,Mobile Phone,2,84,Credit Card,Female,2,7,Laptop & Accessory,3,Single,8,0,10,5,15,74,256.78,1460.65,118.29,0.3285,64,14,6,12,Platinum,6,7
CUST_00028,0,33,Phone,2,44,Debit Card,Female,5,2,Mobile Phone,2,Single,3,0,31,11,9,8,292.4,2973.4,427.31,0.0656,41,17,0,18,Free,6,6
CUST_00029,1,27,Mobile Phone,3,9,UPI,Female,4,6,Grocery,1,Married,9,0,17,5,1,87,323.68,7552.72,2346.91,0.3002,58,29,4,11,Free,0,9
CUST_00030,0,27,Computer,1,99,UPI,Female,3,5,Others,2,Married,7,0,50,17,9,46,273.62,8003.89,2326.35,0.4816,62,62,4,7,Gold,3,0
CUST_00031,0,13,Mobile Phone,1,100,Debit Card,Female,2,7,Electronics,5,Married,10,0,24,14,1,54,364.31,7481.34,218.08,0.6873,62,67,5,24,Free,6,9
CUST_00032,1,5,Computer,3,87,Cash on Delivery,Male,4,10,Mobile Phone,5,Divorced,9,0,22,7,5,22,50.41,5123.72,1332.0,0.6545,46,58,10,13,Silver,7,9
CUST_00033,0,33,Mobile Phone,2,50,Debit Card,Male,1,3,Laptop & Accessory,4,Married,4,0,1,9,15,74,220.26,6759.04,1726.87,0.3294,61,24,0,22,Platinum,2,9
CUST_00034,0,54,Mobile Phone,2,31,Cash on Delivery,Female,1,9,Electronics,2,Single,4,0,14,11,10,7,179.92,11303.47,60.49,0.4748,59,12,6,0,Gold,2,7
CUST_00035,1,3,Mobile Phone,2,21,Debit Card,Female,2,7,Electronics,4,Single,10,0,0,17,9,11,399.71,989.88,90.19,0.7256,28,67,2,4,Silver,3,8
CUST_00036,0,52,Mobile Phone,1,40,E-wallet,Female,0,5,Others,5,Married,9,0,44,10,7,20,219.74,1082.9,212.63,0.1117,48,60,7,15,Silver,8,9
CUST_00037,0,50,Mobile Phone,3,37,Cash on Delivery,Female,2,10,Fashion,4,Single,8,0,24,14,18,74,274.1,5972.03,1775.54,0.6624,45,42,5,12,Free,3,1
CUST_00038,0,16,Computer,2,31,UPI,Female,2,2,Laptop & Accessory,5,Single,10,0,16,9,5,74,367.61,9642.94,2353.13,0.6349,32,42,6,27,Platinum,10,7
CUST_00039,1,38,Phone,2,96,UPI,Female,3,7,Others,2,Single,7,0,12,6,19,23,57.0,10554.71,217.04,0.686,54,88,6,15,Silver,0,5
CUST_00040,1,10,Mobile Phone,2,68,Cash on Delivery,Female,2,4,Mobile Phone,3,Married,1,0,35,12,7,49,135.72,8792.59,402.55,0.7251,69,56,12,26,Gold,8,8
CUST_00041,0,46,Phone,1,26,UPI,Female,5,7,Fashion,2,Married,6,0,32,16,8,37,129.33,2728.51,1194.89,0.1235,41,32,14,14,Platinum,10,1
CUST_00042,0,42,Computer,1,66,E-wallet,Male,1,2,Fashion,4,Married,4,0,16,20,13,49,46.77,9130.66,1134.37,0.4205,27,29,0,19,Silver,3,1
CUST_00043,1,21,Phone,2,72,Credit Card,Female,2,8,Others,1,Married,1,0,14,1,16,1,224.0,2688.86,570.08,0.1242,57,87,6,3,Free,3,5
CUST_00044,0,4,Computer,2,55,E-wallet,Female,4,1,Fashion,2,Divorced,6,0,48,20,9,39,122.62,278.08,540.86,0.2029,68,44,7,11,Platinum,5,0
CUST_00045,0,59,Computer,1,95,E-wallet,Female,1,4,Grocery,4,Married,6,1,2,15,13,42,66.07,1914.05,391.93,0.5958,20,4,6,19,Free,7,8
CUST_00046,0,27,Mobile Phone,1,97,Debit Card,Male,3,10,Grocery,1,Married,8,0,26,5,8,1,8.76,11621.48,663.86,0.6594,67,16,10,9,Free,9,2
CUST_00047,0,54,Computer,3,46,Debit Card,Male,5,7,Others,2,Married,8,1,49,8,16,59,10.02,8600.73,2111.55,0.3429,56,8,11,19,Free,9,5
CUST_00048,0,41,Phone,1,50,E-wallet,Female,2,5,Others,4,Single,4,0,16,14,17,34,156.3,1847.8,1170.92,0.5608,27,10,6,17,Platinum,8,0
CUST_00049,0,47,Mobile Phone,1,25,UPI,Male,1,4,Grocery,2,Divorced,10,1,3,6,18,22,244.37,3795.18,2298.6,0.1534,37,23,9,24,Silver,4,3
CUST_00050,0,46,Mobile Phone,2,80,Cash on Delivery,Female,1,1,Laptop & Accessory,4,Married,5,0,41,7,13,71,85.03,10608.31,2112.18,0.3394,26,35,1,21,Gold,0,7
CUST_00051,1,11,Mobile Phone,3,94,Credit Card,Male,0,2,Fashion,3,Single,5,0,46,10,5,73,364.05,8591.91,1345.77,0.0031,47,80,2,18,Free,5,10
CUST_00052,0,22,Tablet,2,68,UPI,Female,1,8,Grocery,3,Married,2,0,3,14,13,23,84.07,3000.57,2069.52,0.584,33,71,15,2,Silver,0,7
CUST_00053,0,28,Mobile Phone,3,24,Cash on Delivery,Female,5,3,Electronics,2,Married,10,0,19,19,13,84,108.17,11726.5,452.62,0.1999,51,66,9,1,Free,8,3
CUST_00054,0,30,Computer,1,54,E-wallet,Male,1,1,Electronics,5,Divorced,4,0,4,17,4,1,121.67,7026.72,1619.94,0.0257,50,87,6,19,Free,1,6
CUST_00055,0,2,Phone,3,81,UPI,Female,5,5,Fashion,4,Single,2,0,45,5,17,51,63.1,6637.7,2353.99,0.2637,59,24,15,7,Gold,1,2
CUST_00056,0,33,Tablet,3,9,Credit Card,Male,5,4,Electronics,4,Single,9,0,42,4,15,64,399.64,7079.98,1567.91,0.2684,40,88,15,20,Free,5,5
CUST_00057,0,9,Mobile Phone,2,61,UPI,Female,4,10,Mobile Phone,4,Divorced,10,0,41,20,9,22,286.78,8821.01,1252.19,0.5397,50,0,0,16,Platinum,6,5
CUST_00058,0,45,Computer,2,68,Cash on Delivery,Female,5,3,Grocery,3,Married,3,0,16,19,0,33,120.16,3233.95,1656.29,0.2748,63,0,14,7,Gold,1,1
CUST_00059,0,41,Phone,1,56,E-wallet,Female,2,3,Fashion,1,Single,6,0,36,12,15,64,389.27,385.0,384.91,0.2257,40,74,2,12,Silver,6,4
CUST_00060,0,56,Mobile Phone,1,66,E-wallet,Male,5,2,Electronics,1,Married,10,0,9,14,4,33,253.91,7841.67,771.49,0.0061,69,39,2,12,Silver,7,8
CUST_00061,0,45,Computer,1,91,Cash on Delivery,Male,3,2,Others,3,Married,7,1,7,5,15,26,307.74,5739.39,667.95,0.5862,42,77,1,18,Silver,1,3
CUST_00062,0,22,Mobile Phone,1,16,Credit Card,Male,0,6,Electronics,5,Single,5,0,29,12,8,58,137.48,9755.51,339.83,0.0549,41,11,10,6,Free,9,0
CUST_00063,0,59,Computer,3,59,UPI,Female,4,3,Electronics,3,Single,6,0,49,14,15,14,86.69,11135.7,1784.73,0.257,49,23,9,2,Gold,2,2
CUST_00064,0,25,Mobile Phone,1,81,UPI,Male,5,8,Electronics,5,Single,2,0,12,6,18,50,179.92,7367.67,1603.75,0.1847,18,77,4,10,Silver,0,8
CUST_00065,0,19,Mobile Phone,2,83,UPI,Male,5,9,Mobile Phone,3,Single,10,0,23,15,1,25,166.69,7182.21,2188.02,0.7163,46,2,13,9,Free,10,10
CUST_00066,0,55,Mobile Phone,1,49,E-wallet,Female,2,5,Mobile Phone,4,Married,6,0,50,7,0,29,393.82,7669.5,1760.21,0.4547,69,83,3,15,Platinum,8,9
CUST_00067,0,22,Mobile Phone,1,100,E-wallet,Male,0,3,Others,1,Single,1,0,21,11,14,39,58.05,1032.28,2038.99,0.0218,51,88,5,6,Silver,8,4
CUST_00068,0,4,Mobile Phone,1,36,Debit Card,Male,3,9,Grocery,4,Married,4,0,41,0,9,66,54.07,4419.99,391.01,0.5066,40,26,8,10,Gold,0,5
CUST_00069,0,28,Computer,1,47,E-wallet,Male,5,10,Fashion,5,Married,5,0,34,2,14,20,248.47,7923.84,210.59,0.6621,42,33,14,18,Silver,5,6
CUST_00070,0,48,Mobile Phone,2,84,E-wallet,Female,5,10,Grocery,3,Married,10,0,45,13,2,61,224.77,6371.11,957.82,0.5011,44,19,8,5,Free,0,7
CUST_00071,0,11,Mobile Phone,3,47,Cash on Delivery,Female,3,10,Laptop & Accessory,5,Single,9,0,17,17,18,30,218.49,9437.65,370.88,0.3927,23,20,13,3,Platinum,8,0
CUST_00072,0,28,Computer,1,37,Debit Card,Female,4,9,Laptop & Accessory,2,Married,4,1,42,11,4,81,164.81,1509.01,1930.8,0.245,51,75,14,30,Gold,4,5
CUST_00073,1,7,Computer,3,58,Cash on Delivery,Female,0,8,Laptop & Accessory,3,Single,2,0,42,17,2,36,144.45,7677.69,1111.7,0.4644,24,88,8,10,Free,9,5
CUST_00074,0,41,Mobile Phone,2,64,UPI,Female,3,10,Grocery,5,Divorced,1,0,45,16,8,38,34.85,10087.57,2349.38,0.0309,58,61,10,15,Silver,10,2
CUST_00075,0,29,Tablet,2,98,E-wallet,Female,0,4,Laptop & Accessory,4,Single,6,0,46,16,17,68,316.99,7993.67,265.82,0.1686,23,67,6,26,Platinum,3,5
CUST_00076,0,20,Mobile Phone,1,64,Cash on Delivery,Female,4,10,Laptop & Accessory,4,Married,5,0,17,17,2,4,178.59,1017.57,2368.06,0.6903,43,0,11,17,Gold,3,0
CUST_00077,0,13,Phone,1,22,E-wallet,Female,0,1,Electronics,3,Married,6,1,42,15,10,78,358.91,7990.2,1831.98,0.533,67,15,5,21,Gold,10,3
CUST_00078,0,34,Mobile Phone,3,10,UPI,Male,3,9,Electronics,3,Married,3,0,34,17,17,30,198.24,10220.74,2018.96,0.071,20,23,12,14,Gold,5,7
CUST_00079,0,40,Computer,2,97,Credit Card,Female,5,4,Mobile Phone,2,Married,9,0,4,8,10,75,361.41,1867.22,1256.74,0.5029,21,41,2,13,Free,7,0
CUST_00080,0,57,Tablet,1,45,UPI,Male,0,3,Electronics,4,Married,6,1,46,8,1,33,369.6,7462.65,942.03,0.6747,50,21,1,17,Gold,10,1
CUST_00081,0,26,Phone,3,24,E-wallet,Male,2,7,Laptop & Accessory,1,Married,10,0,36,10,4,17,223.68,5886.72,1824.96,0.5031,53,38,0,15,Platinum,4,5
CUST_00082,0,9,Computer,1,26,Cash on Delivery,Male,0,2,Fashion,3,Single,3,0,34,11,12,9,318.98,2771.4,2448.73,0.443,41,48,5,1,Free,6,5
CUST_00083,0,50,Computer,2,15,Cash on Delivery,Female,4,10,Fashion,5,Married,3,0,3,13,13,73,41.57,5358.35,113.99,0.371,27,35,2,0,Platinum,8,0
CUST_00084,0,38,Mobile Phone,1,24,Cash on Delivery,Female,5,8,Fashion,1,Single,6,0,50,11,3,2,46.89,5132.26,1512.99,0.4433,46,64,9,0,Platinum,4,2
CUST_00085,0,42,Computer,3,79,UPI,Male,0,1,Others,3,Married,7,0,49,3,8,58,280.12,6900.79,656.17,0.6533,56,61,9,25,Silver,7,2
CUST_00086,0,5,Computer,1,67,Credit Card,Female,3,9,Laptop & Accessory,4,Married,3,0,44,8,2,55,20.34,9004.22,1030.2,0.237,32,36,12,22,Platinum,3,0
CUST_00087,0,19,Tablet,1,62,UPI,Male,4,2,Grocery,1,Married,6,0,17,12,12,21,284.57,1252.49,1457.39,0.5792,25,11,4,9,Free,8,10
CUST_00088,0,46,Mobile Phone,2,6,Credit Card,Female,0,9,Mobile Phone,1,Single,6,0,3,0,9,68,92.26,2494.92,581.39,0.4808,18,89,12,26,Gold,3,8
CUST_00089,0,50,Mobile Phone,1,69,Debit Card,Female,2,9,Fashion,1,Married,7,1,37,2,13,34,93.91,7740.75,75.64,0.098,69,40,13,7,Silver,5,3
CUST_00090,0,26,Computer,3,98,Cash on Delivery,Female,0,7,Mobile Phone,2,Single,7,0,25,19,7,72,144.09,1563.84,218.64,0.179,24,36,13,16,Silver,0,4
CUST_00091,0,49,Mobile Phone,2,93,E-wallet,Male,5,7,Electronics,5,Married,3,0,12,17,20,31,369.78,7921.55,113.01,0.6628,52,49,13,9,Platinum,9,4
CUST_00092,0,51,Mobile Phone,1,42,Debit Card,Female,3,9,Laptop & Accessory,1,Married,2,0,14,12,0,70,284.25,7918.13,160.28,0.2432,48,64,10,21,Silver,1,0
CUST_00093,0,23,Mobile Phone,1,62,Cash on Delivery,Male,3,9,Laptop & Accessory,4,Single,3,0,34,2,5,39,300.6,4105.9,454.72,0.3069,46,56,1,6,Platinum,0,5
CUST_00094,0,54,Computer,3,33,Debit Card,Female,5,8,Mobile Phone,2,Single,2,0,44,5,1,41,313.22,11865.28,1138.06,0.2495,52,78,2,8,Free,8,3
CUST_00095,0,17,Mobile Phone,2,90,Debit Card,Female,4,2,Others,3,Divorced,6,1,29,16,17,76,332.65,5739.28,1158.31,0.417,26,13,14,25,Gold,1,9
CUST_00096,0,14,Mobile Phone,3,93,E-wallet,Female,1,7,Laptop & Accessory,5,Single,6,0,47,15,6,8,68.13,11546.03,79.39,0.0495,24,61,4,0,Free,6,6
CUST_00097,0,41,Mobile Phone,1,26,Cash on Delivery,Female,3,3,Mobile Phone,5,Divorced,1,0,28,4,0,37,376.74,2227.02,115.11,0.3312,46,75,15,1,Free,10,2
CUST_00098,0,38,Phone,3,51,Credit Card,Male,1,1,Fashion,1,Married,9,1,28,1,16,3,158.8,11230.95,669.81,0.3748,41,64,9,8,Platinum,1,6
CUST_00099,1,8,Computer,2,27,Credit Card,Male,3,2,Laptop & Accessory,1,Married,8,0,18,19,18,4,224.69,6959.06,171.43,0.6107,47,50,9,14,Silver,2,10
CUST_00100,0,50,Mobile Phone,2,63,Credit Card,Male,4,5,Grocery,2,Married,5,0,2,15,17,12,324.11,11878.4,553.06,0.1595,51,29,10,17,Free,4,9
CUST_00101,0,12,Mobile Phone,1,33,UPI,Male,5,10,Fashion,5,Married,2,1,13,13,4,67,341.03,7214.5,136.1,0.2911,69,87,5,20,Silver,8,8
CUST_00102,0,49,Computer,1,71,Credit Card,Female,5,1,Grocery,4,Married,2,0,17,18,1,71,202.44,11182.37,262.11,0.3951,40,67,0,21,Silver,2,5
CUST_00103,1,0,Mobile Phone,3,99,UPI,Male,2,1,Laptop & Accessory,4,Married,10,0,31,9,6,71,217.89,4258.85,1668.48,0.6072,57,33,3,1,Platinum,10,1
CUST_00104,0,48,Computer,3,88,UPI,Female,5,1,Mobile Phone,5,Married,3,1,9,2,3,90,163.84,7631.11,379.95,0.5264,55,89,7,14,Free,4,3
CUST_00105,1,48,Mobile Phone,1,22,Cash on Delivery,Female,5,2,Mobile Phone,1,Single,9,1,25,0,16,52,19.81,481.49,1142.93,0.0338,31,83,3,16,Free,7,8
CUST_00106,0,47,Tablet,3,17,Debit Card,Female,3,6,Electronics,4,Married,7,1,26,20,7,18,259.04,7038.96,2028.76,0.2619,67,37,15,26,Gold,6,2
CUST_00107,0,40,Mobile Phone,1,83,Credit Card,Male,0,9,Electronics,5,Married,7,0,26,12,9,43,270.88,4562.39,192.14,0.1631,65,8,7,12,Silver,5,7
CUST_00108,0,28,Computer,1,12,Credit Card,Male,0,1,Laptop & Accessory,5,Married,9,1,50,15,13,50,189.2,9905.82,712.22,0.0921,35,19,0,24,Gold,1,8
CUST_00109,0,43,Mobile Phone,1,43,Credit Card,Female,3,9,Fashion,4,Married,9,0,9,7,9,70,19.24,6012.0,1582.67,0.2066,37,88,6,22,Free,4,6
CUST_00110,1,16,Tablet,1,100,Credit Card,Female,4,10,Electronics,4,Married,3,0,17,2,5,43,226.34,6325.08,474.99,0.4286,60,87,5,13,Silver,7,4
CUST_00111,0,47,Tablet,1,48,Debit Card,Male,5,1,Laptop & Accessory,2,Single,10,0,18,16,4,2,41.23,11800.37,1323.95,0.6127,54,70,10,27,Free,1,4
CUST_00112,0,33,Computer,1,5,E-wallet,Male,1,5,Laptop & Accessory,4,Divorced,2,0,37,16,4,76,181.61,10697.11,1747.89,0.6638,30,12,9,3,Silver,0,8
CUST_00113,0,27,Mobile Phone,1,98,Cash on Delivery,Male,5,9,Grocery,2,Married,8,0,33,16,2,53,319.37,11185.1,2374.84,0.2517,27,39,6,1,Platinum,5,8
CUST_00114,0,30,Mobile Phone,2,72,Debit Card,Male,4,7,Grocery,3,Divorced,4,1,42,10,12,9,90.81,2119.16,2436.64,0.1728,48,54,14,20,Free,0,0
CUST_00115,1,34,Phone,3,36,E-wallet,Male,2,2,Electronics,1,Married,7,0,27,14,4,86,367.55,10574.54,449.7,0.4303,57,6,10,8,Free,3,9
CUST_00116,1,2,Computer,2,63,Cash on Delivery,Female,2,2,Fashion,2,Married,9,0,42,6,14,40,283.31,5190.83,2196.39,0.4998,64,53,1,8,Gold,9,7
CUST_00117,1,8,Mobile Phone,1,63,Cash on Delivery,Male,2,5,Others,1,Married,5,0,1,5,7,72,102.99,10241.95,178.26,0.4146,38,73,5,20,Free,2,0
CUST_00118,0,14,Mobile Phone,2,58,E-wallet,Female,4,9,Laptop & Accessory,3,Single,1,0,7,0,10,66,91.9,6152.71,1153.03,0.6225,64,73,13,16,Silver,7,1
CUST_00119,0,6,Mobile Phone,1,97,Cash on Delivery,Male,4,10,Laptop & Accessory,1,Single,9,0,31,3,17,25,29.85,8034.14,1200.96,0.2969,57,38,11,29,Silver,1,4
CUST_00120,0,26,Phone,2,80,E-wallet,Male,1,5,Grocery,4,Married,2,0,12,9,14,81,349.55,3084.79,256.51,0.2488,40,66,4,12,Platinum,0,8
CUST_00121,0,40,Computer,2,29,Debit Card,Male,2,6,Others,4,Single,8,0,14,10,6,83,25.21,2415.86,824.17,0.4251,58,57,4,29,Free,4,5
CUST_00122,0,39,Computer,1,100,E-wallet,Male,0,6,Laptop & Accessory,4,Single,5,0,11,9,0,85,250.52,6733.11,1954.94,0.4949,61,38,4,29,Platinum,0,6
CUST_00123,0,28,Computer,1,97,Credit Card,Female,5,5,Electronics,4,Married,5,0,7,9,15,18,300.58,1805.19,574.65,0.2508,65,39,9,30,Gold,7,10
CUST_00124,0,52,Mobile Phone,3,9,Debit Card,Female,2,7,Others,4,Single,3,0,15,4,6,12,102.04,7534.58,1576.55,0.1903,42,70,4,19,Platinum,9,0
CUST_00125,0,34,Mobile Phone,3,33,E-wallet,Female,1,3,Grocery,4,Single,6,0,46,14,1,49,152.16,489.43,2409.81,0.725,46,20,6,26,Silver,1,5
CUST_00126,0,4,Mobile Phone,2,63,Credit Card,Male,1,6,Electronics,4,Married,2,0,2,9,12,22,117.54,2479.53,179.3,0.5309,52,77,14,1,Free,0,1
CUST_00127,0,46,Computer,3,89,UPI,Female,0,7,Mobile Phone,1,Single,3,0,50,11,16,56,320.69,3374.7,86.43,0.4598,33,7,9,3,Platinum,6,3
CUST_00128,0,35,Mobile Phone,3,73,Debit Card,Male,2,6,Electronics,4,Single,5,0,27,12,13,61,398.17,2107.78,700.67,0.2136,46,20,2,5,Silver,8,0
CUST_00129,0,38,Mobile Phone,1,60,Credit Card,Female,4,10,Fashion,3,Single,8,0,39,10,17,3,388.24,1507.92,287.17,0.6911,48,89,9,25,Silver,1,1
CUST_00130,0,34,Mobile Phone,2,34,Debit Card,Female,1,8,Mobile Phone,1,Married,6,0,37,11,4,69,27.8,9188.05,255.61,0.3965,47,57,1,29,Silver,6,9
CUST_00131,0,33,Mobile Phone,1,14,UPI,Male,2,8,Mobile Phone,3,Divorced,9,0,3,10,17,11,271.13,5081.91,1058.78,0.2025,36,23,8,5,Free,3,6
CUST_00132,0,5,Computer,2,90,Cash on Delivery,Female,3,9,Others,2,Single,3,0,13,7,6,52,233.99,3131.64,1647.7,0.2711,21,7,12,6,Free,9,10
CUST_00133,0,34,Mobile Phone,1,56,Cash on Delivery,Male,2,6,Electronics,1,Married,1,0,44,10,11,49,372.01,3725.43,1869.03,0.2791,46,41,5,15,Platinum,7,8
CUST_00134,0,48,Mobile Phone,3,48,Credit Card,Male,4,4,Electronics,3,Single,4,0,32,14,4,1,231.18,9545.75,316.51,0.0256,62,81,13,10,Silver,4,4
CUST_00135,0,18,Computer,2,99,Debit Card,Female,1,6,Electronics,5,Married,2,0,18,18,12,16,182.98,2788.51,1449.13,0.3068,56,51,14,17,Silver,5,10
CUST_00136,0,36,Mobile Phone,1,20,Credit Card,Female,2,10,Mobile Phone,1,Single,6,0,27,2,18,49,179.57,9165.28,1806.39,0.1955,34,5,4,30,Free,6,0
CUST_00137,0,1,Mobile Phone,1,29,Credit Card,Female,5,9,Mobile Phone,1,Married,10,0,21,3,20,38,341.45,8786.28,1559.4,0.3392,50,71,5,19,Platinum,3,7
CUST_00138,0,21,Mobile Phone,1,87,Debit Card,Female,5,4,Grocery,5,Married,5,0,5,2,6,43,268.84,903.61,1187.97,0.4205,23,45,15,27,Platinum,1,0
CUST_00139,0,26,Phone,2,32,Cash on Delivery,Male,3,5,Mobile Phone,4,Married,2,1,47,0,8,64,29.62,10882.23,1130.55,0.2517,51,24,3,3,Free,7,6
CUST_00140,0,59,Mobile Phone,3,95,Debit Card,Male,2,3,Grocery,2,Single,6,0,12,17,18,62,373.41,6812.43,1959.22,0.0229,37,46,14,6,Gold,9,7
CUST_00141,1,13,Computer,1,87,Credit Card,Female,5,1,Others,2,Married,8,0,44,4,6,56,271.5,10079.36,615.65,0.6957,47,69,7,23,Platinum,6,6
CUST_00142,1,16,Tablet,2,14,Debit Card,Male,2,4,Electronics,1,Single,9,1,12,6,18,67,62.02,3886.42,505.13,0.0882,22,68,1,6,Platinum,3,3
CUST_00143,0,24,Computer,2,48,UPI,Female,2,2,Fashion,5,Married,5,0,30,6,11,79,187.74,8310.23,196.5,0.263,40,11,15,2,Gold,9,8
CUST_00144,0,60,Mobile Phone,1,77,Debit Card,Male,3,4,Others,4,Married,5,0,24,18,11,19,100.26,7269.2,1035.77,0.5454,19,18,2,18,Silver,2,7
CUST_00145,0,52,Computer,2,52,E-wallet,Male,2,1,Grocery,2,Married,6,0,45,12,19,83,236.55,3313.41,1678.07,0.6596,58,74,9,29,Free,4,5
CUST_00146,0,2,Mobile Phone,1,25,UPI,Male,5,4,Fashion,1,Married,3,0,32,2,18,42,222.5,10234.24,1334.61,0.4846,37,27,6,24,Silver,0,4
CUST_00147,0,14,Mobile Phone,1,9,E-wallet,Male,1,8,Others,4,Married,2,0,30,17,19,84,388.11,9785.11,257.78,0.1803,68,82,15,15,Platinum,7,3
CUST_00148,0,50,Mobile Phone,1,5,Credit Card,Female,0,9,Fashion,3,Married,8,0,15,20,1,58,22.07,8073.56,2481.6,0.4976,44,12,10,21,Free,4,4
CUST_00149,1,3,Mobile Phone,3,22,Debit Card,Male,2,9,Mobile Phone,4,Single,2,1,44,14,2,35,180.13,10431.12,959.74,0.3018,22,82,12,10,Free,8,3
CUST_00150,0,52,Mobile Phone,1,30,Credit Card,Male,5,6,Laptop & Accessory,2,Married,7,0,6,10,2,3,73.15,2706.27,56.91,0.5586,65,45,0,15,Gold,0,7
CUST_00151,0,17,Mobile Phone,1,33,Credit Card,Female,0,6,Grocery,5,Married,6,0,25,20,11,11,8.81,8551.48,1534.19,0.2966,42,3,5,6,Platinum,7,7
CUST_00152,0,55,Mobile Phone,2,87,E-wallet,Female,4,10,Grocery,1,Married,5,0,13,0,8,56,311.27,3529.25,68.07,0.0659,38,11,9,18,Free,6,9
CUST_00153,1,17,Mobile Phone,3,53,UPI,Male,0,6,Electronics,1,Married,4,1,23,0,4,60,303.06,11279.69,2258.72,0.395,54,45,5,28,Free,5,9
CUST_00154,0,26,Computer,2,18,Cash on Delivery,Male,3,1,Laptop & Accessory,4,Married,10,0,2,16,14,12,373.68,6819.88,1521.7,0.0317,60,8,13,8,Silver,8,5
CUST_00155,1,40,Tablet,1,12,Debit Card,Female,2,10,Mobile Phone,3,Married,8,0,35,3,4,83,235.32,10204.44,856.65,0.4675,55,80,13,22,Platinum,0,6
CUST_00156,0,7,Mobile Phone,2,17,Credit Card,Female,0,7,Laptop & Accessory,2,Single,2,0,38,1,20,29,102.32,2237.77,872.29,0.238,51,1,7,10,Free,1,10
CUST_00157,1,33,Computer,1,35,E-wallet,Male,4,7,Mobile Phone,4,Married,10,0,35,1,7,70,145.19,3885.39,303.81,0.6616,68,72,5,17,Free,9,8
CUST_00158,0,30,Mobile Phone,2,75,Cash on Delivery,Female,1,1,Others,3,Divorced,2,0,35,9,9,70,241.83,9180.25,1080.84,0.3757,42,79,1,14,Platinum,5,1
CUST_00159,0,47,Mobile Phone,1,9,Cash on Delivery,Female,2,5,Others,3,Single,9,0,1,13,1,63,251.52,4369.36,1279.17,0.0255,41,80,13,22,Silver,0,0
CUST_00160,0,60,Mobile Phone,1,44,UPI,Female,3,5,Fashion,2,Single,5,0,34,9,0,83,17.04,1170.16,421.97,0.4789,20,17,3,2,Silver,5,7
CUST_00161,0,40,Mobile Phone,1,47,UPI,Female,3,9,Laptop & Accessory,4,Married,5,0,16,8,3,73,364.29,7920.06,1711.95,0.6233,44,65,12,26,Silver,5,10
CUST_00162,0,24,Mobile Phone,2,19,UPI,Female,0,4,Others,3,Single,6,0,31,3,3,14,370.42,1409.54,830.68,0.0337,63,65,9,5,Silver,1,8
CUST_00163,0,24,Mobile Phone,1,10,Cash on Delivery,Female,2,4,Laptop & Accessory,5,Married,5,1,32,6,1,37,319.4,6712.0,216.65,0.5587,33,77,10,14,Silver,2,2
CUST_00164,0,25,Mobile Phone,1,27,Debit Card,Female,3,7,Laptop & Accessory,3,Married,2,0,15,19,9,51,99.92,10056.03,656.21,0.5711,50,69,9,12,Free,5,0
CUST_00165,0,49,Mobile Phone,2,19,Debit Card,Female,3,1,Fashion,2,Married,2,1,6,6,14,45,139.23,7045.66,138.51,0.5104,61,5,7,29,Free,8,2
CUST_00166,1,19,Mobile Phone,2,81,Debit Card,Male,4,8,Others,1,Divorced,8,1,5,7,14,47,280.97,6056.87,2278.9,0.3676,29,59,2,15,Free,7,7
CUST_00167,0,10,Mobile Phone,1,93,UPI,Female,4,1,Electronics,2,Married,7,0,22,18,16,18,122.3,2818.47,1177.76,0.4856,18,17,14,7,Free,7,2
CUST_00168,0,20,Mobile Phone,2,64,E-wallet,Female,1,3,Fashion,4,Married,4,0,30,1,12,88,155.1,2038.61,2401.54,0.3672,32,6,9,25,Free,7,3
CUST_00169,0,1,Mobile Phone,2,77,E-wallet,Male,4,5,Fashion,2,Divorced,5,0,0,1,2,61,267.3,321.81,1555.41,0.2822,20,65,15,24,Platinum,2,3
CUST_00170,0,6,Mobile Phone,1,78,UPI,Female,5,2,Laptop & Accessory,3,Single,4,0,37,18,18,73,13.61,9628.6,154.17,0.0373,57,37,4,26,Free,1,8
CUST_00171,0,5,Mobile Phone,3,89,Debit Card,Female,5,1,Mobile Phone,2,Single,9,0,12,6,17,31,55.14,461.69,472.4,0.3722,35,74,4,19,Platinum,7,2
CUST_00172,0,47,Mobile Phone,3,14,E-wallet,Female,5,5,Electronics,5,Married,1,1,41,5,5,60,14.4,10318.55,1352.94,0.5873,61,66,1,14,Platinum,8,4
CUST_00173,0,44,Mobile Phone,1,100,Debit Card,Female,1,8,Fashion,5,Married,7,0,35,10,18,24,106.28,4822.58,70.83,0.0382,58,16,7,30,Silver,3,0
CUST_00174,0,42,Tablet,1,48,Debit Card,Male,3,3,Others,5,Single,4,1,37,0,11,53,192.44,10931.74,1549.53,0.0279,56,31,8,23,Free,7,2
CUST_00175,0,28,Mobile Phone,1,57,E-wallet,Male,2,3,Fashion,4,Married,2,0,10,8,8,22,337.64,1957.68,2191.19,0.127,31,73,9,26,Platinum,3,10
CUST_00176,0,43,Mobile Phone,1,81,Debit Card,Male,5,7,Others,3,Single,2,1,33,0,3,84,71.56,9739.23,830.88,0.2214,29,49,10,30,Gold,1,1
CUST_00177,0,9,Mobile Phone,2,52,UPI,Female,4,10,Electronics,1,Single,5,0,34,14,19,46,142.75,10400.42,2106.66,0.375,34,20,12,30,Free,1,4
CUST_00178,1,54,Tablet,3,30,E-wallet,Male,0,6,Grocery,1,Married,2,0,42,17,13,44,3.77,5072.15,2314.96,0.6215,21,66,4,4,Free,2,2
CUST_00179,0,30,Computer,3,6,Debit Card,Male,5,6,Others,3,Divorced,7,1,28,12,9,49,185.38,11792.33,672.12,0.0222,35,60,1,21,Platinum,3,1
CUST_00180,0,57,Computer,1,21,Cash on Delivery,Female,4,9,Others,4,Married,4,0,38,3,16,20,10.13,2615.45,1206.2,0.5864,41,81,12,26,Gold,3,2
CUST_00181,0,9,Tablet,1,13,Credit Card,Female,3,1,Mobile Phone,1,Married,9,0,23,16,16,75,128.92,1427.13,818.43,0.5358,46,47,11,17,Free,10,4
CUST_00182,0,30,Mobile Phone,1,41,E-wallet,Male,2,10,Mobile Phone,3,Married,2,0,48,13,10,25,332.34,11658.81,748.67,0.3744,46,73,1,30,Free,8,0
CUST_00183,0,42,Tablet,2,79,UPI,Female,2,5,Electronics,5,Single,4,1,36,17,4,83,374.42,3151.03,72.38,0.1443,61,70,10,13,Gold,1,6
CUST_00184,0,30,Mobile Phone,1,37,Cash on Delivery,Male,4,4,Laptop & Accessory,5,Married,4,0,0,19,9,75,146.9,438.2,615.01,0.0638,46,20,4,28,Platinum,3,4
CUST_00185,0,27,Computer,3,62,UPI,Female,4,7,Electronics,3,Married,7,0,40,8,12,28,113.21,4778.31,1993.35,0.1186,59,39,12,13,Silver,10,8
CUST_00186,0,10,Mobile Phone,3,22,UPI,Female,3,10,Fashion,3,Married,3,0,7,20,3,50,303.41,11896.31,2253.52,0.2496,47,42,7,19,Free,8,6
CUST_00187,0,23,Mobile Phone,1,61,UPI,Male,5,10,Electronics,1,Married,2,0,3,18,2,30,279.19,10103.48,769.05,0.3981,29,18,4,22,Free,10,5
CUST_00188,0,14,Tablet,2,96,Credit Card,Male,1,8,Laptop & Accessory,1,Divorced,5,0,29,12,19,12,151.24,1246.33,137.26,0.2621,55,53,7,30,Gold,7,4
CUST_00189,0,18,Mobile Phone,2,35,Debit Card,Male,2,5,Grocery,2,Married,10,0,25,13,12,25,362.14,4382.22,1889.78,0.4191,69,74,7,4,Free,5,7
CUST_00190,0,41,Tablet,3,51,Debit Card,Female,3,2,Grocery,5,Single,9,0,20,9,12,79,181.47,6483.46,1770.8,0.6611,48,6,9,30,Free,8,7
CUST_00191,0,38,Mobile Phone,2,97,Debit Card,Male,0,2,Laptop & Accessory,1,Divorced,6,0,21,18,9,27,374.35,9576.97,744.16,0.0973,48,84,11,8,Free,6,2
CUST_00192,0,37,Computer,1,63,Debit Card,Male,2,9,Grocery,4,Single,10,0,17,1,17,84,353.53,2388.35,2045.14,0.6708,30,75,5,17,Silver,0,4
CUST_00193,1,22,Tablet,2,43,Cash on Delivery,Male,5,2,Grocery,2,Divorced,8,0,46,9,7,66,379.37,1181.81,1906.65,0.1457,58,56,6,13,Silver,4,9
CUST_00194,1,58,Mobile Phone,1,16,E-wallet,Female,4,5,Fashion,1,Married,8,0,38,2,0,40,43.52,8830.58,276.82,0.3694,20,79,2,0,Platinum,4,6
CUST_00195,1,5,Tablet,2,94,E-wallet,Male,4,5,Grocery,1,Married,4,0,40,0,16,57,106.82,354.4,1243.33,0.5502,56,78,15,26,Free,6,9
CUST_00196,0,20,Computer,1,63,E-wallet,Male,0,8,Mobile Phone,4,Married,5,0,27,19,5,80,148.43,6234.82,459.96,0.5226,43,87,15,6,Platinum,1,1
CUST_00197,0,7,Computer,2,10,Cash on Delivery,Male,0,4,Grocery,1,Married,10,0,38,13,15,7,297.37,8505.29,461.57,0.5686,67,2,3,0,Silver,8,0
CUST_00198,1,20,Mobile Phone,3,58,UPI,Female,2,8,Mobile Phone,3,Married,10,1,26,9,10,72,117.48,8036.98,967.63,0.5352,28,82,1,7,Platinum,0,7
CUST_00199,0,58,Mobile Phone,1,97,Cash on Delivery,Male,1,6,Mobile Phone,5,Married,8,0,46,20,7,52,82.81,6170.03,438.16,0.012,43,49,4,5,Free,10,4
CUST_00200,1,22,Computer,1,94,Credit Card,Female,0,9,Laptop & Accessory,3,Married,1,1,2,1,11,89,137.5,9397.52,2082.85,0.372,39,73,0,16,Free,3,4
CUST_00201,0,55,Mobile Phone,2,23,E-wallet,Male,3,2,Laptop & Accessory,2,Married,2,0,40,19,9,77,124.38,7122.14,1138.51,0.2844,61,35,7,26,Silver,5,9
CUST_00202,0,30,Mobile Phone,1,44,UPI,Male,4,8,Laptop & Accessory,5,Married,5,0,23,10,8,81,325.85,9898.97,2184.83,0.696,30,41,8,8,Free,7,2
CUST_00203,1,42,Mobile Phone,2,99,Credit Card,Female,4,8,Mobile Phone,1,Married,6,0,16,3,5,5,395.93,7011.46,1391.64,0.716,39,64,8,15,Free,4,3
CUST_00204,0,27,Phone,2,80,UPI,Male,0,9,Electronics,2,Single,7,0,31,6,7,41,121.54,5245.97,1521.42,0.1922,43,37,2,10,Silver,7,2
CUST_00205,0,16,Mobile Phone,1,58,Debit Card,Female,4,5,Mobile Phone,1,Married,3,1,46,10,6,82,20.73,7213.04,1445.84,0.534,47,29,14,12,Silver,0,1
CUST_00206,0,46,Computer,3,34,Debit Card,Female,2,4,Fashion,1,Married,8,0,14,16,9,24,288.69,5158.25,502.08,0.1778,30,11,10,6,Silver,9,9
CUST_00207,0,59,Tablet,2,78,Credit Card,Female,0,6,Mobile Phone,5,Married,9,0,24,18,20,23,192.22,2593.75,384.21,0.5614,39,1,14,1,Free,4,0
CUST_00208,1,16,Mobile Phone,2,60,Credit Card,Female,2,10,Fashion,2,Married,3,0,12,2,7,60,173.51,5709.68,782.99,0.2243,33,80,10,5,Gold,7,8
CUST_00209,1,47,Mobile Phone,1,55,Debit Card,Female,1,2,Mobile Phone,1,Married,8,0,41,8,13,29,140.48,11382.16,1693.11,0.5479,26,43,5,18,Free,0,2
CUST_00210,0,15,Computer,1,93,Debit Card,Male,4,7,Mobile Phone,5,Single,2,0,28,8,0,53,188.15,7096.23,2169.03,0.0203,28,25,8,11,Gold,0,3
CUST_00211,0,43,Mobile Phone,1,41,E-wallet,Male,4,3,Laptop & Accessory,5,Married,5,0,14,10,0,36,54.45,8767.6,427.41,0.5271,28,54,0,20,Free,3,2
CUST_00212,0,48,Computer,3,65,Debit Card,Female,4,8,Grocery,2,Married,9,1,46,11,14,41,244.86,7921.77,253.04,0.3156,49,89,5,10,Free,7,0
CUST_00213,0,27,Computer,3,9,Debit Card,Male,0,5,Mobile Phone,3,Single,4,0,11,20,14,12,371.93,5590.58,2124.27,0.554,57,61,13,3,Silver,9,8
CUST_00214,0,44,Computer,3,73,E-wallet,Male,2,9,Grocery,4,Single,7,0,5,5,16,75,367.67,4945.77,928.8,0.0687,54,47,11,12,Free,0,1
CUST_00215,0,16,Mobile Phone,1,57,E-wallet,Male,2,2,Others,3,Married,9,0,13,10,11,8,295.25,2460.7,668.1,0.651,18,75,4,20,Free,10,0
CUST_00216,0,4,Computer,2,89,Credit Card,Male,5,2,Fashion,4,Single,5,1,15,5,6,15,155.77,284.06,70.73,0.4991,46,2,9,6,Platinum,9,3
CUST_00217,0,5,Computer,2,36,Credit Card,Female,3,10,Grocery,2,Married,9,1,13,3,2,21,368.49,10371.65,542.01,0.2781,29,90,2,29,Silver,9,6
CUST_00218,0,27,Mobile Phone,2,93,Credit Card,Male,3,4,Electronics,5,Divorced,7,1,2,8,20,25,263.9,3403.45,153.81,0.2562,70,64,4,25,Gold,0,2
CUST_00219,0,55,Computer,1,60,UPI,Male,2,1,Fashion,3,Single,6,0,50,0,3,0,201.49,7142.81,1746.93,0.2216,25,69,5,17,Gold,2,10
CUST_00220,1,7,Phone,3,24,UPI,Male,1,9,Laptop & Accessory,1,Married,2,0,16,16,20,87,113.63,5600.73,218.4,0.4416,40,21,1,28,Free,6,2
CUST_00221,0,27,Computer,1,20,Debit Card,Female,4,5,Electronics,4,Single,8,1,48,9,5,52,302.1,1398.65,1891.49,0.0295,47,27,8,6,Silver,5,10
CUST_00222,0,42,Mobile Phone,1,23,Credit Card,Male,5,10,Grocery,1,Married,4,0,35,9,11,44,318.94,521.99,1731.14,0.534,27,56,2,26,Silver,9,2
CUST_00223,0,12,Mobile Phone,3,33,Debit Card,Female,0,5,Fashion,5,Married,3,0,40,10,1,12,223.59,11304.82,131.48,0.59,20,85,8,23,Gold,10,6
CUST_00224,0,44,Mobile Phone,2,57,Cash on Delivery,Male,3,8,Fashion,5,Married,10,1,16,10,16,57,114.43,4407.0,2481.53,0.19,61,22,9,23,Platinum,3,1
CUST_00225,0,18,Mobile Phone,1,88,Debit Card,Male,4,6,Laptop & Accessory,1,Married,4,0,33,19,8,8,155.64,3838.32,2448.93,0.105,34,61,5,4,Free,7,4
CUST_00226,0,49,Mobile Phone,2,100,Credit Card,Male,0,5,Grocery,3,Married,4,0,20,12,11,24,249.36,1111.21,2371.07,0.7286,42,27,7,22,Gold,4,8
CUST_00227,1,35,Tablet,3,70,Cash on Delivery,Male,3,5,Grocery,2,Married,10,0,18,16,2,51,89.2,134.1,652.31,0.4755,57,81,5,6,Silver,10,3
CUST_00228,0,33,Mobile Phone,1,52,Cash on Delivery,Male,2,3,Grocery,1,Married,3,0,47,17,5,89,188.38,8713.71,1687.13,0.5204,38,52,10,21,Silver,7,2
CUST_00229,1,10,Phone,2,63,UPI,Male,3,8,Mobile Phone,4,Divorced,8,1,43,1,8,53,16.87,10651.06,1148.08,0.4743,42,37,8,23,Free,5,5
CUST_00230,1,28,Mobile Phone,1,36,E-wallet,Female,3,6,Laptop & Accessory,1,Married,6,0,17,16,1,43,322.09,3130.67,867.67,0.1869,46,90,0,10,Platinum,3,3
CUST_00231,0,52,Mobile Phone,1,28,E-wallet,Male,5,1,Grocery,1,Single,1,0,0,17,15,60,152.69,5422.69,1090.32,0.6012,57,12,12,26,Silver,0,9
CUST_00232,0,1,Mobile Phone,1,56,Credit Card,Female,0,4,Grocery,5,Married,6,0,27,13,7,66,178.08,7486.18,1754.83,0.3611,25,36,15,2,Silver,10,3
CUST_00233,0,46,Mobile Phone,2,84,E-wallet,Female,1,5,Mobile Phone,2,Married,5,0,48,1,15,45,354.13,2087.09,315.52,0.1976,70,62,6,9,Platinum,6,2
CUST_00234,0,30,Computer,1,11,Credit Card,Male,2,9,Laptop & Accessory,5,Married,8,0,47,0,3,30,158.5,4506.37,1139.0,0.4451,66,36,8,21,Free,2,4
CUST_00235,0,43,Tablet,1,15,UPI,Female,4,5,Fashion,3,Married,4,0,24,0,0,80,190.07,5925.11,2344.44,0.6627,50,12,10,17,Gold,3,1
CUST_00236,0,40,Phone,2,22,E-wallet,Male,3,6,Laptop & Accessory,3,Married,3,0,25,14,19,27,118.17,7770.28,1547.11,0.5822,61,26,3,25,Silver,0,6
CUST_00237,0,26,Mobile Phone,2,25,E-wallet,Male,1,1,Mobile Phone,3,Married,3,0,43,11,4,11,322.82,11785.57,2297.75,0.5337,54,79,10,17,Silver,6,2
CUST_00238,0,18,Computer,2,19,Credit Card,Female,0,4,Grocery,2,Married,6,0,8,7,20,26,174.49,6013.01,113.1,0.2006,67,16,3,19,Gold,10,3
CUST_00239,0,38,Mobile Phone,3,17,Credit Card,Female,5,3,Mobile Phone,2,Married,10,0,13,11,14,71,192.77,3160.79,1441.5,0.2092,19,58,1,22,Free,6,5
CUST_00240,0,8,Phone,1,7,Debit Card,Female,0,5,Fashion,4,Single,5,1,7,9,11,6,196.94,7875.27,1758.18,0.6232,43,12,14,28,Platinum,5,2
CUST_00241,0,35,Mobile Phone,1,38,Debit Card,Male,0,9,Electronics,4,Single,2,1,30,6,13,37,270.6,1465.53,878.96,0.5998,69,40,12,5,Silver,4,3
CUST_00242,1,5,Mobile Phone,2,74,Debit Card,Female,2,10,Mobile Phone,1,Married,9,0,45,16,11,3,216.56,166.69,352.65,0.6459,35,36,1,21,Silver,8,2
CUST_00243,1,39,Mobile Phone,2,20,UPI,Male,3,3,Mobile Phone,2,Married,4,1,15,9,7,82,173.91,4576.16,270.18,0.7115,62,11,1,2,Silver,8,10
CUST_00244,0,38,Mobile Phone,1,36,Debit Card,Male,1,7,Mobile Phone,5,Married,5,1,45,11,19,30,261.92,928.25,1373.33,0.2741,25,71,1,12,Free,7,5
CUST_00245,0,5,Mobile Phone,1,98,UPI,Male,1,10,Fashion,3,Single,9,0,26,19,1,21,255.0,5779.95,521.65,0.4499,18,25,14,22,Silver,3,4
CUST_00246,0,46,Phone,1,21,E-wallet,Male,0,3,Grocery,2,Married,2,0,12,19,15,63,284.19,3989.14,172.54,0.4232,53,52,12,20,Gold,8,2
CUST_00247,0,25,Computer,1,99,UPI,Male,2,5,Laptop & Accessory,2,Married,2,1,48,14,12,86,187.84,10741.06,2083.42,0.2277,66,25,15,29,Free,2,7
CUST_00248,0,48,Tablet,3,54,Debit Card,Male,5,6,Fashion,1,Married,3,0,31,18,3,4,392.24,2222.15,2021.85,0.4096,30,37,15,21,Free,3,6
CUST_00249,1,2,Mobile Phone,2,74,UPI,Male,0,1,Electronics,5,Married,4,0,27,7,13,78,230.18,8355.64,1880.35,0.7382,61,4,12,29,Gold,3,9
CUST_00250,0,10,Computer,1,36,Cash on Delivery,Female,3,5,Others,2,Married,9,1,8,7,19,35,319.19,7615.37,1391.75,0.7017,34,22,7,23,Silver,10,0
CUST_00251,0,30,Mobile Phone,2,36,E-wallet,Female,1,2,Grocery,2,Married,7,0,28,19,6,15,186.33,11942.22,1314.66,0.3895,69,13,13,25,Silver,10,9
CUST_00252,1,11,Mobile Phone,2,42,E-wallet,Male,4,4,Grocery,1,Single,8,0,11,18,11,6,134.8,6870.38,1396.14,0.1836,18,59,1,28,Silver,2,8
CUST_00253,0,20,Mobile Phone,1,17,Debit Card,Male,0,2,Electronics,5,Married,4,0,21,3,7,39,209.75,9706.59,1943.09,0.6263,57,55,2,28,Free,10,2
CUST_00254,0,40,Mobile Phone,1,35,E-wallet,Male,1,8,Electronics,2,Married,5,0,46,0,0,21,230.9,4279.72,1668.6,0.6427,68,21,11,1,Silver,6,5
CUST_00255,1,8,Computer,2,90,E-wallet,Male,0,9,Grocery,4,Single,5,1,50,3,1,22,123.47,959.27,403.26,0.4222,46,3,0,7,Free,9,7
CUST_00256,0,41,Mobile Phone,1,5,Credit Card,Male,3,3,Grocery,4,Divorced,2,0,20,15,4,17,301.72,4913.53,902.61,0.351,62,30,4,13,Gold,5,7
CUST_00257,1,6,Mobile Phone,2,59,UPI,Male,4,1,Others,2,Married,6,0,16,4,13,12,171.09,8102.96,1724.21,0.1364,21,43,4,0,Silver,3,6
CUST_00258,0,10,Computer,2,71,Credit Card,Female,1,5,Electronics,3,Single,4,0,10,20,16,71,264.23,3126.71,1400.05,0.2474,55,5,15,26,Silver,0,1
CUST_00259,0,35,Mobile Phone,2,18,UPI,Female,2,2,Mobile Phone,1,Married,10,1,10,4,1,35,115.24,1750.95,2332.19,0.0109,20,54,2,5,Silver,8,5
CUST_00260,0,48,Tablet,3,15,Credit Card,Male,1,5,Fashion,4,Single,7,0,26,3,2,72,193.71,1347.66,732.33,0.3289,58,41,14,3,Gold,8,9
CUST_00261,1,10,Mobile Phone,2,58,Debit Card,Male,0,6,Electronics,4,Married,9,1,49,1,18,48,140.99,6394.38,1819.45,0.0961,27,22,12,18,Gold,4,9
CUST_00262,0,18,Phone,2,26,UPI,Female,0,5,Grocery,2,Single,2,0,43,19,17,7,167.56,4086.29,1791.72,0.3881,62,37,14,13,Free,1,1
CUST_00263,0,56,Computer,1,98,Debit Card,Female,5,6,Fashion,1,Single,2,1,14,6,11,36,270.38,9190.31,1901.33,0.1861,46,90,12,16,Free,6,4
CUST_00264,1,60,Computer,2,23,Credit Card,Male,3,6,Grocery,2,Married,5,0,42,17,16,7,62.59,7702.24,1623.26,0.665,29,87,0,2,Free,8,9
CUST_00265,0,35,Computer,3,17,Debit Card,Female,3,2,Fashion,4,Married,6,1,24,11,4,30,98.18,11259.68,2225.74,0.0924,61,41,1,29,Gold,5,0
CUST_00266,0,27,Phone,3,36,UPI,Male,1,7,Electronics,3,Single,6,0,33,3,0,74,143.91,11764.06,1963.71,0.3297,42,81,15,19,Free,4,6
CUST_00267,0,21,Computer,3,36,Cash on Delivery,Female,1,7,Electronics,1,Single,7,0,12,4,19,29,109.25,107.18,2048.39,0.1041,66,68,6,3,Gold,9,0
CUST_00268,0,37,Mobile Phone,1,20,Credit Card,Male,4,2,Others,3,Single,9,0,41,1,6,21,69.79,2898.73,1142.4,0.4273,41,25,10,25,Silver,7,10
CUST_00269,0,36,Mobile Phone,2,68,UPI,Male,2,5,Others,4,Single,4,0,23,2,7,14,326.79,2976.09,220.91,0.2364,41,20,14,6,Silver,10,6
CUST_00270,0,17,Computer,3,38,Credit Card,Female,0,3,Electronics,1,Married,3,0,39,16,10,12,64.95,10561.79,1389.88,0.0784,20,7,0,1,Silver,4,9
CUST_00271,0,1,Mobile Phone,2,55,Credit Card,Male,2,4,Electronics,3,Single,3,0,12,13,12,20,256.69,1677.96,1224.8,0.4503,29,3,5,0,Silver,5,5
CUST_00272,0,9,Mobile Phone,2,28,Credit Card,Male,3,8,Electronics,5,Married,4,0,49,3,1,82,180.51,5068.64,2325.0,0.4036,50,39,11,1,Free,7,0
CUST_00273,1,58,Mobile Phone,2,14,Cash on Delivery,Female,3,6,Mobile Phone,2,Married,6,1,21,8,12,48,65.38,733.71,1710.3,0.1577,32,6,8,7,Silver,1,8
CUST_00274,1,25,Mobile Phone,2,10,E-wallet,Male,3,10,Others,1,Single,9,0,33,4,12,71,118.6,5789.79,1989.0,0.7251,24,63,14,8,Gold,7,10
CUST_00275,0,29,Mobile Phone,1,10,Cash on Delivery,Male,5,6,Grocery,5,Married,5,0,27,13,15,14,43.78,557.13,1761.34,0.5913,30,26,7,12,Silver,0,9
CUST_00276,0,28,Computer,1,88,Debit Card,Female,1,1,Others,1,Married,5,0,30,2,20,55,38.34,8722.84,1609.0,0.4629,48,20,5,25,Free,4,1
CUST_00277,1,47,Computer,3,30,E-wallet,Male,3,8,Mobile Phone,1,Married,10,0,13,5,15,75,143.56,6265.33,2288.43,0.7076,37,27,5,11,Platinum,3,6
CUST_00278,0,3,Phone,3,34,UPI,Male,5,1,Mobile Phone,2,Married,4,0,46,14,12,70,302.05,11976.23,214.71,0.5601,57,46,10,26,Platinum,9,1
CUST_00279,0,5,Mobile Phone,3,60,UPI,Female,5,4,Grocery,4,Single,2,0,10,15,18,66,159.08,11836.79,2190.71,0.3621,66,17,3,1,Silver,7,6
CUST_00280,0,16,Mobile Phone,1,14,Cash on Delivery,Male,5,10,Grocery,4,Married,4,1,18,20,10,68,227.57,9435.76,2019.66,0.7224,23,28,5,30,Free,10,4
CUST_00281,0,29,Computer,1,62,Cash on Delivery,Female,4,10,Fashion,2,Divorced,1,0,21,20,1,89,51.25,3583.19,2483.24,0.4815,21,30,6,17,Platinum,0,2
CUST_00282,0,40,Mobile Phone,1,55,UPI,Male,0,2,Mobile Phone,1,Married,4,0,25,14,18,35,352.56,1435.79,382.59,0.1023,27,87,10,17,Free,10,6
CUST_00283,0,29,Computer,3,80,UPI,Female,5,10,Mobile Phone,5,Married,9,0,11,5,20,28,132.16,1964.2,2114.57,0.0739,19,11,0,8,Gold,0,6
CUST_00284,0,26,Mobile Phone,2,16,Debit Card,Female,0,10,Electronics,1,Married,9,0,43,17,20,8,75.73,8311.03,648.39,0.0692,64,13,8,25,Gold,8,5
CUST_00285,0,57,Tablet,3,6,Cash on Delivery,Female,3,9,Laptop & Accessory,5,Divorced,9,0,31,13,19,16,141.44,1699.22,201.42,0.2666,57,80,7,1,Silver,0,5
CUST_00286,0,9,Mobile Phone,1,79,Cash on Delivery,Male,2,9,Laptop & Accessory,3,Single,4,0,49,20,18,36,387.85,3477.0,665.72,0.0063,56,65,2,18,Free,1,3
CUST_00287,0,34,Phone,2,40,UPI,Female,4,1,Others,1,Married,5,0,17,16,14,6,252.0,1199.91,415.09,0.4191,66,27,5,12,Free,0,6
CUST_00288,0,33,Computer,2,10,Cash on Delivery,Female,4,2,Others,2,Married,9,0,21,16,0,68,48.41,714.02,752.41,0.3273,59,7,0,15,Silver,10,0
CUST_00289,0,28,Mobile Phone,1,58,Credit Card,Female,4,7,Laptop & Accessory,2,Married,8,1,29,11,15,31,64.77,4731.34,2291.55,0.2729,61,66,15,28,Silver,1,5
CUST_00290,0,49,Computer,3,49,UPI,Female,1,2,Laptop & Accessory,1,Married,2,1,30,16,2,29,305.08,5037.96,1656.73,0.3222,26,57,12,20,Silver,6,5
CUST_00291,1,16,Mobile Phone,2,96,E-wallet,Male,4,3,Mobile Phone,3,Married,9,1,8,6,3,83,338.15,2385.15,1448.89,0.3183,64,83,12,28,Gold,3,6
CUST_00292,0,58,Computer,1,95,Cash on Delivery,Female,4,10,Grocery,4,Married,2,0,42,1,12,5,32.98,11050.62,2186.51,0.7412,54,4,3,3,Free,2,10
CUST_00293,0,20,Computer,1,56,Cash on Delivery,Female,0,10,Mobile Phone,3,Married,3,0,50,4,19,53,117.51,7330.74,2252.01,0.314,25,85,6,6,Silver,0,8
CUST_00294,1,33,Mobile Phone,3,20,E-wallet,Male,3,3,Others,4,Single,6,1,26,11,4,54,18.9,3574.48,2410.67,0.6915,25,49,6,14,Free,6,8
CUST_00295,1,31,Mobile Phone,2,76,Cash on Delivery,Female,0,6,Fashion,5,Married,7,0,19,13,3,87,49.71,10033.51,2198.56,0.6403,57,51,1,5,Silver,3,9
CUST_00296,0,51,Computer,2,24,Cash on Delivery,Female,3,6,Grocery,1,Single,8,0,20,10,10,37,55.12,6679.09,2054.47,0.3208,40,70,14,27,Silver,6,10
CUST_00297,0,26,Mobile Phone,2,85,UPI,Male,1,3,Mobile Phone,4,Single,8,1,3,10,7,83,174.88,5398.98,128.72,0.0317,34,29,0,20,Silver,7,5
CUST_00298,1,17,Phone,1,62,E-wallet,Female,2,3,Mobile Phone,2,Single,3,1,3,4,17,61,5.07,9042.0,1415.26,0.6362,20,50,13,18,Gold,4,5
CUST_00299,0,1,Computer,2,39,Cash on Delivery,Male,1,5,Electronics,1,Married,4,0,19,17,4,34,285.3,4466.99,1011.01,0.1592,39,82,2,27,Free,4,9
CUST_00300,0,22,Computer,3,99,UPI,Female,5,7,Grocery,2,Married,8,0,10,4,19,48,161.32,9655.21,203.65,0.0439,35,50,10,10,Silver,1,9
CUST_00301,1,50,Mobile Phone,1,54,Credit Card,Female,5,9,Mobile Phone,2,Married,10,0,15,1,5,39,160.51,151.17,272.43,0.6533,33,88,15,16,Platinum,3,6
CUST_00302,0,0,Computer,2,42,E-wallet,Male,4,9,Fashion,5,Married,9,0,16,3,7,54,384.78,3028.64,1100.21,0.4938,69,6,4,18,Free,7,8
CUST_00303,0,54,Tablet,1,23,Debit Card,Female,4,1,Mobile Phone,2,Single,10,0,9,0,14,27,132.45,6411.79,2366.64,0.1336,28,68,4,18,Silver,8,3
CUST_00304,0,33,Mobile Phone,1,67,Debit Card,Female,2,7,Fashion,4,Single,7,0,20,20,17,30,16.5,10052.09,1163.36,0.2167,54,87,1,15,Free,1,2
CUST_00305,0,8,Mobile Phone,1,30,Credit Card,Male,0,7,Mobile Phone,5,Married,5,0,1,7,10,67,161.94,8951.72,1943.82,0.5593,52,52,15,18,Gold,3,4
CUST_00306,0,18,Mobile Phone,3,19,Debit Card,Female,3,1,Others,2,Married,8,0,39,16,10,89,186.82,11215.76,570.11,0.0926,19,0,2,27,Free,2,7
CUST_00307,0,33,Mobile Phone,1,16,Credit Card,Female,2,9,Mobile Phone,1,Married,1,1,35,9,13,51,188.21,3203.11,628.4,0.542,18,15,12,20,Platinum,6,8
CUST_00308,0,19,Computer,1,66,Credit Card,Female,1,6,Fashion,5,Single,10,0,8,19,13,29,185.49,11078.39,2115.08,0.3438,58,25,15,28,Free,8,5
CUST_00309,0,6,Mobile Phone,2,93,Credit Card,Male,1,8,Grocery,3,Divorced,10,0,8,13,16,5,133.71,1465.15,761.22,0.6279,45,57,11,28,Platinum,9,5
CUST_00310,1,40,Computer,1,29,Debit Card,Male,0,7,Laptop & Accessory,3,Married,6,1,3,5,2,85,218.48,2468.45,1640.41,0.4823,38,74,10,19,Gold,7,9
CUST_00311,0,41,Mobile Phone,2,25,Cash on Delivery,Male,4,4,Mobile Phone,4,Married,6,0,9,2,20,83,348.28,5656.86,56.08,0.7366,42,21,1,20,Free,0,8
CUST_00312,1,7,Mobile Phone,3,63,E-wallet,Female,1,3,Others,2,Married,6,0,29,3,1,18,143.32,2609.13,118.52,0.6428,33,12,6,19,Gold,1,5
CUST_00313,0,17,Mobile Phone,1,18,Debit Card,Female,5,4,Electronics,3,Single,2,0,3,12,4,71,214.0,475.77,1213.35,0.2578,67,16,10,3,Free,0,6
CUST_00314,0,14,Phone,1,13,UPI,Female,4,8,Mobile Phone,5,Married,3,0,0,0,16,61,339.02,7709.71,1494.73,0.3612,28,22,15,18,Free,6,6
CUST_00315,0,40,Computer,3,66,E-wallet,Male,0,7,Fashion,1,Married,8,0,29,17,5,84,159.44,4951.1,242.86,0.7046,28,36,4,28,Silver,1,0
CUST_00316,0,44,Mobile Phone,1,55,Cash on Delivery,Female,0,7,Others,4,Married,1,0,47,6,12,45,54.52,11081.13,1979.92,0.1141,40,69,8,22,Silver,2,4
CUST_00317,0,44,Computer,1,7,E-wallet,Male,2,2,Mobile Phone,2,Single,7,0,23,19,3,22,172.99,11806.89,210.14,0.3129,26,36,0,12,Free,2,5
CUST_00318,0,57,Mobile Phone,3,27,UPI,Female,0,1,Mobile Phone,3,Married,4,0,13,2,17,31,201.83,11114.02,1664.48,0.4322,31,72,6,10,Platinum,7,10
CUST_00319,0,46,Mobile Phone,3,24,Credit Card,Female,5,7,Mobile Phone,5,Married,2,0,42,18,6,68,347.43,6243.05,1701.72,0.2634,52,46,9,0,Silver,6,5
CUST_00320,0,19,Mobile Phone,2,70,Credit Card,Female,5,10,Grocery,4,Married,6,0,42,18,2,18,341.2,3766.68,1126.06,0.0706,66,63,2,18,Silver,3,0
CUST_00321,0,6,Tablet,2,68,Cash on Delivery,Female,3,4,Grocery,3,Married,3,1,42,10,2,57,307.4,11466.45,1182.68,0.1548,20,35,14,18,Silver,4,7
CUST_00322,0,37,Computer,3,76,Credit Card,Male,1,5,Grocery,5,Divorced,5,1,19,10,3,75,153.07,4544.18,55.67,0.3247,55,75,1,18,Silver,2,9
CUST_00323,0,55,Computer,2,14,UPI,Male,5,10,Fashion,4,Single,9,0,2,18,15,11,110.77,4608.69,1358.63,0.6542,28,3,12,27,Free,0,8
CUST_00324,0,59,Mobile Phone,2,86,Debit Card,Male,3,3,Mobile Phone,1,Single,7,1,50,17,1,48,176.58,7657.36,790.49,0.429,66,34,10,16,Silver,3,8
CUST_00325,0,14,Mobile Phone,3,25,E-wallet,Female,2,6,Grocery,1,Single,10,0,45,11,12,23,127.84,7646.46,605.81,0.2239,57,43,13,19,Gold,4,1
CUST_00326,0,14,Computer,2,100,E-wallet,Male,5,1,Electronics,2,Married,4,0,25,6,13,45,391.97,1344.49,314.38,0.126,19,73,0,16,Platinum,9,5
CUST_00327,0,2,Mobile Phone,2,88,UPI,Male,1,3,Electronics,4,Married,5,0,40,1,6,17,33.76,2379.85,1552.91,0.4637,54,27,15,0,Free,3,6
CUST_00328,0,8,Tablet,1,49,UPI,Female,3,4,Electronics,3,Married,7,0,49,19,12,29,202.32,100.16,2146.89,0.1355,20,18,1,21,Gold,0,9
CUST_00329,0,33,Computer,2,80,Debit Card,Female,4,7,Laptop & Accessory,1,Married,2,0,2,20,6,13,153.65,1277.68,356.04,0.0531,38,53,15,16,Free,5,7
CUST_00330,0,33,Mobile Phone,2,69,Cash on Delivery,Male,5,4,Fashion,5,Married,9,0,23,18,8,35,308.96,4178.85,1836.0,0.0248,51,48,15,20,Free,8,6
CUST_00331,1,22,Computer,1,79,Debit Card,Female,0,5,Fashion,1,Single,4,0,43,0,0,59,238.56,11388.89,1226.27,0.5233,63,38,2,23,Free,3,9
CUST_00332,1,18,Tablet,1,6,Cash on Delivery,Female,1,3,Others,1,Married,5,0,36,9,2,27,24.07,9612.31,74.41,0.6648,50,51,9,3,Platinum,10,3
CUST_00333,0,50,Mobile Phone,3,13,E-wallet,Female,5,2,Fashion,2,Married,6,0,5,6,2,78,269.32,2810.83,1249.0,0.3976,62,36,11,13,Gold,1,5
CUST_00334,1,28,Computer,1,91,Credit Card,Female,2,8,Mobile Phone,1,Married,1,0,3,9,0,55,197.05,1482.81,2122.19,0.2094,56,12,14,14,Free,2,9
CUST_00335,0,49,Phone,1,80,Debit Card,Female,4,7,Mobile Phone,3,Single,4,0,16,0,7,89,246.48,11984.54,2396.7,0.1533,24,77,3,7,Platinum,10,0
CUST_00336,0,58,Mobile Phone,1,64,Debit Card,Female,4,7,Mobile Phone,3,Married,2,0,22,11,5,61,36.62,8670.4,1193.64,0.2073,48,15,2,7,Free,1,8
CUST_00337,0,19,Phone,1,34,E-wallet,Female,1,6,Fashion,5,Married,7,0,6,11,5,19,203.91,6327.5,1151.99,0.2289,24,67,9,29,Free,2,0
CUST_00338,1,12,Mobile Phone,2,45,Cash on Delivery,Female,1,2,Mobile Phone,1,Single,8,1,13,5,0,51,211.34,11743.07,891.99,0.4529,19,18,15,10,Free,10,2
CUST_00339,0,58,Computer,1,42,Credit Card,Female,2,6,Grocery,2,Divorced,1,0,26,11,16,61,58.5,11453.89,977.54,0.6926,65,72,9,1,Silver,7,4
CUST_00340,0,38,Computer,1,46,Debit Card,Female,0,8,Mobile Phone,4,Single,1,0,40,11,19,43,245.86,1478.71,1216.36,0.1681,54,19,11,22,Free,4,3
CUST_00341,0,17,Computer,3,65,Cash on Delivery,Female,4,5,Grocery,4,Divorced,9,0,28,13,15,7,363.57,7668.45,244.97,0.2695,19,57,13,1,Platinum,2,7
CUST_00342,1,37,Mobile Phone,1,77,E-wallet,Male,0,8,Grocery,2,Single,4,0,27,4,3,16,10.16,8310.11,1637.57,0.4459,61,88,5,14,Free,2,4
CUST_00343,0,31,Computer,1,41,UPI,Male,5,4,Electronics,5,Married,9,1,37,2,16,21,101.15,10377.1,924.13,0.3323,62,80,6,19,Free,1,10
CUST_00344,0,55,Mobile Phone,3,85,Credit Card,Male,4,6,Others,5,Married,7,1,32,6,5,37,131.64,6033.75,1668.52,0.0875,55,19,14,13,Free,3,7
CUST_00345,0,15,Mobile Phone,2,13,Credit Card,Male,2,4,Laptop & Accessory,4,Single,8,0,11,0,6,77,217.7,8190.03,1599.97,0.1174,41,57,3,9,Silver,1,4
CUST_00346,0,60,Mobile Phone,2,82,Credit Card,Female,0,10,Laptop & Accessory,4,Single,4,0,12,14,16,2,296.04,4319.56,2221.16,0.4339,61,29,1,28,Free,5,1
CUST_00347,0,57,Computer,3,69,Credit Card,Male,4,2,Fashion,3,Married,4,0,5,5,4,85,264.4,4874.38,739.0,0.4564,70,2,0,28,Gold,10,7
CUST_00348,0,11,Mobile Phone,3,54,UPI,Female,2,3,Grocery,3,Married,8,0,5,6,20,48,184.73,6802.43,2342.18,0.4414,41,87,14,4,Silver,4,0
CUST_00349,0,10,Mobile Phone,1,41,Debit Card,Female,1,7,Electronics,3,Single,7,1,42,1,17,88,383.99,2647.76,1665.16,0.6114,32,45,11,25,Platinum,9,7
CUST_00350,0,32,Phone,2,40,Debit Card,Male,2,1,Mobile Phone,5,Single,6,0,34,11,13,61,136.74,9527.87,1573.19,0.1443,23,39,10,20,Free,5,0
CUST_00351,0,2,Mobile Phone,2,39,Cash on Delivery,Female,5,6,Fashion,1,Married,4,0,32,0,10,42,313.62,6020.21,1409.71,0.3382,31,52,5,14,Silver,9,0
CUST_00352,0,18,Mobile Phone,1,95,UPI,Male,4,1,Grocery,1,Married,7,0,22,9,5,10,330.44,10230.46,550.37,0.3491,65,15,8,7,Platinum,4,7
CUST_00353,0,26,Mobile Phone,3,7,Cash on Delivery,Female,4,6,Grocery,3,Married,4,0,4,5,13,66,40.38,9463.89,67.62,0.1614,52,81,7,14,Silver,7,5
CUST_00354,1,59,Mobile Phone,1,65,UPI,Female,3,4,Grocery,3,Single,9,1,21,13,9,55,17.52,6788.91,1416.55,0.5322,58,38,14,9,Free,5,10
CUST_00355,0,60,Computer,3,99,Debit Card,Female,0,2,Grocery,1,Married,8,0,7,20,13,33,394.54,8283.55,2291.41,0.2342,24,46,15,25,Free,8,0
CUST_00356,0,9,Mobile Phone,2,57,E-wallet,Male,5,5,Laptop & Accessory,4,Single,4,0,49,11,1,74,143.39,10193.33,2126.05,0.4643,46,85,0,25,Silver,9,3
CUST_00357,0,54,Mobile Phone,2,66,UPI,Male,4,4,Fashion,1,Married,9,0,20,16,7,63,267.34,4130.83,239.36,0.3159,33,21,9,23,Free,2,5
CUST_00358,0,5,Tablet,1,62,E-wallet,Female,3,1,Grocery,2,Single,1,0,6,4,2,26,11.7,8774.96,811.51,0.18,25,80,8,21,Silver,9,10
CUST_00359,0,45,Phone,3,53,Credit Card,Male,4,6,Laptop & Accessory,3,Divorced,9,0,14,7,8,13,305.54,11094.04,1220.95,0.1552,54,40,10,19,Platinum,2,9
CUST_00360,0,51,Computer,2,65,E-wallet,Male,2,6,Others,1,Married,5,0,32,17,14,59,140.86,471.11,1246.51,0.3689,27,9,8,6,Silver,6,10
CUST_00361,0,54,Phone,1,91,Cash on Delivery,Male,4,7,Grocery,4,Married,3,0,23,7,2,11,232.52,6042.01,503.53,0.1804,65,38,15,21,Free,5,8
CUST_00362,0,13,Phone,1,73,Debit Card,Female,5,10,Electronics,3,Married,9,0,3,19,17,47,19.21,1823.29,1721.86,0.5056,28,42,2,14,Silver,4,4
CUST_00363,0,54,Mobile Phone,2,86,Cash on Delivery,Female,2,8,Grocery,3,Divorced,7,0,18,19,17,89,43.16,4687.06,1237.11,0.4628,50,50,3,27,Gold,9,7
CUST_00364,1,7,Computer,1,58,Cash on Delivery,Female,0,8,Others,3,Married,1,1,34,15,5,67,329.24,9962.18,2155.94,0.5925,26,51,4,4,Silver,9,7
CUST_00365,0,31,Computer,2,79,E-wallet,Male,4,7,Laptop & Accessory,4,Married,3,0,27,13,4,28,221.66,2468.31,664.66,0.0999,31,24,11,2,Free,2,9
CUST_00366,0,28,Mobile Phone,2,89,Debit Card,Female,5,7,Others,4,Married,5,0,28,7,15,87,310.79,527.43,2278.21,0.6616,61,81,2,2,Silver,3,0
CUST_00367,0,19,Mobile Phone,1,25,E-wallet,Male,4,8,Mobile Phone,4,Single,7,0,33,17,16,81,64.52,3486.21,2071.59,0.3924,64,30,4,6,Silver,10,3
CUST_00368,1,1,Mobile Phone,2,87,Cash on Delivery,Female,5,7,Others,2,Married,9,1,37,20,13,44,131.11,9376.11,1065.43,0.4884,41,60,3,26,Silver,9,3
CUST_00369,0,47,Computer,1,70,Debit Card,Female,2,6,Laptop & Accessory,4,Married,4,0,21,18,3,2,340.46,1380.14,2033.55,0.7343,29,87,4,9,Platinum,2,4
CUST_00370,0,20,Computer,3,47,Debit Card,Male,5,8,Mobile Phone,1,Married,9,0,38,7,10,81,234.38,7075.82,1605.04,0.3893,33,12,11,17,Platinum,2,8
CUST_00371,0,40,Computer,3,79,Debit Card,Female,1,10,Grocery,1,Married,8,0,46,3,5,75,267.63,8936.37,1160.85,0.6599,48,44,2,11,Gold,9,3
CUST_00372,0,25,Mobile Phone,1,21,UPI,Male,3,5,Grocery,5,Married,4,0,6,19,6,88,82.58,6887.71,1302.75,0.2436,35,9,15,4,Platinum,2,3
CUST_00373,1,22,Mobile Phone,2,72,E-wallet,Female,5,3,Laptop & Accessory,1,Married,10,0,37,0,12,85,222.33,11224.85,1394.2,0.6225,61,77,1,3,Platinum,10,3
CUST_00374,0,54,Mobile Phone,2,60,E-wallet,Female,5,5,Fashion,1,Divorced,10,0,14,16,20,44,293.61,9111.58,607.57,0.7017,32,74,10,18,Free,6,5
CUST_00375,1,5,Mobile Phone,3,90,Credit Card,Male,3,1,Others,2,Married,3,0,5,5,4,1,69.1,1147.66,425.45,0.1406,35,87,0,20,Free,4,7
CUST_00376,0,44,Phone,1,64,Credit Card,Male,3,4,Mobile Phone,5,Single,6,0,12,16,5,35,119.75,10282.79,1977.53,0.3738,46,82,8,12,Free,7,3
CUST_00377,0,45,Phone,2,55,Credit Card,Male,2,9,Others,5,Single,9,1,47,12,5,35,3.56,6619.85,262.67,0.6714,33,73,0,12,Free,7,7
CUST_00378,0,23,Phone,3,55,Cash on Delivery,Female,5,1,Electronics,4,Married,6,0,31,2,4,27,385.17,11615.58,1737.82,0.2673,41,31,7,16,Free,10,7
CUST_00379,0,16,Phone,1,58,Debit Card,Female,5,9,Others,1,Single,8,0,23,19,19,73,358.32,11824.34,2203.89,0.522,32,35,3,7,Free,3,1
CUST_00380,0,0,Tablet,2,90,Cash on Delivery,Male,1,6,Others,4,Married,8,1,13,19,2,73,36.88,2048.68,1119.28,0.0763,65,4,2,1,Free,4,0
CUST_00381,0,57,Mobile Phone,1,80,Cash on Delivery,Female,0,4,Mobile Phone,5,Married,6,0,27,6,4,0,332.91,3056.47,1948.41,0.2256,43,18,4,26,Free,7,9
CUST_00382,0,57,Mobile Phone,2,13,Credit Card,Female,4,5,Others,2,Single,4,0,26,3,13,83,218.41,7876.74,2167.42,0.4946,27,40,12,4,Silver,4,8
CUST_00383,0,14,Mobile Phone,1,56,Cash on Delivery,Male,4,9,Fashion,2,Divorced,6,0,20,17,7,27,385.81,763.01,743.64,0.3314,26,73,4,16,Platinum,7,2
CUST_00384,0,1,Mobile Phone,3,32,Cash on Delivery,Male,0,2,Mobile Phone,5,Married,9,0,22,9,18,15,203.79,4871.75,663.59,0.4938,63,79,14,12,Free,0,4
CUST_00385,0,7,Mobile Phone,1,20,E-wallet,Female,2,6,Others,1,Divorced,4,0,36,13,12,23,82.71,11862.15,1351.99,0.4145,40,56,13,9,Silver,10,2
CUST_00386,0,4,Mobile Phone,1,88,Cash on Delivery,Female,3,3,Fashion,5,Single,9,0,29,17,2,5,342.5,6358.58,2274.65,0.697,34,16,5,1,Silver,7,0
CUST_00387,0,50,Tablet,3,87,Debit Card,Female,0,6,Electronics,3,Married,3,0,1,13,10,12,375.22,4042.8,1751.88,0.0901,36,28,7,25,Silver,8,3
CUST_00388,0,54,Mobile Phone,3,95,E-wallet,Female,3,8,Grocery,4,Married,5,0,17,9,2,26,212.27,2309.71,499.76,0.4677,69,18,1,28,Free,8,2
CUST_00389,0,9,Tablet,2,42,Debit Card,Male,5,10,Mobile Phone,2,Married,1,0,3,15,8,8,163.08,9026.63,1030.27,0.342,37,73,0,14,Gold,2,4
CUST_00390,0,45,Computer,2,45,E-wallet,Male,1,3,Others,4,Divorced,9,0,47,1,18,15,310.04,11170.6,1469.94,0.6951,54,77,11,27,Silver,0,10
CUST_00391,0,10,Computer,1,79,Debit Card,Male,4,7,Others,5,Married,8,0,16,10,10,22,33.66,11100.76,960.92,0.6424,32,52,13,12,Gold,6,7
CUST_00392,0,22,Computer,2,23,E-wallet,Male,0,5,Grocery,3,Single,2,0,49,12,13,69,337.08,874.92,521.48,0.2375,67,33,11,24,Free,7,5
CUST_00393,0,36,Mobile Phone,1,10,Cash on Delivery,Male,1,6,Grocery,2,Married,3,1,12,14,8,18,344.32,1001.2,2038.29,0.6255,54,71,10,22,Platinum,0,7
CUST_00394,0,43,Computer,1,45,UPI,Female,3,2,Laptop & Accessory,1,Married,6,0,17,4,20,83,118.33,11888.44,1738.84,0.4315,65,74,2,12,Gold,3,5
CUST_00395,0,53,Mobile Phone,3,65,Debit Card,Male,5,9,Electronics,5,Single,5,0,20,16,12,88,4.52,11443.88,1975.21,0.218,31,46,10,29,Platinum,7,7
CUST_00396,0,2,Tablet,2,48,Credit Card,Female,5,2,Others,5,Divorced,2,0,46,6,14,30,3.93,2711.4,447.19,0.0686,43,70,3,17,Silver,8,5
CUST_00397,0,11,Mobile Phone,1,25,E-wallet,Male,5,1,Others,4,Married,9,0,4,12,16,2,391.22,2452.29,425.24,0.1251,35,55,14,22,Free,9,5
CUST_00398,0,17,Mobile Phone,1,54,E-wallet,Female,5,8,Grocery,1,Married,5,0,40,14,16,26,312.17,7116.18,284.43,0.4717,40,83,5,6,Silver,0,10
CUST_00399,0,18,Computer,3,95,UPI,Female,4,5,Others,5,Divorced,7,1,33,0,19,11,143.49,3874.52,1655.54,0.3734,31,33,0,28,Free,7,2
CUST_00400,0,60,Computer,1,31,E-wallet,Female,2,1,Electronics,3,Single,8,0,11,20,9,2,355.77,8646.53,2261.7,0.1004,27,16,5,16,Free,5,7
CUST_00401,0,47,Mobile Phone,1,43,Cash on Delivery,Female,0,7,Grocery,2,Married,2,0,43,10,3,73,356.91,2548.28,2141.36,0.6701,38,31,6,30,Silver,2,2
CUST_00402,0,19,Computer,1,35,Debit Card,Female,4,3,Electronics,2,Married,4,0,28,0,5,9,363.29,9693.98,684.96,0.4337,36,19,4,26,Free,9,1
CUST_00403,0,59,Mobile Phone,1,33,E-wallet,Female,1,10,Laptop & Accessory,5,Married,8,0,25,12,5,69,200.7,3460.28,874.52,0.7241,46,65,1,25,Free,6,10
CUST_00404,0,30,Computer,1,67,Cash on Delivery,Female,3,10,Electronics,4,Married,8,0,19,5,11,60,328.18,1756.1,1225.96,0.2065,34,14,9,28,Free,10,8
CUST_00405,0,30,Mobile Phone,3,40,UPI,Male,4,6,Grocery,3,Single,3,0,21,18,1,42,15.05,4171.85,97.54,0.1379,26,34,4,21,Silver,5,1
CUST_00406,0,26,Mobile Phone,1,64,Credit Card,Female,0,5,Fashion,4,Married,4,0,40,3,7,29,64.0,335.4,1697.86,0.6541,36,0,13,29,Platinum,7,9
CUST_00407,0,8,Mobile Phone,2,6,Cash on Delivery,Female,5,5,Grocery,5,Single,8,0,49,0,15,35,252.99,7774.74,582.92,0.5632,55,36,7,15,Free,0,4
CUST_00408,0,56,Mobile Phone,2,68,Debit Card,Female,1,7,Others,4,Married,4,0,45,15,9,28,41.61,906.86,2044.93,0.159,27,63,9,6,Free,0,3
CUST_00409,1,0,Mobile Phone,2,15,Debit Card,Female,1,10,Grocery,2,Divorced,1,0,17,1,7,31,17.33,1856.17,1314.27,0.2635,37,27,2,11,Gold,4,8
CUST_00410,1,10,Mobile Phone,2,41,Cash on Delivery,Male,2,7,Fashion,1,Single,5,0,31,4,10,24,43.35,9541.63,429.97,0.2387,29,77,2,21,Silver,5,6
CUST_00411,1,14,Mobile Phone,2,88,E-wallet,Male,2,1,Fashion,1,Single,2,0,50,7,2,88,181.77,6116.58,1886.46,0.5288,53,72,12,21,Platinum,1,5
CUST_00412,0,17,Mobile Phone,2,37,Credit Card,Female,2,2,Grocery,2,Married,6,0,32,18,0,83,195.32,7155.83,2030.66,0.1615,60,8,2,23,Free,5,5
CUST_00413,0,8,Mobile Phone,2,72,E-wallet,Female,0,7,Grocery,4,Married,10,1,0,16,15,78,370.4,3447.2,2145.23,0.0577,65,75,12,14,Platinum,9,10
CUST_00414,1,1,Mobile Phone,2,38,Debit Card,Female,1,4,Mobile Phone,1,Single,2,0,36,12,12,76,168.72,11669.72,309.31,0.6137,60,40,15,15,Free,5,3
CUST_00415,0,41,Computer,2,91,UPI,Male,2,5,Grocery,1,Single,3,0,29,10,14,23,205.75,11845.8,1201.91,0.0087,20,14,5,15,Free,1,10
CUST_00416,0,59,Tablet,2,96,E-wallet,Male,1,5,Mobile Phone,5,Married,6,0,25,14,7,78,326.49,4450.86,176.79,0.4561,63,66,0,27,Silver,5,5
CUST_00417,0,7,Mobile Phone,1,92,Debit Card,Female,3,6,Others,3,Married,2,0,1,6,4,41,325.88,9476.18,2398.02,0.2314,66,62,10,24,Platinum,5,9
CUST_00418,0,18,Phone,2,42,Debit Card,Male,5,3,Grocery,1,Single,6,0,24,18,17,14,130.63,9646.4,1194.25,0.3174,27,14,14,18,Free,0,0
CUST_00419,0,30,Mobile Phone,2,35,E-wallet,Female,0,1,Others,5,Married,3,0,40,14,15,67,289.83,10973.17,1919.84,0.0505,40,22,8,25,Silver,6,4
CUST_00420,0,56,Mobile Phone,1,63,Debit Card,Female,0,3,Fashion,5,Married,7,0,28,12,1,87,354.35,10354.21,662.57,0.1242,68,42,7,27,Gold,7,5
CUST_00421,0,42,Computer,3,83,E-wallet,Male,3,7,Fashion,3,Married,4,0,13,10,20,75,329.36,5329.2,564.86,0.3759,52,22,12,6,Platinum,7,9
CUST_00422,0,46,Computer,1,55,Debit Card,Female,0,7,Mobile Phone,1,Single,10,0,41,13,11,1,131.34,4395.54,1229.89,0.2875,31,50,0,25,Gold,6,1
CUST_00423,0,35,Phone,1,75,Cash on Delivery,Female,3,9,Grocery,4,Married,9,0,22,12,6,11,296.0,11226.79,1539.63,0.3379,44,17,5,18,Free,8,7
CUST_00424,0,25,Mobile Phone,3,89,UPI,Male,2,2,Grocery,5,Single,10,0,33,14,7,11,295.11,4955.84,717.92,0.0039,28,68,3,13,Gold,6,10
CUST_00425,0,12,Computer,1,77,E-wallet,Female,2,2,Grocery,5,Married,2,0,0,8,11,86,96.81,6289.78,903.52,0.696,42,20,0,30,Gold,2,9
CUST_00426,0,52,Mobile Phone,1,40,UPI,Female,3,2,Others,3,Married,10,0,7,6,1,48,267.9,1243.73,1067.54,0.3899,25,6,9,10,Platinum,7,5
CUST_00427,0,49,Mobile Phone,1,28,UPI,Male,5,6,Grocery,5,Single,1,0,10,15,1,74,35.17,3599.28,74.61,0.3264,57,36,7,27,Free,3,2
CUST_00428,0,1,Mobile Phone,3,46,UPI,Female,0,6,Electronics,5,Single,3,0,7,6,8,12,109.66,2038.93,638.65,0.6509,25,20,3,30,Silver,6,9
CUST_00429,0,43,Tablet,2,60,Debit Card,Female,0,2,Laptop & Accessory,1,Single,9,0,21,0,20,45,11.34,1080.07,1944.5,0.0469,18,26,4,1,Silver,7,1
CUST_00430,0,5,Mobile Phone,2,85,UPI,Male,4,5,Fashion,4,Single,9,0,21,1,8,33,52.37,4512.14,2041.83,0.335,32,37,14,20,Gold,4,9
CUST_00431,0,45,Phone,2,33,UPI,Male,0,1,Electronics,4,Single,3,0,4,0,18,45,42.58,6233.91,1854.15,0.4322,37,18,8,26,Free,0,6
CUST_00432,0,50,Computer,2,20,Cash on Delivery,Female,2,7,Fashion,4,Married,9,0,33,10,15,60,378.71,9373.72,391.69,0.2081,69,8,0,5,Free,3,2
CUST_00433,0,7,Computer,3,35,Credit Card,Female,2,6,Electronics,3,Married,1,0,24,14,17,46,65.53,7332.0,397.58,0.1947,52,57,4,27,Free,1,5
CUST_00434,0,26,Computer,3,62,UPI,Male,2,1,Grocery,4,Single,4,0,19,6,3,6,29.01,9911.09,811.08,0.1212,56,58,5,13,Gold,4,2
CUST_00435,1,7,Phone,1,27,UPI,Male,3,1,Fashion,3,Married,1,1,12,0,20,74,300.1,2870.31,574.51,0.5295,56,72,13,8,Silver,2,6
CUST_00436,0,34,Mobile Phone,3,43,Cash on Delivery,Female,0,8,Grocery,2,Divorced,6,0,19,13,17,82,259.41,9561.31,105.43,0.5014,46,47,5,20,Free,5,2
CUST_00437,0,56,Mobile Phone,2,29,Cash on Delivery,Male,1,9,Others,3,Married,9,0,8,7,18,49,254.44,714.29,592.44,0.307,20,39,7,30,Silver,7,9
CUST_00438,0,4,Computer,1,99,UPI,Male,0,9,Electronics,5,Married,7,0,45,16,1,16,356.78,3398.51,1239.06,0.0751,36,11,11,30,Silver,4,9
CUST_00439,0,24,Mobile Phone,1,54,Credit Card,Male,5,6,Others,5,Married,6,0,26,7,5,73,266.58,5380.45,1539.45,0.1391,57,0,1,13,Free,5,9
CUST_00440,0,59,Mobile Phone,2,74,Debit Card,Female,4,6,Laptop & Accessory,4,Single,2,0,44,13,10,54,267.31,11490.34,269.49,0.3026,49,6,15,9,Free,4,5
CUST_00441,0,18,Mobile Phone,1,54,Debit Card,Female,1,9,Electronics,2,Single,7,0,43,12,13,78,182.78,1179.6,970.31,0.1862,35,54,2,23,Silver,7,0
CUST_00442,0,8,Mobile Phone,2,6,Debit Card,Male,0,9,Others,2,Married,4,0,24,5,13,56,226.27,3224.76,972.83,0.5524,42,42,15,30,Free,7,0
CUST_00443,0,29,Mobile Phone,1,30,Cash on Delivery,Female,1,10,Others,2,Married,7,0,20,16,20,63,306.38,1913.84,375.92,0.0595,21,75,9,1,Gold,9,1
CUST_00444,1,31,Mobile Phone,2,85,UPI,Female,5,4,Grocery,2,Married,2,1,36,17,0,71,143.65,5160.98,2372.21,0.293,65,83,6,5,Free,6,2
CUST_00445,0,40,Phone,1,54,Cash on Delivery,Female,4,5,Fashion,5,Married,6,0,19,17,5,4,14.42,4013.67,2484.54,0.6657,32,55,15,5,Free,6,7
CUST_00446,0,19,Mobile Phone,3,72,Credit Card,Female,3,1,Grocery,3,Married,5,1,23,6,1,22,170.59,1195.97,327.34,0.2536,32,18,10,7,Free,4,1
CUST_00447,0,58,Tablet,1,78,E-wallet,Male,5,2,Others,2,Single,8,1,20,5,11,40,150.76,5826.81,719.34,0.5711,31,76,10,12,Silver,0,5
CUST_00448,0,31,Tablet,1,58,UPI,Male,1,4,Others,5,Single,10,0,30,6,5,64,72.71,5877.98,78.53,0.2254,28,76,14,20,Free,9,9
CUST_00449,0,17,Mobile Phone,1,60,Debit Card,Male,3,9,Others,2,Divorced,10,0,2,3,12,23,283.51,7599.61,1984.12,0.4843,40,1,4,3,Silver,5,1
CUST_00450,0,58,Computer,2,27,Debit Card,Female,4,5,Others,4,Single,4,0,14,18,8,40,321.8,10107.73,1076.67,0.4185,32,70,12,28,Gold,3,4
CUST_00451,0,56,Computer,2,28,E-wallet,Male,0,6,Grocery,4,Single,7,1,34,20,5,3,63.42,11682.75,2455.0,0.3915,48,20,3,18,Platinum,6,0
CUST_00452,0,30,Computer,2,19,Cash on Delivery,Male,2,9,Mobile Phone,2,Married,7,0,25,17,7,57,192.49,1336.07,1263.64,0.1108,57,23,2,20,Silver,2,9
CUST_00453,0,1,Mobile Phone,1,33,Credit Card,Female,2,5,Laptop & Accessory,5,Married,9,0,35,0,13,59,130.45,4127.15,217.41,0.0384,24,59,6,8,Free,8,3
CUST_00454,0,36,Mobile Phone,3,65,E-wallet,Female,1,4,Others,4,Divorced,9,0,32,19,20,49,227.19,11670.69,2060.39,0.0999,47,39,14,5,Gold,3,4
CUST_00455,0,33,Mobile Phone,2,94,Credit Card,Male,1,8,Laptop & Accessory,5,Single,1,1,16,17,3,46,37.58,6854.25,1970.01,0.566,23,34,10,8,Free,10,2
CUST_00456,1,9,Computer,1,47,Debit Card,Female,5,4,Laptop & Accessory,1,Married,9,0,22,1,3,90,373.65,4823.17,543.24,0.7484,56,38,7,13,Free,6,8
CUST_00457,0,38,Tablet,2,62,Cash on Delivery,Male,3,4,Fashion,2,Single,5,0,3,0,20,5,25.46,5275.13,495.11,0.1947,43,17,2,20,Silver,5,1
CUST_00458,1,51,Computer,2,87,UPI,Female,0,9,Electronics,2,Single,10,0,38,5,18,64,329.01,10127.74,2336.78,0.1984,44,20,6,12,Free,0,10
CUST_00459,0,6,Computer,2,70,UPI,Female,4,5,Electronics,4,Married,7,0,22,10,18,56,77.83,10378.59,2488.89,0.2882,35,83,10,15,Silver,8,10
CUST_00460,0,44,Tablet,1,30,E-wallet,Female,3,3,Mobile Phone,5,Married,4,0,13,7,19,41,308.36,3611.75,1804.91,0.2704,39,80,1,5,Silver,4,10
CUST_00461,1,8,Computer,1,31,Cash on Delivery,Female,2,9,Grocery,1,Married,3,0,27,13,4,17,112.83,3775.18,468.81,0.4783,37,36,6,6,Free,0,10
CUST_00462,0,45,Mobile Phone,2,66,E-wallet,Female,2,7,Others,1,Single,10,0,0,14,3,85,315.91,8427.82,534.54,0.3356,31,84,13,19,Silver,0,0
CUST_00463,0,25,Phone,1,32,Debit Card,Male,3,8,Electronics,4,Married,2,1,21,10,13,85,366.27,903.64,1682.34,0.4688,63,76,0,6,Gold,4,1
CUST_00464,0,0,Mobile Phone,1,28,E-wallet,Male,5,4,Others,2,Single,1,0,46,7,15,30,374.27,10166.98,259.92,0.073,60,87,14,15,Free,8,2
CUST_00465,0,58,Mobile Phone,3,61,Debit Card,Female,4,8,Electronics,4,Married,2,0,19,11,17,63,345.42,182.4,538.19,0.5563,33,87,10,10,Silver,4,7
CUST_00466,0,10,Mobile Phone,2,66,E-wallet,Male,2,10,Laptop & Accessory,1,Divorced,6,0,18,2,20,9,170.14,5586.32,71.19,0.5782,36,62,14,24,Silver,4,6
CUST_00467,0,36,Tablet,1,29,UPI,Female,1,2,Mobile Phone,3,Married,3,0,22,0,18,0,171.49,9531.1,1375.46,0.7125,55,2,10,9,Silver,3,8
CUST_00468,1,11,Mobile Phone,1,9,UPI,Male,0,2,Mobile Phone,1,Married,6,0,12,16,5,87,381.0,10979.81,1559.99,0.4911,20,75,3,7,Gold,1,7
CUST_00469,0,56,Mobile Phone,2,78,Credit Card,Female,1,6,Laptop & Accessory,5,Married,9,0,11,3,6,79,356.51,7561.07,2424.0,0.4319,30,86,12,28,Free,5,5
CUST_00470,1,45,Mobile Phone,1,42,E-wallet,Male,0,8,Others,1,Married,3,0,24,20,10,0,193.97,6416.15,284.62,0.436,33,90,1,5,Free,5,9
CUST_00471,0,49,Mobile Phone,1,65,Debit Card,Male,4,1,Electronics,1,Single,1,0,33,11,6,5,159.17,8397.36,2295.17,0.0688,24,65,0,23,Gold,3,5
CUST_00472,0,26,Mobile Phone,1,21,UPI,Female,3,6,Others,1,Married,4,0,12,11,15,13,37.68,10121.15,797.45,0.2472,26,90,3,19,Free,4,5
CUST_00473,0,28,Computer,2,35,Credit Card,Male,0,2,Mobile Phone,2,Married,7,0,10,17,17,1,144.59,254.31,2209.48,0.6679,47,70,1,8,Silver,8,3
CUST_00474,0,38,Phone,2,63,E-wallet,Male,5,10,Others,3,Married,8,0,37,4,15,33,188.41,7314.61,1710.81,0.6631,47,25,4,23,Gold,10,9
CUST_00475,0,47,Mobile Phone,1,16,Debit Card,Male,0,8,Others,4,Married,1,1,25,11,0,35,332.26,9225.96,858.7,0.7159,57,16,0,29,Platinum,9,7
CUST_00476,0,51,Mobile Phone,1,35,Cash on Delivery,Female,3,10,Laptop & Accessory,5,Married,9,0,15,9,17,60,129.62,11112.69,2216.78,0.5035,44,52,5,9,Gold,7,7
CUST_00477,0,1,Mobile Phone,2,74,Cash on Delivery,Male,0,3,Others,5,Married,6,0,43,10,6,14,121.04,4855.05,1510.41,0.1675,35,16,14,28,Free,1,0
CUST_00478,1,40,Mobile Phone,2,79,UPI,Male,3,8,Laptop & Accessory,1,Divorced,5,0,50,19,7,79,10.57,10830.64,1651.93,0.6231,43,61,8,5,Free,5,0
CUST_00479,0,6,Computer,2,38,Credit Card,Male,3,4,Fashion,3,Divorced,3,0,43,20,11,74,15.84,7597.46,2234.44,0.4341,68,43,11,26,Silver,7,5
CUST_00480,0,17,Computer,1,16,Debit Card,Male,5,2,Mobile Phone,5,Single,10,0,14,8,2,63,323.22,4067.4,1163.21,0.0721,31,49,15,13,Silver,10,6
CUST_00481,0,50,Computer,2,7,Cash on Delivery,Female,3,5,Grocery,1,Married,2,0,49,8,15,85,65.66,11802.65,325.87,0.044,64,13,7,22,Free,7,4
CUST_00482,1,15,Mobile Phone,3,58,UPI,Female,2,5,Laptop & Accessory,4,Married,5,0,18,5,14,17,386.56,797.64,247.95,0.4676,23,29,5,10,Silver,8,8
CUST_00483,0,48,Computer,2,71,UPI,Female,3,6,Others,3,Married,5,0,4,8,9,71,24.07,10450.15,841.89,0.494,55,65,10,23,Platinum,9,9
CUST_00484,0,28,Mobile Phone,1,61,Debit Card,Male,3,9,Fashion,1,Single,6,0,27,9,7,39,322.51,6387.49,2150.94,0.2316,24,61,3,9,Silver,2,5
CUST_00485,1,14,Mobile Phone,2,43,UPI,Female,2,3,Others,1,Married,3,0,48,1,5,33,46.04,7058.0,2377.5,0.7021,64,82,15,14,Platinum,10,9
CUST_00486,0,20,Tablet,1,7,Credit Card,Female,4,7,Fashion,2,Married,10,0,0,4,13,61,253.96,10004.79,1431.01,0.1324,36,73,3,0,Free,5,2
CUST_00487,0,32,Computer,1,26,UPI,Male,3,2,Grocery,1,Single,4,0,0,16,20,26,302.71,11132.44,1447.44,0.116,33,86,14,9,Silver,10,6
CUST_00488,0,46,Tablet,1,8,Credit Card,Female,5,9,Electronics,1,Single,8,0,0,15,9,1,90.45,10755.99,655.7,0.2771,51,20,9,11,Free,5,2
CUST_00489,0,36,Phone,3,49,Cash on Delivery,Female,1,5,Others,3,Married,7,0,42,1,20,31,224.39,5651.37,2213.28,0.3738,43,27,5,16,Gold,9,3
CUST_00490,0,56,Computer,1,34,UPI,Female,4,8,Fashion,4,Married,3,0,11,18,9,70,312.29,8573.64,1007.02,0.3495,18,46,11,11,Free,10,7
CUST_00491,0,52,Tablet,3,11,E-wallet,Female,4,3,Grocery,3,Married,10,0,25,2,0,7,68.31,9052.84,1231.76,0.5188,56,47,11,23,Platinum,4,6
CUST_00492,0,45,Mobile Phone,2,63,UPI,Female,4,4,Mobile Phone,4,Single,5,0,4,3,18,77,208.99,4221.26,2402.13,0.1492,18,44,7,22,Free,6,5
CUST_00493,0,36,Mobile Phone,2,40,Credit Card,Female,5,10,Laptop & Accessory,1,Married,7,0,48,1,7,82,213.06,3710.84,2001.85,0.3893,60,17,8,11,Silver,3,6
CUST_00494,0,17,Mobile Phone,1,97,Debit Card,Female,2,2,Others,2,Single,7,0,38,3,13,43,307.08,9876.03,1921.48,0.3768,24,21,13,3,Gold,7,5
CUST_00495,0,25,Mobile Phone,2,45,E-wallet,Male,3,6,Grocery,4,Married,6,1,29,4,9,22,144.58,6476.24,1155.65,0.6788,65,30,11,10,Silver,5,6
CUST_00496,1,7,Mobile Phone,1,13,E-wallet,Male,0,4,Fashion,1,Single,7,0,44,18,13,73,258.12,2754.56,403.91,0.6039,44,85,0,4,Platinum,1,7
CUST_00497,0,22,Mobile Phone,2,72,Credit Card,Female,2,4,Electronics,3,Married,6,0,10,9,16,22,380.01,10577.79,904.47,0.6596,22,25,11,4,Free,5,5
CUST_00498,0,56,Computer,1,72,Cash on Delivery,Female,0,7,Electronics,1,Married,8,0,21,4,20,18,283.57,5986.91,1110.76,0.6565,35,51,9,26,Free,4,8
CUST_00499,0,25,Computer,1,94,UPI,Female,4,8,Others,3,Married,5,0,49,0,20,65,7.17,10478.62,2003.97,0.0754,31,46,6,23,Gold,9,1
CUST_00500,1,6,Computer,2,71,Debit Card,Male,4,5,Fashion,4,Single,9,1,26,5,5,28,60.35,2059.79,1934.63,0.3783,41,36,9,3,Silver,1,6
CUST_00501,0,39,Mobile Phone,1,39,UPI,Female,1,7,Laptop & Accessory,5,Married,6,0,15,8,0,56,159.26,10702.67,2304.53,0.6532,67,24,4,20,Silver,5,6
CUST_00502,0,58,Computer,1,69,E-wallet,Male,4,1,Fashion,1,Single,10,0,31,9,14,20,161.75,4915.48,226.11,0.6189,34,46,14,16,Silver,4,2
CUST_00503,0,52,Mobile Phone,3,81,Credit Card,Female,1,3,Fashion,3,Single,6,0,47,10,4,87,132.24,3581.4,1131.44,0.6866,45,1,8,16,Gold,5,4
CUST_00504,0,16,Mobile Phone,1,54,E-wallet,Female,4,8,Mobile Phone,3,Married,6,0,4,4,7,20,177.25,4491.02,2084.41,0.0318,54,84,3,27,Silver,9,10
CUST_00505,0,27,Mobile Phone,1,81,Credit Card,Female,5,7,Grocery,1,Single,5,0,50,2,15,89,377.35,7272.99,1195.4,0.315,60,24,7,9,Free,7,5
CUST_00506,0,32,Mobile Phone,1,97,Cash on Delivery,Female,4,1,Fashion,4,Divorced,4,0,23,10,12,68,321.8,3674.92,617.37,0.0869,34,71,5,13,Free,9,8
CUST_00507,1,15,Mobile Phone,1,77,Credit Card,Female,1,9,Others,1,Married,8,0,4,1,12,37,55.55,7759.34,2004.65,0.0919,25,12,2,17,Free,7,8
CUST_00508,0,16,Phone,2,53,Credit Card,Female,1,5,Laptop & Accessory,4,Single,7,0,48,18,17,62,177.71,6098.3,173.82,0.4189,28,72,7,30,Platinum,1,2
CUST_00509,1,14,Computer,1,52,Credit Card,Male,0,4,Electronics,2,Divorced,4,0,29,6,13,83,272.64,7900.49,936.75,0.7393,52,3,4,1,Platinum,1,6
CUST_00510,0,60,Computer,2,85,E-wallet,Female,5,5,Grocery,1,Single,9,0,10,13,19,57,65.51,4113.74,1731.89,0.5671,58,37,8,5,Silver,4,3
CUST_00511,1,45,Mobile Phone,2,88,UPI,Female,3,4,Mobile Phone,1,Married,2,0,9,13,4,86,20.28,3185.88,442.69,0.4032,52,42,1,4,Gold,10,9
CUST_00512,1,51,Phone,1,30,Cash on Delivery,Female,0,6,Fashion,3,Single,1,0,4,0,8,83,383.08,8119.11,2105.21,0.6271,69,86,4,19,Free,10,10
CUST_00513,0,49,Computer,3,5,Credit Card,Male,3,2,Others,2,Married,7,0,26,12,9,77,313.86,6398.56,1023.39,0.4734,45,58,4,9,Gold,1,3
CUST_00514,0,58,Mobile Phone,3,82,E-wallet,Female,3,2,Fashion,3,Married,5,0,14,13,17,83,354.09,1794.54,983.48,0.064,47,58,8,30,Silver,1,3
CUST_00515,0,6,Computer,1,27,E-wallet,Male,3,10,Grocery,5,Single,8,0,16,2,17,84,312.55,7868.63,2375.35,0.4702,20,82,0,3,Silver,4,4
CUST_00516,0,53,Mobile Phone,1,100,UPI,Male,3,8,Grocery,5,Married,7,0,27,12,7,2,271.61,3394.89,409.66,0.0581,21,79,2,22,Free,1,7
CUST_00517,0,4,Mobile Phone,1,8,E-wallet,Female,0,4,Others,4,Single,8,0,48,1,19,54,306.03,4436.51,1119.09,0.2796,69,18,8,0,Silver,0,4
CUST_00518,0,29,Mobile Phone,1,92,Credit Card,Male,2,9,Grocery,3,Married,3,0,44,9,13,60,210.12,10276.52,1302.46,0.2755,60,36,5,24,Free,1,4
CUST_00519,0,36,Mobile Phone,2,70,Debit Card,Male,4,8,Others,1,Single,3,1,5,3,4,10,102.85,2507.38,287.24,0.7396,59,6,0,7,Free,4,1
CUST_00520,0,21,Mobile Phone,2,34,Credit Card,Female,5,7,Others,3,Single,3,0,18,6,18,60,37.78,5226.38,823.28,0.0956,40,68,15,30,Silver,5,4
CUST_00521,1,8,Mobile Phone,1,8,Credit Card,Female,1,8,Laptop & Accessory,1,Single,7,0,11,18,3,78,239.0,1121.79,1354.51,0.6356,23,66,13,27,Free,4,1
CUST_00522,0,11,Mobile Phone,1,86,E-wallet,Female,3,10,Others,1,Married,7,0,17,18,14,67,87.75,5458.64,2309.34,0.2277,54,4,2,1,Free,10,7
CUST_00523,0,50,Tablet,1,16,UPI,Male,5,9,Others,2,Divorced,10,0,46,19,19,27,329.22,11059.92,1201.39,0.3604,22,47,3,0,Free,8,9
CUST_00524,0,19,Mobile Phone,3,14,Cash on Delivery,Male,3,3,Laptop & Accessory,4,Divorced,3,1,17,20,14,44,214.03,6747.56,1418.68,0.6652,48,78,2,11,Silver,9,2
CUST_00525,1,18,Mobile Phone,3,80,E-wallet,Male,1,8,Fashion,4,Married,2,0,33,10,10,84,398.15,10433.06,1704.23,0.3153,37,83,13,24,Free,8,10
CUST_00526,0,56,Mobile Phone,1,70,Cash on Delivery,Male,3,2,Mobile Phone,4,Married,10,0,42,18,17,24,154.15,6550.62,407.05,0.5074,44,30,0,30,Platinum,2,10
CUST_00527,0,8,Phone,2,17,Debit Card,Male,0,6,Others,2,Married,6,0,13,18,3,47,167.74,797.2,410.45,0.6629,26,42,15,17,Platinum,10,1
CUST_00528,0,55,Computer,2,37,Debit Card,Male,2,1,Fashion,4,Married,4,1,23,5,5,76,107.8,6103.06,1221.89,0.1491,37,28,11,30,Free,8,4
CUST_00529,0,56,Phone,2,68,Credit Card,Male,3,2,Mobile Phone,5,Single,4,0,41,2,13,44,114.39,2868.46,1579.36,0.2478,38,78,0,1,Silver,10,0
CUST_00530,0,36,Mobile Phone,2,68,E-wallet,Female,0,8,Laptop & Accessory,4,Married,9,0,16,8,15,9,190.97,5248.14,827.72,0.4557,29,26,9,15,Silver,0,2
CUST_00531,0,10,Mobile Phone,3,39,E-wallet,Female,1,4,Electronics,4,Single,8,0,34,13,5,75,25.81,2922.85,249.19,0.2798,51,5,11,12,Free,7,3
CUST_00532,0,9,Computer,1,44,UPI,Male,5,2,Laptop & Accessory,5,Married,2,0,9,2,13,31,333.36,1445.42,1900.8,0.3317,38,73,3,23,Silver,6,1
CUST_00533,0,17,Mobile Phone,1,12,UPI,Female,3,10,Mobile Phone,4,Married,4,0,46,13,16,35,39.46,2619.52,1763.52,0.536,38,90,1,19,Silver,0,8
CUST_00534,0,35,Phone,3,5,E-wallet,Male,2,10,Grocery,5,Single,9,0,6,6,11,76,362.62,4875.89,2275.42,0.6509,26,14,6,13,Free,9,8
CUST_00535,1,9,Phone,1,97,Debit Card,Female,1,3,Laptop & Accessory,2,Married,8,0,35,9,3,9,159.62,9893.43,1989.61,0.2827,30,37,3,2,Free,1,7
CUST_00536,1,27,Mobile Phone,1,27,UPI,Male,0,6,Mobile Phone,2,Single,9,0,49,8,20,67,183.94,9256.27,1864.53,0.1996,53,69,3,22,Free,3,8
CUST_00537,1,7,Tablet,2,94,E-wallet,Female,2,3,Others,1,Divorced,2,0,7,15,7,71,385.67,536.81,1331.04,0.5489,57,78,10,3,Gold,1,10
CUST_00538,0,32,Computer,2,9,Debit Card,Male,3,9,Fashion,1,Divorced,6,0,24,6,8,81,295.61,9344.85,2347.89,0.4477,22,3,11,29,Silver,4,0
CUST_00539,1,1,Mobile Phone,2,100,E-wallet,Male,1,7,Mobile Phone,3,Married,1,1,48,9,12,26,111.54,465.7,1736.13,0.5572,31,3,14,3,Free,4,10
CUST_00540,0,43,Mobile Phone,2,46,Credit Card,Female,4,5,Others,5,Married,5,0,3,13,4,2,122.24,1003.06,323.46,0.705,55,84,2,2,Silver,7,2
CUST_00541,0,3,Mobile Phone,2,82,UPI,Female,2,10,Laptop & Accessory,2,Single,2,0,15,17,1,76,59.93,9164.59,1955.03,0.172,29,17,0,23,Silver,7,3
CUST_00542,0,11,Phone,1,85,UPI,Female,0,8,Mobile Phone,4,Married,3,0,46,9,17,14,255.52,4779.33,601.18,0.5688,60,4,12,6,Silver,9,4
CUST_00543,0,10,Mobile Phone,2,38,Debit Card,Female,0,2,Others,1,Married,3,0,6,2,15,83,264.35,3925.42,2028.55,0.2039,65,53,10,2,Free,2,2
CUST_00544,0,50,Mobile Phone,2,75,E-wallet,Male,5,5,Electronics,5,Single,2,1,48,11,3,64,355.71,4567.76,2475.89,0.1843,50,27,5,18,Silver,5,10
CUST_00545,0,3,Computer,3,37,UPI,Female,2,9,Fashion,3,Single,9,0,38,0,10,35,113.66,6337.46,368.85,0.5401,41,1,7,19,Gold,6,1
CUST_00546,0,26,Mobile Phone,1,80,E-wallet,Female,2,6,Others,3,Married,4,0,12,13,15,33,26.92,7317.95,247.06,0.2149,61,41,7,16,Silver,10,5
CUST_00547,0,36,Mobile Phone,1,97,Debit Card,Female,1,1,Grocery,2,Married,2,0,10,7,20,61,88.0,8077.16,1962.81,0.0096,54,50,11,9,Free,5,5
CUST_00548,0,31,Computer,2,82,Debit Card,Female,4,8,Electronics,5,Married,10,0,16,13,19,77,385.25,1244.51,2006.24,0.3164,36,58,12,1,Free,6,0
CUST_00549,0,41,Mobile Phone,1,74,UPI,Female,4,5,Others,3,Single,1,0,27,2,1,1,395.28,2056.77,1701.35,0.2714,69,24,12,18,Free,0,9
CUST_00550,0,48,Mobile Phone,1,40,UPI,Female,1,3,Grocery,1,Single,2,0,48,10,17,1,141.36,5266.31,1190.56,0.018,44,89,8,5,Platinum,3,5
CUST_00551,1,24,Mobile Phone,3,15,Debit Card,Female,4,9,Fashion,3,Married,9,0,40,3,2,72,195.96,10383.04,2151.93,0.2621,40,48,6,0,Silver,2,8
CUST_00552,0,50,Mobile Phone,2,53,Debit Card,Male,2,9,Grocery,3,Single,5,0,0,11,13,37,338.51,9175.98,1673.31,0.2709,44,6,6,29,Platinum,9,8
CUST_00553,0,19,Mobile Phone,1,17,Cash on Delivery,Male,1,6,Laptop & Accessory,4,Single,4,1,30,1,12,41,191.1,2321.55,2167.23,0.3989,66,68,14,16,Free,0,2
CUST_00554,0,60,Computer,1,53,Debit Card,Male,4,8,Fashion,3,Single,4,0,16,10,19,0,383.59,3520.47,869.72,0.3692,51,35,6,26,Platinum,8,3
CUST_00555,0,30,Tablet,1,88,Cash on Delivery,Female,0,3,Electronics,2,Married,6,1,27,9,12,24,335.05,4605.87,885.93,0.123,67,57,8,25,Gold,10,4
CUST_00556,0,44,Mobile Phone,2,15,UPI,Female,5,8,Fashion,1,Single,4,0,21,2,10,54,296.58,10332.88,1545.05,0.5227,42,61,8,2,Platinum,7,3
CUST_00557,1,53,Tablet,2,91,E-wallet,Male,0,10,Electronics,5,Single,1,1,30,15,12,79,251.41,11742.03,1734.48,0.6851,39,67,12,24,Free,1,8
CUST_00558,0,48,Computer,1,62,Debit Card,Female,1,3,Fashion,1,Married,10,0,39,17,1,11,82.56,1008.44,377.71,0.596,21,15,2,3,Platinum,1,2
CUST_00559,0,51,Computer,1,9,E-wallet,Female,1,10,Mobile Phone,2,Single,10,0,12,11,0,37,73.15,5893.52,439.11,0.119,59,31,0,16,Gold,4,3
CUST_00560,0,32,Computer,1,74,UPI,Male,1,1,Laptop & Accessory,1,Divorced,2,0,18,10,15,67,346.63,4413.53,2090.6,0.4145,45,88,4,15,Gold,0,1
CUST_00561,0,2,Computer,1,5,Credit Card,Male,2,5,Grocery,2,Married,6,0,2,7,10,74,96.35,3928.75,1456.99,0.1415,40,65,0,6,Free,9,3
CUST_00562,0,30,Phone,1,63,Cash on Delivery,Female,4,1,Mobile Phone,1,Married,5,0,17,5,15,44,97.42,6038.95,611.09,0.2992,19,3,8,13,Free,0,0
CUST_00563,1,11,Mobile Phone,2,53,Debit Card,Female,2,5,Fashion,2,Married,1,1,50,0,10,38,338.42,8652.42,866.67,0.6577,48,48,15,23,Platinum,8,8
CUST_00564,0,54,Mobile Phone,1,76,Credit Card,Male,3,7,Grocery,5,Single,4,0,37,10,18,75,18.53,7126.75,2052.97,0.0877,41,70,3,21,Gold,2,6
CUST_00565,1,14,Mobile Phone,1,41,UPI,Male,5,9,Laptop & Accessory,2,Married,7,0,34,10,6,86,287.11,5149.83,569.0,0.7057,44,46,1,16,Platinum,3,4
CUST_00566,1,13,Mobile Phone,2,16,Cash on Delivery,Male,2,2,Fashion,5,Single,2,1,43,0,8,69,246.35,8694.76,1532.24,0.2529,19,68,9,4,Free,2,10
CUST_00567,1,15,Computer,1,42,Debit Card,Female,4,9,Mobile Phone,4,Married,4,1,29,6,5,61,15.17,4996.71,1295.91,0.4643,45,56,15,8,Silver,3,0
CUST_00568,0,39,Mobile Phone,1,78,Cash on Delivery,Male,2,10,Mobile Phone,5,Single,3,0,4,11,3,62,72.48,7855.1,2390.74,0.3703,43,74,4,4,Silver,6,5
CUST_00569,0,34,Mobile Phone,1,96,Credit Card,Male,0,1,Others,4,Married,4,0,33,5,2,60,119.97,2098.34,1917.24,0.4151,61,45,1,28,Free,10,9
CUST_00570,0,57,Mobile Phone,1,24,Credit Card,Female,1,10,Others,5,Single,7,1,7,12,2,47,90.84,4140.75,1805.51,0.4703,37,87,10,7,Free,4,10
CUST_00571,0,25,Mobile Phone,1,38,Cash on Delivery,Female,0,10,Mobile Phone,3,Married,5,0,9,9,2,11,67.69,6867.04,1894.75,0.0666,25,40,15,16,Free,5,10
CUST_00572,0,17,Computer,2,89,Credit Card,Male,5,1,Others,5,Single,8,0,33,19,7,81,341.52,11023.04,2370.75,0.1502,45,60,1,6,Free,0,6
CUST_00573,1,3,Computer,1,35,Debit Card,Female,0,1,Mobile Phone,1,Single,6,0,47,3,9,68,369.97,329.24,677.86,0.5649,51,28,8,28,Silver,3,8
CUST_00574,1,0,Mobile Phone,2,28,UPI,Male,4,8,Fashion,5,Married,7,0,16,0,16,31,70.04,8749.55,134.63,0.5626,46,72,8,12,Free,9,9
CUST_00575,1,22,Mobile Phone,2,84,Credit Card,Female,0,5,Others,1,Married,7,0,15,6,17,47,231.32,5858.68,760.25,0.4164,24,54,4,13,Silver,0,5
CUST_00576,0,56,Mobile Phone,1,52,E-wallet,Male,0,3,Laptop & Accessory,1,Divorced,9,1,34,16,10,6,173.28,8962.31,2284.87,0.7095,60,10,12,30,Silver,6,5
CUST_00577,0,31,Mobile Phone,1,60,UPI,Female,3,5,Fashion,4,Single,2,0,15,19,12,65,150.54,1466.58,1762.73,0.0329,46,26,4,14,Silver,2,8
CUST_00578,0,54,Computer,1,51,Debit Card,Male,0,4,Electronics,2,Single,10,0,8,13,3,37,381.24,7141.64,431.89,0.6768,67,54,5,17,Silver,4,5
CUST_00579,1,6,Computer,1,62,E-wallet,Female,0,10,Others,1,Married,8,0,11,12,5,78,18.32,5119.01,882.32,0.325,27,0,6,11,Free,5,8
CUST_00580,0,5,Mobile Phone,2,30,UPI,Male,4,3,Others,5,Single,2,0,41,15,5,20,389.88,3807.29,1522.53,0.6843,31,84,12,21,Platinum,4,1
CUST_00581,0,50,Mobile Phone,1,75,Cash on Delivery,Male,0,1,Others,3,Married,1,0,31,20,10,63,127.05,486.59,449.28,0.3496,19,5,0,11,Free,5,4
CUST_00582,0,6,Tablet,3,39,Credit Card,Female,3,9,Others,3,Single,1,0,16,19,7,30,227.81,6352.6,1517.0,0.5777,66,9,5,13,Silver,1,3
CUST_00583,0,3,Computer,2,55,Credit Card,Male,0,9,Fashion,2,Married,7,0,50,13,4,45,372.53,4168.39,231.43,0.738,47,80,12,10,Platinum,5,3
CUST_00584,0,24,Mobile Phone,2,22,Credit Card,Female,0,9,Mobile Phone,4,Married,5,0,17,7,10,29,258.06,11071.88,1830.77,0.6556,37,17,12,20,Gold,5,8
CUST_00585,0,56,Mobile Phone,2,6,UPI,Female,4,10,Fashion,2,Single,2,0,35,2,2,77,306.84,9037.89,786.11,0.067,23,77,12,23,Gold,3,10
CUST_00586,0,42,Mobile Phone,2,59,E-wallet,Male,2,1,Laptop & Accessory,3,Married,4,0,9,3,17,18,38.73,1135.64,1097.04,0.5886,26,31,13,23,Gold,10,6
CUST_00587,1,6,Tablet,3,18,E-wallet,Male,0,8,Laptop & Accessory,1,Married,5,0,47,13,15,67,227.93,3788.82,84.31,0.3474,21,87,2,8,Platinum,8,4
CUST_00588,0,51,Mobile Phone,3,92,UPI,Male,4,3,Others,2,Married,1,0,10,1,20,2,124.25,3190.85,1629.45,0.2168,49,27,0,0,Free,5,6
CUST_00589,0,51,Mobile Phone,1,97,Credit Card,Female,5,5,Mobile Phone,1,Married,6,1,21,18,5,69,167.78,8240.12,1730.59,0.5341,40,40,2,6,Platinum,1,1
CUST_00590,0,48,Tablet,1,35,Cash on Delivery,Female,3,5,Grocery,2,Married,1,0,30,10,12,42,94.97,6944.45,2190.74,0.3255,38,80,4,16,Platinum,0,8
CUST_00591,0,55,Computer,1,32,Cash on Delivery,Male,2,10,Mobile Phone,2,Married,7,0,26,19,17,82,246.27,4371.96,1832.56,0.441,57,24,6,27,Free,6,1
CUST_00592,0,14,Mobile Phone,1,53,UPI,Male,5,6,Grocery,4,Married,1,1,29,18,8,37,214.36,2739.32,1707.19,0.5868,34,25,15,22,Free,6,9
CUST_00593,0,59,Mobile Phone,2,24,Cash on Delivery,Male,2,3,Fashion,5,Married,8,1,39,11,19,12,51.31,5341.76,1081.14,0.617,37,90,14,30,Gold,0,4
CUST_00594,0,19,Mobile Phone,1,87,UPI,Male,3,1,Laptop & Accessory,3,Married,3,0,42,8,3,61,291.75,3085.95,227.86,0.3504,51,13,1,15,Platinum,0,4
CUST_00595,0,48,Computer,2,14,Cash on Delivery,Female,2,6,Fashion,5,Married,6,1,17,2,3,45,113.76,2354.87,1629.23,0.3303,49,55,2,15,Silver,9,4
CUST_00596,0,35,Mobile Phone,2,48,UPI,Female,4,9,Electronics,2,Married,4,1,32,20,10,3,234.65,9806.75,103.96,0.3098,54,34,2,1,Silver,10,2
CUST_00597,0,47,Tablet,1,23,Credit Card,Male,3,8,Electronics,3,Single,9,0,29,13,7,11,347.34,11623.47,1662.19,0.5076,53,82,13,5,Free,0,1
CUST_00598,0,38,Tablet,2,84,Credit Card,Female,2,10,Mobile Phone,4,Single,8,0,21,8,12,44,159.07,9084.48,233.27,0.7107,41,48,0,15,Gold,5,6
CUST_00599,0,39,Mobile Phone,1,18,E-wallet,Male,2,1,Mobile Phone,1,Single,10,0,25,3,17,68,255.86,842.98,195.61,0.201,37,32,6,3,Silver,6,4
CUST_00600,1,37,Computer,2,47,UPI,Male,1,5,Electronics,3,Married,8,1,40,17,6,89,344.89,11268.17,1439.58,0.2143,32,31,4,8,Free,7,7
CUST_00601,0,47,Mobile Phone,2,85,Debit Card,Female,2,7,Fashion,5,Married,10,0,34,1,15,39,248.93,5497.97,2304.41,0.4859,20,70,13,19,Platinum,3,2
CUST_00602,0,45,Mobile Phone,1,47,Debit Card,Male,0,9,Laptop & Accessory,3,Single,3,0,0,14,6,86,393.21,3259.21,1821.94,0.336,59,9,9,14,Free,9,9
CUST_00603,0,8,Computer,2,22,Credit Card,Male,2,4,Laptop & Accessory,5,Married,4,0,3,4,0,65,32.53,9284.15,1766.08,0.0354,49,70,10,24,Silver,7,10
CUST_00604,0,50,Mobile Phone,1,20,E-wallet,Male,0,7,Fashion,4,Single,9,0,35,13,17,49,145.1,144.72,1996.72,0.0543,52,8,4,19,Gold,8,6
CUST_00605,0,32,Mobile Phone,2,63,Credit Card,Male,1,3,Mobile Phone,1,Single,1,0,27,2,10,11,281.04,461.73,1178.5,0.4534,59,59,12,22,Gold,5,6
CUST_00606,0,19,Mobile Phone,2,16,Debit Card,Male,2,6,Laptop & Accessory,3,Single,2,0,27,16,13,76,195.33,9127.42,1837.93,0.2834,51,33,15,13,Free,5,4
CUST_00607,0,31,Mobile Phone,1,39,UPI,Female,0,8,Electronics,2,Married,8,0,43,9,7,56,103.39,2009.59,1221.62,0.4682,21,22,13,27,Platinum,10,4
CUST_00608,0,58,Mobile Phone,2,63,Debit Card,Female,1,9,Fashion,5,Single,4,1,11,9,9,71,133.87,5720.38,2376.8,0.5646,66,23,7,6,Free,4,2
CUST_00609,0,52,Computer,3,41,Credit Card,Male,4,5,Electronics,2,Single,3,1,12,19,17,10,289.69,6344.95,1795.21,0.2562,20,75,0,12,Gold,4,7
CUST_00610,0,50,Phone,2,84,Debit Card,Female,5,5,Laptop & Accessory,3,Married,4,0,32,3,11,85,314.57,11925.34,789.62,0.4362,70,79,9,15,Silver,10,10
CUST_00611,0,28,Computer,2,71,Cash on Delivery,Male,3,9,Fashion,4,Married,8,1,39,13,3,32,253.89,4020.55,944.67,0.3169,29,42,9,29,Free,3,10
CUST_00612,0,47,Phone,2,17,Debit Card,Male,4,6,Fashion,5,Married,5,0,50,11,10,36,355.5,3715.76,1616.51,0.6921,20,0,3,12,Free,0,8
CUST_00613,0,23,Mobile Phone,1,83,E-wallet,Female,4,4,Grocery,3,Single,1,0,47,14,2,48,208.66,5737.13,1213.7,0.7238,66,68,0,21,Free,6,0
CUST_00614,0,41,Phone,2,92,Debit Card,Male,5,3,Others,5,Married,6,1,17,13,3,2,329.47,5858.77,431.54,0.5068,31,10,10,10,Free,4,1
CUST_00615,0,39,Mobile Phone,3,24,Credit Card,Female,5,8,Fashion,1,Single,8,1,9,16,20,62,42.91,6625.51,1601.88,0.2861,53,49,12,23,Platinum,0,7
CUST_00616,0,15,Mobile Phone,1,39,Credit Card,Male,0,8,Fashion,5,Single,2,0,32,7,18,23,394.28,10551.59,1565.77,0.7118,60,80,4,19,Free,5,0
CUST_00617,0,16,Tablet,1,42,E-wallet,Female,2,6,Others,2,Married,1,0,9,5,18,45,349.83,8537.4,90.95,0.2516,38,9,9,19,Silver,6,3
CUST_00618,0,3,Mobile Phone,1,45,UPI,Male,5,2,Fashion,4,Married,7,0,22,14,1,47,357.38,10356.75,985.56,0.3971,23,30,15,9,Free,9,6
CUST_00619,0,8,Mobile Phone,1,49,E-wallet,Male,5,2,Fashion,3,Divorced,9,0,15,12,20,66,352.12,4699.94,1844.8,0.7053,32,39,9,2,Free,3,6
CUST_00620,0,26,Mobile Phone,1,90,Cash on Delivery,Female,3,3,Laptop & Accessory,4,Married,1,0,20,19,4,72,336.91,9275.16,492.87,0.4563,19,15,13,16,Silver,1,9
CUST_00621,0,29,Mobile Phone,1,67,Credit Card,Male,2,1,Electronics,1,Single,7,0,45,14,3,15,34.07,11537.16,2138.07,0.3007,39,34,12,27,Platinum,4,6
CUST_00622,0,10,Mobile Phone,2,91,Debit Card,Male,0,5,Laptop & Accessory,3,Single,8,0,15,4,11,73,364.14,1037.38,1440.53,0.0241,35,33,0,21,Free,7,3
CUST_00623,1,25,Mobile Phone,1,38,Cash on Delivery,Male,2,5,Mobile Phone,1,Married,2,0,43,6,7,58,67.52,5277.85,1046.9,0.5928,49,84,10,8,Gold,5,0
CUST_00624,0,36,Phone,1,55,Credit Card,Female,3,4,Fashion,3,Single,3,0,11,14,9,83,347.13,7196.85,2467.83,0.0649,59,5,6,12,Silver,7,5
CUST_00625,1,14,Mobile Phone,2,15,E-wallet,Female,3,10,Fashion,3,Married,6,1,15,8,18,35,223.41,7070.06,1612.71,0.0676,62,76,2,3,Free,1,7
CUST_00626,0,20,Mobile Phone,1,31,Credit Card,Female,3,3,Laptop & Accessory,2,Married,7,0,12,19,12,50,113.16,6205.71,2318.2,0.1705,39,76,6,7,Silver,10,9
CUST_00627,0,22,Mobile Phone,1,61,Cash on Delivery,Female,1,9,Grocery,3,Married,6,1,38,14,6,14,125.93,9886.68,2497.79,0.4729,35,28,3,28,Silver,3,1
CUST_00628,1,30,Phone,2,21,E-wallet,Female,5,2,Others,2,Single,2,0,39,7,19,31,107.9,2604.19,1174.85,0.67,29,75,8,20,Platinum,9,10
CUST_00629,0,22,Mobile Phone,3,97,UPI,Male,1,7,Laptop & Accessory,1,Single,9,0,1,16,14,77,290.13,11590.76,936.15,0.0062,52,55,5,8,Platinum,6,8
CUST_00630,0,44,Mobile Phone,2,31,E-wallet,Female,2,9,Fashion,1,Single,5,1,16,14,6,71,294.25,9723.61,2177.08,0.5085,27,86,12,12,Silver,5,6
CUST_00631,0,19,Mobile Phone,1,20,E-wallet,Female,3,9,Grocery,2,Single,6,0,47,7,1,88,171.04,3586.93,75.23,0.3912,65,40,13,30,Free,10,2
CUST_00632,0,26,Computer,1,79,Cash on Delivery,Female,1,6,Mobile Phone,4,Single,6,0,27,8,3,78,170.95,488.01,1183.13,0.4658,47,24,13,13,Silver,1,2
CUST_00633,0,23,Computer,3,13,Cash on Delivery,Female,0,3,Grocery,3,Married,6,0,9,13,4,21,85.33,8679.46,1627.93,0.5176,63,59,10,26,Platinum,10,3
CUST_00634,1,11,Computer,2,36,Debit Card,Female,3,4,Fashion,1,Married,3,0,10,5,2,29,159.26,414.56,2035.54,0.4943,36,39,9,6,Gold,9,10
CUST_00635,0,41,Computer,2,24,Debit Card,Female,1,5,Laptop & Accessory,3,Single,4,1,23,13,19,14,265.08,5890.96,1728.55,0.6229,67,39,10,20,Free,3,9
CUST_00636,0,14,Mobile Phone,2,71,E-wallet,Male,5,9,Others,3,Single,2,0,10,6,1,45,250.1,7026.4,99.3,0.0818,51,17,11,12,Free,2,3
CUST_00637,0,18,Mobile Phone,1,85,Debit Card,Male,4,4,Others,2,Divorced,8,0,22,19,19,69,51.93,11746.57,1703.65,0.1675,42,37,8,27,Free,4,2
CUST_00638,0,48,Mobile Phone,1,23,UPI,Male,2,9,Fashion,1,Single,4,0,29,12,16,75,292.58,3836.21,1649.61,0.6334,60,44,4,26,Silver,8,0
CUST_00639,0,57,Mobile Phone,2,44,UPI,Female,2,10,Laptop & Accessory,2,Single,1,0,23,16,1,90,395.91,8648.26,72.6,0.0534,53,70,13,25,Free,1,6
CUST_00640,1,40,Mobile Phone,3,50,Debit Card,Male,5,2,Laptop & Accessory,1,Married,1,0,29,11,9,31,324.36,11456.9,782.69,0.7354,18,79,1,16,Free,6,5
CUST_00641,0,55,Mobile Phone,1,71,Debit Card,Male,0,10,Others,2,Single,10,0,2,4,0,38,3.17,5608.58,1201.04,0.341,23,86,3,20,Silver,1,0
CUST_00642,0,52,Mobile Phone,2,38,UPI,Female,2,6,Others,3,Single,5,1,25,14,5,52,328.85,1536.82,1599.98,0.2651,35,21,0,15,Silver,0,7
CUST_00643,0,29,Computer,1,55,Debit Card,Male,0,7,Fashion,5,Single,7,0,2,13,5,71,12.0,1565.08,1717.08,0.3327,44,4,5,18,Gold,5,0
CUST_00644,0,46,Mobile Phone,3,53,E-wallet,Female,0,4,Others,5,Divorced,6,0,35,3,14,87,53.71,4735.36,1381.81,0.2139,46,29,0,17,Silver,0,0
CUST_00645,0,20,Computer,1,6,Credit Card,Female,5,4,Mobile Phone,4,Married,9,0,26,20,4,13,97.01,3961.94,2483.12,0.6193,64,1,4,22,Gold,7,10
CUST_00646,1,28,Computer,2,59,Debit Card,Male,0,6,Fashion,2,Married,9,0,32,1,16,31,196.83,3866.32,1730.52,0.4621,53,85,11,7,Free,1,10
CUST_00647,0,32,Mobile Phone,1,59,E-wallet,Female,5,2,Laptop & Accessory,5,Married,8,0,17,7,14,20,337.85,5866.25,454.86,0.216,36,47,5,5,Silver,9,0
CUST_00648,0,58,Mobile Phone,2,100,UPI,Female,4,8,Grocery,5,Married,10,0,10,2,19,22,325.62,6494.35,1834.77,0.5849,34,61,3,3,Silver,3,9
CUST_00649,0,51,Computer,2,53,Cash on Delivery,Male,3,7,Electronics,2,Single,3,0,34,16,11,12,148.97,3258.72,576.0,0.5315,28,65,5,20,Platinum,9,2
CUST_00650,0,29,Computer,1,91,Cash on Delivery,Female,4,1,Others,1,Married,5,0,2,9,8,54,189.58,5338.39,461.89,0.4404,43,13,11,11,Gold,3,5
CUST_00651,0,39,Mobile Phone,3,38,Debit Card,Female,1,3,Electronics,3,Married,3,1,24,11,15,60,68.15,7854.73,1594.98,0.3327,68,83,0,1,Gold,4,9
CUST_00652,0,12,Mobile Phone,3,71,Cash on Delivery,Female,0,6,Grocery,3,Married,9,0,13,18,14,39,380.76,6727.9,1310.76,0.6357,23,84,1,25,Platinum,2,6
CUST_00653,0,49,Computer,3,91,Debit Card,Male,2,8,Electronics,4,Married,3,0,18,9,4,53,109.27,9085.58,2369.11,0.1556,19,26,14,27,Free,7,6
CUST_00654,0,33,Computer,1,19,Cash on Delivery,Male,4,3,Grocery,1,Single,8,0,21,10,5,63,81.99,3361.76,1478.42,0.6798,23,53,12,12,Gold,9,6
CUST_00655,0,32,Mobile Phone,2,59,Credit Card,Male,1,9,Fashion,3,Single,3,1,23,11,13,60,395.0,4583.51,1328.34,0.4474,45,43,14,21,Platinum,10,2
CUST_00656,0,46,Mobile Phone,2,93,Cash on Delivery,Male,1,6,Grocery,2,Married,7,0,10,19,18,85,84.67,6686.03,384.06,0.7086,63,22,10,7,Platinum,5,3
CUST_00657,0,38,Phone,2,58,Credit Card,Female,4,6,Mobile Phone,3,Single,1,0,6,8,11,15,72.67,10904.8,2160.72,0.7016,51,75,15,3,Silver,1,2
CUST_00658,0,4,Mobile Phone,2,90,E-wallet,Female,3,2,Laptop & Accessory,1,Divorced,8,0,24,5,19,86,393.15,7382.51,826.64,0.0627,46,70,6,12,Gold,1,9
CUST_00659,0,17,Phone,2,45,Cash on Delivery,Female,3,7,Electronics,3,Married,9,0,14,6,11,7,30.63,3525.5,1071.13,0.2509,53,31,4,29,Free,2,2
CUST_00660,0,10,Mobile Phone,1,90,Credit Card,Male,2,9,Fashion,1,Single,6,0,1,11,13,2,13.26,538.85,1281.86,0.4914,42,79,13,26,Silver,1,9
CUST_00661,0,44,Mobile Phone,1,65,Credit Card,Female,4,3,Others,5,Married,6,0,43,15,7,48,182.36,6224.56,2393.41,0.0967,69,5,15,29,Silver,4,3
CUST_00662,0,2,Mobile Phone,1,50,Credit Card,Female,4,6,Laptop & Accessory,4,Married,5,0,24,18,13,43,118.66,11411.56,683.45,0.4102,41,25,11,5,Free,6,7
CUST_00663,0,12,Mobile Phone,1,25,E-wallet,Female,2,1,Fashion,5,Married,6,1,4,11,1,48,348.01,8038.11,1727.75,0.256,60,77,15,17,Platinum,8,3
CUST_00664,0,36,Phone,1,21,UPI,Male,0,3,Mobile Phone,4,Married,6,1,17,10,13,90,293.99,5151.21,1778.66,0.7496,68,48,13,8,Platinum,7,2
CUST_00665,0,42,Mobile Phone,1,32,Debit Card,Female,5,1,Others,5,Married,5,0,6,19,8,38,216.26,1014.25,111.12,0.1503,41,24,3,0,Platinum,3,5
CUST_00666,0,30,Tablet,2,77,Debit Card,Male,0,8,Fashion,2,Single,6,0,48,14,12,77,4.02,1485.21,1011.36,0.083,40,60,11,14,Free,7,8
CUST_00667,0,52,Mobile Phone,2,49,Credit Card,Female,2,10,Grocery,1,Married,2,0,24,0,20,62,106.22,8949.22,149.96,0.3417,52,89,4,26,Free,0,4
CUST_00668,0,56,Phone,1,42,Debit Card,Male,5,1,Laptop & Accessory,5,Married,5,0,44,13,9,5,356.2,3858.84,405.46,0.1829,31,29,0,6,Gold,7,10
CUST_00669,0,8,Tablet,2,49,E-wallet,Male,2,8,Grocery,4,Married,5,0,17,16,14,38,99.33,3584.34,240.09,0.6067,58,23,5,27,Free,10,8
CUST_00670,0,58,Computer,3,38,UPI,Female,4,6,Fashion,4,Married,9,0,48,16,15,11,11.08,2847.05,669.54,0.013,23,12,9,16,Silver,6,3
CUST_00671,1,37,Mobile Phone,3,82,Debit Card,Male,2,8,Grocery,2,Divorced,3,0,47,3,3,77,92.41,10777.13,1749.15,0.4892,54,57,1,4,Silver,9,9
CUST_00672,0,38,Computer,3,42,Credit Card,Male,4,6,Grocery,2,Single,10,0,33,10,20,33,302.64,3734.52,413.14,0.3057,60,41,8,26,Silver,8,7
CUST_00673,0,5,Mobile Phone,3,50,Debit Card,Male,3,10,Laptop & Accessory,4,Married,9,0,21,15,11,70,343.89,2205.24,1017.7,0.6987,34,84,6,14,Silver,1,5
CUST_00674,0,37,Tablet,2,58,Debit Card,Female,1,1,Laptop & Accessory,3,Married,8,0,49,19,15,6,114.1,4469.98,1453.54,0.6852,68,13,13,8,Free,0,4
CUST_00675,0,44,Mobile Phone,3,67,Credit Card,Male,5,2,Laptop & Accessory,1,Married,8,0,29,18,2,30,92.89,8554.58,550.94,0.6005,68,23,15,28,Free,8,0
CUST_00676,1,35,Mobile Phone,3,37,Cash on Delivery,Male,2,3,Mobile Phone,2,Divorced,4,0,9,16,6,72,334.98,5029.76,683.22,0.3222,67,75,2,6,Platinum,7,10
CUST_00677,0,5,Mobile Phone,1,12,Cash on Delivery,Male,2,8,Electronics,2,Married,2,0,3,16,19,81,78.49,9204.8,1411.52,0.3198,20,38,13,26,Silver,0,6
CUST_00678,0,31,Computer,3,71,E-wallet,Female,3,1,Mobile Phone,5,Married,8,0,27,7,10,2,145.33,8215.84,1764.31,0.0159,26,42,3,0,Free,2,9
CUST_00679,0,57,Tablet,2,58,Debit Card,Male,5,2,Others,2,Single,8,0,12,12,0,44,152.25,4331.93,1215.64,0.6957,48,39,6,29,Free,2,3
CUST_00680,1,44,Mobile Phone,2,67,Debit Card,Male,5,8,Laptop & Accessory,3,Single,9,1,37,0,12,79,158.4,10514.3,939.7,0.7329,52,64,1,26,Silver,2,9
CUST_00681,0,8,Computer,3,57,E-wallet,Male,2,5,Grocery,3,Divorced,6,1,28,2,17,42,30.01,979.25,2131.86,0.1581,51,48,8,22,Free,0,2
CUST_00682,0,58,Tablet,1,53,Debit Card,Male,1,8,Electronics,1,Divorced,9,1,24,5,1,27,337.52,8848.48,2091.52,0.3546,46,9,7,21,Silver,8,7
CUST_00683,0,58,Mobile Phone,1,96,Cash on Delivery,Male,1,4,Laptop & Accessory,3,Single,1,1,14,20,3,65,86.01,6143.12,715.23,0.4339,25,33,7,7,Gold,4,5
CUST_00684,0,10,Mobile Phone,2,10,Cash on Delivery,Female,1,1,Grocery,2,Single,2,0,10,5,10,72,146.77,3914.5,1805.33,0.4048,39,59,0,2,Free,10,6
CUST_00685,0,48,Computer,2,13,E-wallet,Male,1,6,Laptop & Accessory,5,Married,1,1,10,6,8,87,254.93,4963.3,1577.72,0.3597,43,48,7,22,Gold,3,10
CUST_00686,0,24,Computer,3,94,Debit Card,Female,2,2,Electronics,2,Single,4,0,33,16,2,82,321.45,7094.63,222.47,0.4547,61,55,9,29,Free,3,3
CUST_00687,1,36,Mobile Phone,3,90,Cash on Delivery,Female,0,5,Fashion,2,Married,2,0,39,0,4,3,234.83,3354.03,204.53,0.592,63,57,0,13,Gold,6,3
CUST_00688,0,27,Phone,2,44,Credit Card,Female,3,9,Others,3,Divorced,1,0,49,3,10,73,144.66,7322.42,50.71,0.3106,65,11,2,23,Free,5,6
CUST_00689,0,47,Mobile Phone,3,56,Cash on Delivery,Male,5,2,Grocery,2,Single,9,0,34,0,12,15,2.12,6407.52,407.95,0.0559,67,27,4,21,Free,1,1
CUST_00690,0,60,Phone,1,48,Credit Card,Female,2,3,Mobile Phone,3,Married,2,0,26,12,1,76,198.04,9248.57,340.33,0.2068,25,7,2,5,Free,7,8
CUST_00691,0,48,Phone,3,100,Cash on Delivery,Male,0,10,Laptop & Accessory,4,Married,9,0,35,15,15,73,224.9,2234.66,300.35,0.0896,66,56,12,14,Silver,3,1
CUST_00692,0,56,Phone,1,48,Debit Card,Male,2,4,Laptop & Accessory,5,Single,7,1,12,19,7,21,143.8,4343.23,1038.5,0.453,18,29,1,29,Gold,10,10
CUST_00693,0,57,Mobile Phone,2,77,UPI,Male,2,4,Laptop & Accessory,5,Married,7,0,44,17,20,40,251.8,6177.9,1818.7,0.3818,21,18,4,26,Silver,0,3
CUST_00694,0,5,Mobile Phone,1,40,Credit Card,Female,3,7,Mobile Phone,2,Married,2,1,2,15,20,70,315.14,8757.35,1171.77,0.1124,28,64,7,14,Platinum,7,7
CUST_00695,0,15,Mobile Phone,2,41,Cash on Delivery,Female,1,2,Electronics,4,Married,1,0,46,16,12,78,14.22,4098.63,1401.82,0.2549,24,23,0,18,Free,1,6
CUST_00696,1,44,Mobile Phone,1,69,UPI,Male,1,1,Fashion,2,Married,2,1,5,19,0,79,324.57,3737.14,873.29,0.6847,60,15,3,2,Silver,7,6
CUST_00697,0,35,Computer,1,43,Cash on Delivery,Male,4,9,Laptop & Accessory,5,Divorced,4,0,48,11,2,31,236.19,10727.01,1661.31,0.6537,34,7,0,11,Silver,0,1
CUST_00698,1,3,Mobile Phone,2,6,Debit Card,Female,1,10,Laptop & Accessory,1,Single,10,1,39,2,5,7,130.22,1396.47,862.17,0.4401,66,28,0,30,Free,3,4
CUST_00699,0,5,Mobile Phone,2,21,Credit Card,Female,5,10,Fashion,5,Divorced,5,0,21,13,9,88,277.55,8754.22,809.68,0.0128,52,78,8,8,Silver,8,8
CUST_00700,1,31,Mobile Phone,1,88,UPI,Female,1,1,Mobile Phone,2,Married,3,0,24,6,7,78,281.54,9671.49,2365.02,0.5917,54,23,3,15,Silver,4,5
CUST_00701,0,37,Mobile Phone,2,40,Cash on Delivery,Male,4,6,Electronics,4,Married,3,0,15,19,16,19,303.17,3210.44,1125.95,0.0388,26,38,6,22,Free,3,10
CUST_00702,1,10,Mobile Phone,1,14,Cash on Delivery,Female,0,9,Fashion,4,Single,4,0,10,11,12,53,165.07,5301.66,1144.73,0.6866,18,45,11,10,Free,9,7
CUST_00703,1,10,Computer,1,95,Debit Card,Female,1,9,Laptop & Accessory,2,Single,6,0,15,13,6,86,230.58,6285.96,227.99,0.4368,24,26,15,27,Free,1,10
CUST_00704,0,7,Computer,1,100,Cash on Delivery,Female,2,4,Mobile Phone,5,Married,9,0,43,10,20,29,190.56,9270.01,2307.23,0.1908,48,67,0,0,Free,0,8
CUST_00705,0,34,Mobile Phone,2,52,UPI,Male,2,5,Fashion,2,Divorced,1,1,12,7,18,71,145.57,10500.96,952.88,0.0715,65,61,11,29,Silver,2,6
CUST_00706,0,0,Phone,2,65,Debit Card,Female,0,2,Laptop & Accessory,4,Married,8,0,22,19,13,44,51.7,4772.82,1716.5,0.5527,40,2,4,5,Silver,6,1
CUST_00707,0,34,Phone,2,77,Credit Card,Male,1,2,Laptop & Accessory,5,Single,1,1,34,19,4,88,367.61,4245.62,1694.23,0.0998,46,33,2,27,Free,5,1
CUST_00708,0,29,Mobile Phone,3,11,Debit Card,Female,5,4,Others,1,Single,4,0,40,18,18,37,50.96,4279.96,2220.32,0.3493,59,73,3,1,Platinum,1,2
CUST_00709,0,28,Computer,2,33,Credit Card,Male,5,3,Fashion,5,Married,6,0,15,20,15,14,259.47,2426.66,2203.06,0.0161,27,45,1,0,Silver,2,9
CUST_00710,0,41,Mobile Phone,2,58,Cash on Delivery,Male,2,10,Electronics,5,Married,2,0,41,0,3,86,159.97,761.92,426.72,0.6851,57,9,4,21,Free,0,4
CUST_00711,0,31,Mobile Phone,3,57,Credit Card,Male,0,1,Others,2,Married,3,1,8,13,3,32,328.57,10679.9,316.74,0.5794,53,33,15,18,Free,7,9
CUST_00712,0,44,Mobile Phone,1,36,Credit Card,Female,1,6,Laptop & Accessory,5,Single,7,0,36,8,6,25,188.55,3812.13,2228.46,0.1185,28,34,3,20,Free,1,5
CUST_00713,0,46,Mobile Phone,1,5,Credit Card,Female,5,6,Electronics,1,Single,7,0,5,11,13,17,74.59,232.28,721.05,0.479,38,24,4,22,Silver,9,3
CUST_00714,0,56,Phone,1,96,Debit Card,Female,5,1,Electronics,1,Single,1,1,49,9,18,37,60.27,1827.29,2099.41,0.3581,34,21,5,14,Free,5,9
CUST_00715,0,48,Tablet,2,63,Credit Card,Male,4,5,Laptop & Accessory,4,Married,8,0,5,19,2,75,156.62,11314.93,1048.22,0.0651,69,88,10,6,Free,5,6
CUST_00716,0,31,Phone,2,77,Cash on Delivery,Male,5,10,Mobile Phone,5,Single,5,1,45,17,0,31,213.96,826.89,904.01,0.3494,29,68,12,21,Platinum,6,1
CUST_00717,0,30,Computer,1,46,Credit Card,Male,4,2,Laptop & Accessory,1,Single,7,0,38,16,14,24,251.77,8335.16,486.02,0.278,67,0,8,9,Platinum,9,3
CUST_00718,0,14,Computer,3,53,E-wallet,Female,3,2,Laptop & Accessory,4,Married,3,0,6,13,9,40,339.54,9392.51,2433.06,0.173,46,80,10,15,Silver,1,1
CUST_00719,1,36,Tablet,3,47,UPI,Male,4,2,Mobile Phone,1,Married,10,0,39,2,1,47,149.73,9003.71,206.78,0.7021,20,29,5,22,Gold,4,7
CUST_00720,0,8,Mobile Phone,1,46,Credit Card,Male,3,1,Mobile Phone,4,Divorced,8,0,17,3,9,75,312.48,4067.71,1332.71,0.1703,22,22,5,17,Free,5,7
CUST_00721,0,56,Mobile Phone,1,69,UPI,Female,2,9,Others,5,Married,7,0,50,20,0,17,89.92,7711.17,1811.11,0.4989,24,60,4,28,Gold,10,8
CUST_00722,0,51,Computer,1,100,Credit Card,Female,3,1,Mobile Phone,3,Single,2,0,48,0,19,29,351.3,3452.91,1074.04,0.73,49,85,11,20,Platinum,10,2
CUST_00723,1,7,Mobile Phone,1,79,E-wallet,Female,1,3,Electronics,1,Single,8,0,47,15,18,64,38.93,5056.86,774.16,0.0153,65,42,1,6,Gold,4,3
CUST_00724,0,47,Mobile Phone,3,69,UPI,Female,3,9,Laptop & Accessory,2,Married,4,0,33,12,9,39,321.52,9989.03,435.36,0.1048,43,84,5,0,Silver,5,4
CUST_00725,0,7,Mobile Phone,2,6,E-wallet,Male,2,10,Grocery,3,Married,7,0,45,15,17,67,107.23,7318.57,527.9,0.5265,38,45,7,23,Gold,1,0
CUST_00726,0,43,Computer,1,54,Debit Card,Male,2,2,Electronics,4,Married,7,0,22,20,19,40,262.69,5675.77,2365.0,0.4119,47,45,7,28,Free,0,9
CUST_00727,0,5,Mobile Phone,2,96,Credit Card,Female,1,4,Laptop & Accessory,3,Divorced,9,0,3,8,0,10,217.57,8275.05,1061.39,0.611,29,52,11,13,Silver,10,4
CUST_00728,0,29,Mobile Phone,1,43,Debit Card,Male,5,2,Fashion,3,Married,9,0,43,12,12,78,231.25,8908.91,130.23,0.3592,62,86,9,21,Gold,2,2
CUST_00729,0,40,Mobile Phone,1,57,UPI,Female,4,2,Others,4,Married,4,0,2,0,4,62,392.17,11167.9,1008.27,0.6868,35,69,0,9,Silver,3,2
CUST_00730,0,44,Mobile Phone,1,36,Cash on Delivery,Female,0,10,Grocery,5,Single,1,0,32,7,6,12,239.39,9244.02,1546.52,0.159,43,59,8,3,Free,0,0
CUST_00731,0,25,Phone,2,23,UPI,Female,2,4,Electronics,4,Single,5,0,27,5,13,15,86.07,5796.7,1564.6,0.365,28,9,9,9,Gold,5,4
CUST_00732,1,56,Mobile Phone,2,72,E-wallet,Male,2,7,Fashion,1,Married,5,1,18,17,3,30,164.21,2694.63,280.76,0.6443,59,18,6,27,Silver,6,10
CUST_00733,1,47,Computer,3,35,Debit Card,Male,5,2,Mobile Phone,1,Single,4,1,37,6,19,86,38.68,5698.1,689.88,0.1018,51,5,0,25,Silver,3,10
CUST_00734,0,12,Computer,1,61,Debit Card,Female,4,3,Fashion,2,Married,5,0,13,6,10,27,134.17,5334.73,1850.82,0.4337,67,36,4,20,Free,9,3
CUST_00735,0,40,Mobile Phone,2,61,UPI,Male,5,4,Fashion,2,Married,6,0,47,9,18,80,117.18,7229.2,2466.43,0.3055,61,30,0,1,Free,4,0
CUST_00736,0,44,Phone,1,86,Credit Card,Male,2,6,Others,4,Single,7,0,43,12,0,44,257.47,7542.81,1305.57,0.4419,22,2,10,0,Platinum,8,1
CUST_00737,0,20,Computer,1,95,Cash on Delivery,Male,0,10,Fashion,5,Married,4,1,46,14,16,18,365.54,2680.86,260.69,0.1143,50,41,6,23,Free,3,3
CUST_00738,0,45,Computer,3,58,Credit Card,Male,4,3,Grocery,3,Married,7,0,43,20,7,10,112.56,9692.89,2193.25,0.4342,22,20,6,0,Silver,0,6
CUST_00739,0,54,Mobile Phone,2,9,Cash on Delivery,Female,1,7,Grocery,5,Single,10,0,42,9,14,30,339.03,5018.22,1121.43,0.4394,53,74,10,8,Free,9,5
CUST_00740,0,49,Mobile Phone,1,60,Debit Card,Male,3,5,Fashion,3,Married,7,0,46,12,10,20,350.43,9468.32,1847.96,0.4403,27,39,9,9,Free,8,7
CUST_00741,0,46,Tablet,2,89,Debit Card,Female,2,8,Fashion,4,Married,7,1,46,7,12,54,253.06,286.12,650.05,0.1337,29,1,12,9,Silver,8,5
CUST_00742,1,38,Computer,2,50,Cash on Delivery,Female,2,4,Others,4,Married,3,0,40,12,11,89,279.54,9260.67,2187.03,0.2925,56,65,6,12,Gold,5,6
CUST_00743,1,16,Tablet,3,59,Cash on Delivery,Male,0,5,Mobile Phone,2,Single,4,1,40,5,10,73,319.29,6636.65,703.7,0.3405,30,57,11,22,Free,2,2
CUST_00744,0,48,Phone,2,78,E-wallet,Female,4,7,Fashion,4,Married,1,0,9,5,9,28,148.87,5136.26,1749.98,0.4927,51,67,12,8,Free,9,5
CUST_00745,0,22,Mobile Phone,1,47,Debit Card,Female,4,5,Electronics,3,Married,6,0,8,16,20,85,394.59,1797.2,1031.74,0.7119,28,30,4,15,Silver,7,8
CUST_00746,0,32,Computer,2,44,E-wallet,Female,2,8,Laptop & Accessory,3,Single,1,1,19,14,20,87,152.72,10651.5,946.56,0.0615,49,85,15,14,Silver,4,1
CUST_00747,0,19,Mobile Phone,1,51,E-wallet,Female,4,1,Electronics,2,Single,8,0,18,16,12,38,33.94,731.86,517.53,0.7113,70,40,11,1,Gold,7,3
CUST_00748,1,19,Computer,1,86,E-wallet,Female,5,4,Electronics,2,Married,10,1,16,15,3,44,293.14,1452.82,2106.32,0.644,53,55,15,13,Silver,4,7
CUST_00749,0,9,Mobile Phone,2,51,E-wallet,Male,4,2,Fashion,5,Single,9,0,15,7,1,44,133.99,10167.56,1130.07,0.2916,29,51,1,24,Silver,7,1
CUST_00750,0,58,Mobile Phone,2,36,Cash on Delivery,Female,5,2,Grocery,4,Divorced,2,0,13,16,20,37,11.09,8294.65,1070.34,0.4197,42,52,0,0,Free,10,5
CUST_00751,0,9,Computer,1,62,Debit Card,Female,2,1,Fashion,1,Single,7,1,28,4,3,14,71.63,10142.91,321.57,0.1975,30,19,6,14,Free,0,9
CUST_00752,1,5,Computer,2,71,Cash on Delivery,Male,2,4,Grocery,3,Married,5,0,40,0,14,81,147.74,11665.16,400.27,0.3717,33,42,7,23,Free,3,3
CUST_00753,0,57,Computer,2,92,Cash on Delivery,Male,5,3,Laptop & Accessory,4,Divorced,1,0,41,4,14,31,85.11,4147.55,956.02,0.6122,40,18,15,12,Free,3,8
CUST_00754,0,33,Mobile Phone,2,90,Debit Card,Male,3,8,Grocery,4,Single,8,0,6,14,17,7,54.56,9727.76,155.67,0.0056,27,21,5,22,Platinum,2,5
CUST_00755,0,26,Mobile Phone,1,80,E-wallet,Female,3,6,Fashion,5,Married,9,0,27,13,6,90,65.03,556.82,1517.3,0.6686,31,70,11,17,Free,9,6
CUST_00756,0,44,Tablet,1,78,Cash on Delivery,Female,3,8,Laptop & Accessory,4,Single,5,1,24,15,13,11,250.6,10949.21,508.45,0.3984,67,71,1,21,Silver,10,5
CUST_00757,0,23,Mobile Phone,1,48,UPI,Male,5,9,Electronics,1,Married,10,0,40,16,9,85,51.35,7679.46,1831.95,0.4603,55,75,13,20,Silver,1,2
CUST_00758,0,7,Mobile Phone,1,37,E-wallet,Male,4,8,Laptop & Accessory,3,Divorced,1,0,44,4,4,12,313.33,10849.28,1635.74,0.3571,31,54,13,10,Silver,9,9
CUST_00759,0,44,Computer,1,59,Credit Card,Male,4,5,Grocery,2,Divorced,9,0,16,16,15,37,336.7,6811.66,1205.33,0.1827,19,23,7,29,Silver,8,10
CUST_00760,0,10,Mobile Phone,1,72,Cash on Delivery,Female,0,10,Others,1,Married,7,0,40,9,15,47,289.39,7609.57,545.72,0.2834,36,10,10,18,Silver,1,6
CUST_00761,0,33,Computer,1,54,Cash on Delivery,Female,4,4,Others,5,Married,7,0,30,18,10,20,98.05,11166.37,1946.98,0.3767,26,57,9,1,Free,10,3
CUST_00762,0,57,Mobile Phone,1,24,Credit Card,Female,1,9,Grocery,1,Married,6,0,13,0,17,52,230.57,3697.72,2481.13,0.3203,56,80,9,28,Free,2,3
CUST_00763,0,57,Phone,3,6,UPI,Female,0,2,Electronics,2,Single,1,0,28,15,13,52,24.42,4198.7,1792.21,0.4386,40,46,15,20,Free,3,5
CUST_00764,0,22,Phone,2,10,UPI,Female,1,10,Grocery,2,Married,5,1,1,14,15,78,377.08,10235.27,1828.61,0.0236,57,25,14,0,Silver,9,4
CUST_00765,0,47,Tablet,1,45,Debit Card,Male,4,4,Electronics,3,Single,10,0,2,10,15,38,2.95,11583.69,530.63,0.5351,61,54,3,4,Silver,5,9
CUST_00766,0,37,Computer,3,80,E-wallet,Female,4,7,Others,4,Divorced,5,1,21,18,18,79,88.6,8046.2,1037.13,0.4106,45,15,10,0,Platinum,2,2
CUST_00767,1,29,Mobile Phone,1,80,Cash on Delivery,Male,1,4,Fashion,2,Married,1,0,48,5,13,68,33.2,5217.89,253.29,0.6844,58,78,10,0,Free,3,8
CUST_00768,0,8,Computer,1,82,Debit Card,Female,1,3,Fashion,4,Married,5,1,30,7,1,73,397.89,1422.2,251.59,0.3705,45,35,14,25,Silver,3,6
CUST_00769,0,22,Phone,3,73,UPI,Male,2,4,Mobile Phone,1,Married,2,0,34,7,20,57,16.28,7327.31,1144.73,0.0276,52,54,3,25,Platinum,2,5
CUST_00770,0,39,Computer,1,7,Credit Card,Female,1,7,Others,5,Divorced,5,0,43,10,20,16,0.69,9908.05,663.35,0.6091,69,61,10,10,Platinum,3,8
CUST_00771,0,60,Computer,1,89,Credit Card,Male,2,2,Others,5,Single,7,0,22,5,15,60,40.26,1407.58,1631.72,0.7062,68,78,8,29,Gold,7,4
CUST_00772,0,0,Computer,1,95,Cash on Delivery,Female,4,2,Electronics,3,Married,1,1,26,14,19,65,352.5,3558.07,2333.5,0.4602,42,30,1,0,Silver,3,2
CUST_00773,1,43,Computer,2,86,E-wallet,Male,1,10,Grocery,1,Married,5,1,14,2,4,34,160.29,1310.75,1101.43,0.2868,46,42,2,9,Gold,8,3
CUST_00774,0,51,Computer,2,47,Debit Card,Male,1,1,Mobile Phone,4,Married,6,0,13,0,18,58,377.89,4132.82,359.48,0.4116,65,33,0,21,Platinum,2,8
CUST_00775,0,58,Mobile Phone,1,25,Debit Card,Female,0,8,Others,4,Single,8,1,46,3,2,56,383.8,6968.76,555.88,0.6513,21,5,4,14,Silver,5,8
CUST_00776,0,25,Mobile Phone,1,91,Cash on Delivery,Male,4,4,Laptop & Accessory,4,Single,1,1,35,9,13,58,290.44,1647.18,1170.96,0.063,70,28,14,2,Free,1,7
CUST_00777,1,7,Computer,1,22,UPI,Male,1,4,Grocery,2,Divorced,7,0,6,0,10,62,67.55,5734.95,1184.41,0.0418,51,14,3,18,Free,7,10
CUST_00778,0,16,Mobile Phone,2,80,Credit Card,Male,1,4,Mobile Phone,3,Married,7,0,20,13,17,61,388.43,261.57,1387.5,0.6252,21,67,8,11,Silver,3,7
CUST_00779,0,51,Phone,1,97,Cash on Delivery,Female,4,4,Fashion,3,Married,1,0,39,4,11,58,175.28,9907.03,2259.77,0.1261,47,58,7,18,Free,0,9
CUST_00780,0,53,Computer,3,91,Debit Card,Female,0,8,Laptop & Accessory,4,Married,2,0,42,15,12,29,185.81,8141.24,2282.85,0.5281,52,9,5,15,Free,5,3
CUST_00781,0,38,Mobile Phone,2,55,Credit Card,Female,3,9,Laptop & Accessory,2,Married,7,0,33,17,6,63,254.73,7823.5,1619.59,0.6857,47,34,5,25,Silver,3,4
CUST_00782,0,7,Phone,1,85,UPI,Female,0,4,Fashion,3,Married,9,0,1,17,10,13,286.44,10188.3,428.57,0.1806,69,1,9,19,Free,0,7
CUST_00783,1,7,Computer,2,84,Cash on Delivery,Male,5,2,Fashion,5,Married,9,0,19,11,7,81,385.0,1752.26,459.87,0.702,42,42,12,10,Free,4,10
CUST_00784,1,29,Computer,1,98,UPI,Female,4,1,Others,3,Married,8,0,21,11,19,72,388.37,11615.56,783.8,0.6071,41,21,6,2,Silver,0,8
CUST_00785,0,35,Mobile Phone,1,39,Cash on Delivery,Female,4,8,Grocery,3,Single,9,0,9,8,11,24,165.44,658.15,1825.46,0.5135,29,67,0,18,Free,4,0
CUST_00786,0,1,Phone,1,65,Debit Card,Male,3,10,Laptop & Accessory,5,Divorced,7,0,21,2,4,6,56.85,5403.04,2109.41,0.4001,38,85,4,20,Platinum,6,7
CUST_00787,0,41,Mobile Phone,2,83,UPI,Female,2,1,Others,5,Divorced,2,0,18,4,0,14,366.24,122.48,1653.14,0.1671,45,56,3,2,Platinum,0,3
CUST_00788,0,33,Computer,2,26,Cash on Delivery,Female,5,6,Grocery,3,Married,6,0,29,5,17,62,47.59,11057.71,2119.6,0.4369,37,12,5,29,Platinum,1,1
CUST_00789,0,0,Mobile Phone,3,26,UPI,Male,4,3,Electronics,2,Divorced,4,0,15,12,13,3,221.07,5780.85,637.1,0.0344,22,66,11,25,Free,0,8
CUST_00790,1,5,Computer,1,42,Debit Card,Male,0,3,Others,1,Married,3,1,18,0,9,9,66.48,3354.17,1717.31,0.3083,58,46,9,5,Free,1,7
CUST_00791,0,27,Computer,1,39,E-wallet,Female,3,9,Grocery,5,Single,2,0,44,20,5,63,143.31,5382.84,718.7,0.4816,32,3,15,20,Free,8,10
CUST_00792,0,44,Computer,2,77,Credit Card,Female,3,3,Mobile Phone,3,Single,1,0,20,2,6,44,211.89,11419.04,1655.17,0.6662,53,7,10,25,Platinum,0,5
CUST_00793,0,50,Mobile Phone,1,94,E-wallet,Male,1,4,Fashion,3,Married,8,0,9,7,13,30,282.0,2840.14,119.32,0.1462,69,84,4,18,Platinum,0,10
CUST_00794,0,26,Phone,1,20,Cash on Delivery,Male,2,2,Electronics,5,Married,2,0,37,6,10,25,390.09,4208.12,1544.01,0.0313,41,68,14,3,Free,8,8
CUST_00795,0,18,Computer,3,36,Credit Card,Female,5,10,Laptop & Accessory,2,Single,7,0,13,17,11,46,367.44,223.75,2231.48,0.0027,19,33,15,1,Free,1,5
CUST_00796,1,59,Mobile Phone,3,94,Debit Card,Female,0,10,Others,1,Married,4,0,8,13,13,27,208.18,2711.09,691.63,0.6117,48,0,12,5,Free,3,10
CUST_00797,0,27,Tablet,3,62,Debit Card,Female,5,10,Fashion,4,Married,5,0,38,19,19,6,124.97,10623.07,2167.93,0.2713,20,64,1,1,Free,5,10
CUST_00798,0,19,Computer,1,24,E-wallet,Female,4,3,Grocery,5,Married,4,0,12,19,3,41,214.78,5804.23,183.63,0.0873,49,41,11,17,Free,5,7
CUST_00799,1,26,Tablet,1,62,UPI,Female,0,2,Others,1,Single,3,0,0,16,13,84,146.67,1275.41,1655.96,0.6032,69,37,9,2,Free,0,6
CUST_00800,0,0,Tablet,1,89,Debit Card,Male,1,10,Others,5,Single,5,0,5,3,15,46,183.8,9995.22,1077.96,0.0748,33,2,12,1,Gold,5,2
CUST_00801,0,18,Phone,3,40,E-wallet,Female,5,7,Electronics,3,Married,8,1,37,12,10,53,365.74,10173.89,118.32,0.4181,36,19,7,7,Silver,9,8
CUST_00802,0,31,Computer,1,51,Credit Card,Male,4,3,Mobile Phone,3,Single,6,0,13,12,8,30,205.7,11740.2,1621.87,0.4854,18,22,0,23,Silver,2,4
CUST_00803,0,56,Computer,1,63,E-wallet,Male,0,1,Grocery,5,Married,8,0,20,6,11,11,16.66,827.8,441.86,0.6763,31,50,15,13,Free,3,6
CUST_00804,0,45,Mobile Phone,1,85,E-wallet,Male,0,8,Grocery,2,Married,10,1,25,0,14,67,273.62,5335.78,1266.63,0.3249,18,56,15,1,Silver,8,2
CUST_00805,0,47,Mobile Phone,2,59,Debit Card,Male,5,9,Others,4,Divorced,5,0,14,0,7,36,112.39,10633.51,653.68,0.5093,46,7,10,13,Silver,4,3
CUST_00806,0,33,Computer,2,96,Credit Card,Male,0,1,Laptop & Accessory,1,Divorced,9,0,9,8,3,7,85.54,1514.76,353.96,0.011,41,86,15,14,Free,10,1
CUST_00807,0,6,Mobile Phone,2,77,E-wallet,Male,3,5,Laptop & Accessory,4,Divorced,2,0,3,15,1,28,306.6,4413.58,323.26,0.39,50,4,3,4,Free,8,2
CUST_00808,0,23,Phone,1,45,E-wallet,Male,5,5,Laptop & Accessory,1,Married,6,1,3,3,1,3,66.22,10875.69,1592.66,0.3327,54,61,3,26,Platinum,4,3
CUST_00809,0,60,Mobile Phone,2,51,Debit Card,Male,0,5,Others,1,Single,5,0,46,20,18,78,243.71,1196.37,534.93,0.2229,20,25,10,13,Free,8,7
CUST_00810,1,2,Mobile Phone,1,71,Credit Card,Male,0,4,Grocery,2,Single,1,0,50,6,3,90,326.86,8734.14,807.15,0.6898,66,90,13,2,Gold,10,3
CUST_00811,0,53,Mobile Phone,1,11,Debit Card,Male,4,4,Electronics,2,Married,9,0,32,14,13,79,120.22,11400.15,544.67,0.4944,32,38,0,15,Silver,7,9
CUST_00812,0,41,Mobile Phone,1,26,Credit Card,Male,5,4,Laptop & Accessory,4,Single,8,0,23,1,3,74,188.89,7263.97,359.8,0.4241,62,54,6,22,Silver,2,7
CUST_00813,0,17,Mobile Phone,2,27,Cash on Delivery,Female,3,10,Laptop & Accessory,5,Single,6,0,41,0,11,71,231.06,10561.72,56.73,0.0984,67,22,10,3,Free,10,6
CUST_00814,0,47,Mobile Phone,1,81,UPI,Male,1,10,Grocery,5,Single,7,0,42,10,15,42,256.44,9613.66,1229.42,0.5105,36,30,11,26,Gold,8,5
CUST_00815,1,51,Phone,3,83,Debit Card,Male,0,2,Electronics,4,Married,8,1,22,2,3,35,388.77,9696.74,1934.36,0.343,59,90,5,3,Silver,7,6
CUST_00816,0,2,Mobile Phone,2,83,Cash on Delivery,Female,5,8,Fashion,1,Married,8,0,37,13,10,7,355.53,7592.13,220.25,0.5254,46,76,4,3,Free,5,6
CUST_00817,0,6,Mobile Phone,1,15,Cash on Delivery,Female,4,6,Laptop & Accessory,4,Divorced,3,0,4,8,8,85,83.61,935.28,471.85,0.5523,51,2,6,23,Gold,7,4
CUST_00818,0,40,Mobile Phone,2,33,Credit Card,Male,5,3,Fashion,3,Married,5,0,8,4,16,1,218.31,4854.75,2228.26,0.6176,41,61,15,8,Gold,5,4
CUST_00819,0,60,Mobile Phone,2,34,UPI,Male,4,2,Grocery,3,Single,4,0,43,20,11,25,63.14,10017.58,2287.02,0.334,22,79,9,30,Gold,5,4
CUST_00820,0,1,Mobile Phone,1,7,E-wallet,Male,2,8,Mobile Phone,3,Married,10,0,26,8,15,39,24.0,2521.67,2404.79,0.6576,28,58,14,12,Free,9,6
CUST_00821,1,40,Computer,2,29,Cash on Delivery,Male,2,4,Mobile Phone,5,Married,2,0,41,1,12,60,147.24,3675.99,1588.68,0.274,29,38,5,5,Free,4,10
CUST_00822,1,8,Computer,1,46,E-wallet,Female,2,2,Electronics,2,Divorced,10,0,28,2,5,90,127.92,6203.38,88.41,0.4975,29,38,13,21,Free,10,5
CUST_00823,0,39,Mobile Phone,1,90,E-wallet,Male,4,10,Mobile Phone,5,Married,4,0,5,6,11,47,228.19,5128.36,363.13,0.2687,54,68,6,14,Free,0,0
CUST_00824,1,38,Computer,2,21,Credit Card,Male,0,10,Laptop & Accessory,3,Single,8,1,8,10,19,74,256.5,9827.61,588.66,0.6694,62,83,0,25,Platinum,0,8
CUST_00825,0,5,Mobile Phone,2,87,Debit Card,Female,0,5,Grocery,4,Married,2,0,27,11,8,39,154.24,11683.84,913.5,0.318,22,82,15,5,Silver,2,6
CUST_00826,0,41,Mobile Phone,1,83,UPI,Female,5,5,Laptop & Accessory,5,Married,9,0,5,9,16,90,346.9,1370.09,908.03,0.1575,24,52,1,27,Free,2,0
CUST_00827,0,54,Phone,1,20,UPI,Male,1,5,Fashion,5,Married,6,0,43,2,13,17,336.7,316.3,485.52,0.7378,39,53,5,1,Silver,5,1
CUST_00828,0,52,Mobile Phone,2,30,Cash on Delivery,Female,0,2,Grocery,3,Single,10,0,13,5,1,37,288.46,9314.89,483.45,0.2258,21,66,8,29,Platinum,3,8
CUST_00829,1,1,Phone,1,48,Cash on Delivery,Male,4,2,Laptop & Accessory,2,Married,4,0,35,2,1,21,140.3,987.68,2388.97,0.6816,67,45,13,5,Silver,2,6
CUST_00830,0,15,Mobile Phone,3,95,Cash on Delivery,Female,2,3,Grocery,1,Single,10,0,13,10,12,24,96.87,2954.51,271.85,0.6295,32,4,14,6,Platinum,5,4
CUST_00831,1,14,Mobile Phone,2,80,Credit Card,Female,1,4,Electronics,2,Married,9,0,39,1,4,74,46.42,4257.34,96.93,0.4032,57,57,5,11,Platinum,5,3
CUST_00832,0,27,Mobile Phone,3,98,Cash on Delivery,Female,2,2,Others,4,Single,1,0,14,16,8,64,100.18,3652.83,110.52,0.2135,43,73,3,16,Free,6,9
CUST_00833,0,8,Mobile Phone,1,35,Cash on Delivery,Male,2,1,Mobile Phone,4,Single,4,1,26,10,9,60,383.64,7819.85,1417.11,0.0521,38,88,8,16,Silver,4,1
CUST_00834,0,52,Tablet,3,92,Cash on Delivery,Female,3,10,Mobile Phone,1,Married,5,0,12,5,9,7,167.06,3395.86,593.84,0.1899,20,26,2,30,Silver,9,3
CUST_00835,0,47,Mobile Phone,1,96,UPI,Male,5,9,Grocery,3,Married,3,0,44,6,15,84,166.28,7326.74,1226.71,0.6655,42,7,2,16,Free,3,0
CUST_00836,0,49,Phone,1,62,Credit Card,Female,5,4,Grocery,5,Single,9,0,27,0,7,85,188.28,8380.19,1189.47,0.2126,36,53,7,30,Platinum,10,9
CUST_00837,0,12,Phone,1,19,Credit Card,Female,4,7,Grocery,5,Divorced,1,0,26,0,2,61,259.2,358.53,2264.07,0.175,29,51,6,13,Silver,8,8
CUST_00838,0,0,Computer,1,30,Cash on Delivery,Female,2,2,Mobile Phone,5,Married,3,1,15,13,10,37,368.0,4471.51,446.06,0.0428,61,64,14,3,Gold,5,2
CUST_00839,0,55,Mobile Phone,3,17,E-wallet,Female,3,10,Laptop & Accessory,5,Divorced,3,0,9,10,18,5,45.65,710.51,813.97,0.3881,19,43,5,11,Gold,7,0
CUST_00840,1,17,Mobile Phone,2,82,E-wallet,Male,0,9,Laptop & Accessory,1,Single,5,1,39,2,7,40,328.11,9210.89,1715.0,0.4086,37,61,15,27,Free,3,2
CUST_00841,0,40,Mobile Phone,2,35,UPI,Male,3,2,Others,4,Married,7,0,2,15,16,10,179.57,796.33,1345.6,0.5159,19,74,12,11,Silver,7,10
CUST_00842,0,55,Computer,2,72,UPI,Female,4,3,Fashion,3,Married,1,0,2,20,9,59,109.89,10351.01,1480.39,0.6504,49,20,14,18,Platinum,8,10
CUST_00843,0,2,Mobile Phone,2,30,Credit Card,Female,5,4,Fashion,3,Married,7,0,33,14,4,65,217.54,10185.7,1191.82,0.0788,48,9,1,0,Gold,6,3
CUST_00844,0,0,Tablet,2,98,UPI,Female,0,1,Grocery,4,Single,5,0,31,18,11,6,216.15,6249.21,2060.21,0.2796,68,71,8,12,Silver,7,3
CUST_00845,0,0,Computer,3,79,Credit Card,Female,5,4,Mobile Phone,5,Single,7,0,16,14,10,22,53.35,11319.52,345.91,0.4614,23,58,6,6,Silver,1,10
CUST_00846,0,9,Mobile Phone,2,41,Cash on Delivery,Female,3,7,Fashion,3,Married,1,0,39,19,15,58,38.8,4461.69,2384.6,0.1434,55,13,15,25,Silver,1,10
CUST_00847,0,3,Computer,2,50,Cash on Delivery,Male,0,8,Fashion,4,Married,9,0,3,11,14,22,250.75,3700.52,495.22,0.2032,61,27,15,5,Silver,1,4
CUST_00848,0,50,Mobile Phone,1,10,Credit Card,Male,5,1,Laptop & Accessory,3,Single,6,0,22,17,3,77,294.15,1457.64,508.0,0.5964,54,50,15,2,Free,7,10
CUST_00849,0,36,Phone,3,18,E-wallet,Male,2,4,Grocery,4,Single,3,0,46,16,1,36,245.93,8757.89,616.57,0.0258,68,69,11,18,Silver,5,8
CUST_00850,0,59,Mobile Phone,1,100,Cash on Delivery,Male,2,9,Mobile Phone,5,Single,8,1,16,6,2,61,141.17,5161.1,1865.91,0.6701,69,48,14,9,Platinum,9,1
CUST_00851,0,48,Tablet,1,83,Debit Card,Male,1,9,Laptop & Accessory,5,Married,5,1,40,1,14,67,222.34,11745.62,1516.25,0.5884,21,6,9,13,Gold,3,1
CUST_00852,0,58,Phone,3,85,UPI,Female,0,6,Grocery,2,Single,4,0,15,8,10,54,362.54,10456.09,302.51,0.2435,22,70,6,17,Free,0,2
CUST_00853,0,14,Phone,1,66,Credit Card,Male,0,8,Mobile Phone,5,Married,2,0,11,4,7,58,369.55,6200.66,2189.67,0.2602,28,76,13,6,Free,7,2
CUST_00854,0,17,Mobile Phone,1,26,E-wallet,Male,1,3,Electronics,3,Single,5,0,16,18,9,52,92.92,5473.69,2473.04,0.1825,67,3,4,3,Free,5,4
CUST_00855,0,51,Phone,1,15,Credit Card,Female,1,9,Grocery,3,Married,3,1,14,14,0,17,38.03,2901.64,1269.11,0.0055,28,0,1,4,Platinum,0,6
CUST_00856,0,14,Mobile Phone,1,74,E-wallet,Female,2,5,Laptop & Accessory,1,Married,8,0,5,18,11,26,261.3,1915.43,105.24,0.53,26,11,12,29,Free,0,0
CUST_00857,1,3,Computer,3,36,Cash on Delivery,Male,3,7,Electronics,3,Single,4,1,46,7,3,81,69.76,2977.54,1304.66,0.5967,45,80,11,20,Silver,7,10
CUST_00858,0,40,Mobile Phone,3,5,E-wallet,Male,5,3,Laptop & Accessory,2,Married,2,1,29,11,12,32,320.42,6653.0,1469.23,0.1375,19,84,4,15,Silver,3,2
CUST_00859,0,48,Mobile Phone,2,7,Debit Card,Female,4,2,Mobile Phone,1,Divorced,8,0,49,5,3,88,112.33,1788.71,530.37,0.2988,56,43,3,27,Gold,4,9
CUST_00860,0,59,Mobile Phone,3,58,E-wallet,Male,2,6,Electronics,5,Married,9,0,31,10,5,52,60.19,10620.9,133.8,0.3408,42,38,5,6,Free,0,1
CUST_00861,0,56,Mobile Phone,2,85,UPI,Female,5,6,Fashion,1,Single,9,0,45,0,19,72,326.44,11615.81,1243.66,0.067,70,84,12,7,Free,10,8
CUST_00862,0,7,Mobile Phone,3,39,Debit Card,Male,3,6,Fashion,4,Married,5,0,19,7,13,20,83.4,3270.59,2188.04,0.2175,64,22,8,3,Free,10,5
CUST_00863,0,47,Phone,1,100,Debit Card,Male,2,9,Mobile Phone,4,Single,4,1,9,18,18,17,3.54,7768.97,657.78,0.2172,44,0,10,19,Free,4,8
CUST_00864,0,51,Mobile Phone,2,41,E-wallet,Female,1,8,Fashion,4,Divorced,3,0,48,12,10,34,328.71,4981.76,954.54,0.6427,34,77,13,29,Free,6,3
CUST_00865,0,42,Computer,1,75,UPI,Male,2,4,Mobile Phone,5,Married,4,1,42,17,15,72,37.53,6327.71,2265.63,0.0797,19,83,0,5,Gold,2,10
CUST_00866,1,50,Mobile Phone,1,28,UPI,Female,0,5,Others,1,Married,2,0,46,16,10,62,167.89,9267.7,1544.29,0.1774,22,73,7,30,Free,10,8
CUST_00867,0,51,Computer,2,63,Cash on Delivery,Female,0,1,Electronics,1,Married,9,1,47,1,13,47,158.32,7348.88,1444.8,0.3406,22,49,12,7,Silver,10,8
CUST_00868,0,27,Computer,1,31,UPI,Female,5,8,Others,5,Single,3,1,15,10,12,16,57.2,8017.35,854.31,0.1039,19,90,1,27,Platinum,9,3
CUST_00869,1,2,Mobile Phone,2,79,UPI,Female,1,2,Fashion,1,Married,8,0,27,6,0,2,14.07,1827.6,2408.04,0.1518,43,6,8,5,Silver,2,4
CUST_00870,0,27,Computer,2,48,Debit Card,Female,3,1,Others,2,Married,4,0,37,2,12,11,33.88,2948.52,1761.06,0.7161,38,80,9,1,Platinum,4,0
CUST_00871,0,12,Phone,1,9,Credit Card,Female,0,6,Mobile Phone,4,Married,7,0,44,4,2,60,171.01,10390.23,300.58,0.6513,23,89,9,16,Silver,4,3
CUST_00872,0,6,Phone,1,28,E-wallet,Female,3,10,Mobile Phone,3,Single,10,0,5,0,12,87,382.84,11636.82,164.8,0.0958,70,49,1,25,Silver,5,2
CUST_00873,1,7,Mobile Phone,2,38,UPI,Male,5,4,Mobile Phone,2,Divorced,5,0,47,4,2,88,289.98,6704.92,1560.67,0.2039,66,25,2,1,Free,2,5
CUST_00874,0,42,Mobile Phone,3,49,E-wallet,Male,2,2,Grocery,2,Single,10,0,38,14,17,69,285.92,2569.6,709.27,0.6526,53,18,3,25,Silver,7,8
CUST_00875,0,30,Computer,1,30,UPI,Male,0,2,Grocery,5,Married,4,0,24,5,12,39,267.88,6184.21,314.92,0.2632,65,16,7,14,Gold,3,10
CUST_00876,0,32,Mobile Phone,3,60,UPI,Male,0,9,Laptop & Accessory,3,Single,3,0,37,15,10,65,307.65,5752.46,1842.26,0.3313,44,9,1,24,Free,2,5
CUST_00877,0,45,Phone,3,97,UPI,Female,4,7,Grocery,5,Married,8,1,14,6,19,5,211.78,7992.03,2170.8,0.1369,39,6,12,27,Silver,4,0
CUST_00878,0,33,Mobile Phone,2,73,E-wallet,Female,0,5,Others,3,Married,2,0,18,1,19,32,394.24,3999.78,1150.79,0.4102,28,48,9,1,Silver,0,5
CUST_00879,0,38,Phone,1,34,Credit Card,Female,1,10,Fashion,4,Single,1,0,10,14,5,20,243.09,10578.4,791.34,0.1089,51,47,13,4,Platinum,1,10
CUST_00880,0,5,Mobile Phone,2,70,UPI,Female,5,2,Electronics,2,Single,4,0,19,3,19,88,252.35,11742.13,383.21,0.3928,68,9,3,5,Free,9,3
CUST_00881,1,51,Mobile Phone,3,97,Credit Card,Female,3,7,Grocery,1,Single,6,0,15,20,8,50,8.47,10942.41,1710.39,0.6891,68,61,12,18,Silver,4,10
CUST_00882,0,27,Tablet,1,28,E-wallet,Male,5,4,Others,3,Married,5,0,29,9,7,85,301.86,11865.51,84.04,0.3579,20,48,9,18,Silver,6,0
CUST_00883,0,9,Phone,3,27,UPI,Female,5,3,Grocery,4,Married,1,0,22,0,19,71,142.35,1739.64,1720.44,0.616,18,27,12,1,Silver,2,1
CUST_00884,0,49,Phone,3,8,E-wallet,Female,3,10,Fashion,3,Single,6,0,14,4,18,66,309.51,3095.65,2392.6,0.4306,19,81,10,7,Free,10,9
CUST_00885,0,44,Tablet,2,85,Debit Card,Male,5,10,Laptop & Accessory,5,Married,7,0,19,6,17,16,338.99,9204.09,1004.67,0.2754,26,63,2,17,Free,5,0
CUST_00886,0,3,Mobile Phone,2,84,Credit Card,Male,0,9,Electronics,4,Divorced,3,0,29,10,8,7,8.92,5650.12,1832.12,0.7066,33,34,7,12,Silver,7,5
CUST_00887,1,11,Mobile Phone,2,44,Cash on Delivery,Male,1,2,Fashion,3,Single,6,0,40,14,12,19,153.9,11532.97,188.16,0.7476,46,76,3,24,Free,0,6
CUST_00888,1,0,Mobile Phone,2,88,Credit Card,Female,1,8,Others,3,Married,4,0,45,6,20,75,361.98,1871.57,885.84,0.2439,42,89,0,22,Free,3,9
CUST_00889,0,16,Mobile Phone,3,67,Debit Card,Female,5,4,Mobile Phone,2,Divorced,1,0,13,6,0,83,51.18,3759.5,1169.36,0.7416,54,41,0,6,Platinum,9,0
CUST_00890,0,6,Mobile Phone,1,98,Debit Card,Female,3,4,Fashion,5,Married,8,0,22,19,19,63,297.72,7786.75,1630.28,0.7381,65,56,0,1,Silver,2,2
CUST_00891,1,43,Tablet,1,93,Debit Card,Male,1,2,Electronics,1,Divorced,5,0,36,4,19,80,129.29,4976.31,784.73,0.2391,21,87,3,11,Gold,1,8
CUST_00892,0,31,Mobile Phone,1,97,Credit Card,Male,1,6,Laptop & Accessory,1,Married,10,0,10,15,9,6,203.74,4408.17,1636.68,0.3418,55,41,7,18,Free,3,2
CUST_00893,0,59,Mobile Phone,3,42,Cash on Delivery,Female,4,9,Mobile Phone,4,Married,2,1,37,3,0,83,361.45,6663.42,1822.53,0.0307,50,9,11,12,Platinum,0,3
CUST_00894,0,45,Mobile Phone,1,65,Cash on Delivery,Female,5,3,Electronics,1,Married,1,0,28,5,7,9,253.18,9677.44,429.98,0.012,38,37,3,7,Gold,2,1
CUST_00895,0,37,Mobile Phone,3,21,Debit Card,Male,0,6,Mobile Phone,3,Single,8,1,7,12,2,15,173.48,5252.66,2115.13,0.1186,54,66,9,26,Platinum,7,3
CUST_00896,1,31,Mobile Phone,2,90,Debit Card,Female,2,7,Others,1,Married,9,0,33,2,14,75,278.84,509.06,1729.1,0.2013,52,89,7,14,Gold,5,10
CUST_00897,0,3,Computer,1,35,Credit Card,Female,3,7,Grocery,4,Married,10,0,8,3,7,84,89.16,9405.17,2475.78,0.6688,32,67,10,1,Gold,0,2
CUST_00898,1,4,Mobile Phone,3,48,Cash on Delivery,Female,1,3,Electronics,1,Single,10,1,26,17,7,14,4.92,8688.38,1953.5,0.2455,56,87,9,1,Silver,2,8
CUST_00899,0,37,Computer,2,62,E-wallet,Male,4,1,Grocery,2,Married,4,0,15,2,11,30,247.44,6117.31,1915.2,0.5378,39,50,2,9,Gold,8,9
CUST_00900,0,0,Phone,1,80,UPI,Female,4,9,Laptop & Accessory,3,Married,7,0,1,3,13,75,344.45,7277.6,95.95,0.71,27,67,7,14,Free,9,4
CUST_00901,1,2,Computer,1,75,UPI,Male,5,6,Electronics,2,Single,1,0,34,15,2,47,279.83,4483.24,1084.85,0.3947,70,12,8,3,Free,1,10
CUST_00902,1,13,Computer,1,96,Cash on Delivery,Male,4,8,Fashion,2,Married,5,1,34,9,8,36,207.77,1359.1,805.11,0.6295,35,77,8,18,Silver,8,5
CUST_00903,0,53,Mobile Phone,1,73,E-wallet,Male,5,6,Fashion,1,Single,9,0,13,7,1,41,57.33,9587.48,1945.32,0.3118,46,49,6,20,Gold,8,1
CUST_00904,0,27,Mobile Phone,1,81,E-wallet,Male,2,4,Electronics,1,Single,7,0,1,17,10,26,33.97,4778.43,1662.4,0.1914,30,2,15,8,Free,2,10
CUST_00905,0,43,Mobile Phone,2,59,Credit Card,Female,1,3,Mobile Phone,1,Married,9,0,44,18,6,88,111.95,11825.94,1301.57,0.5793,46,15,14,15,Platinum,6,1
CUST_00906,0,25,Tablet,1,44,UPI,Male,1,7,Fashion,2,Single,10,0,21,2,7,47,385.29,11729.44,939.27,0.4826,61,66,10,25,Silver,5,0
CUST_00907,0,10,Computer,1,92,E-wallet,Female,5,9,Grocery,1,Married,8,0,43,10,3,23,184.76,3901.26,295.2,0.4959,34,7,0,16,Gold,10,8
CUST_00908,0,22,Mobile Phone,1,41,Cash on Delivery,Male,3,4,Grocery,3,Single,7,0,21,19,16,81,321.87,2420.29,816.83,0.2475,65,57,3,4,Silver,9,10
CUST_00909,1,5,Mobile Phone,1,64,E-wallet,Female,1,1,Electronics,5,Divorced,4,0,37,2,5,87,5.17,9136.07,1527.82,0.3723,42,49,3,5,Gold,7,10
CUST_00910,0,46,Phone,3,32,E-wallet,Male,4,2,Laptop & Accessory,4,Married,6,0,43,8,12,5,189.02,9198.0,770.73,0.2924,65,41,2,14,Platinum,1,10
CUST_00911,1,11,Computer,1,51,Credit Card,Female,1,6,Others,2,Single,1,0,34,4,13,87,98.75,476.72,334.03,0.6776,22,55,4,11,Gold,8,10
CUST_00912,0,22,Computer,1,40,Cash on Delivery,Female,1,3,Grocery,3,Single,6,0,43,3,14,88,381.1,6492.72,88.26,0.6986,49,61,15,25,Platinum,8,3
CUST_00913,0,59,Phone,2,29,UPI,Male,0,9,Grocery,4,Single,10,0,3,18,0,83,79.47,3477.02,2274.94,0.0849,58,73,9,27,Gold,6,9
CUST_00914,0,36,Computer,3,83,Debit Card,Male,5,3,Others,5,Single,2,0,39,13,17,12,19.89,694.96,596.87,0.5313,36,48,15,25,Silver,2,9
CUST_00915,0,27,Computer,2,78,Cash on Delivery,Male,1,5,Fashion,3,Married,5,0,36,2,13,32,64.81,5220.64,2334.68,0.1969,50,18,7,19,Silver,8,4
CUST_00916,1,33,Mobile Phone,3,72,Credit Card,Female,4,3,Laptop & Accessory,1,Married,9,1,41,7,16,78,25.23,1684.24,105.17,0.5363,44,80,7,18,Silver,3,7
CUST_00917,0,47,Mobile Phone,3,12,UPI,Female,0,5,Laptop & Accessory,5,Married,4,0,32,6,15,34,126.15,3469.97,1095.35,0.1918,40,84,9,26,Free,8,0
CUST_00918,0,15,Tablet,2,28,UPI,Male,0,7,Others,3,Married,6,0,11,19,10,39,398.29,6840.18,1261.65,0.3338,64,17,13,15,Silver,6,7
CUST_00919,0,38,Computer,3,25,Debit Card,Male,4,8,Others,1,Married,8,0,30,6,15,18,372.22,3050.98,1016.5,0.3075,26,51,0,19,Free,4,0
CUST_00920,0,53,Mobile Phone,1,73,Cash on Delivery,Male,0,8,Laptop & Accessory,2,Married,8,0,36,2,5,38,228.78,4420.5,290.06,0.6125,54,43,10,7,Free,8,3
CUST_00921,0,34,Computer,3,90,E-wallet,Male,0,6,Electronics,3,Married,7,1,50,20,7,43,332.41,8537.25,2196.38,0.2641,19,58,12,17,Gold,3,0
CUST_00922,0,27,Mobile Phone,3,41,E-wallet,Female,1,5,Grocery,5,Married,1,0,38,1,7,37,159.97,9702.24,2300.99,0.685,62,5,0,10,Free,2,6
CUST_00923,0,8,Phone,3,36,Cash on Delivery,Male,3,4,Laptop & Accessory,5,Married,1,0,42,20,8,22,356.41,5570.59,1897.9,0.0779,41,15,5,27,Platinum,10,5
CUST_00924,1,15,Mobile Phone,2,58,Debit Card,Female,0,10,Electronics,1,Single,8,1,39,6,11,8,84.05,7117.77,314.61,0.1761,22,14,12,16,Free,10,8
CUST_00925,0,57,Phone,2,99,E-wallet,Male,0,8,Fashion,4,Single,10,0,5,14,15,57,161.27,4030.86,666.93,0.1772,31,72,6,15,Free,0,3
CUST_00926,0,33,Mobile Phone,1,40,E-wallet,Female,2,9,Mobile Phone,5,Single,3,1,40,11,5,5,48.24,10632.39,770.85,0.1918,46,56,5,21,Platinum,5,8
CUST_00927,0,18,Mobile Phone,2,31,E-wallet,Male,4,8,Grocery,4,Single,6,0,35,4,6,78,374.64,1067.3,2362.85,0.4486,50,59,1,22,Platinum,7,10
CUST_00928,0,25,Mobile Phone,1,55,E-wallet,Male,0,1,Others,4,Married,1,0,8,11,16,6,135.27,1259.45,2009.21,0.2922,61,28,9,28,Free,3,6
CUST_00929,0,35,Phone,2,92,E-wallet,Female,1,3,Mobile Phone,4,Married,2,0,9,3,16,86,98.4,549.63,1118.31,0.3433,63,16,10,3,Platinum,1,7
CUST_00930,0,32,Mobile Phone,2,75,Cash on Delivery,Female,1,5,Grocery,3,Married,5,0,13,10,4,50,88.73,1313.62,1285.24,0.7416,46,8,14,27,Gold,2,9
CUST_00931,1,42,Mobile Phone,1,54,Cash on Delivery,Female,1,4,Electronics,4,Divorced,1,0,29,1,2,39,189.58,7581.98,2004.43,0.6188,27,45,7,5,Silver,9,9
CUST_00932,1,15,Computer,1,75,Cash on Delivery,Male,1,10,Grocery,3,Single,6,0,39,4,7,77,201.63,11979.92,202.42,0.3244,34,68,8,30,Platinum,3,7
CUST_00933,0,39,Mobile Phone,1,6,Cash on Delivery,Female,3,5,Grocery,5,Divorced,6,0,44,1,2,39,269.11,7258.42,1011.44,0.5612,54,35,8,14,Silver,0,9
CUST_00934,0,27,Mobile Phone,2,77,Debit Card,Female,0,3,Electronics,2,Single,1,0,7,13,13,12,323.66,3132.76,176.54,0.0969,36,88,9,30,Free,3,7
CUST_00935,0,57,Mobile Phone,2,14,E-wallet,Male,5,6,Mobile Phone,4,Single,6,0,50,19,15,46,281.07,9835.65,2286.34,0.2417,43,90,1,10,Free,3,4
CUST_00936,1,9,Phone,2,42,Cash on Delivery,Female,1,4,Laptop & Accessory,1,Single,5,0,6,0,14,44,197.03,4319.31,1131.92,0.6997,21,6,12,6,Free,8,1
CUST_00937,0,9,Mobile Phone,1,38,Cash on Delivery,Male,5,2,Others,3,Single,1,0,29,12,7,82,214.27,7168.31,489.75,0.7342,53,89,1,7,Free,0,1
CUST_00938,0,28,Mobile Phone,3,71,Cash on Delivery,Male,4,10,Mobile Phone,5,Single,3,0,49,10,8,47,390.15,5339.68,2449.06,0.6454,64,69,12,3,Gold,4,10
CUST_00939,0,31,Mobile Phone,2,28,Credit Card,Female,2,10,Others,2,Married,6,0,21,4,10,7,178.83,6180.89,2200.47,0.4834,67,53,9,10,Free,8,0
CUST_00940,0,42,Mobile Phone,1,27,E-wallet,Female,1,8,Mobile Phone,4,Single,9,1,49,14,15,30,128.6,1356.71,1295.05,0.6088,54,17,10,19,Gold,3,9
CUST_00941,0,24,Mobile Phone,1,89,UPI,Female,5,4,Mobile Phone,3,Single,5,0,32,16,19,27,258.26,11171.85,2315.09,0.1066,22,35,6,21,Silver,4,8
CUST_00942,0,55,Mobile Phone,2,50,E-wallet,Female,5,9,Laptop & Accessory,1,Single,7,0,17,19,18,20,269.11,3733.94,497.34,0.3021,65,75,0,28,Silver,1,10
CUST_00943,0,28,Mobile Phone,1,76,Credit Card,Male,3,3,Fashion,1,Married,5,0,44,1,7,17,374.96,7251.62,1923.31,0.4478,42,43,1,19,Gold,9,0
CUST_00944,0,7,Mobile Phone,1,60,Debit Card,Male,0,9,Others,1,Married,9,0,0,3,3,7,140.88,187.64,1944.51,0.4461,26,82,13,27,Gold,6,10
CUST_00945,0,7,Phone,1,64,E-wallet,Male,5,9,Others,3,Single,10,0,38,10,1,70,203.87,5573.98,1501.46,0.2043,20,24,6,3,Silver,6,6
CUST_00946,0,59,Mobile Phone,1,70,Cash on Delivery,Male,2,2,Mobile Phone,2,Single,5,0,20,16,19,36,249.73,9224.97,1021.74,0.4735,30,28,9,14,Gold,4,10
CUST_00947,0,8,Mobile Phone,1,69,Cash on Delivery,Female,0,4,Fashion,5,Married,3,0,36,4,19,34,283.51,7387.49,738.34,0.2131,21,70,6,30,Free,2,5
CUST_00948,0,57,Phone,1,92,UPI,Female,4,7,Electronics,4,Married,6,0,1,7,11,39,16.02,3889.98,1626.62,0.5646,46,11,8,10,Gold,9,9
CUST_00949,1,16,Phone,3,80,UPI,Male,0,3,Others,1,Married,9,0,46,9,1,87,360.13,7841.95,840.85,0.3591,53,45,7,21,Gold,2,5
CUST_00950,0,5,Computer,2,34,UPI,Male,2,9,Grocery,3,Married,6,1,7,13,9,63,71.04,9566.48,368.82,0.4055,22,30,13,25,Platinum,1,4
CUST_00951,1,18,Mobile Phone,1,21,Credit Card,Male,0,7,Mobile Phone,4,Single,4,1,30,4,15,89,90.08,1981.74,2139.13,0.7081,55,50,15,6,Free,2,10
CUST_00952,0,37,Mobile Phone,2,86,UPI,Male,2,3,Fashion,4,Married,8,0,11,6,16,54,277.75,883.64,2008.29,0.7323,50,14,6,14,Free,6,2
CUST_00953,0,26,Mobile Phone,2,40,UPI,Male,4,8,Electronics,1,Married,2,0,47,2,16,80,79.54,5593.34,779.27,0.6043,60,4,10,2,Platinum,4,1
CUST_00954,1,47,Mobile Phone,1,34,Debit Card,Male,0,1,Laptop & Accessory,1,Married,3,0,42,4,16,84,53.42,5305.28,69.44,0.326,35,70,1,5,Free,0,4
CUST_00955,0,37,Mobile Phone,1,15,Debit Card,Female,0,4,Grocery,3,Single,2,0,42,19,2,46,379.74,656.59,633.26,0.3381,21,7,15,27,Silver,0,6
CUST_00956,0,24,Computer,1,57,Cash on Delivery,Female,5,2,Electronics,5,Married,10,0,19,15,14,44,257.23,8190.5,1437.5,0.3873,26,35,4,2,Platinum,1,5
CUST_00957,0,38,Mobile Phone,2,54,Cash on Delivery,Male,1,1,Fashion,1,Married,10,0,9,19,20,84,378.94,7019.07,1734.53,0.5766,31,19,0,11,Gold,10,1
CUST_00958,0,59,Computer,2,84,UPI,Male,0,8,Grocery,1,Married,10,0,0,19,8,65,25.24,3821.2,1039.59,0.5479,36,63,14,20,Free,10,4
CUST_00959,0,25,Mobile Phone,1,76,Cash on Delivery,Male,3,2,Electronics,1,Married,1,0,10,10,10,34,14.18,3398.39,2150.77,0.2086,43,39,1,7,Free,6,1
CUST_00960,0,9,Mobile Phone,2,74,Debit Card,Female,1,7,Grocery,2,Married,9,0,32,3,5,29,111.75,3536.02,691.24,0.3408,67,90,12,5,Free,7,0
CUST_00961,0,24,Computer,3,56,UPI,Male,5,1,Laptop & Accessory,5,Single,3,0,17,16,16,35,15.36,1450.95,2361.59,0.5079,52,39,3,8,Gold,9,6
CUST_00962,0,51,Phone,1,87,UPI,Female,0,9,Grocery,5,Single,10,0,3,20,7,23,175.42,11148.0,1636.02,0.0562,50,24,7,30,Platinum,5,5
CUST_00963,0,13,Mobile Phone,2,99,Debit Card,Male,3,10,Mobile Phone,2,Single,4,0,50,4,20,43,384.61,815.72,1885.87,0.0803,62,77,15,8,Free,7,4
CUST_00964,0,57,Computer,2,83,Credit Card,Male,5,4,Electronics,4,Married,4,0,45,16,12,61,142.75,616.51,1372.71,0.6182,50,75,13,4,Silver,1,2
CUST_00965,0,35,Mobile Phone,2,38,UPI,Male,4,5,Mobile Phone,1,Married,7,0,22,8,7,63,292.9,9410.7,2499.88,0.6971,25,70,1,24,Gold,0,0
CUST_00966,0,36,Mobile Phone,2,31,E-wallet,Male,0,7,Others,3,Married,8,1,12,19,11,3,258.57,5566.79,453.26,0.1342,58,41,13,14,Platinum,0,1
CUST_00967,0,19,Computer,2,5,UPI,Male,1,6,Laptop & Accessory,4,Married,4,1,22,4,0,5,12.9,9753.79,1162.71,0.6876,49,57,10,19,Platinum,9,6
CUST_00968,0,56,Mobile Phone,1,100,E-wallet,Female,0,1,Others,5,Married,9,0,12,13,19,57,92.83,6165.02,696.58,0.6416,62,24,12,24,Gold,2,6
CUST_00969,0,2,Mobile Phone,1,75,E-wallet,Female,5,10,Laptop & Accessory,5,Married,1,0,3,1,9,48,252.02,10795.48,712.34,0.1101,54,2,5,10,Free,1,10
CUST_00970,0,18,Mobile Phone,3,94,Cash on Delivery,Male,1,10,Electronics,1,Single,9,0,20,19,9,5,36.81,4253.8,2039.76,0.1098,48,8,15,2,Silver,5,5
CUST_00971,0,25,Mobile Phone,1,80,E-wallet,Male,0,5,Fashion,3,Single,6,0,8,8,8,87,182.94,7066.64,1453.96,0.3681,22,50,6,10,Silver,0,0
CUST_00972,0,29,Mobile Phone,3,46,UPI,Male,2,6,Mobile Phone,1,Single,6,0,5,10,13,88,271.04,2717.39,304.06,0.5903,42,21,15,9,Free,0,6
CUST_00973,0,28,Mobile Phone,1,18,Cash on Delivery,Female,1,2,Mobile Phone,1,Married,9,0,50,15,16,6,135.92,5435.58,2326.94,0.3685,30,89,13,29,Silver,1,3
CUST_00974,1,9,Tablet,2,9,Credit Card,Male,0,8,Laptop & Accessory,1,Single,1,1,1,4,13,0,124.85,1679.78,402.68,0.6165,23,5,8,16,Free,3,10
CUST_00975,0,13,Computer,2,81,Debit Card,Male,2,6,Laptop & Accessory,5,Single,9,0,42,15,2,7,289.3,6030.66,1791.69,0.0996,54,45,3,19,Free,2,7
CUST_00976,1,5,Mobile Phone,1,34,UPI,Female,5,3,Fashion,2,Single,3,0,46,2,15,59,167.54,5571.66,1711.77,0.1855,59,51,10,11,Gold,2,10
CUST_00977,1,34,Mobile Phone,3,41,Credit Card,Female,1,4,Laptop & Accessory,4,Married,10,1,22,9,13,85,212.79,414.91,2074.48,0.5464,22,50,2,22,Gold,10,9
CUST_00978,0,21,Computer,1,85,Cash on Delivery,Female,5,1,Others,4,Divorced,8,0,44,7,20,36,79.9,1178.68,1612.85,0.3818,30,46,15,1,Free,10,7
CUST_00979,0,34,Mobile Phone,2,51,E-wallet,Male,3,8,Electronics,5,Married,4,0,25,9,5,75,315.83,6804.74,983.74,0.3073,61,4,7,9,Platinum,1,6
CUST_00980,0,35,Mobile Phone,2,96,Credit Card,Female,2,1,Fashion,3,Single,1,1,46,12,16,19,239.89,8628.49,546.55,0.6268,26,60,14,12,Silver,6,3
CUST_00981,0,42,Computer,3,57,E-wallet,Male,4,6,Laptop & Accessory,5,Married,2,0,42,12,18,0,389.17,7971.98,1372.32,0.1049,55,23,5,30,Gold,2,3
CUST_00982,0,33,Mobile Phone,2,84,Credit Card,Male,2,9,Others,3,Single,2,0,34,4,0,43,302.41,8668.85,130.56,0.3061,67,23,7,26,Silver,6,1
CUST_00983,0,39,Mobile Phone,3,17,Credit Card,Female,1,1,Electronics,4,Married,1,0,29,19,19,41,239.75,5793.67,1332.55,0.6775,66,55,6,23,Free,4,1
CUST_00984,1,35,Mobile Phone,3,43,Cash on Delivery,Male,1,2,Mobile Phone,4,Married,7,0,0,13,17,90,245.77,4151.11,473.48,0.6827,53,71,3,7,Platinum,5,10
CUST_00985,0,39,Mobile Phone,1,22,Cash on Delivery,Female,0,8,Laptop & Accessory,3,Single,9,0,14,3,16,28,133.19,8276.38,1630.11,0.2753,70,78,15,7,Gold,3,1
CUST_00986,0,37,Mobile Phone,3,10,E-wallet,Female,3,9,Grocery,2,Married,8,0,49,3,20,39,178.17,3321.01,1059.02,0.32,49,77,2,27,Free,1,1
CUST_00987,1,19,Phone,3,100,UPI,Female,0,1,Laptop & Accessory,1,Married,8,0,46,8,4,15,269.31,7586.79,1910.03,0.0572,65,69,13,28,Free,0,10
CUST_00988,0,15,Mobile Phone,1,54,UPI,Male,1,3,Grocery,1,Divorced,10,1,36,20,0,36,206.01,1185.66,1496.05,0.1605,54,39,2,16,Platinum,4,6
CUST_00989,0,48,Computer,2,38,Credit Card,Female,0,7,Fashion,3,Single,7,0,25,19,12,4,381.71,6499.25,1272.04,0.0133,37,76,2,12,Platinum,3,0
CUST_00990,0,20,Computer,1,41,Cash on Delivery,Female,0,6,Others,2,Divorced,1,1,21,5,12,31,221.36,8656.8,1661.57,0.4001,36,82,0,17,Gold,6,4
CUST_00991,1,33,Mobile Phone,2,28,E-wallet,Male,5,6,Fashion,2,Single,5,0,21,11,17,22,5.08,3865.98,593.38,0.7412,56,72,13,2,Silver,3,7
CUST_00992,0,12,Mobile Phone,1,16,UPI,Female,0,3,Fashion,4,Single,8,0,37,6,12,34,50.5,11029.07,2311.78,0.1098,64,0,12,12,Silver,9,5
CUST_00993,1,26,Mobile Phone,2,92,E-wallet,Female,3,6,Grocery,1,Married,5,1,13,16,2,59,18.46,968.19,223.34,0.7125,36,56,12,11,Silver,4,6
CUST_00994,0,32,Computer,1,15,Debit Card,Male,1,1,Others,3,Married,4,0,28,15,11,71,361.25,3261.03,891.74,0.3053,44,83,8,14,Platinum,10,5
CUST_00995,0,38,Mobile Phone,2,41,E-wallet,Female,0,9,Electronics,3,Married,5,0,31,9,8,27,126.06,8148.5,190.43,0.0377,30,48,3,25,Gold,5,8
CUST_00996,0,32,Computer,1,19,UPI,Female,1,6,Electronics,5,Married,8,0,34,7,18,79,334.46,9930.31,1485.81,0.1202,46,7,7,24,Free,7,1
CUST_00997,0,22,Phone,2,94,Credit Card,Male,0,4,Mobile Phone,1,Married,4,0,8,19,14,27,178.23,1449.45,982.69,0.3399,27,32,12,13,Free,6,1
CUST_00998,0,58,Computer,2,24,Debit Card,Female,1,4,Fashion,5,Single,4,0,42,8,17,7,368.19,1278.17,189.5,0.1536,35,63,0,24,Gold,8,3
CUST_00999,0,31,Tablet,2,42,UPI,Female,4,4,Mobile Phone,4,Divorced,5,0,22,18,15,23,192.89,5637.07,1683.89,0.5015,22,73,9,16,Platinum,8,6
CUST_01000,0,49,Computer,1,77,Credit Card,Female,3,5,Fashion,4,Married,5,0,47,0,3,21,344.05,4209.92,2397.49,0.1774,69,56,7,29,Gold,5,10
CUST_01001,0,44,Phone,1,59,E-wallet,Female,4,2,Electronics,4,Married,3,0,22,9,18,8,268.68,6642.34,312.05,0.5812,42,39,2,14,Silver,6,6
CUST_01002,0,34,Phone,1,41,Debit Card,Male,4,7,Laptop & Accessory,4,Married,3,0,40,11,2,59,106.48,10127.74,590.21,0.1571,44,46,0,0,Gold,2,2
CUST_01003,0,54,Computer,3,59,Cash on Delivery,Male,5,2,Laptop & Accessory,3,Single,2,0,5,0,5,53,230.62,3536.44,717.94,0.4405,36,49,5,29,Gold,4,9
CUST_01004,1,7,Phone,1,46,E-wallet,Female,0,4,Grocery,3,Married,8,0,45,1,3,27,107.21,221.56,1716.13,0.3919,19,90,11,16,Gold,7,9
CUST_01005,0,56,Tablet,2,32,UPI,Female,0,9,Electronics,2,Married,3,0,1,11,1,66,79.96,8083.52,996.74,0.6026,45,90,5,1,Platinum,10,10
CUST_01006,0,51,Mobile Phone,1,62,Cash on Delivery,Male,2,6,Others,5,Married,10,0,28,15,18,20,127.68,6796.48,1898.96,0.4561,65,40,15,19,Silver,8,9
CUST_01007,0,30,Computer,2,40,UPI,Male,3,10,Grocery,2,Married,10,1,38,4,2,89,118.67,6235.91,1184.1,0.3863,40,25,4,8,Silver,7,7
CUST_01008,0,44,Mobile Phone,1,97,Cash on Delivery,Female,4,7,Grocery,3,Married,7,0,17,18,2,31,198.62,9432.21,107.46,0.6791,40,20,14,1,Gold,2,4
CUST_01009,1,31,Phone,2,49,Credit Card,Female,0,8,Mobile Phone,2,Married,10,1,48,5,1,20,254.83,10214.94,476.09,0.661,45,38,12,24,Platinum,5,7
CUST_01010,1,16,Mobile Phone,1,77,Debit Card,Male,0,1,Fashion,2,Married,9,1,34,1,13,67,386.97,1818.28,834.11,0.6617,49,14,3,30,Silver,9,7
CUST_01011,0,48,Phone,1,27,Cash on Delivery,Female,4,6,Mobile Phone,5,Single,8,0,46,9,4,14,187.67,10001.71,1603.92,0.1776,50,7,4,1,Free,3,2
CUST_01012,0,15,Computer,1,66,Credit Card,Male,3,4,Laptop & Accessory,1,Married,4,0,28,2,14,87,304.39,6536.48,1718.0,0.5388,32,29,10,16,Free,5,2
CUST_01013,0,19,Tablet,1,58,E-wallet,Female,2,1,Fashion,5,Married,9,1,36,9,5,64,196.42,10465.66,1618.17,0.4801,28,30,1,10,Gold,0,5
CUST_01014,0,31,Mobile Phone,2,76,Cash on Delivery,Female,1,1,Mobile Phone,5,Married,4,0,2,0,4,18,173.52,6856.11,201.21,0.6368,19,68,4,30,Silver,7,0
CUST_01015,0,51,Computer,3,49,Credit Card,Female,4,2,Grocery,2,Married,2,0,3,18,3,29,164.93,10742.02,954.33,0.4739,20,81,9,26,Platinum,4,8
CUST_01016,1,23,Computer,2,74,Credit Card,Male,4,1,Electronics,2,Single,6,0,29,13,4,88,350.28,10005.6,1606.23,0.144,22,30,8,23,Free,5,10
CUST_01017,1,30,Tablet,3,10,Credit Card,Male,0,5,Others,1,Single,2,0,18,0,4,46,58.48,3977.68,1616.88,0.2154,64,24,8,3,Gold,1,10
CUST_01018,0,2,Phone,2,71,Cash on Delivery,Male,0,1,Others,4,Single,1,0,21,19,17,49,116.08,7755.03,1469.88,0.3636,33,35,7,6,Silver,6,4
CUST_01019,0,7,Computer,1,77,UPI,Male,4,9,Mobile Phone,4,Married,1,1,31,6,11,64,288.36,6859.88,1093.88,0.4152,60,76,1,5,Free,5,2
CUST_01020,0,3,Computer,1,52,UPI,Female,5,6,Others,5,Married,10,0,18,10,8,23,118.31,6467.54,72.01,0.3202,62,28,4,29,Silver,8,2
CUST_01021,1,4,Mobile Phone,1,8,UPI,Female,1,10,Others,2,Married,1,0,50,13,18,38,0.89,1406.48,1420.03,0.6463,66,48,15,10,Free,10,0
CUST_01022,0,52,Tablet,1,59,UPI,Male,4,1,Grocery,2,Married,4,0,36,8,10,38,86.69,381.7,690.98,0.6392,70,41,8,0,Silver,2,9
CUST_01023,0,51,Mobile Phone,3,80,Debit Card,Female,5,1,Mobile Phone,4,Married,8,0,30,13,18,33,11.75,4174.77,913.56,0.5619,42,49,5,22,Platinum,9,8
CUST_01024,0,50,Computer,2,49,Credit Card,Female,0,9,Electronics,2,Married,9,0,45,3,8,28,116.95,6024.26,1513.69,0.334,23,45,10,22,Platinum,8,0
CUST_01025,0,3,Computer,2,14,Credit Card,Female,1,4,Laptop & Accessory,2,Divorced,1,0,1,6,20,40,130.69,6674.64,1222.32,0.5717,62,89,7,11,Silver,4,1
CUST_01026,0,4,Mobile Phone,2,42,Cash on Delivery,Female,0,8,Fashion,1,Single,9,0,10,14,3,71,381.29,6262.49,1109.3,0.6441,52,12,10,29,Platinum,3,1
CUST_01027,0,17,Mobile Phone,1,100,Cash on Delivery,Male,4,2,Grocery,5,Married,10,1,42,3,10,41,323.2,1834.0,1043.72,0.4545,43,42,11,25,Platinum,8,7
CUST_01028,0,34,Mobile Phone,2,30,Debit Card,Male,4,1,Others,3,Single,10,0,40,6,9,7,48.92,9827.25,1923.84,0.4543,67,59,2,17,Free,6,0
CUST_01029,0,20,Phone,1,55,Debit Card,Female,0,5,Others,4,Single,7,0,29,5,18,0,49.14,8667.56,1262.34,0.176,43,27,3,0,Free,5,2
CUST_01030,0,29,Mobile Phone,1,39,UPI,Female,1,6,Electronics,4,Married,6,0,8,2,5,1,398.8,10373.96,1568.0,0.2663,34,44,0,27,Platinum,6,3
CUST_01031,0,10,Mobile Phone,1,73,Cash on Delivery,Female,3,2,Fashion,3,Single,2,0,15,18,7,17,268.61,10609.86,280.06,0.5139,35,58,9,2,Silver,4,10
CUST_01032,0,44,Computer,1,46,UPI,Female,5,1,Laptop & Accessory,2,Married,2,0,29,20,6,69,250.2,10003.92,1545.03,0.6765,67,72,12,13,Gold,10,10
CUST_01033,0,19,Mobile Phone,2,41,UPI,Male,4,3,Electronics,2,Single,9,0,4,5,13,55,235.4,8004.99,189.82,0.5156,40,45,9,26,Silver,7,9
CUST_01034,0,4,Phone,1,60,Credit Card,Female,1,2,Others,3,Married,9,0,43,17,4,31,59.88,5337.06,1940.47,0.2566,42,64,10,12,Free,1,1
CUST_01035,0,45,Mobile Phone,1,59,UPI,Male,2,10,Fashion,1,Single,9,1,16,10,10,1,105.75,7658.39,75.73,0.5899,57,43,11,11,Silver,7,6
CUST_01036,0,55,Mobile Phone,3,52,Cash on Delivery,Female,0,10,Grocery,3,Married,7,0,46,4,13,29,172.95,3045.78,1874.28,0.3607,36,39,7,29,Silver,4,0
CUST_01037,0,0,Mobile Phone,3,29,UPI,Female,1,1,Others,1,Married,6,0,27,19,4,25,178.54,11072.02,1346.66,0.27,24,81,12,15,Gold,3,1
CUST_01038,0,26,Mobile Phone,2,15,E-wallet,Female,3,5,Laptop & Accessory,2,Married,2,0,15,2,6,45,388.31,7628.52,1782.39,0.264,61,34,10,28,Free,1,5
CUST_01039,1,50,Mobile Phone,2,71,Cash on Delivery,Male,2,4,Electronics,4,Married,1,0,2,2,2,40,17.51,7225.18,649.29,0.5998,54,67,5,28,Silver,4,6
CUST_01040,1,43,Computer,2,37,E-wallet,Female,3,1,Grocery,1,Single,3,1,41,8,3,15,5.88,7007.97,1337.69,0.6418,23,19,14,23,Free,4,8
CUST_01041,0,52,Mobile Phone,1,63,UPI,Female,1,7,Electronics,1,Married,5,0,33,18,19,40,365.96,8235.26,2118.32,0.2452,27,37,8,4,Gold,10,0
CUST_01042,0,25,Mobile Phone,1,41,UPI,Male,3,9,Mobile Phone,2,Single,4,0,44,6,16,10,351.02,8257.95,570.94,0.154,43,15,5,7,Silver,7,7
CUST_01043,0,22,Mobile Phone,1,86,UPI,Female,3,7,Grocery,4,Married,6,1,11,15,4,4,115.84,627.41,113.28,0.4024,34,16,4,19,Gold,7,0
CUST_01044,0,43,Mobile Phone,1,72,Debit Card,Female,1,10,Mobile Phone,5,Married,8,0,8,18,12,84,128.53,5147.61,1894.85,0.6327,28,28,7,10,Gold,3,7
CUST_01045,0,9,Tablet,3,43,UPI,Male,0,7,Grocery,1,Married,8,0,11,10,2,79,236.81,11707.06,1773.82,0.0796,66,6,9,23,Gold,5,7
CUST_01046,0,14,Mobile Phone,2,36,Credit Card,Male,2,6,Grocery,2,Married,9,0,19,2,18,90,80.82,9124.16,417.88,0.3657,42,56,8,24,Platinum,6,9
CUST_01047,0,36,Tablet,3,76,UPI,Female,0,10,Others,1,Single,3,0,19,19,15,8,350.19,2378.42,887.77,0.0003,18,22,9,14,Free,6,1
CUST_01048,1,40,Mobile Phone,2,5,Credit Card,Male,0,8,Electronics,1,Married,10,1,39,16,16,61,107.82,5190.64,1072.2,0.4442,45,58,10,16,Free,8,10
CUST_01049,0,7,Mobile Phone,2,10,UPI,Female,1,8,Grocery,5,Married,9,1,48,1,6,79,23.97,5595.02,145.39,0.1941,34,88,12,7,Free,7,0
CUST_01050,0,31,Mobile Phone,2,13,E-wallet,Male,2,8,Fashion,3,Married,4,1,0,12,7,36,213.1,11741.72,983.58,0.2792,51,84,7,22,Silver,6,10
CUST_01051,0,22,Mobile Phone,2,38,UPI,Male,1,1,Fashion,4,Divorced,3,1,27,17,18,90,293.38,11425.77,280.12,0.2409,26,10,14,0,Silver,4,4
CUST_01052,0,30,Computer,2,52,Cash on Delivery,Female,0,8,Grocery,4,Married,9,0,31,11,11,87,382.5,1017.01,2483.81,0.3688,25,56,11,3,Platinum,9,7
CUST_01053,0,58,Mobile Phone,1,33,UPI,Female,1,8,Others,3,Single,10,0,12,4,12,16,249.95,3255.55,2455.12,0.5104,25,90,7,17,Platinum,1,10
CUST_01054,0,4,Mobile Phone,2,23,E-wallet,Male,5,5,Grocery,4,Married,5,0,21,19,20,78,40.74,969.08,1438.09,0.0748,60,63,4,0,Free,0,3
CUST_01055,0,60,Computer,1,35,Debit Card,Female,4,6,Grocery,2,Married,2,0,37,7,17,6,264.94,2412.39,1224.44,0.4907,63,57,0,5,Platinum,5,8
CUST_01056,0,27,Computer,2,52,E-wallet,Male,2,9,Mobile Phone,3,Married,7,0,26,0,7,14,37.01,5445.6,2416.74,0.2089,66,72,1,8,Free,7,8
CUST_01057,1,47,Tablet,1,33,Cash on Delivery,Female,0,2,Grocery,2,Married,9,0,3,2,1,11,77.68,7245.27,1685.24,0.5625,28,44,10,7,Free,8,5
CUST_01058,0,25,Tablet,2,60,E-wallet,Male,2,6,Grocery,3,Divorced,5,0,21,9,5,89,118.65,9764.02,374.2,0.08,64,64,1,23,Gold,9,4
CUST_01059,0,18,Computer,1,41,Credit Card,Female,5,8,Electronics,2,Single,2,0,16,10,15,77,22.19,1135.81,570.1,0.5974,25,77,0,10,Silver,8,1
CUST_01060,0,47,Phone,1,94,E-wallet,Male,4,3,Mobile Phone,4,Married,8,0,9,13,3,25,146.35,3445.55,1655.91,0.5182,48,53,1,27,Gold,8,6
CUST_01061,0,41,Computer,2,100,E-wallet,Female,4,3,Fashion,5,Single,8,1,5,3,6,88,306.81,7358.0,2372.08,0.0736,32,27,10,18,Platinum,9,2
CUST_01062,0,8,Mobile Phone,1,67,Debit Card,Female,1,1,Fashion,5,Married,9,0,17,2,19,11,21.49,5568.19,864.38,0.6656,53,69,0,24,Silver,4,2
CUST_01063,0,43,Computer,3,58,Cash on Delivery,Female,2,4,Fashion,5,Divorced,9,0,43,5,9,53,198.34,3767.72,336.63,0.0563,35,4,13,27,Platinum,4,8
CUST_01064,1,45,Mobile Phone,1,7,UPI,Male,0,4,Mobile Phone,4,Married,5,1,43,1,5,78,90.52,2215.83,1909.65,0.1027,66,61,15,14,Free,3,7
CUST_01065,0,23,Computer,1,64,Credit Card,Female,5,10,Mobile Phone,4,Married,4,0,7,1,11,86,226.55,8531.11,553.44,0.1405,46,16,12,23,Free,3,0
CUST_01066,0,56,Tablet,1,41,UPI,Male,0,1,Grocery,4,Single,2,0,31,13,19,20,196.94,2894.47,286.0,0.1432,23,1,12,25,Silver,1,3
CUST_01067,1,39,Mobile Phone,3,32,Cash on Delivery,Female,3,7,Others,5,Single,2,1,37,6,4,70,66.41,8245.62,1740.06,0.6867,41,72,8,17,Platinum,2,6
CUST_01068,1,20,Phone,2,81,Debit Card,Female,1,1,Laptop & Accessory,1,Married,9,0,24,3,12,62,341.05,11008.84,1388.3,0.3072,55,72,8,17,Silver,4,8
CUST_01069,1,0,Tablet,1,9,Debit Card,Male,3,8,Grocery,1,Married,10,0,1,3,16,51,200.19,2668.0,1126.65,0.1209,48,52,3,3,Gold,7,9
CUST_01070,0,41,Mobile Phone,1,30,UPI,Male,4,5,Electronics,3,Single,7,0,36,16,12,73,394.27,8690.02,180.76,0.411,48,1,4,15,Platinum,3,4
CUST_01071,1,12,Mobile Phone,2,79,E-wallet,Male,1,5,Electronics,4,Married,10,0,8,14,18,83,393.88,9630.09,81.99,0.5575,43,42,3,5,Gold,6,4
CUST_01072,0,46,Tablet,3,93,Credit Card,Male,0,10,Others,5,Married,4,0,9,0,8,13,100.42,7632.97,1070.71,0.7338,56,40,11,13,Silver,7,2
CUST_01073,0,32,Tablet,1,54,E-wallet,Female,3,8,Mobile Phone,1,Single,8,0,14,13,16,42,353.22,3973.66,1526.32,0.4486,59,68,13,8,Gold,0,10
CUST_01074,0,28,Mobile Phone,1,55,E-wallet,Female,3,2,Laptop & Accessory,1,Single,4,0,4,12,8,19,287.82,2954.83,2198.12,0.0888,28,78,15,22,Free,2,2
CUST_01075,1,9,Mobile Phone,1,97,E-wallet,Male,0,3,Others,5,Married,4,0,47,13,1,37,172.89,9467.0,1511.98,0.0948,62,43,6,18,Silver,0,8
CUST_01076,0,43,Computer,1,13,Credit Card,Female,0,3,Electronics,2,Married,7,1,27,16,6,34,326.05,3978.35,1244.18,0.6945,33,63,5,30,Platinum,0,9
CUST_01077,1,10,Mobile Phone,2,51,UPI,Male,3,7,Fashion,1,Married,2,0,41,14,3,65,168.16,9691.56,480.91,0.5745,22,42,1,21,Silver,0,7
CUST_01078,0,25,Mobile Phone,3,28,Debit Card,Male,3,9,Others,4,Married,5,0,0,14,15,56,196.96,10104.26,435.71,0.1109,66,83,6,27,Gold,8,5
CUST_01079,0,51,Mobile Phone,3,50,E-wallet,Female,0,7,Fashion,5,Single,5,0,9,2,8,68,148.72,10454.5,1547.75,0.5939,21,83,8,8,Gold,10,4
CUST_01080,0,56,Mobile Phone,2,92,Cash on Delivery,Female,3,5,Electronics,5,Married,5,0,7,19,15,64,337.43,9819.25,919.39,0.073,22,66,13,21,Free,8,5
CUST_01081,0,60,Computer,1,62,Cash on Delivery,Female,2,8,Others,5,Single,8,0,3,4,15,32,362.68,10814.03,431.71,0.2808,52,52,1,17,Silver,0,1
CUST_01082,0,58,Computer,3,100,Credit Card,Female,0,8,Electronics,1,Married,3,0,36,15,11,58,60.51,11165.48,1026.02,0.0158,67,45,6,26,Silver,2,9
CUST_01083,0,33,Computer,1,53,E-wallet,Male,3,1,Grocery,1,Married,2,0,8,15,19,43,235.93,5974.53,1852.92,0.7312,38,59,12,22,Silver,8,2
CUST_01084,0,12,Computer,1,87,UPI,Female,3,6,Mobile Phone,5,Divorced,7,0,45,10,9,48,46.77,3566.43,240.76,0.2549,56,32,14,23,Gold,7,5
CUST_01085,0,51,Mobile Phone,2,21,Credit Card,Male,0,8,Others,4,Married,1,1,38,10,14,19,354.16,2350.36,375.91,0.0935,58,57,10,17,Free,4,1
CUST_01086,0,48,Mobile Phone,1,35,E-wallet,Male,4,7,Fashion,2,Single,10,0,14,18,13,25,88.09,4754.0,1484.06,0.6086,31,1,2,25,Gold,8,10
CUST_01087,0,60,Mobile Phone,3,31,E-wallet,Male,1,3,Grocery,2,Married,10,0,13,13,14,10,14.43,3113.28,1398.54,0.313,66,25,8,30,Free,0,7
CUST_01088,0,39,Mobile Phone,3,78,UPI,Female,3,2,Grocery,5,Single,4,0,19,5,10,14,298.25,10121.1,428.84,0.4655,54,65,14,9,Silver,3,6
CUST_01089,1,8,Mobile Phone,2,54,Cash on Delivery,Male,4,3,Mobile Phone,5,Single,7,0,27,1,8,32,266.49,10111.89,1523.89,0.6465,58,90,11,6,Gold,5,6
CUST_01090,0,30,Mobile Phone,2,26,Cash on Delivery,Female,5,4,Grocery,5,Married,6,0,34,2,17,16,164.42,5368.65,1598.99,0.1955,65,17,2,4,Gold,5,2
CUST_01091,0,27,Mobile Phone,1,21,Debit Card,Male,1,10,Fashion,3,Married,7,0,22,8,18,44,247.66,9723.55,253.29,0.4037,18,3,5,20,Silver,6,6
CUST_01092,0,51,Mobile Phone,1,41,Cash on Delivery,Female,2,7,Fashion,4,Married,3,0,41,13,1,65,308.49,7727.41,1827.89,0.1244,28,32,11,14,Silver,3,0
CUST_01093,0,23,Computer,2,19,E-wallet,Male,0,9,Others,1,Single,10,0,39,9,20,14,68.05,6936.39,325.8,0.6382,18,28,11,1,Free,10,3
CUST_01094,0,20,Computer,2,71,E-wallet,Female,5,1,Electronics,5,Married,9,0,13,16,18,19,121.82,9750.67,1908.09,0.2403,54,90,5,15,Silver,3,8
CUST_01095,0,4,Tablet,3,86,Cash on Delivery,Female,1,8,Fashion,2,Married,6,1,20,14,12,14,194.23,9681.44,642.12,0.3653,50,31,14,2,Platinum,6,2
CUST_01096,0,50,Computer,1,98,Debit Card,Female,4,2,Laptop & Accessory,5,Married,9,0,42,14,11,73,253.26,9615.28,602.17,0.5431,68,83,12,13,Gold,4,8
CUST_01097,0,46,Computer,1,27,E-wallet,Male,5,6,Electronics,1,Married,4,0,37,19,9,11,245.47,6591.79,1691.62,0.6778,47,89,6,0,Free,6,8
CUST_01098,0,2,Mobile Phone,1,47,E-wallet,Female,2,4,Electronics,5,Married,8,1,49,1,10,83,197.47,3916.44,1672.45,0.261,31,0,2,5,Free,6,3
CUST_01099,0,26,Computer,2,53,Credit Card,Male,4,9,Laptop & Accessory,3,Married,10,0,4,12,3,79,264.58,4897.68,711.58,0.0637,56,54,9,9,Free,6,2
CUST_01100,0,29,Mobile Phone,2,52,Debit Card,Male,2,7,Electronics,3,Married,7,0,4,7,8,35,8.4,8203.98,2415.67,0.3928,66,24,10,28,Silver,8,7
CUST_01101,0,28,Mobile Phone,3,48,UPI,Male,3,5,Fashion,4,Divorced,10,0,25,15,19,63,129.42,10931.88,1001.36,0.0099,24,34,0,0,Gold,7,1
CUST_01102,0,56,Mobile Phone,1,26,UPI,Male,1,6,Electronics,3,Single,3,1,11,16,11,16,228.98,8699.78,1042.1,0.2944,24,38,8,7,Silver,3,2
CUST_01103,0,9,Mobile Phone,2,15,Cash on Delivery,Male,5,8,Others,5,Single,1,0,37,13,7,13,122.49,9513.75,541.51,0.3061,28,29,15,26,Free,8,5
CUST_01104,0,18,Mobile Phone,1,43,UPI,Female,0,8,Electronics,1,Married,6,0,37,15,4,60,376.63,3574.44,192.39,0.3495,56,15,4,30,Silver,4,3
CUST_01105,0,11,Computer,1,13,Credit Card,Female,3,6,Others,4,Single,4,0,22,19,16,60,385.45,5315.25,2057.18,0.3063,39,8,15,15,Free,1,7
CUST_01106,0,14,Phone,1,11,Credit Card,Male,5,8,Laptop & Accessory,2,Single,7,0,1,11,10,27,148.55,8987.78,869.66,0.5536,20,13,7,29,Silver,10,0
CUST_01107,0,55,Computer,2,55,Cash on Delivery,Male,4,8,Mobile Phone,1,Single,4,0,17,17,12,44,92.61,10462.81,1251.22,0.1777,67,2,13,22,Silver,1,0
CUST_01108,0,57,Computer,2,87,Cash on Delivery,Female,4,1,Laptop & Accessory,4,Married,9,0,14,2,8,47,89.7,6195.41,1971.02,0.3895,46,36,15,11,Free,10,1
CUST_01109,0,2,Mobile Phone,1,56,Cash on Delivery,Male,3,4,Mobile Phone,4,Married,2,0,20,5,0,51,177.59,317.41,312.78,0.2437,29,14,13,21,Free,0,2
CUST_01110,0,38,Mobile Phone,2,7,UPI,Female,5,10,Fashion,1,Married,10,0,43,19,6,25,383.01,10639.82,1564.43,0.4659,20,17,12,25,Free,1,4
CUST_01111,0,14,Computer,3,85,Debit Card,Female,5,4,Laptop & Accessory,4,Single,3,0,37,4,12,75,94.59,1256.85,940.03,0.3165,48,41,14,27,Free,10,7
CUST_01112,0,11,Mobile Phone,1,70,Debit Card,Female,1,9,Fashion,5,Married,4,0,34,0,4,54,132.43,6403.28,2096.44,0.1547,69,53,0,12,Free,8,4
CUST_01113,0,17,Mobile Phone,1,34,Cash on Delivery,Male,3,6,Laptop & Accessory,4,Single,1,1,0,19,10,43,223.67,5803.17,1003.26,0.4453,32,26,4,3,Platinum,6,4
CUST_01114,0,11,Mobile Phone,2,31,UPI,Male,2,3,Laptop & Accessory,2,Single,7,0,32,7,18,47,227.96,11548.99,2386.71,0.1858,62,43,15,21,Gold,6,9
CUST_01115,0,29,Tablet,2,91,Credit Card,Female,1,4,Others,1,Married,7,0,26,12,3,26,265.02,1584.7,965.13,0.2973,30,89,6,1,Silver,10,0
CUST_01116,0,60,Computer,3,50,Debit Card,Female,4,5,Electronics,1,Single,10,0,31,16,17,31,291.19,8003.58,127.25,0.3118,63,80,11,17,Silver,6,6
CUST_01117,1,35,Mobile Phone,1,18,E-wallet,Male,0,2,Fashion,4,Married,2,0,20,9,2,70,316.53,3800.95,1390.76,0.6738,53,25,5,22,Free,1,7
CUST_01118,0,44,Computer,2,32,UPI,Female,0,4,Grocery,2,Married,5,0,25,0,10,11,196.5,5264.99,366.89,0.5545,67,63,4,16,Silver,6,6
CUST_01119,1,30,Mobile Phone,3,30,E-wallet,Female,0,7,Mobile Phone,2,Married,9,1,17,14,13,14,28.46,5055.51,390.95,0.472,46,75,1,25,Silver,8,2
CUST_01120,0,0,Mobile Phone,1,43,UPI,Female,1,10,Fashion,1,Married,1,0,39,13,4,15,270.5,4247.47,1230.66,0.0843,56,50,15,25,Free,4,2
CUST_01121,1,5,Mobile Phone,1,38,UPI,Female,3,10,Electronics,3,Married,6,0,20,5,4,84,237.02,10573.57,754.02,0.2318,28,77,1,0,Gold,3,3
CUST_01122,0,16,Mobile Phone,3,57,E-wallet,Female,5,4,Grocery,1,Single,3,0,44,13,9,73,85.63,8684.66,1380.81,0.0373,33,29,7,21,Free,9,7
CUST_01123,0,14,Computer,1,36,UPI,Male,5,8,Electronics,3,Divorced,4,1,47,16,0,85,341.55,10797.43,1665.35,0.4043,67,19,3,16,Gold,2,5
CUST_01124,0,51,Mobile Phone,2,66,Credit Card,Male,5,4,Fashion,3,Single,8,0,40,20,19,28,296.6,9728.17,2255.14,0.0884,70,38,8,11,Free,7,9
CUST_01125,0,51,Computer,3,52,UPI,Female,4,9,Fashion,5,Married,9,0,26,11,5,31,168.76,5059.04,754.21,0.0218,52,20,9,12,Silver,8,10
CUST_01126,1,52,Mobile Phone,1,95,Cash on Delivery,Female,2,10,Others,2,Divorced,1,0,24,1,16,25,387.51,833.39,1300.98,0.2676,36,54,3,26,Gold,7,8
CUST_01127,0,38,Computer,2,84,Debit Card,Male,4,5,Others,2,Single,7,0,26,18,6,70,270.72,3656.06,1915.02,0.5581,40,64,4,28,Gold,1,4
CUST_01128,0,33,Computer,2,36,UPI,Male,1,7,Mobile Phone,5,Married,4,0,39,9,16,68,371.98,4213.86,1477.73,0.3193,64,81,15,19,Platinum,9,3
CUST_01129,0,39,Computer,3,9,E-wallet,Male,3,9,Fashion,5,Married,8,0,43,13,3,83,291.48,1312.87,934.63,0.065,58,87,7,21,Silver,6,0
CUST_01130,0,24,Computer,3,61,UPI,Female,0,2,Electronics,3,Married,9,0,38,18,14,25,284.21,1934.49,261.02,0.405,57,44,4,15,Silver,4,5
CUST_01131,1,40,Tablet,3,37,Debit Card,Female,5,3,Mobile Phone,2,Single,9,1,36,5,15,83,87.16,373.69,515.52,0.3371,48,48,8,30,Gold,2,4
CUST_01132,0,48,Mobile Phone,1,91,Credit Card,Male,5,7,Electronics,4,Married,2,0,23,0,15,86,167.66,5319.68,140.26,0.7207,51,0,10,22,Free,1,4
CUST_01133,0,46,Computer,2,43,UPI,Male,4,2,Others,4,Single,9,0,13,20,1,10,254.38,2119.04,1555.94,0.1029,59,34,1,10,Silver,3,4
CUST_01134,0,37,Computer,3,32,Cash on Delivery,Male,1,8,Mobile Phone,4,Single,10,0,17,3,3,31,331.3,3330.46,1289.44,0.5121,53,26,9,26,Platinum,1,6
CUST_01135,0,3,Mobile Phone,2,37,Debit Card,Male,1,3,Laptop & Accessory,4,Married,8,1,50,8,18,15,364.48,5820.43,783.65,0.5404,63,2,8,4,Free,0,1
CUST_01136,0,44,Mobile Phone,2,88,UPI,Male,4,4,Others,1,Married,4,0,20,16,7,89,32.72,2052.37,2376.61,0.6364,18,4,11,2,Silver,7,0
CUST_01137,0,22,Mobile Phone,1,15,Cash on Delivery,Male,2,9,Others,2,Married,8,0,24,16,16,44,285.92,878.9,1277.72,0.635,26,71,13,23,Free,10,1
CUST_01138,0,45,Mobile Phone,3,96,E-wallet,Male,3,6,Others,1,Married,1,0,25,3,17,1,106.41,9212.88,2475.08,0.3032,48,10,1,20,Platinum,5,0
CUST_01139,0,32,Mobile Phone,1,27,E-wallet,Female,2,8,Grocery,2,Married,4,0,17,5,14,50,283.98,10636.07,950.96,0.5606,52,23,0,23,Gold,10,6
CUST_01140,0,53,Mobile Phone,1,86,Debit Card,Female,5,7,Laptop & Accessory,5,Married,9,0,7,14,3,16,126.96,4117.79,1574.75,0.2937,23,56,7,3,Gold,8,5
CUST_01141,1,20,Computer,3,57,Credit Card,Male,0,6,Others,2,Single,7,1,11,8,7,31,228.37,5604.63,809.56,0.671,32,18,9,13,Free,1,10
CUST_01142,0,56,Mobile Phone,3,59,Cash on Delivery,Female,2,6,Mobile Phone,4,Married,3,0,11,10,1,52,210.7,3529.76,2333.8,0.5287,70,52,3,21,Silver,0,7
CUST_01143,0,51,Phone,3,24,Debit Card,Female,1,9,Mobile Phone,3,Married,6,0,10,15,0,6,348.82,5597.35,678.91,0.0317,63,19,4,5,Free,3,9
CUST_01144,0,20,Mobile Phone,2,74,Debit Card,Male,4,10,Electronics,1,Single,1,0,5,18,17,83,261.54,1158.64,530.96,0.1414,29,33,1,23,Platinum,0,0
CUST_01145,1,29,Computer,1,67,Credit Card,Male,1,1,Fashion,2,Married,10,0,47,14,10,39,97.19,5567.96,1610.14,0.6781,21,61,12,2,Platinum,1,9
CUST_01146,0,32,Mobile Phone,2,51,Cash on Delivery,Male,1,6,Others,4,Single,6,0,3,3,16,58,251.57,5590.46,847.66,0.4225,62,74,8,15,Gold,8,4
CUST_01147,0,46,Mobile Phone,1,48,Credit Card,Female,1,8,Others,4,Married,6,0,6,19,3,25,256.32,3754.0,2186.4,0.5828,49,37,12,19,Gold,1,2
CUST_01148,0,42,Mobile Phone,3,62,Debit Card,Female,5,7,Electronics,2,Single,4,0,28,11,3,69,145.73,10429.39,347.7,0.6382,59,54,7,25,Free,10,5
CUST_01149,0,51,Computer,2,50,UPI,Female,1,5,Others,5,Married,3,1,46,16,11,40,105.12,5099.32,200.14,0.0359,18,73,3,6,Free,2,6
CUST_01150,0,22,Mobile Phone,1,98,Credit Card,Male,5,8,Grocery,1,Married,4,0,35,12,11,46,363.86,1865.21,117.16,0.0819,53,73,7,26,Gold,9,0
CUST_01151,0,30,Tablet,1,8,Cash on Delivery,Male,5,5,Others,3,Divorced,5,0,6,6,8,24,61.58,9031.6,793.2,0.7032,33,8,0,2,Free,0,1
CUST_01152,1,26,Mobile Phone,1,29,Cash on Delivery,Male,5,2,Others,2,Married,5,1,31,13,0,17,56.68,1841.82,2024.85,0.4565,48,4,6,13,Free,4,9
CUST_01153,0,55,Computer,3,86,UPI,Male,2,3,Mobile Phone,5,Married,5,0,30,18,5,39,235.66,1115.93,2309.36,0.5396,58,62,12,19,Free,1,4
CUST_01154,0,18,Mobile Phone,2,81,Credit Card,Male,3,1,Fashion,4,Married,6,0,37,17,3,29,123.35,4489.41,2263.06,0.296,40,44,4,12,Free,9,10
CUST_01155,0,35,Computer,1,38,Credit Card,Male,4,8,Grocery,1,Single,5,0,14,19,3,53,201.69,9587.95,2331.7,0.1814,59,79,15,19,Free,0,8
CUST_01156,1,7,Mobile Phone,1,53,Credit Card,Female,0,10,Others,2,Married,4,0,20,1,5,53,107.11,11420.73,781.83,0.0749,58,54,0,5,Free,0,1
CUST_01157,0,51,Mobile Phone,1,7,Cash on Delivery,Male,0,4,Fashion,4,Married,6,1,49,20,13,32,147.24,7930.09,1403.07,0.1606,30,77,4,16,Free,10,2
CUST_01158,0,23,Mobile Phone,1,21,Cash on Delivery,Female,1,8,Mobile Phone,3,Single,3,0,40,6,14,12,163.28,10751.09,908.81,0.077,38,70,9,28,Gold,8,1
CUST_01159,0,20,Mobile Phone,3,95,Cash on Delivery,Male,5,10,Mobile Phone,3,Married,10,1,13,18,16,19,224.81,6867.0,1779.04,0.6957,63,15,4,23,Platinum,9,9
CUST_01160,1,35,Mobile Phone,2,66,E-wallet,Male,0,4,Electronics,1,Single,7,0,38,11,6,24,31.51,2364.95,2276.5,0.6534,58,80,14,28,Free,1,3
CUST_01161,0,30,Tablet,1,8,Debit Card,Male,4,9,Grocery,3,Married,3,0,43,14,11,36,172.88,6824.48,453.88,0.566,44,54,1,11,Silver,6,8
CUST_01162,0,51,Mobile Phone,2,81,Credit Card,Female,5,1,Mobile Phone,1,Married,7,0,36,16,17,68,274.92,8863.0,1230.31,0.0166,27,8,7,5,Silver,3,6
CUST_01163,0,32,Mobile Phone,1,43,Debit Card,Female,5,7,Electronics,2,Single,10,0,31,16,10,23,283.67,991.34,1149.47,0.3912,18,86,5,16,Silver,0,7
CUST_01164,0,31,Tablet,1,59,Cash on Delivery,Female,3,2,Grocery,2,Married,8,0,39,6,0,67,108.37,5095.3,2274.03,0.1798,61,21,4,1,Gold,3,5
CUST_01165,0,6,Mobile Phone,2,87,Cash on Delivery,Female,3,8,Grocery,4,Married,8,1,27,13,10,5,217.39,1102.38,2220.36,0.0566,63,72,0,29,Gold,6,9
CUST_01166,0,1,Mobile Phone,1,85,UPI,Female,4,1,Grocery,3,Divorced,3,0,11,11,0,59,153.68,4820.49,2160.03,0.0157,58,34,4,20,Free,1,10
CUST_01167,1,24,Computer,2,18,Credit Card,Female,3,9,Mobile Phone,3,Married,2,0,24,6,8,57,14.73,6796.04,1877.63,0.5376,47,78,0,8,Platinum,9,3
CUST_01168,0,60,Phone,3,40,Cash on Delivery,Female,4,4,Mobile Phone,5,Married,6,0,29,0,6,72,172.74,8640.15,2296.74,0.2842,58,8,4,11,Free,5,0
CUST_01169,0,55,Computer,3,31,E-wallet,Female,2,3,Electronics,2,Single,3,0,38,17,19,57,269.44,4329.29,2492.55,0.4416,28,84,13,3,Silver,10,10
CUST_01170,0,38,Mobile Phone,1,92,Debit Card,Female,5,6,Electronics,4,Married,2,0,39,8,15,28,378.17,1555.61,368.96,0.5808,39,45,7,27,Free,4,5
CUST_01171,0,38,Tablet,2,79,E-wallet,Male,2,10,Others,5,Married,10,0,6,4,13,28,44.86,5991.0,2283.97,0.3362,36,10,4,11,Gold,3,4
CUST_01172,0,23,Mobile Phone,1,67,Cash on Delivery,Female,1,2,Others,1,Divorced,4,0,5,7,19,73,170.98,1638.23,1403.12,0.0969,55,41,0,28,Silver,5,2
CUST_01173,0,10,Tablet,2,10,E-wallet,Female,4,4,Fashion,4,Single,9,0,8,9,19,87,376.46,1251.23,708.37,0.7075,66,16,4,15,Free,2,4
CUST_01174,1,0,Phone,1,82,Cash on Delivery,Female,3,7,Fashion,1,Married,8,0,12,20,6,46,187.79,8816.06,1444.69,0.4851,45,47,3,4,Free,4,10
CUST_01175,1,20,Tablet,2,58,Credit Card,Male,0,1,Others,4,Single,2,0,14,7,11,71,357.49,7342.9,1265.82,0.1493,40,72,7,24,Free,1,9
CUST_01176,1,19,Mobile Phone,1,31,Cash on Delivery,Male,0,10,Laptop & Accessory,2,Married,2,0,25,2,11,89,272.86,6414.65,1375.25,0.5121,32,10,15,6,Gold,1,9
CUST_01177,1,11,Mobile Phone,3,47,Credit Card,Male,0,6,Others,2,Single,6,0,36,3,0,82,346.4,2095.44,961.98,0.3213,30,72,0,15,Gold,10,9
CUST_01178,0,15,Computer,3,47,Debit Card,Female,3,10,Mobile Phone,5,Married,7,0,21,19,0,3,303.32,11052.28,1632.76,0.5944,42,73,7,1,Silver,8,6
CUST_01179,0,1,Mobile Phone,1,33,E-wallet,Male,5,5,Mobile Phone,1,Divorced,3,0,22,16,7,42,28.88,10338.78,1709.1,0.54,25,9,7,20,Gold,8,7
CUST_01180,0,37,Mobile Phone,2,92,E-wallet,Female,1,9,Fashion,3,Single,2,0,46,0,0,54,305.0,10129.44,201.61,0.1958,39,76,0,25,Free,8,8
CUST_01181,0,56,Tablet,1,93,UPI,Male,0,4,Electronics,4,Married,7,0,38,9,14,47,51.14,876.74,1937.24,0.5554,62,78,4,18,Gold,7,4
CUST_01182,0,42,Computer,2,9,Debit Card,Male,5,5,Fashion,5,Single,3,0,38,5,0,53,299.44,959.82,1385.32,0.4128,26,57,0,19,Gold,7,9
CUST_01183,1,27,Mobile Phone,1,94,Debit Card,Female,4,4,Others,2,Married,2,1,38,11,4,62,167.62,5708.84,2191.44,0.5046,30,28,11,14,Silver,1,9
CUST_01184,0,25,Mobile Phone,1,43,Debit Card,Male,3,6,Electronics,2,Single,4,0,2,12,2,20,273.9,3530.77,1644.53,0.2964,18,15,15,29,Gold,7,3
CUST_01185,1,18,Mobile Phone,2,81,UPI,Male,1,3,Electronics,3,Married,4,0,37,10,10,53,24.21,4099.74,2484.35,0.0777,36,84,0,24,Free,5,8
CUST_01186,0,8,Mobile Phone,2,79,UPI,Male,4,6,Electronics,3,Single,5,0,23,10,18,60,45.6,8544.78,1868.69,0.027,52,72,12,7,Gold,5,3
CUST_01187,1,36,Mobile Phone,2,62,Credit Card,Male,2,9,Laptop & Accessory,1,Married,4,0,32,14,1,60,42.63,11231.05,1134.27,0.5939,70,5,8,3,Free,8,4
CUST_01188,0,34,Phone,2,76,Cash on Delivery,Male,1,2,Electronics,3,Married,6,0,38,14,13,53,150.21,7278.37,635.04,0.2108,57,23,4,18,Free,8,0
CUST_01189,1,0,Computer,1,70,Cash on Delivery,Female,1,8,Grocery,1,Married,6,0,2,3,11,39,67.86,442.34,1601.03,0.4419,33,55,10,23,Free,6,4
CUST_01190,1,25,Mobile Phone,1,86,Cash on Delivery,Male,0,9,Mobile Phone,4,Single,1,0,34,14,18,32,3.16,577.67,1268.49,0.6308,34,54,5,12,Free,9,4
CUST_01191,1,16,Mobile Phone,2,45,E-wallet,Female,2,1,Electronics,4,Single,3,1,45,10,12,12,351.65,2855.29,1109.01,0.7127,39,89,15,19,Silver,0,5
CUST_01192,1,10,Computer,2,75,Cash on Delivery,Male,4,7,Laptop & Accessory,3,Single,6,1,27,8,17,69,300.66,207.43,2079.56,0.7274,70,62,12,17,Silver,8,6
CUST_01193,1,42,Phone,1,99,Cash on Delivery,Male,4,5,Grocery,2,Divorced,8,0,33,5,14,73,227.39,1748.62,2297.3,0.6042,36,53,4,29,Free,9,9
CUST_01194,0,32,Phone,1,95,Debit Card,Male,4,7,Grocery,2,Married,1,0,4,11,16,89,289.69,732.32,1169.63,0.3915,29,30,10,9,Free,2,4
CUST_01195,0,38,Mobile Phone,2,19,UPI,Male,5,3,Laptop & Accessory,4,Married,9,0,38,20,10,35,120.95,3403.04,125.81,0.1997,65,10,14,8,Free,4,9
CUST_01196,0,43,Phone,2,52,UPI,Female,5,3,Fashion,3,Divorced,1,0,46,9,7,19,282.24,643.3,2203.96,0.0131,50,25,10,20,Gold,2,2
CUST_01197,0,59,Mobile Phone,3,53,E-wallet,Female,1,3,Laptop & Accessory,5,Single,7,1,18,1,10,55,208.0,10944.64,156.7,0.1692,42,8,10,5,Platinum,2,0
CUST_01198,0,48,Mobile Phone,1,64,UPI,Male,2,2,Others,5,Married,3,0,21,5,2,54,35.54,6325.44,1150.72,0.1774,61,86,5,23,Free,6,2
CUST_01199,0,37,Phone,2,67,Cash on Delivery,Male,2,5,Electronics,3,Married,10,0,26,19,14,33,265.85,10355.29,862.91,0.3946,39,52,10,8,Platinum,7,7
CUST_01200,0,53,Mobile Phone,2,86,UPI,Male,4,9,Others,2,Married,7,0,7,16,2,31,397.4,8174.37,934.25,0.4706,56,38,13,14,Free,4,5
CUST_01201,0,29,Mobile Phone,1,56,Credit Card,Female,5,8,Fashion,5,Single,8,0,4,1,19,43,102.42,5578.58,1616.8,0.7351,34,66,1,7,Silver,4,5
CUST_01202,0,60,Mobile Phone,1,72,E-wallet,Male,5,2,Mobile Phone,4,Married,9,0,4,16,0,38,1.82,5640.62,2146.49,0.293,39,58,11,22,Gold,3,0
CUST_01203,1,46,Mobile Phone,1,91,Cash on Delivery,Female,0,6,Others,1,Divorced,1,0,8,2,2,58,300.29,8675.19,1814.1,0.7039,59,72,3,26,Silver,1,1
CUST_01204,0,39,Mobile Phone,3,14,Debit Card,Male,3,1,Mobile Phone,5,Married,9,0,40,6,3,65,111.53,3918.3,1117.4,0.6054,63,4,11,21,Free,10,2
CUST_01205,0,55,Computer,1,66,Credit Card,Male,0,1,Fashion,2,Married,1,0,32,19,3,52,162.09,6419.1,1939.36,0.5302,57,52,8,19,Gold,3,0
CUST_01206,0,31,Mobile Phone,2,40,E-wallet,Male,1,7,Laptop & Accessory,3,Married,6,0,31,13,0,62,3.11,1497.31,1633.25,0.1312,57,0,3,30,Gold,8,3
CUST_01207,0,43,Mobile Phone,2,91,Debit Card,Male,2,4,Electronics,1,Married,7,1,3,13,20,12,25.79,9440.04,1253.15,0.4635,35,27,15,15,Free,9,4
CUST_01208,0,17,Phone,1,58,Credit Card,Female,3,8,Laptop & Accessory,3,Single,9,0,12,4,14,28,283.57,4006.44,868.54,0.4446,31,30,4,7,Free,5,10
CUST_01209,0,58,Mobile Phone,3,62,Cash on Delivery,Female,4,2,Laptop & Accessory,4,Divorced,8,0,47,6,6,21,385.64,2225.92,1244.87,0.5928,48,9,13,23,Platinum,5,2
CUST_01210,1,38,Tablet,2,77,Credit Card,Male,5,2,Electronics,1,Single,8,0,27,1,8,72,236.21,8915.87,1976.87,0.4344,57,85,5,13,Free,3,5
CUST_01211,0,47,Mobile Phone,1,28,Debit Card,Female,2,8,Others,2,Married,10,0,4,12,4,15,336.94,1209.44,1729.67,0.7226,60,59,2,1,Free,8,2
CUST_01212,0,28,Computer,2,57,E-wallet,Male,3,3,Others,4,Married,1,1,48,10,11,78,82.32,11428.62,2029.79,0.1493,35,74,4,18,Silver,2,3
CUST_01213,0,52,Mobile Phone,2,79,Credit Card,Female,0,1,Others,5,Married,1,0,28,3,8,52,27.05,8304.58,2462.47,0.1241,31,50,15,11,Silver,1,6
CUST_01214,1,4,Phone,1,79,Cash on Delivery,Female,0,8,Laptop & Accessory,5,Married,2,1,25,6,10,15,138.82,8911.08,2427.54,0.5449,31,44,3,0,Silver,10,7
CUST_01215,1,6,Mobile Phone,2,26,Cash on Delivery,Female,5,8,Fashion,4,Married,3,0,30,1,8,35,83.27,1075.47,2300.79,0.7468,36,23,13,10,Free,5,5
CUST_01216,0,30,Phone,2,85,Debit Card,Female,5,10,Electronics,5,Single,5,0,19,1,5,5,246.66,6808.1,1898.25,0.1785,38,20,10,22,Silver,3,2
CUST_01217,0,44,Mobile Phone,1,20,Debit Card,Male,5,6,Mobile Phone,1,Married,9,0,34,1,10,22,382.53,456.55,2483.42,0.0404,67,86,6,28,Platinum,0,2
CUST_01218,0,49,Computer,3,30,UPI,Male,1,5,Electronics,2,Single,4,1,15,6,2,54,92.49,3993.31,1213.43,0.493,39,83,10,28,Platinum,9,4
CUST_01219,0,26,Mobile Phone,2,87,UPI,Female,3,7,Others,3,Single,9,1,18,5,11,4,360.72,8716.91,401.37,0.5605,19,51,9,10,Free,2,9
CUST_01220,0,39,Mobile Phone,2,64,E-wallet,Male,1,8,Others,5,Married,7,0,9,3,11,47,214.87,2666.68,2027.75,0.3828,18,78,8,27,Gold,1,3
CUST_01221,0,33,Mobile Phone,1,57,Debit Card,Female,4,7,Electronics,4,Divorced,5,0,9,3,2,69,40.82,8396.1,474.02,0.1709,29,71,11,9,Silver,1,5
CUST_01222,0,58,Mobile Phone,1,58,UPI,Female,2,4,Electronics,2,Divorced,8,0,46,19,18,22,214.4,6650.44,1306.9,0.3722,31,67,9,2,Free,8,7
CUST_01223,0,39,Mobile Phone,1,98,Cash on Delivery,Male,5,9,Grocery,1,Married,5,0,10,8,19,4,186.82,10935.82,2258.9,0.2307,21,55,0,29,Gold,9,1
CUST_01224,0,25,Computer,2,26,Credit Card,Male,2,8,Laptop & Accessory,4,Married,1,0,8,10,15,56,299.61,6012.54,1972.03,0.1633,54,33,15,12,Free,5,2
CUST_01225,0,59,Mobile Phone,2,33,E-wallet,Female,3,9,Fashion,2,Single,9,1,24,18,19,34,299.47,3684.12,823.46,0.3759,67,14,15,25,Free,7,2
CUST_01226,0,6,Mobile Phone,2,52,E-wallet,Male,3,6,Others,2,Single,2,1,2,20,19,37,256.41,10511.47,622.01,0.0358,37,42,1,26,Free,4,0
CUST_01227,0,60,Mobile Phone,1,86,Credit Card,Female,4,5,Others,2,Married,5,0,20,7,15,41,267.14,5787.75,1540.74,0.5376,33,84,0,22,Gold,3,10
CUST_01228,0,9,Mobile Phone,2,57,Debit Card,Female,0,9,Mobile Phone,2,Married,2,0,7,16,7,53,242.92,3528.07,1902.94,0.5742,51,9,10,11,Gold,8,10
CUST_01229,1,17,Mobile Phone,3,74,Cash on Delivery,Male,2,7,Electronics,2,Married,8,0,13,8,4,41,94.71,5046.07,1922.91,0.7389,45,52,13,1,Gold,10,5
CUST_01230,0,50,Computer,2,83,E-wallet,Female,2,8,Mobile Phone,4,Single,7,1,9,5,17,27,370.22,5370.83,1926.53,0.6591,52,43,12,25,Silver,0,2
CUST_01231,0,44,Mobile Phone,2,90,Credit Card,Male,1,9,Fashion,1,Married,10,0,44,2,10,12,84.72,2745.53,57.01,0.221,64,59,9,7,Silver,6,8
CUST_01232,0,59,Phone,3,49,E-wallet,Female,4,3,Grocery,3,Single,9,1,21,7,15,89,238.06,9589.63,1767.46,0.2282,69,64,6,28,Silver,0,7
CUST_01233,0,45,Mobile Phone,1,48,Debit Card,Female,4,2,Fashion,5,Married,3,0,0,20,18,64,309.51,9863.55,1660.81,0.3329,31,47,14,6,Free,1,10
CUST_01234,0,38,Mobile Phone,2,12,Debit Card,Male,0,2,Grocery,5,Single,3,0,46,3,19,60,33.47,5396.49,1033.03,0.5432,40,54,4,2,Gold,1,9
CUST_01235,0,21,Phone,3,12,Debit Card,Female,4,6,Laptop & Accessory,5,Married,3,0,50,3,14,20,180.07,301.97,2496.63,0.0307,22,70,14,26,Gold,3,3
CUST_01236,1,0,Mobile Phone,2,51,Cash on Delivery,Female,5,9,Mobile Phone,2,Married,2,0,6,5,6,1,11.95,1324.61,1149.69,0.7213,49,18,8,3,Free,0,2
CUST_01237,1,7,Mobile Phone,1,76,Debit Card,Female,1,10,Electronics,1,Single,10,0,5,7,1,57,90.49,6157.91,222.23,0.527,34,85,8,28,Platinum,2,0
CUST_01238,0,18,Tablet,3,85,UPI,Female,3,1,Grocery,5,Married,1,0,7,8,16,82,254.46,3204.24,196.14,0.638,56,46,12,6,Silver,10,9
CUST_01239,0,2,Tablet,1,44,Credit Card,Male,3,1,Others,3,Married,5,0,13,19,0,34,365.35,4036.45,1093.69,0.5176,44,30,9,20,Free,3,6
CUST_01240,0,30,Computer,1,59,Credit Card,Female,0,7,Others,3,Single,3,0,22,19,10,10,121.7,6413.6,1559.09,0.6906,53,81,13,10,Free,1,8
CUST_01241,0,47,Mobile Phone,1,83,Cash on Delivery,Female,4,3,Fashion,3,Married,1,0,40,9,6,47,333.96,7987.22,2497.71,0.6128,43,77,13,26,Platinum,4,0
CUST_01242,0,58,Computer,2,35,Debit Card,Male,4,5,Mobile Phone,1,Divorced,9,1,46,18,9,89,209.94,2327.09,1117.11,0.327,46,15,10,8,Gold,8,2
CUST_01243,0,29,Tablet,1,20,Cash on Delivery,Female,1,1,Mobile Phone,4,Single,6,0,43,7,18,41,304.34,8275.83,1454.82,0.5317,51,10,5,14,Silver,7,4
CUST_01244,0,53,Tablet,2,93,Cash on Delivery,Male,1,1,Grocery,2,Single,9,0,47,8,9,30,324.05,1398.18,2115.78,0.7066,60,77,10,20,Free,8,2
CUST_01245,0,60,Mobile Phone,3,57,E-wallet,Female,4,6,Mobile Phone,2,Married,7,0,2,15,3,86,254.37,6820.8,1788.88,0.7088,24,38,15,4,Gold,2,2
CUST_01246,0,52,Mobile Phone,2,19,Credit Card,Male,4,7,Fashion,4,Married,5,0,48,18,9,21,169.09,8072.82,2282.08,0.6752,52,89,14,12,Silver,0,10
CUST_01247,1,28,Mobile Phone,2,29,E-wallet,Male,0,9,Mobile Phone,4,Divorced,3,0,33,0,2,31,233.63,3575.24,1616.52,0.5626,41,81,13,22,Silver,2,9
CUST_01248,0,19,Mobile Phone,3,36,E-wallet,Female,2,5,Fashion,5,Single,6,0,6,12,18,22,276.47,10052.78,2347.91,0.476,53,10,8,30,Silver,3,5
CUST_01249,0,59,Computer,3,24,UPI,Male,3,7,Others,4,Married,8,0,50,6,0,13,344.45,9479.35,1620.77,0.4124,52,53,15,27,Free,9,0
CUST_01250,0,14,Mobile Phone,1,46,Credit Card,Male,0,9,Fashion,1,Married,1,1,35,8,19,80,219.34,10593.75,363.71,0.1426,33,50,5,30,Silver,8,5
CUST_01251,0,25,Mobile Phone,1,83,Credit Card,Female,5,5,Electronics,3,Single,3,0,38,12,4,32,349.45,4167.09,891.65,0.344,41,3,11,26,Free,9,9
CUST_01252,1,4,Mobile Phone,2,75,UPI,Male,1,3,Fashion,3,Married,4,1,33,10,13,72,155.47,11205.48,1185.59,0.1011,60,30,3,22,Free,7,3
CUST_01253,0,48,Mobile Phone,3,93,Credit Card,Female,5,9,Fashion,2,Married,2,0,39,20,18,45,303.75,5861.61,2012.21,0.1152,51,33,4,6,Platinum,6,4
CUST_01254,0,39,Mobile Phone,2,85,Credit Card,Male,0,1,Grocery,3,Single,1,1,1,9,4,66,243.85,3802.51,777.86,0.1183,47,54,2,5,Free,8,7
CUST_01255,0,5,Mobile Phone,1,34,UPI,Male,5,3,Laptop & Accessory,3,Single,3,0,28,20,19,6,31.01,7514.22,1257.36,0.3546,62,65,5,29,Free,9,5
CUST_01256,0,13,Mobile Phone,2,10,UPI,Male,0,2,Fashion,4,Single,4,0,34,14,8,51,200.84,10615.45,599.34,0.0652,62,13,5,3,Free,9,10
CUST_01257,0,33,Tablet,2,19,E-wallet,Female,4,7,Laptop & Accessory,5,Married,6,0,43,13,10,83,305.48,10679.65,967.34,0.6444,21,29,3,13,Silver,3,0
CUST_01258,1,32,Mobile Phone,2,81,E-wallet,Female,2,3,Mobile Phone,4,Single,9,0,35,11,7,89,268.92,2989.16,736.49,0.6799,26,36,0,5,Free,0,3
CUST_01259,0,48,Mobile Phone,3,37,Debit Card,Male,2,4,Electronics,5,Single,9,0,12,7,20,18,225.4,1914.83,2351.79,0.507,56,21,5,15,Silver,6,7
CUST_01260,0,16,Mobile Phone,2,74,Debit Card,Male,0,7,Mobile Phone,5,Single,4,0,33,12,14,69,317.11,5428.73,2265.73,0.3887,38,78,10,10,Silver,7,5
CUST_01261,0,56,Mobile Phone,2,48,Credit Card,Male,4,3,Mobile Phone,4,Married,6,0,12,11,7,84,361.28,11269.06,1839.61,0.7153,70,72,13,15,Free,0,7
CUST_01262,0,27,Mobile Phone,2,90,Debit Card,Male,3,4,Grocery,2,Divorced,1,1,11,2,1,66,57.37,11585.23,350.31,0.2413,55,9,14,26,Platinum,0,10
CUST_01263,0,50,Mobile Phone,2,53,UPI,Female,1,5,Fashion,3,Single,9,1,31,19,18,36,102.14,3382.07,2358.75,0.4531,29,22,5,6,Free,9,7
CUST_01264,0,14,Mobile Phone,2,91,E-wallet,Female,2,2,Laptop & Accessory,1,Divorced,3,0,16,18,13,12,395.53,902.08,434.01,0.5986,66,25,10,29,Free,10,6
CUST_01265,0,2,Mobile Phone,2,29,E-wallet,Female,3,10,Others,5,Married,1,0,16,14,2,50,96.66,8541.41,183.59,0.5522,23,18,1,15,Free,8,1
CUST_01266,0,3,Computer,2,79,E-wallet,Female,4,10,Others,1,Divorced,7,1,28,14,9,2,330.93,2858.21,158.2,0.6329,63,14,15,11,Gold,4,5
CUST_01267,1,22,Mobile Phone,2,55,UPI,Female,3,8,Grocery,2,Married,4,1,9,3,5,62,212.84,2611.87,735.81,0.1748,58,63,4,17,Free,0,4
CUST_01268,0,58,Mobile Phone,2,23,Cash on Delivery,Female,0,2,Grocery,5,Married,5,0,7,12,5,37,153.96,8854.27,444.63,0.6013,50,77,14,24,Platinum,3,4
CUST_01269,0,2,Computer,1,27,Cash on Delivery,Female,3,5,Electronics,1,Married,5,0,22,20,10,5,290.94,2492.36,468.05,0.0266,22,63,7,28,Free,10,9
CUST_01270,1,22,Mobile Phone,2,35,Debit Card,Female,2,4,Others,3,Married,7,1,8,2,1,64,301.33,9424.75,745.69,0.4135,57,63,9,6,Silver,1,2
CUST_01271,0,6,Mobile Phone,2,19,UPI,Male,2,2,Laptop & Accessory,3,Married,9,0,37,18,5,37,108.85,11120.29,2211.0,0.0072,44,0,8,29,Free,4,0
CUST_01272,0,56,Mobile Phone,1,94,UPI,Male,2,9,Laptop & Accessory,2,Married,6,0,35,7,1,45,4.41,1927.54,2267.16,0.262,39,8,2,20,Platinum,7,0
CUST_01273,0,41,Mobile Phone,1,25,Debit Card,Male,2,5,Mobile Phone,2,Married,7,0,48,4,19,25,311.35,6611.5,2270.2,0.4345,50,51,4,6,Silver,10,8
CUST_01274,0,46,Mobile Phone,1,62,UPI,Male,1,7,Mobile Phone,4,Married,9,0,8,18,18,39,275.79,8431.44,1966.98,0.5328,27,58,3,3,Free,9,6
CUST_01275,0,43,Tablet,3,59,UPI,Male,1,7,Others,4,Married,8,0,38,13,3,15,48.15,6467.41,1666.25,0.3736,51,5,11,4,Free,1,8
CUST_01276,0,40,Tablet,3,56,Credit Card,Male,4,4,Grocery,3,Married,2,0,0,16,12,17,14.75,10925.9,1493.76,0.7111,43,66,5,2,Silver,1,4
CUST_01277,1,47,Tablet,2,65,Cash on Delivery,Male,1,4,Electronics,3,Married,4,0,31,18,4,60,264.24,906.43,2484.92,0.3835,45,82,13,6,Free,5,10
CUST_01278,1,0,Mobile Phone,1,92,E-wallet,Female,4,10,Electronics,2,Married,5,1,9,0,11,75,240.47,11936.71,815.11,0.0538,68,58,2,24,Free,10,1
CUST_01279,0,52,Mobile Phone,2,97,Cash on Delivery,Female,2,9,Electronics,4,Single,10,0,36,4,9,15,305.26,6771.26,1848.8,0.1362,37,67,8,9,Free,4,6
CUST_01280,1,45,Mobile Phone,2,88,E-wallet,Female,3,6,Others,1,Divorced,7,1,3,4,0,14,349.28,2639.28,209.12,0.634,37,68,6,10,Silver,0,7
CUST_01281,0,45,Mobile Phone,3,49,UPI,Male,0,6,Grocery,1,Single,9,0,2,19,16,53,265.61,7631.37,265.15,0.7089,63,66,0,16,Free,10,3
CUST_01282,0,23,Mobile Phone,1,74,Credit Card,Male,1,1,Electronics,4,Single,8,0,14,11,16,50,254.25,8007.99,1483.44,0.5018,46,48,15,6,Silver,8,4
CUST_01283,1,48,Mobile Phone,1,22,Debit Card,Male,5,3,Mobile Phone,1,Single,10,1,17,3,1,35,208.26,160.67,2149.84,0.5581,69,67,9,14,Silver,5,0
CUST_01284,0,23,Mobile Phone,2,89,E-wallet,Female,4,1,Mobile Phone,4,Single,6,0,38,14,4,90,226.51,10059.88,2259.98,0.4642,67,0,15,11,Free,0,5
CUST_01285,1,2,Mobile Phone,1,23,Credit Card,Female,0,9,Grocery,1,Married,3,0,9,7,2,88,389.61,946.82,117.47,0.479,28,16,1,0,Silver,2,9
CUST_01286,0,55,Mobile Phone,2,15,UPI,Female,5,10,Others,2,Single,5,0,40,12,8,58,18.62,2656.55,746.56,0.686,23,43,12,25,Silver,2,6
CUST_01287,0,14,Computer,2,84,Credit Card,Female,5,2,Laptop & Accessory,5,Single,1,0,25,19,9,82,217.45,7192.47,2145.96,0.3268,28,9,12,1,Silver,1,6
CUST_01288,0,6,Mobile Phone,1,77,Debit Card,Female,0,3,Grocery,2,Single,7,0,3,5,13,41,99.01,9317.01,1398.96,0.5003,20,41,9,23,Gold,1,8
CUST_01289,0,37,Phone,1,18,Credit Card,Male,1,4,Mobile Phone,5,Single,7,1,48,19,13,0,290.15,7704.82,455.67,0.5053,61,40,2,22,Gold,3,3
CUST_01290,0,14,Mobile Phone,2,97,Credit Card,Male,1,9,Others,2,Divorced,2,0,29,15,2,9,299.46,7485.98,1168.57,0.2972,50,43,13,11,Gold,1,5
CUST_01291,0,52,Mobile Phone,3,15,Credit Card,Male,5,5,Grocery,4,Married,5,0,43,0,10,73,106.13,5965.74,1982.81,0.3365,24,63,8,25,Free,2,9
CUST_01292,0,27,Mobile Phone,2,9,UPI,Male,5,1,Laptop & Accessory,4,Single,8,0,4,8,16,11,303.36,6210.86,1954.01,0.2402,36,32,15,16,Platinum,9,6
CUST_01293,1,0,Mobile Phone,1,96,Cash on Delivery,Male,4,6,Laptop & Accessory,4,Married,8,1,23,18,18,15,257.59,5219.61,2154.46,0.7153,19,90,0,24,Gold,5,7
CUST_01294,0,58,Mobile Phone,2,26,Debit Card,Female,1,2,Grocery,2,Married,8,0,9,17,17,62,378.65,3405.27,102.59,0.0988,53,3,13,24,Platinum,7,5
CUST_01295,0,31,Mobile Phone,2,27,E-wallet,Male,5,7,Mobile Phone,4,Married,1,0,26,14,6,42,326.23,4417.16,805.89,0.1903,63,25,5,0,Free,5,0
CUST_01296,0,16,Computer,2,81,Debit Card,Female,5,9,Laptop & Accessory,2,Single,4,0,39,14,10,21,308.77,10550.01,792.74,0.5795,38,79,10,20,Silver,10,6
CUST_01297,0,41,Mobile Phone,2,63,Cash on Delivery,Female,5,1,Laptop & Accessory,5,Married,6,0,43,18,3,73,56.19,4656.79,684.63,0.257,57,82,7,14,Platinum,8,7
CUST_01298,0,32,Mobile Phone,1,54,UPI,Female,2,10,Laptop & Accessory,2,Single,2,0,49,2,7,65,394.7,9154.71,1119.44,0.5197,45,81,7,4,Platinum,2,0
CUST_01299,0,1,Tablet,2,99,Cash on Delivery,Male,4,7,Fashion,5,Single,2,0,13,9,5,26,318.5,7389.08,1065.43,0.5452,54,6,1,28,Silver,1,9
CUST_01300,0,46,Mobile Phone,2,13,E-wallet,Female,4,1,Electronics,5,Divorced,10,0,13,7,5,18,337.03,2765.66,1029.64,0.4146,69,43,5,10,Platinum,2,9
CUST_01301,0,24,Computer,1,93,E-wallet,Male,0,3,Others,4,Married,6,0,39,20,18,66,300.67,1931.51,1118.04,0.3064,39,27,0,30,Silver,6,2
CUST_01302,0,42,Mobile Phone,2,30,UPI,Male,3,2,Grocery,3,Single,6,0,39,16,15,21,341.84,1563.26,814.76,0.5259,42,6,7,16,Free,1,4
CUST_01303,0,54,Mobile Phone,3,64,E-wallet,Female,3,9,Others,3,Single,2,0,16,15,17,21,243.53,5995.68,2453.86,0.0077,38,37,14,30,Platinum,2,2
CUST_01304,1,37,Mobile Phone,2,36,Cash on Delivery,Female,3,8,Electronics,2,Married,7,0,17,2,7,80,5.25,2522.74,1447.88,0.5313,53,2,2,20,Free,9,9
CUST_01305,0,40,Mobile Phone,1,33,Debit Card,Male,2,4,Laptop & Accessory,2,Single,10,0,9,15,8,79,185.38,3189.52,1185.75,0.4322,39,32,0,27,Free,7,10
CUST_01306,0,15,Computer,2,35,E-wallet,Male,4,6,Electronics,3,Married,10,0,40,17,17,88,99.34,10069.21,637.14,0.6327,70,52,4,2,Platinum,3,5
CUST_01307,0,14,Mobile Phone,1,58,Credit Card,Male,5,4,Mobile Phone,3,Single,2,1,5,8,0,39,124.5,5914.68,676.0,0.5557,51,75,5,19,Gold,9,7
CUST_01308,0,25,Mobile Phone,2,89,UPI,Male,3,5,Others,4,Single,3,0,29,18,15,66,110.22,4059.18,1910.31,0.4214,39,8,12,22,Silver,6,2
CUST_01309,0,52,Mobile Phone,2,15,Credit Card,Male,5,7,Others,5,Married,6,0,19,8,14,18,252.51,2306.57,1067.69,0.5857,41,39,2,27,Gold,8,9
CUST_01310,0,31,Phone,1,68,Cash on Delivery,Male,4,2,Laptop & Accessory,5,Single,9,0,27,13,7,90,315.18,5301.07,847.8,0.1274,18,37,10,30,Free,3,4
CUST_01311,0,21,Computer,1,87,E-wallet,Male,1,8,Mobile Phone,4,Married,1,0,47,4,19,4,347.79,3235.57,505.81,0.2973,44,69,2,28,Silver,6,3
CUST_01312,0,47,Tablet,3,75,E-wallet,Male,4,10,Fashion,5,Single,3,0,41,10,4,77,349.62,564.72,2485.78,0.3988,55,23,5,16,Free,5,2
CUST_01313,1,52,Computer,1,99,Credit Card,Male,4,10,Electronics,5,Divorced,2,0,46,1,7,55,8.08,10421.95,936.67,0.5786,29,80,5,17,Silver,2,10
CUST_01314,0,55,Computer,3,6,Debit Card,Male,5,2,Grocery,3,Married,8,0,35,2,7,85,301.68,6866.78,522.04,0.1483,52,24,8,30,Free,7,0
CUST_01315,0,18,Mobile Phone,2,39,Debit Card,Female,2,5,Laptop & Accessory,3,Single,5,0,21,18,7,62,372.0,9985.64,1857.05,0.5293,47,46,2,4,Gold,3,6
CUST_01316,0,43,Phone,2,46,Credit Card,Female,0,3,Grocery,3,Single,8,0,49,14,7,17,309.47,8915.58,2262.46,0.207,36,73,5,14,Silver,1,4
CUST_01317,0,36,Mobile Phone,1,56,UPI,Male,4,7,Grocery,1,Married,1,0,28,12,10,61,46.6,274.69,1903.81,0.1489,60,34,5,5,Gold,7,6
CUST_01318,1,27,Mobile Phone,1,35,Credit Card,Female,3,4,Others,2,Married,2,1,18,8,20,67,382.97,7875.72,961.97,0.2993,56,68,3,17,Gold,9,9
CUST_01319,0,24,Computer,1,29,Cash on Delivery,Female,3,4,Mobile Phone,2,Married,6,1,43,11,10,45,200.85,1769.6,1845.06,0.1476,27,0,9,21,Gold,9,2
CUST_01320,0,6,Mobile Phone,2,86,UPI,Male,4,2,Laptop & Accessory,4,Single,5,0,48,14,13,53,229.67,967.49,831.74,0.3273,58,87,1,0,Platinum,3,5
CUST_01321,0,16,Mobile Phone,3,27,UPI,Male,3,6,Electronics,2,Married,2,0,24,7,14,36,113.18,447.72,1244.69,0.4067,30,66,15,19,Silver,5,0
CUST_01322,0,33,Mobile Phone,3,96,E-wallet,Male,0,6,Electronics,4,Single,3,0,42,6,13,24,338.66,10150.95,300.81,0.2785,30,13,8,27,Gold,1,7
CUST_01323,0,54,Mobile Phone,1,8,Cash on Delivery,Female,5,6,Grocery,2,Single,8,1,25,15,6,56,350.82,6890.64,749.48,0.7054,46,87,14,12,Free,6,5
CUST_01324,0,52,Phone,1,45,Debit Card,Male,1,4,Electronics,2,Single,1,0,25,11,5,45,326.36,9295.48,1295.12,0.5055,28,77,10,28,Platinum,8,6
CUST_01325,0,11,Mobile Phone,1,63,UPI,Male,1,8,Mobile Phone,1,Married,9,0,26,8,7,3,82.85,7696.57,229.92,0.3028,20,21,11,3,Platinum,9,10
CUST_01326,1,41,Phone,3,98,E-wallet,Male,4,7,Laptop & Accessory,3,Married,2,1,25,9,7,68,50.88,1750.07,1848.16,0.7101,54,33,0,1,Free,10,4
CUST_01327,0,5,Mobile Phone,1,78,E-wallet,Female,4,2,Fashion,1,Single,8,0,45,16,17,21,390.57,7335.03,1061.57,0.2383,58,85,13,6,Gold,7,4
CUST_01328,0,41,Computer,1,6,Cash on Delivery,Male,3,4,Others,2,Single,7,1,45,10,9,4,348.93,1431.57,1348.78,0.4795,40,33,0,27,Silver,3,7
CUST_01329,0,20,Mobile Phone,2,76,Credit Card,Female,4,7,Grocery,3,Married,1,0,40,1,19,23,342.59,725.17,1175.95,0.3527,35,89,3,30,Silver,1,10
CUST_01330,0,27,Tablet,2,36,UPI,Female,0,2,Grocery,4,Married,8,0,29,17,20,81,311.96,4150.18,1791.57,0.6545,24,24,2,5,Free,4,3
CUST_01331,0,43,Mobile Phone,1,87,E-wallet,Male,1,4,Others,3,Married,5,0,5,5,14,70,42.61,1288.42,1608.56,0.3289,58,60,13,0,Silver,5,0
CUST_01332,0,25,Mobile Phone,2,79,Credit Card,Female,1,9,Mobile Phone,2,Married,4,1,17,1,14,38,205.88,8496.4,1777.32,0.0297,23,18,12,21,Silver,2,4
CUST_01333,0,49,Mobile Phone,1,23,UPI,Male,2,5,Fashion,5,Married,2,0,7,5,2,40,46.17,7304.75,619.09,0.2309,48,57,4,25,Gold,6,2
CUST_01334,0,32,Mobile Phone,1,39,UPI,Female,2,6,Electronics,2,Married,2,0,2,2,3,39,169.05,8224.24,1588.19,0.2368,18,74,11,12,Silver,0,5
CUST_01335,0,60,Mobile Phone,1,83,Debit Card,Female,0,7,Laptop & Accessory,2,Divorced,5,1,32,0,14,4,64.63,10899.17,1326.44,0.2962,48,76,3,19,Silver,2,3
CUST_01336,0,38,Computer,1,93,Debit Card,Female,4,4,Fashion,1,Married,3,0,15,14,20,32,191.79,4422.67,232.2,0.548,22,37,6,26,Silver,1,4
CUST_01337,1,18,Tablet,3,62,E-wallet,Female,3,9,Grocery,2,Married,9,0,3,13,16,81,268.66,6747.61,186.06,0.5311,24,88,7,1,Free,2,4
CUST_01338,0,47,Computer,2,25,UPI,Female,2,1,Mobile Phone,2,Married,6,0,11,6,5,57,336.41,4551.41,1473.39,0.0813,53,38,15,27,Silver,10,2
CUST_01339,0,24,Mobile Phone,2,42,E-wallet,Female,5,5,Mobile Phone,2,Single,1,0,3,14,14,35,32.25,1769.55,1480.92,0.0424,34,56,0,13,Platinum,10,6
CUST_01340,0,32,Mobile Phone,1,81,UPI,Male,2,6,Fashion,1,Single,9,0,6,0,13,89,356.83,10112.99,1943.08,0.1421,67,80,8,28,Free,9,1
CUST_01341,0,8,Phone,2,62,E-wallet,Male,0,3,Others,1,Single,3,0,25,8,1,7,75.87,6911.73,1924.12,0.3371,51,2,8,25,Gold,10,9
CUST_01342,0,7,Phone,3,24,Cash on Delivery,Male,5,8,Fashion,4,Married,7,0,34,12,18,78,377.39,7517.35,1166.41,0.4316,60,63,10,4,Silver,8,6
CUST_01343,0,35,Mobile Phone,1,32,E-wallet,Male,0,1,Others,3,Divorced,9,0,40,16,7,38,192.72,3171.81,1100.76,0.3449,25,69,6,19,Free,2,6
CUST_01344,0,11,Tablet,3,23,Debit Card,Male,0,7,Electronics,4,Married,7,0,20,5,12,45,22.71,9954.03,1001.91,0.609,43,38,8,8,Gold,10,2
CUST_01345,0,60,Mobile Phone,2,50,Debit Card,Male,2,7,Laptop & Accessory,3,Married,5,0,37,20,7,86,316.35,6162.42,2359.38,0.3809,41,27,0,28,Silver,10,1
CUST_01346,0,52,Phone,2,47,Credit Card,Male,3,8,Others,3,Single,1,0,4,7,19,84,18.88,926.15,1738.9,0.5549,54,66,14,29,Platinum,6,3
CUST_01347,0,42,Tablet,1,57,Debit Card,Female,1,3,Grocery,3,Divorced,3,0,6,15,9,72,250.97,3914.98,904.89,0.7414,19,46,14,29,Silver,4,0
CUST_01348,0,44,Computer,2,95,Credit Card,Female,5,2,Grocery,2,Single,6,1,16,3,17,48,318.76,5506.2,1773.08,0.4925,49,10,2,8,Silver,4,3
CUST_01349,0,36,Mobile Phone,2,67,Credit Card,Female,1,6,Electronics,2,Divorced,10,1,32,14,19,54,185.16,4074.81,1373.19,0.4638,63,56,2,25,Platinum,1,7
CUST_01350,1,3,Computer,3,61,Debit Card,Male,5,10,Laptop & Accessory,5,Single,1,0,7,11,0,82,272.47,1463.75,1460.75,0.5734,30,86,0,3,Free,2,7
CUST_01351,0,23,Mobile Phone,3,40,E-wallet,Female,3,8,Mobile Phone,3,Single,2,0,0,9,8,69,229.01,3961.34,2291.31,0.3785,32,33,10,22,Platinum,1,7
CUST_01352,0,30,Computer,1,65,Debit Card,Male,1,3,Electronics,5,Married,4,0,30,5,14,27,28.13,134.72,1535.73,0.6881,39,71,8,3,Gold,8,4
CUST_01353,0,55,Mobile Phone,3,96,E-wallet,Male,2,5,Grocery,4,Single,8,0,20,11,17,46,277.37,2618.88,2270.32,0.4747,58,10,9,3,Silver,0,0
CUST_01354,0,13,Computer,3,5,E-wallet,Male,0,3,Fashion,4,Single,10,0,21,8,15,74,381.06,7702.06,1348.65,0.6757,43,4,10,29,Silver,7,8
CUST_01355,0,30,Phone,2,38,E-wallet,Female,5,8,Fashion,5,Married,2,1,21,6,13,73,137.13,6525.17,1927.13,0.3654,61,49,7,23,Free,6,0
CUST_01356,0,20,Mobile Phone,1,10,UPI,Male,3,6,Grocery,4,Married,6,0,47,11,7,27,50.46,4566.75,1343.72,0.1727,32,23,13,1,Platinum,5,4
CUST_01357,0,8,Mobile Phone,1,24,E-wallet,Male,2,5,Fashion,5,Single,10,0,5,5,3,76,102.53,11522.21,1435.52,0.6313,68,43,3,19,Silver,2,9
CUST_01358,0,6,Computer,1,11,UPI,Female,4,1,Fashion,4,Married,10,0,31,13,19,51,254.22,646.07,1104.01,0.1351,67,34,7,24,Silver,6,9
CUST_01359,0,22,Mobile Phone,1,61,Cash on Delivery,Female,3,7,Grocery,4,Married,8,0,39,0,0,30,393.37,7717.64,1660.85,0.7219,34,88,4,11,Gold,5,6
CUST_01360,0,5,Mobile Phone,3,83,E-wallet,Male,3,5,Mobile Phone,4,Single,8,0,39,5,16,44,324.69,7493.81,215.86,0.6865,32,32,2,24,Platinum,7,6
CUST_01361,0,4,Mobile Phone,1,95,Credit Card,Female,2,1,Grocery,5,Married,3,0,4,10,0,40,312.42,6297.38,1724.07,0.2858,58,7,4,24,Free,3,5
CUST_01362,1,21,Mobile Phone,2,27,Credit Card,Female,2,2,Electronics,2,Married,4,1,17,2,7,6,144.14,3238.17,1328.92,0.6479,54,22,5,10,Silver,4,4
CUST_01363,0,12,Computer,2,72,Credit Card,Female,1,8,Electronics,5,Married,10,1,48,4,18,20,244.01,6098.99,1825.96,0.6822,55,79,0,13,Gold,6,1
CUST_01364,0,33,Computer,2,36,Cash on Delivery,Male,4,8,Grocery,3,Married,7,1,38,8,4,12,161.67,5696.21,75.86,0.283,35,44,12,9,Platinum,2,9
CUST_01365,1,1,Mobile Phone,1,35,UPI,Male,2,5,Fashion,1,Married,2,0,47,9,5,62,23.49,1836.21,763.94,0.6669,52,44,1,21,Gold,10,3
CUST_01366,1,18,Mobile Phone,2,63,Debit Card,Male,2,8,Grocery,1,Married,1,0,37,7,4,37,196.54,2915.68,1439.2,0.5023,43,75,4,25,Silver,2,6
CUST_01367,0,27,Mobile Phone,2,70,Cash on Delivery,Female,4,8,Electronics,4,Married,9,0,3,17,14,12,219.15,5304.47,1186.69,0.2369,65,19,5,21,Silver,1,7
CUST_01368,0,58,Mobile Phone,2,61,Credit Card,Male,3,7,Mobile Phone,5,Married,2,1,50,10,4,54,339.04,4527.34,317.76,0.3478,55,75,13,12,Free,1,9
CUST_01369,0,38,Computer,1,14,Credit Card,Male,5,3,Fashion,4,Married,7,0,42,7,14,42,305.26,1647.23,181.71,0.6888,52,26,9,23,Silver,0,6
CUST_01370,0,53,Mobile Phone,2,44,UPI,Female,1,5,Electronics,4,Single,4,0,33,10,12,61,181.66,2936.66,1039.07,0.4793,58,70,1,28,Gold,1,0
CUST_01371,0,20,Mobile Phone,1,32,E-wallet,Female,0,9,Grocery,5,Married,2,0,0,6,18,87,199.02,7142.34,1069.86,0.486,43,0,8,10,Silver,9,5
CUST_01372,0,27,Tablet,2,5,Cash on Delivery,Male,2,4,Fashion,5,Married,2,1,46,1,13,89,317.04,8475.9,980.66,0.545,30,35,6,28,Platinum,4,4
CUST_01373,0,25,Mobile Phone,1,8,Cash on Delivery,Female,3,7,Mobile Phone,5,Married,6,0,45,9,8,42,115.63,9043.16,2351.06,0.5602,47,49,4,5,Free,5,8
CUST_01374,0,54,Computer,1,48,Cash on Delivery,Female,4,9,Others,1,Married,9,0,44,7,3,2,143.97,6521.27,554.04,0.2526,47,45,11,27,Silver,2,4
CUST_01375,0,58,Mobile Phone,3,14,Debit Card,Female,3,6,Grocery,5,Single,1,0,15,10,9,6,361.45,754.82,1803.15,0.6374,41,84,0,22,Gold,6,8
CUST_01376,0,58,Mobile Phone,1,75,UPI,Male,5,6,Grocery,3,Married,8,0,46,10,11,12,304.09,2849.76,495.14,0.4409,51,31,5,18,Platinum,0,4
CUST_01377,0,45,Mobile Phone,3,10,E-wallet,Female,0,2,Fashion,4,Married,6,1,0,5,19,1,377.32,8764.62,159.68,0.7306,42,68,13,12,Free,3,3
CUST_01378,0,30,Computer,3,27,Cash on Delivery,Female,3,5,Electronics,4,Married,8,1,29,9,5,58,351.54,3532.65,1572.25,0.4158,19,81,10,22,Free,3,7
CUST_01379,0,32,Phone,1,99,UPI,Male,4,1,Mobile Phone,4,Single,6,0,39,12,8,86,304.99,8075.01,2116.1,0.1456,64,26,2,30,Silver,5,10
CUST_01380,0,59,Mobile Phone,1,73,Credit Card,Female,3,2,Others,5,Married,2,0,11,5,19,68,104.56,7805.99,858.93,0.0518,58,67,15,27,Gold,1,3
CUST_01381,1,17,Mobile Phone,1,58,Cash on Delivery,Male,1,6,Laptop & Accessory,1,Married,5,0,49,0,19,64,208.4,6239.23,1380.57,0.5159,70,32,12,30,Free,5,6
CUST_01382,0,21,Mobile Phone,3,6,Debit Card,Female,4,3,Laptop & Accessory,5,Married,10,0,29,3,17,29,166.68,3770.08,1594.28,0.4223,51,40,0,30,Silver,7,8
CUST_01383,0,54,Computer,2,9,Debit Card,Male,5,4,Grocery,2,Single,9,0,8,10,3,64,156.11,1050.08,1688.46,0.6511,64,27,14,29,Free,10,1
CUST_01384,1,23,Computer,1,92,Cash on Delivery,Male,1,4,Others,2,Married,4,1,47,14,2,46,311.66,8779.97,1528.7,0.6379,51,30,0,17,Platinum,5,0
CUST_01385,0,14,Computer,2,81,Debit Card,Male,3,5,Laptop & Accessory,4,Single,10,0,6,13,7,33,155.01,3042.51,2247.33,0.2839,70,11,7,14,Free,8,5
CUST_01386,0,34,Phone,1,96,UPI,Male,4,7,Electronics,5,Married,1,0,49,16,5,4,59.08,3468.52,498.23,0.7449,28,70,9,12,Free,0,10
CUST_01387,0,19,Mobile Phone,2,82,Credit Card,Female,0,5,Fashion,1,Married,6,0,49,9,6,45,139.43,1557.57,1866.61,0.6364,32,14,4,29,Silver,1,4
CUST_01388,0,54,Computer,2,5,Credit Card,Female,0,9,Laptop & Accessory,5,Married,8,0,48,18,19,38,322.88,8760.6,2369.9,0.0533,44,66,15,12,Free,1,1
CUST_01389,0,55,Computer,1,82,UPI,Male,4,5,Fashion,2,Divorced,7,0,16,20,11,50,203.11,11520.16,906.49,0.2533,30,65,12,1,Platinum,1,8
CUST_01390,0,18,Mobile Phone,3,48,E-wallet,Female,4,10,Grocery,5,Single,2,0,22,0,6,42,5.06,5835.49,1956.77,0.4876,48,79,7,6,Gold,0,9
CUST_01391,0,32,Phone,1,71,Cash on Delivery,Male,0,10,Grocery,1,Married,2,0,38,3,15,69,249.25,4406.16,1554.23,0.0332,37,53,7,20,Gold,9,10
CUST_01392,0,60,Mobile Phone,2,44,UPI,Male,3,5,Others,4,Married,8,0,41,8,17,82,69.94,6245.55,726.51,0.2168,36,13,7,18,Free,2,9
CUST_01393,0,45,Computer,2,74,E-wallet,Female,4,8,Others,3,Married,10,0,10,9,9,46,43.09,4757.15,1041.73,0.4139,36,26,7,30,Free,1,2
CUST_01394,0,13,Computer,3,85,Debit Card,Male,5,5,Laptop & Accessory,5,Married,8,1,24,4,1,30,121.75,3772.27,2197.48,0.7185,54,70,3,29,Free,1,4
CUST_01395,0,36,Phone,2,98,E-wallet,Female,4,9,Others,3,Divorced,9,0,19,6,9,27,308.09,11661.74,1228.14,0.6518,25,23,10,0,Free,10,7
CUST_01396,1,37,Mobile Phone,3,56,UPI,Male,1,8,Laptop & Accessory,1,Married,10,0,35,0,8,80,20.02,11226.5,768.3,0.0265,20,73,5,25,Silver,1,7
CUST_01397,0,39,Mobile Phone,1,31,Credit Card,Male,3,4,Others,1,Single,10,1,39,18,3,48,82.89,7545.25,2491.42,0.5943,65,65,12,23,Silver,0,5
CUST_01398,0,1,Phone,3,63,Credit Card,Male,4,4,Electronics,2,Single,8,0,22,16,12,88,81.09,331.96,789.45,0.1106,44,57,0,26,Gold,2,5
CUST_01399,1,18,Computer,1,52,E-wallet,Female,1,9,Others,5,Married,8,1,45,3,15,61,329.11,4519.05,153.29,0.6914,60,8,2,18,Silver,7,9
CUST_01400,1,52,Mobile Phone,2,24,Cash on Delivery,Male,0,6,Laptop & Accessory,1,Single,8,0,15,8,8,53,100.06,2467.35,538.27,0.4988,21,50,8,19,Platinum,7,8
CUST_01401,0,14,Computer,1,74,Credit Card,Female,2,7,Laptop & Accessory,5,Married,4,1,38,10,8,5,231.74,7040.84,2417.68,0.1083,30,19,4,2,Silver,2,0
CUST_01402,1,18,Mobile Phone,3,12,E-wallet,Male,4,7,Others,3,Divorced,6,0,22,9,16,66,50.51,4853.82,811.78,0.7383,41,90,13,16,Silver,0,7
CUST_01403,0,19,Computer,3,43,Credit Card,Female,3,2,Mobile Phone,3,Married,3,0,5,8,3,43,316.4,5057.23,2159.3,0.0812,45,32,10,6,Free,6,7
CUST_01404,0,10,Phone,1,71,Debit Card,Male,3,3,Fashion,5,Single,6,0,15,11,20,9,104.31,11083.37,2186.33,0.1483,65,39,12,6,Silver,1,5
CUST_01405,0,9,Mobile Phone,2,93,Cash on Delivery,Male,3,10,Mobile Phone,4,Married,6,1,42,19,8,31,184.47,10857.56,102.93,0.0564,25,79,12,4,Gold,4,10
CUST_01406,0,21,Mobile Phone,2,64,Credit Card,Female,5,3,Laptop & Accessory,4,Married,1,0,21,11,10,41,132.77,3328.48,1849.17,0.2801,41,3,7,16,Platinum,5,3
CUST_01407,0,53,Tablet,1,99,E-wallet,Female,3,9,Laptop & Accessory,5,Divorced,1,0,40,11,12,81,262.98,7518.64,1381.33,0.1306,26,74,1,23,Free,9,6
CUST_01408,0,0,Computer,2,84,Cash on Delivery,Female,0,4,Laptop & Accessory,3,Married,10,1,34,5,9,57,103.38,10405.43,1580.57,0.7439,70,25,6,2,Free,3,0
CUST_01409,0,17,Phone,2,27,E-wallet,Male,2,9,Others,5,Married,6,0,21,9,1,35,0.17,11523.34,1120.9,0.4012,53,7,3,24,Platinum,0,3
CUST_01410,0,3,Mobile Phone,2,86,E-wallet,Female,1,6,Laptop & Accessory,4,Single,1,0,10,14,14,89,210.2,8953.35,357.36,0.5825,57,17,10,29,Silver,5,10
CUST_01411,0,34,Tablet,1,37,E-wallet,Male,4,1,Others,5,Single,4,0,36,12,18,57,389.96,1281.41,389.5,0.2231,51,50,15,30,Gold,3,7
CUST_01412,0,15,Mobile Phone,3,65,Debit Card,Female,5,3,Mobile Phone,3,Married,9,0,34,10,15,88,332.34,8193.05,113.74,0.197,68,20,14,20,Platinum,10,7
CUST_01413,0,48,Mobile Phone,1,24,Debit Card,Male,4,10,Grocery,4,Married,8,1,15,14,14,41,397.18,5947.6,690.54,0.3696,69,76,11,23,Free,3,0
CUST_01414,0,35,Mobile Phone,2,56,Debit Card,Female,1,3,Mobile Phone,3,Married,9,0,3,4,1,77,177.9,3537.47,1655.57,0.583,64,6,11,1,Free,2,0
CUST_01415,0,47,Computer,1,70,Credit Card,Male,4,3,Others,5,Married,7,0,19,0,16,74,227.12,10709.5,739.24,0.4724,29,49,15,24,Gold,2,6
CUST_01416,0,38,Phone,1,92,Cash on Delivery,Male,0,2,Laptop & Accessory,4,Single,8,0,0,6,9,65,319.06,7699.04,980.03,0.3599,63,2,7,19,Gold,9,1
CUST_01417,1,26,Computer,1,95,Credit Card,Male,1,7,Electronics,1,Single,3,0,39,5,6,84,134.92,10965.1,1492.15,0.1072,31,42,0,13,Silver,0,4
CUST_01418,0,52,Computer,1,81,UPI,Female,1,9,Others,3,Married,9,1,11,19,10,50,45.16,899.77,1605.97,0.3724,35,67,14,26,Platinum,0,4
CUST_01419,0,29,Mobile Phone,2,58,UPI,Female,2,10,Fashion,1,Married,8,0,20,4,4,7,67.53,9429.96,2158.95,0.4806,18,81,8,4,Gold,0,1
CUST_01420,0,57,Mobile Phone,2,89,UPI,Male,1,9,Fashion,4,Married,3,0,10,19,6,34,385.01,7079.02,933.01,0.0486,61,77,15,21,Free,4,10
CUST_01421,0,60,Mobile Phone,2,15,UPI,Female,2,9,Laptop & Accessory,4,Married,4,0,46,8,17,1,316.11,3686.86,1835.99,0.469,66,66,13,13,Free,6,10
CUST_01422,0,35,Mobile Phone,2,100,Debit Card,Male,0,10,Others,5,Single,8,0,42,15,15,23,115.56,10532.59,895.76,0.7208,35,77,11,25,Platinum,3,9
CUST_01423,0,41,Mobile Phone,1,24,Credit Card,Female,4,6,Others,1,Married,3,0,47,12,11,64,312.32,9585.91,1790.79,0.1543,59,46,6,3,Platinum,7,5
CUST_01424,0,15,Phone,1,43,E-wallet,Female,2,9,Fashion,3,Divorced,7,0,38,0,18,11,281.98,6863.62,2332.36,0.1725,62,81,14,4,Free,7,1
CUST_01425,0,49,Computer,2,92,UPI,Female,4,7,Electronics,2,Married,5,0,6,19,3,57,187.72,11665.08,873.21,0.3337,48,15,14,26,Free,0,9
CUST_01426,0,40,Computer,2,73,UPI,Male,0,2,Electronics,3,Married,3,0,33,9,17,57,9.1,9597.86,1263.41,0.5388,42,41,15,18,Free,10,10
CUST_01427,0,55,Mobile Phone,2,86,UPI,Female,5,1,Fashion,5,Married,2,0,23,11,10,50,291.19,5661.5,658.85,0.3637,52,16,8,13,Free,1,2
CUST_01428,0,16,Mobile Phone,1,71,Debit Card,Female,3,1,Laptop & Accessory,3,Married,8,0,36,5,13,62,116.17,749.93,1330.42,0.1119,18,13,9,22,Free,6,7
CUST_01429,0,48,Mobile Phone,3,62,Cash on Delivery,Female,1,4,Laptop & Accessory,3,Married,4,0,35,3,17,39,108.62,7344.21,1317.97,0.5457,41,21,11,24,Platinum,2,3
CUST_01430,0,28,Mobile Phone,1,21,Debit Card,Female,4,5,Others,5,Single,6,0,33,0,16,60,210.43,5257.85,2039.64,0.3977,66,67,4,15,Free,5,9
CUST_01431,1,11,Mobile Phone,2,100,UPI,Female,4,7,Electronics,3,Married,3,0,31,11,20,68,106.37,6993.46,1964.49,0.5757,35,53,2,29,Free,3,10
CUST_01432,0,10,Mobile Phone,1,66,E-wallet,Male,4,6,Laptop & Accessory,3,Married,2,0,42,6,4,53,286.57,661.81,1065.15,0.1963,54,51,11,27,Platinum,7,3
CUST_01433,0,34,Mobile Phone,2,69,Debit Card,Female,5,4,Electronics,3,Married,1,0,44,9,3,64,116.79,9901.11,470.86,0.7372,19,49,6,10,Free,9,6
CUST_01434,0,19,Computer,1,46,Cash on Delivery,Male,5,8,Others,5,Married,10,1,27,20,0,69,322.7,9681.31,670.46,0.1201,54,38,2,14,Free,0,6
CUST_01435,1,6,Mobile Phone,2,96,Cash on Delivery,Male,0,9,Grocery,3,Single,4,1,0,13,14,37,174.91,9083.25,1280.0,0.7238,35,57,15,6,Silver,9,4
CUST_01436,0,26,Mobile Phone,1,48,Credit Card,Female,1,3,Fashion,4,Married,6,0,0,15,10,83,206.61,9382.83,2426.37,0.0662,64,15,5,6,Free,8,10
CUST_01437,0,39,Mobile Phone,2,23,Cash on Delivery,Female,0,3,Others,1,Single,5,0,1,13,13,29,14.01,2260.58,1713.49,0.1973,56,17,9,7,Silver,6,8
CUST_01438,0,19,Mobile Phone,1,22,E-wallet,Female,0,10,Others,1,Single,4,0,44,3,8,5,8.16,6191.43,705.63,0.1055,68,27,6,0,Silver,1,4
CUST_01439,0,58,Mobile Phone,2,72,Debit Card,Male,0,10,Fashion,1,Married,9,1,23,13,7,87,84.72,9116.55,2481.44,0.6182,23,47,6,23,Silver,7,0
CUST_01440,0,47,Mobile Phone,1,76,E-wallet,Female,4,4,Fashion,3,Married,10,0,23,18,18,76,139.16,7516.13,2097.16,0.5221,58,58,13,3,Free,10,2
CUST_01441,0,31,Computer,1,24,Credit Card,Female,3,6,Others,4,Married,2,0,14,20,3,36,70.49,6258.64,1134.9,0.3822,33,55,13,7,Gold,7,8
CUST_01442,0,57,Mobile Phone,2,72,Credit Card,Male,0,6,Others,2,Married,1,0,47,0,16,19,200.96,4325.16,1726.04,0.7043,48,12,6,13,Silver,9,0
CUST_01443,0,26,Phone,1,100,E-wallet,Female,2,7,Grocery,5,Married,4,1,12,0,2,19,240.49,7982.16,332.18,0.1336,30,78,8,10,Platinum,10,1
CUST_01444,0,8,Mobile Phone,1,56,E-wallet,Female,0,9,Grocery,1,Single,2,1,45,20,8,52,321.31,567.07,2458.35,0.2721,27,66,9,24,Platinum,4,5
CUST_01445,0,2,Mobile Phone,3,98,Cash on Delivery,Male,1,2,Electronics,4,Single,1,0,34,16,0,87,205.55,435.35,444.8,0.0072,62,25,1,18,Free,10,0
CUST_01446,0,57,Mobile Phone,3,20,Cash on Delivery,Male,0,6,Mobile Phone,2,Married,9,0,20,0,0,28,146.9,5289.42,2138.92,0.3162,56,14,13,2,Gold,0,2
CUST_01447,0,58,Mobile Phone,3,43,Debit Card,Male,3,3,Others,1,Divorced,1,0,33,17,0,64,369.52,6625.72,1217.63,0.0383,45,25,8,13,Free,8,10
CUST_01448,0,45,Mobile Phone,1,58,UPI,Male,0,8,Mobile Phone,4,Married,1,0,47,19,5,32,174.29,3958.93,1883.65,0.1608,44,88,2,23,Free,2,10
CUST_01449,0,6,Phone,2,39,UPI,Male,4,6,Electronics,3,Single,4,0,3,5,19,50,112.37,8218.18,856.56,0.1468,45,90,10,6,Free,2,2
CUST_01450,0,17,Mobile Phone,2,14,Credit Card,Female,5,8,Electronics,4,Married,6,1,2,4,7,58,30.39,11157.58,1296.69,0.4241,45,38,10,3,Platinum,8,4
CUST_01451,0,2,Computer,1,48,UPI,Male,5,10,Mobile Phone,5,Married,5,0,8,15,12,69,73.83,1622.05,1510.1,0.2168,59,5,9,14,Silver,9,9
CUST_01452,0,3,Mobile Phone,2,37,Credit Card,Male,4,8,Electronics,3,Single,8,0,33,6,14,66,276.45,5745.04,1061.41,0.0615,52,31,10,14,Free,3,0
CUST_01453,0,15,Mobile Phone,1,24,Credit Card,Male,4,9,Others,5,Married,8,1,26,2,18,20,79.39,11317.7,1191.19,0.5026,64,44,13,13,Gold,3,5
CUST_01454,0,34,Mobile Phone,3,40,Credit Card,Male,5,9,Fashion,3,Married,1,0,34,14,18,10,145.97,11464.74,2440.6,0.1251,58,87,8,19,Platinum,4,9
CUST_01455,0,3,Mobile Phone,2,45,Credit Card,Female,5,7,Grocery,2,Married,8,0,20,11,0,50,10.99,5939.19,1161.07,0.171,30,84,1,20,Platinum,5,1
CUST_01456,1,60,Mobile Phone,2,89,Credit Card,Male,1,4,Grocery,2,Single,1,1,42,5,4,36,151.23,9268.79,443.38,0.4165,31,63,14,10,Platinum,7,10
CUST_01457,0,27,Tablet,2,52,E-wallet,Female,3,4,Laptop & Accessory,2,Single,10,0,23,6,16,24,259.21,2386.69,1241.88,0.7331,44,50,7,12,Free,6,5
CUST_01458,0,16,Computer,1,44,E-wallet,Female,1,4,Grocery,5,Single,4,0,24,9,16,17,87.75,9677.43,2267.73,0.6168,34,46,8,26,Silver,3,0
CUST_01459,0,31,Tablet,1,42,UPI,Male,5,7,Electronics,3,Married,10,0,24,4,20,78,1.54,11709.07,669.0,0.6129,53,52,4,25,Free,7,2
CUST_01460,0,48,Mobile Phone,2,62,Debit Card,Female,0,9,Grocery,5,Single,10,0,12,1,15,7,333.36,4048.99,798.03,0.4904,30,8,2,5,Silver,6,9
CUST_01461,0,19,Computer,2,31,Credit Card,Male,2,4,Fashion,2,Married,2,0,49,13,11,12,288.41,2894.97,710.07,0.2229,41,24,14,7,Platinum,7,0
CUST_01462,0,2,Computer,2,88,E-wallet,Female,2,6,Grocery,4,Married,4,0,2,6,7,31,397.08,1501.72,961.25,0.4413,58,52,10,18,Platinum,4,8
CUST_01463,1,3,Computer,1,45,Cash on Delivery,Male,5,5,Grocery,1,Single,2,0,1,8,9,19,54.21,5422.67,1207.49,0.5984,45,66,6,15,Gold,5,3
CUST_01464,0,51,Tablet,2,45,Cash on Delivery,Male,1,7,Others,2,Single,10,1,23,6,0,6,271.0,3984.37,869.93,0.1345,42,38,6,19,Gold,10,1
CUST_01465,0,6,Computer,1,11,UPI,Female,5,9,Fashion,1,Single,5,0,35,3,14,22,102.94,6036.59,506.83,0.7167,69,87,5,24,Platinum,5,5
CUST_01466,0,38,Phone,1,89,Credit Card,Male,2,5,Mobile Phone,5,Divorced,9,0,23,11,0,33,200.91,6263.46,882.28,0.6088,49,68,15,11,Silver,10,8
CUST_01467,1,23,Computer,3,50,Cash on Delivery,Female,4,4,Laptop & Accessory,2,Single,6,0,40,12,13,39,298.68,10369.66,1067.02,0.4305,58,42,4,8,Silver,4,7
CUST_01468,0,47,Mobile Phone,2,18,UPI,Female,3,3,Others,5,Married,9,0,18,10,13,48,67.33,10602.76,1249.31,0.3666,46,89,13,0,Platinum,5,3
CUST_01469,1,3,Computer,2,21,Debit Card,Male,2,5,Mobile Phone,3,Married,6,0,11,10,20,12,186.19,5311.1,1655.7,0.5609,52,78,0,7,Silver,0,3
CUST_01470,1,54,Mobile Phone,3,40,Debit Card,Male,1,5,Fashion,1,Single,1,1,32,15,17,89,107.64,9130.67,1860.43,0.7187,62,46,2,29,Silver,4,5
CUST_01471,0,42,Phone,1,79,Credit Card,Male,1,2,Electronics,2,Married,5,0,12,0,15,49,61.97,6744.74,2073.51,0.189,28,3,3,17,Gold,1,3
CUST_01472,0,27,Phone,3,14,E-wallet,Male,3,10,Mobile Phone,2,Married,7,0,27,16,13,36,289.13,8741.79,664.86,0.0683,48,53,5,27,Platinum,0,6
CUST_01473,1,12,Mobile Phone,2,16,Credit Card,Male,1,9,Mobile Phone,3,Married,10,1,32,17,6,66,103.37,8435.65,1557.35,0.478,35,76,7,16,Gold,4,4
CUST_01474,0,59,Mobile Phone,2,58,E-wallet,Male,5,3,Grocery,2,Single,9,0,5,3,16,85,211.79,9951.16,500.55,0.2623,69,81,2,28,Silver,3,1
CUST_01475,0,18,Mobile Phone,1,52,E-wallet,Female,0,10,Grocery,4,Single,6,0,11,20,11,0,277.04,2043.89,1569.01,0.2153,42,87,5,29,Silver,3,4
CUST_01476,0,29,Mobile Phone,1,96,Credit Card,Female,1,3,Mobile Phone,4,Single,9,0,2,9,10,45,177.22,9571.01,2301.65,0.3267,49,6,14,10,Free,8,1
CUST_01477,1,24,Mobile Phone,1,77,Cash on Delivery,Female,0,5,Grocery,1,Married,10,0,10,7,13,80,53.35,2775.93,2184.38,0.4642,20,77,3,24,Free,1,9
CUST_01478,1,14,Computer,1,68,Credit Card,Female,5,2,Electronics,3,Divorced,9,0,45,6,5,21,4.88,8283.93,1539.83,0.1431,44,36,0,3,Free,8,4
CUST_01479,0,25,Computer,1,37,E-wallet,Male,2,7,Mobile Phone,3,Married,10,0,0,20,5,77,152.84,11520.51,727.69,0.3509,40,7,2,9,Free,4,1
CUST_01480,0,9,Phone,2,65,UPI,Male,0,5,Fashion,2,Single,4,0,37,11,0,53,396.2,7058.11,390.37,0.3503,21,39,6,13,Gold,1,2
CUST_01481,0,0,Mobile Phone,2,61,Credit Card,Female,0,3,Mobile Phone,4,Single,5,0,9,20,8,4,389.11,10638.17,1142.49,0.1687,18,57,14,4,Gold,1,0
CUST_01482,0,17,Mobile Phone,1,31,Cash on Delivery,Male,5,3,Others,2,Married,1,0,23,15,17,79,179.32,9748.18,1026.66,0.001,40,56,3,1,Free,9,1
CUST_01483,0,6,Mobile Phone,2,40,Cash on Delivery,Male,5,10,Fashion,5,Single,2,0,0,9,1,6,166.38,8444.23,1703.13,0.1542,62,6,9,7,Free,3,5
CUST_01484,0,25,Phone,3,94,E-wallet,Female,1,7,Others,3,Married,9,0,25,0,9,64,258.47,989.06,310.54,0.0195,35,9,7,10,Silver,1,1
CUST_01485,0,52,Mobile Phone,2,56,UPI,Female,3,2,Others,2,Divorced,4,0,47,19,17,52,333.03,387.1,162.91,0.0263,62,6,10,12,Silver,4,6
CUST_01486,0,9,Mobile Phone,2,50,E-wallet,Female,1,2,Mobile Phone,4,Married,5,1,5,4,18,72,231.29,10887.34,1827.78,0.4305,48,7,12,17,Platinum,9,10
CUST_01487,0,0,Mobile Phone,2,81,Cash on Delivery,Male,5,1,Others,4,Single,4,0,15,16,19,28,289.64,8397.61,1524.35,0.7426,49,7,0,2,Free,4,3
CUST_01488,0,6,Phone,1,30,UPI,Male,4,3,Laptop & Accessory,3,Single,10,0,13,2,7,10,9.59,6614.48,917.42,0.2474,36,17,0,20,Free,4,0
CUST_01489,0,30,Mobile Phone,1,26,Debit Card,Female,2,8,Fashion,4,Married,9,0,35,17,7,44,351.41,133.03,1874.0,0.6255,58,13,13,8,Platinum,9,2
CUST_01490,1,16,Computer,3,99,Debit Card,Male,5,1,Laptop & Accessory,2,Single,8,1,42,0,5,67,215.55,1578.24,1136.37,0.297,34,68,4,25,Silver,2,8
CUST_01491,0,29,Computer,2,82,Cash on Delivery,Male,1,3,Laptop & Accessory,5,Married,10,0,13,2,8,51,196.97,8308.7,1989.72,0.4945,54,48,7,24,Free,10,9
CUST_01492,0,1,Computer,2,45,Cash on Delivery,Female,5,1,Grocery,4,Married,6,0,6,6,14,7,86.43,2892.42,2102.03,0.3577,70,51,13,18,Silver,7,5
CUST_01493,0,20,Mobile Phone,3,95,Credit Card,Female,1,7,Grocery,2,Married,2,0,45,16,14,58,54.35,4342.46,1879.05,0.7366,48,67,14,17,Platinum,0,2
CUST_01494,0,25,Mobile Phone,1,40,UPI,Female,5,9,Grocery,5,Married,7,0,5,20,12,36,147.25,9968.55,2336.17,0.4762,34,54,4,11,Platinum,9,4
CUST_01495,0,26,Mobile Phone,1,69,Credit Card,Male,5,6,Fashion,5,Single,1,0,43,4,9,66,368.02,3961.77,226.42,0.4209,42,14,15,1,Silver,6,7
CUST_01496,0,33,Mobile Phone,2,8,Debit Card,Female,3,10,Electronics,1,Single,5,0,28,12,14,84,223.67,6259.71,360.67,0.2618,63,81,4,18,Free,10,3
CUST_01497,0,47,Computer,1,71,Cash on Delivery,Female,0,7,Fashion,4,Married,9,0,39,15,7,77,164.79,940.0,1988.77,0.6109,45,0,9,0,Free,6,7
CUST_01498,0,28,Mobile Phone,2,22,Cash on Delivery,Female,4,8,Grocery,3,Single,2,0,42,18,1,90,55.67,6000.52,1836.46,0.7468,60,27,4,26,Free,8,8
CUST_01499,0,51,Mobile Phone,3,28,Credit Card,Female,4,4,Fashion,4,Single,6,0,35,4,20,55,24.76,8626.85,1094.03,0.2057,65,38,5,11,Platinum,4,6
CUST_01500,0,32,Mobile Phone,2,82,Cash on Delivery,Female,5,9,Mobile Phone,2,Divorced,8,0,19,2,1,65,242.52,2824.61,1355.12,0.0985,35,19,10,17,Gold,10,5
CUST_01501,0,15,Computer,1,24,Credit Card,Female,1,7,Grocery,2,Married,8,0,16,16,17,9,383.28,6998.06,549.32,0.7286,25,38,13,1,Platinum,0,4
CUST_01502,1,13,Mobile Phone,2,51,Credit Card,Male,1,1,Electronics,2,Single,6,0,32,0,11,15,179.17,7094.46,884.94,0.5313,38,15,14,10,Silver,4,5
CUST_01503,0,19,Computer,1,93,E-wallet,Male,2,1,Mobile Phone,1,Married,4,1,26,18,20,12,94.8,9805.78,240.29,0.0441,27,39,9,9,Silver,1,9
CUST_01504,0,36,Mobile Phone,3,96,Credit Card,Male,2,9,Fashion,5,Single,3,1,46,8,11,66,150.7,4397.8,133.88,0.1526,57,10,6,17,Free,9,1
CUST_01505,1,14,Tablet,1,47,Debit Card,Female,0,3,Others,2,Married,2,0,38,10,1,55,204.09,10744.54,1664.11,0.569,48,50,7,7,Silver,9,4
CUST_01506,0,55,Computer,3,13,Credit Card,Male,0,5,Mobile Phone,5,Married,8,1,45,10,1,83,301.46,5696.16,1502.19,0.6856,38,50,15,8,Gold,5,3
CUST_01507,0,29,Mobile Phone,2,32,UPI,Female,2,8,Fashion,2,Married,3,0,20,9,1,64,181.4,487.66,1766.7,0.0484,60,88,1,14,Free,7,0
CUST_01508,0,52,Mobile Phone,1,64,UPI,Female,5,8,Mobile Phone,2,Married,7,0,23,0,9,79,370.64,1017.36,994.17,0.0871,20,15,2,17,Platinum,1,0
CUST_01509,0,41,Mobile Phone,2,37,E-wallet,Female,0,1,Fashion,5,Single,1,0,44,3,15,68,256.31,10940.57,2022.62,0.098,22,25,11,17,Silver,5,0
CUST_01510,1,20,Mobile Phone,1,74,E-wallet,Male,1,7,Fashion,2,Divorced,3,0,15,7,13,57,48.24,1022.25,972.89,0.6979,44,56,13,10,Free,10,7
CUST_01511,1,13,Mobile Phone,2,100,Cash on Delivery,Female,5,10,Others,4,Single,4,1,42,4,17,47,45.71,9545.95,804.58,0.6982,29,51,4,21,Free,1,10
CUST_01512,0,45,Phone,3,64,UPI,Male,0,4,Laptop & Accessory,1,Divorced,8,0,29,17,11,12,220.6,11838.93,1515.56,0.468,46,54,5,4,Platinum,1,1
CUST_01513,1,20,Computer,3,64,Credit Card,Female,0,6,Fashion,5,Single,1,0,21,20,2,54,321.12,10056.33,1387.02,0.3095,25,76,4,13,Free,10,9
CUST_01514,0,15,Mobile Phone,1,55,E-wallet,Male,5,3,Others,4,Single,5,0,47,4,3,48,213.32,4927.01,1819.91,0.4198,35,44,2,30,Silver,1,2
CUST_01515,0,56,Computer,2,22,UPI,Male,1,8,Laptop & Accessory,4,Single,5,1,13,15,3,88,321.56,2869.46,1172.61,0.4839,49,39,7,18,Silver,6,9
CUST_01516,0,29,Mobile Phone,3,60,Debit Card,Female,1,2,Grocery,1,Married,4,0,34,10,19,82,32.14,2015.26,2371.7,0.6362,20,31,10,4,Silver,3,0
CUST_01517,0,2,Tablet,3,94,UPI,Male,0,6,Laptop & Accessory,5,Married,8,0,18,16,16,31,131.56,4473.24,1249.99,0.5029,37,1,7,19,Silver,10,2
CUST_01518,0,30,Mobile Phone,1,71,Debit Card,Female,2,5,Grocery,3,Married,10,0,48,16,0,17,19.23,5935.46,89.92,0.5109,41,36,4,25,Silver,6,4
CUST_01519,1,28,Computer,1,77,Debit Card,Male,5,7,Electronics,2,Married,1,1,27,17,4,19,142.43,5752.11,1466.01,0.7294,61,32,7,10,Free,10,2
CUST_01520,0,52,Computer,3,87,UPI,Male,5,5,Grocery,1,Married,10,1,29,20,5,44,227.51,7464.69,1916.79,0.1243,68,65,2,5,Free,3,10
CUST_01521,0,43,Mobile Phone,1,42,Cash on Delivery,Male,3,10,Grocery,1,Married,9,0,16,12,14,88,370.23,9521.79,1274.19,0.5652,24,64,6,9,Platinum,6,6
CUST_01522,0,11,Mobile Phone,1,37,Credit Card,Male,4,10,Electronics,4,Single,9,0,1,19,1,78,184.06,2076.8,802.7,0.7083,67,24,7,23,Gold,6,4
CUST_01523,0,9,Mobile Phone,2,98,E-wallet,Female,3,3,Grocery,2,Married,2,0,50,9,20,83,150.19,4043.14,1398.49,0.1366,69,16,7,20,Platinum,5,9
CUST_01524,0,36,Phone,1,49,Credit Card,Female,4,1,Grocery,5,Divorced,4,0,22,1,5,21,271.81,8940.19,1704.66,0.2811,62,61,2,20,Silver,6,10
CUST_01525,1,2,Mobile Phone,3,75,Credit Card,Male,3,5,Laptop & Accessory,2,Married,7,1,33,7,17,0,287.26,10709.84,1584.62,0.2787,53,60,4,7,Free,2,9
CUST_01526,0,19,Computer,1,66,Cash on Delivery,Male,1,6,Laptop & Accessory,1,Married,3,0,46,14,14,61,68.45,10084.67,1048.35,0.6436,37,26,8,1,Platinum,8,8
CUST_01527,0,8,Computer,2,16,Credit Card,Female,5,8,Laptop & Accessory,5,Single,3,0,18,0,7,36,280.23,11630.86,985.46,0.4463,23,4,13,1,Platinum,4,3
CUST_01528,0,1,Phone,3,35,Cash on Delivery,Female,5,6,Grocery,4,Single,6,0,1,17,0,42,215.86,9594.98,2035.8,0.4713,27,44,14,15,Free,10,8
CUST_01529,1,56,Mobile Phone,3,36,Cash on Delivery,Male,0,6,Fashion,3,Married,9,1,39,17,11,66,203.67,11668.74,690.87,0.4509,69,61,3,1,Silver,5,9
CUST_01530,0,5,Mobile Phone,3,22,UPI,Male,0,1,Fashion,5,Single,2,0,31,4,0,90,392.54,11234.47,992.48,0.3294,69,18,0,29,Silver,6,4
CUST_01531,0,0,Computer,3,79,UPI,Male,4,8,Fashion,4,Married,1,1,32,18,15,16,308.47,7894.96,1672.66,0.1365,55,45,5,10,Silver,2,4
CUST_01532,0,56,Mobile Phone,1,97,E-wallet,Female,0,4,Others,1,Single,10,0,19,16,4,55,325.94,8498.46,1065.74,0.0341,63,83,5,16,Silver,2,9
CUST_01533,0,11,Phone,3,97,Cash on Delivery,Female,4,4,Fashion,3,Single,5,0,46,7,19,2,328.53,3771.64,1022.41,0.2098,44,63,6,30,Platinum,10,1
CUST_01534,0,49,Mobile Phone,3,23,Cash on Delivery,Male,5,5,Fashion,5,Single,1,0,20,19,0,45,259.04,10793.56,355.81,0.7351,28,77,9,15,Platinum,0,10
CUST_01535,0,1,Mobile Phone,2,48,Credit Card,Male,0,1,Grocery,4,Married,10,0,1,10,7,3,10.26,8422.44,1309.07,0.612,57,2,4,15,Free,8,1
CUST_01536,0,9,Phone,1,27,UPI,Female,4,5,Electronics,4,Married,3,0,28,9,8,74,147.39,10766.23,2473.23,0.1565,40,85,7,2,Gold,6,7
CUST_01537,1,6,Mobile Phone,1,11,Credit Card,Male,0,4,Electronics,1,Divorced,2,0,39,12,16,51,306.75,2617.11,2146.96,0.2123,45,86,0,9,Free,0,6
CUST_01538,0,43,Mobile Phone,2,64,Debit Card,Male,1,3,Others,3,Married,7,0,20,20,4,23,71.91,4488.85,1970.84,0.3929,49,59,9,2,Free,4,1
CUST_01539,0,37,Mobile Phone,2,87,Cash on Delivery,Male,3,3,Grocery,1,Single,8,0,23,13,16,20,382.96,1106.3,1238.09,0.4979,60,52,6,20,Silver,0,0
CUST_01540,0,29,Mobile Phone,1,12,UPI,Male,4,1,Others,4,Married,2,0,46,10,6,59,2.84,11194.96,2065.55,0.0527,50,15,0,14,Platinum,3,2
CUST_01541,1,14,Phone,1,66,E-wallet,Male,0,9,Grocery,2,Married,8,1,29,13,1,23,223.37,9748.08,2286.21,0.049,61,60,14,4,Silver,1,6
CUST_01542,0,5,Mobile Phone,2,8,E-wallet,Female,0,3,Grocery,2,Married,4,0,15,15,17,35,33.8,9175.29,584.14,0.4822,52,57,8,30,Silver,3,6
CUST_01543,0,34,Mobile Phone,1,85,Credit Card,Male,1,9,Grocery,3,Married,4,1,18,4,4,1,304.17,5306.02,1266.57,0.454,29,74,2,26,Silver,10,0
CUST_01544,1,14,Mobile Phone,3,11,E-wallet,Female,4,9,Fashion,1,Married,7,0,38,11,9,31,246.73,228.24,2148.92,0.4117,68,17,10,1,Silver,4,6
CUST_01545,0,36,Tablet,1,46,E-wallet,Female,2,5,Mobile Phone,4,Single,1,0,38,14,12,66,161.96,11639.55,2063.42,0.2391,30,4,13,30,Gold,2,2
CUST_01546,1,41,Mobile Phone,1,16,Credit Card,Female,1,9,Fashion,3,Single,2,0,4,4,0,5,40.55,4671.25,2214.43,0.3664,26,42,9,20,Silver,5,4
CUST_01547,0,51,Tablet,1,44,Debit Card,Female,0,3,Grocery,3,Divorced,9,0,39,15,13,76,180.69,3048.67,2397.3,0.4976,60,14,6,19,Free,8,9
CUST_01548,0,30,Phone,3,46,E-wallet,Female,5,2,Grocery,4,Single,10,0,16,0,11,24,139.86,10262.91,753.55,0.1736,65,79,0,27,Silver,7,7
CUST_01549,1,0,Mobile Phone,3,56,Credit Card,Female,4,9,Laptop & Accessory,4,Single,10,1,6,0,16,66,75.17,2548.87,1483.97,0.0237,31,14,12,3,Free,1,9
CUST_01550,0,17,Phone,1,84,Credit Card,Female,5,7,Electronics,5,Single,8,0,8,8,2,12,73.48,2139.32,440.29,0.3694,32,16,1,28,Free,8,7
CUST_01551,0,52,Computer,1,100,UPI,Male,2,7,Electronics,1,Single,2,0,44,12,18,12,338.99,5709.44,1337.21,0.5273,27,14,7,28,Silver,0,7
CUST_01552,0,32,Mobile Phone,1,37,E-wallet,Female,4,10,Grocery,3,Divorced,4,0,11,2,1,79,131.49,5556.61,229.46,0.1476,47,79,11,22,Platinum,5,9
CUST_01553,0,37,Mobile Phone,1,93,Debit Card,Female,3,1,Fashion,1,Single,9,1,26,8,19,87,39.76,10632.7,1077.95,0.272,43,7,2,3,Silver,10,1
CUST_01554,0,27,Phone,2,46,Cash on Delivery,Male,3,2,Grocery,2,Married,8,0,28,3,6,24,63.26,11954.52,1325.68,0.2402,47,43,2,17,Platinum,0,4
CUST_01555,1,9,Computer,1,16,Cash on Delivery,Male,2,10,Grocery,3,Married,9,0,25,18,1,87,264.42,3185.25,1755.74,0.6202,32,83,10,4,Free,9,10
CUST_01556,0,54,Computer,2,62,Credit Card,Female,3,2,Fashion,1,Single,5,0,17,15,5,74,147.85,2487.29,576.25,0.7324,54,28,4,9,Silver,4,6
CUST_01557,0,47,Tablet,1,74,Debit Card,Male,2,5,Others,3,Single,6,1,1,19,10,23,22.54,5670.31,2200.05,0.3783,35,31,3,22,Free,9,2
CUST_01558,0,60,Mobile Phone,2,34,Cash on Delivery,Male,3,1,Laptop & Accessory,5,Single,8,0,2,7,2,73,21.95,5356.77,117.45,0.298,36,61,7,12,Silver,9,7
CUST_01559,0,52,Phone,1,61,UPI,Female,2,4,Fashion,1,Single,8,0,24,12,6,89,23.78,9892.12,1555.93,0.469,41,10,14,22,Gold,8,0
CUST_01560,1,17,Phone,1,46,Debit Card,Male,5,2,Fashion,2,Single,8,0,44,7,6,27,294.92,1252.3,2285.77,0.7335,24,51,7,14,Free,9,8
CUST_01561,1,15,Mobile Phone,1,18,Debit Card,Male,5,3,Laptop & Accessory,2,Married,1,0,42,8,3,40,340.0,2009.66,2170.68,0.5603,38,64,2,7,Free,8,3
CUST_01562,0,15,Mobile Phone,1,42,UPI,Female,2,9,Laptop & Accessory,5,Single,3,0,34,11,10,26,338.08,2531.41,1334.41,0.0529,62,37,0,12,Free,10,4
CUST_01563,0,56,Mobile Phone,1,46,E-wallet,Male,2,3,Others,4,Married,5,0,14,19,0,3,218.25,1082.39,400.61,0.3153,32,33,8,21,Free,3,1
CUST_01564,0,33,Phone,3,37,UPI,Male,4,9,Electronics,1,Divorced,7,1,48,18,5,85,156.89,870.59,289.22,0.1474,27,13,7,25,Gold,8,2
CUST_01565,1,27,Mobile Phone,1,92,E-wallet,Male,3,9,Fashion,4,Single,10,1,19,5,3,52,126.92,6228.92,1793.93,0.1169,57,18,3,28,Silver,6,7
CUST_01566,0,59,Computer,1,42,Cash on Delivery,Male,1,6,Mobile Phone,1,Single,4,0,40,6,0,16,298.15,10690.89,355.66,0.511,30,27,6,28,Platinum,7,0
CUST_01567,0,36,Mobile Phone,1,65,UPI,Male,5,6,Fashion,4,Single,8,1,6,10,10,47,323.16,9887.88,196.24,0.5554,56,84,10,25,Free,0,3
CUST_01568,0,55,Mobile Phone,2,6,Cash on Delivery,Male,4,4,Electronics,2,Single,7,0,28,15,18,71,375.57,2394.76,1147.93,0.3645,22,14,4,11,Platinum,6,10
CUST_01569,0,60,Computer,3,35,UPI,Female,3,7,Mobile Phone,4,Married,3,0,11,7,7,78,393.93,1812.86,503.18,0.3378,28,77,1,8,Gold,6,6
CUST_01570,0,4,Mobile Phone,2,90,Cash on Delivery,Female,4,9,Laptop & Accessory,3,Married,2,0,23,1,13,70,281.99,7383.25,2027.29,0.2722,44,29,8,14,Gold,3,10
CUST_01571,1,22,Phone,2,90,E-wallet,Male,1,9,Fashion,4,Single,7,1,39,3,3,32,76.94,4019.28,1377.76,0.7113,65,53,5,10,Gold,4,10
CUST_01572,0,44,Mobile Phone,3,98,Cash on Delivery,Female,4,2,Grocery,2,Single,4,0,48,8,14,84,384.87,6115.94,2145.05,0.2103,50,72,11,21,Free,8,1
CUST_01573,0,49,Phone,1,10,Credit Card,Male,0,7,Grocery,3,Single,3,0,3,18,14,69,49.07,8629.95,1004.17,0.1608,26,45,15,30,Gold,2,4
CUST_01574,0,9,Mobile Phone,3,87,Credit Card,Male,4,2,Mobile Phone,5,Married,3,0,21,14,8,40,111.7,10794.81,2308.71,0.7086,45,87,15,29,Free,1,10
CUST_01575,0,19,Tablet,2,30,E-wallet,Male,3,5,Others,5,Married,3,0,3,5,5,71,332.93,2322.8,2444.27,0.42,20,9,15,14,Free,3,3
CUST_01576,0,33,Computer,1,5,E-wallet,Male,3,1,Grocery,3,Married,1,0,27,12,12,90,206.1,931.72,1403.13,0.098,22,58,15,14,Free,8,0
CUST_01577,0,48,Mobile Phone,2,13,UPI,Female,4,6,Electronics,5,Married,2,0,50,16,12,3,97.72,2808.31,508.33,0.5988,27,43,0,26,Silver,9,6
CUST_01578,1,6,Mobile Phone,1,77,Debit Card,Male,1,9,Others,1,Married,10,0,17,5,14,55,209.54,6691.23,181.0,0.4633,62,47,11,20,Free,5,4
CUST_01579,0,36,Mobile Phone,1,61,E-wallet,Male,4,9,Grocery,4,Married,2,0,19,15,4,61,308.18,1169.88,2299.76,0.6024,66,37,6,0,Platinum,7,6
CUST_01580,0,18,Computer,3,60,UPI,Male,0,8,Grocery,4,Single,5,0,14,13,7,79,109.49,3999.11,1297.31,0.4513,21,76,3,6,Gold,6,4
CUST_01581,0,13,Phone,1,89,Debit Card,Male,4,6,Electronics,2,Married,5,0,43,14,17,43,200.39,3733.4,544.45,0.6477,36,45,15,1,Silver,2,6
CUST_01582,0,31,Mobile Phone,2,14,Debit Card,Male,4,7,Electronics,2,Married,8,1,43,2,17,31,114.87,1407.26,968.08,0.5519,70,76,13,1,Gold,4,1
CUST_01583,0,25,Mobile Phone,3,12,Debit Card,Female,0,1,Others,3,Married,4,0,41,2,17,18,159.14,11760.75,2330.62,0.5117,42,36,15,5,Free,7,1
CUST_01584,0,38,Computer,2,94,Debit Card,Male,4,8,Electronics,4,Married,9,0,12,9,16,37,84.8,10267.48,2404.11,0.6424,37,3,5,14,Silver,6,1
CUST_01585,0,19,Mobile Phone,1,63,Debit Card,Male,4,7,Laptop & Accessory,4,Married,8,0,11,8,1,37,283.02,7154.55,555.2,0.2093,43,48,0,8,Silver,8,0
CUST_01586,0,50,Computer,2,79,Cash on Delivery,Female,3,2,Fashion,4,Married,6,0,7,6,6,75,125.66,10623.02,1288.02,0.0589,48,90,3,18,Silver,8,7
CUST_01587,0,4,Mobile Phone,3,55,Credit Card,Male,3,7,Grocery,4,Single,9,0,9,19,5,78,202.71,3496.07,2025.06,0.0326,29,51,3,27,Silver,4,9
CUST_01588,0,52,Computer,1,18,Debit Card,Female,0,4,Fashion,5,Married,4,0,37,5,6,46,321.82,10151.85,1819.71,0.1422,54,85,5,2,Free,5,4
CUST_01589,0,1,Tablet,1,55,Credit Card,Male,5,6,Laptop & Accessory,5,Single,5,0,27,7,10,62,56.64,8175.92,1656.18,0.3463,34,7,13,4,Silver,4,2
CUST_01590,0,44,Mobile Phone,2,97,Cash on Delivery,Male,5,9,Mobile Phone,3,Single,6,0,42,1,3,66,264.65,2875.3,2079.99,0.0057,45,60,0,17,Silver,8,8
CUST_01591,0,21,Mobile Phone,3,16,E-wallet,Female,4,4,Mobile Phone,1,Single,2,0,33,0,16,57,132.23,8122.06,2046.2,0.5008,54,19,4,25,Free,2,0
CUST_01592,0,23,Mobile Phone,1,17,Cash on Delivery,Male,0,10,Laptop & Accessory,2,Married,1,0,47,6,10,68,195.21,6186.93,1531.92,0.7144,62,4,6,20,Free,0,0
CUST_01593,0,1,Computer,1,38,Debit Card,Male,2,5,Electronics,1,Married,10,0,2,15,1,7,286.42,6017.93,1253.19,0.3153,54,41,1,21,Silver,10,6
CUST_01594,0,42,Mobile Phone,3,48,UPI,Male,4,6,Fashion,3,Married,1,0,34,12,17,42,369.42,11163.36,2055.53,0.4096,59,59,12,28,Free,8,0
CUST_01595,0,10,Tablet,1,65,Credit Card,Female,4,1,Electronics,5,Married,1,1,6,14,6,60,344.25,4730.59,1921.14,0.7182,19,82,4,14,Silver,9,1
CUST_01596,0,40,Computer,1,20,UPI,Male,5,2,Others,3,Married,2,0,17,15,11,47,360.04,11025.11,530.31,0.0905,48,50,0,8,Free,9,3
CUST_01597,0,44,Mobile Phone,2,94,Debit Card,Female,3,3,Others,5,Married,6,0,23,12,8,69,19.85,9958.45,1286.64,0.2979,33,85,3,16,Free,4,10
CUST_01598,0,51,Computer,1,19,UPI,Male,4,10,Others,3,Single,3,0,26,9,7,28,168.39,5128.66,1500.26,0.7403,18,52,0,25,Gold,10,5
CUST_01599,1,43,Mobile Phone,1,24,UPI,Female,2,3,Fashion,3,Married,3,0,10,7,6,86,320.52,9328.27,2415.69,0.1053,55,51,1,17,Gold,2,7
CUST_01600,1,18,Phone,2,97,Cash on Delivery,Female,4,4,Mobile Phone,1,Single,9,1,9,0,8,11,324.59,1465.9,1220.97,0.6608,51,18,2,29,Free,5,3
CUST_01601,1,45,Mobile Phone,2,41,UPI,Female,3,9,Laptop & Accessory,4,Single,10,0,7,6,1,72,167.89,6063.44,720.04,0.3054,65,52,8,9,Free,1,10
CUST_01602,0,50,Computer,2,59,E-wallet,Female,4,4,Grocery,2,Divorced,9,1,10,10,14,66,114.17,844.21,519.26,0.3877,59,89,3,20,Silver,4,9
CUST_01603,0,19,Tablet,1,46,Credit Card,Female,1,9,Laptop & Accessory,3,Single,4,0,35,4,13,7,219.51,2437.27,2332.89,0.6182,40,48,3,24,Free,6,8
CUST_01604,0,7,Computer,2,29,E-wallet,Male,1,2,Mobile Phone,5,Divorced,1,1,45,2,10,22,298.63,4353.99,1396.34,0.7387,61,56,10,15,Silver,4,3
CUST_01605,0,54,Phone,2,53,Cash on Delivery,Male,0,2,Mobile Phone,2,Married,10,0,17,12,18,85,276.63,1194.46,665.97,0.02,36,26,5,5,Platinum,9,3
CUST_01606,0,9,Mobile Phone,3,79,Cash on Delivery,Male,4,1,Mobile Phone,5,Married,6,0,43,10,11,62,100.25,10708.69,1082.88,0.2609,46,82,2,28,Gold,0,1
CUST_01607,0,36,Phone,2,6,E-wallet,Male,4,2,Fashion,5,Married,10,0,41,20,8,72,0.11,10519.87,122.59,0.219,22,41,15,5,Free,1,7
CUST_01608,0,14,Computer,2,89,Credit Card,Female,1,7,Mobile Phone,1,Married,2,0,14,17,12,76,354.5,151.22,58.86,0.3453,36,35,6,16,Silver,9,8
CUST_01609,0,7,Computer,3,22,Debit Card,Male,2,1,Grocery,2,Married,10,1,9,16,16,0,178.15,1287.52,889.79,0.1167,48,51,8,19,Free,5,4
CUST_01610,0,47,Mobile Phone,3,93,Credit Card,Female,3,7,Others,5,Married,4,0,19,10,15,77,332.99,11284.18,1783.62,0.2389,37,61,10,6,Gold,2,0
CUST_01611,0,8,Mobile Phone,1,97,Cash on Delivery,Female,4,6,Grocery,3,Married,8,0,5,13,12,64,348.54,135.39,1845.63,0.4635,34,78,0,9,Free,7,2
CUST_01612,0,40,Computer,3,94,Debit Card,Male,1,3,Electronics,4,Married,2,0,48,18,13,22,375.52,11481.92,61.98,0.602,37,49,3,19,Platinum,1,5
CUST_01613,0,42,Mobile Phone,3,67,Debit Card,Male,2,1,Laptop & Accessory,5,Married,8,1,41,11,20,27,141.12,6916.51,1724.1,0.7208,48,31,12,0,Gold,9,5
CUST_01614,1,3,Computer,1,91,Cash on Delivery,Female,1,2,Laptop & Accessory,1,Divorced,5,1,19,5,14,35,263.89,6697.65,1908.89,0.1948,54,28,2,23,Silver,8,4
CUST_01615,0,10,Phone,1,87,UPI,Male,4,2,Mobile Phone,4,Married,10,0,26,14,14,55,238.52,517.51,617.48,0.7309,25,18,3,19,Silver,2,10
CUST_01616,0,48,Tablet,2,66,Cash on Delivery,Male,5,6,Others,5,Married,2,0,16,2,13,24,65.66,4416.97,425.02,0.2271,55,24,14,23,Free,1,1
CUST_01617,0,30,Mobile Phone,1,90,E-wallet,Male,4,10,Mobile Phone,3,Single,3,0,0,10,20,25,174.78,10055.68,1780.0,0.6952,60,13,3,24,Silver,2,0
CUST_01618,0,7,Tablet,2,37,Debit Card,Female,4,5,Others,5,Single,7,0,10,17,19,49,172.24,3949.6,1440.61,0.5609,49,70,3,24,Platinum,8,3
CUST_01619,0,60,Mobile Phone,2,85,E-wallet,Male,4,7,Electronics,4,Married,9,1,2,17,7,66,76.34,10874.46,1022.06,0.309,25,28,15,20,Silver,5,10
CUST_01620,0,16,Mobile Phone,1,93,UPI,Male,5,4,Electronics,4,Married,9,0,20,16,15,39,149.97,6228.15,1467.76,0.7303,58,88,14,13,Silver,9,10
CUST_01621,0,0,Phone,1,65,Debit Card,Male,2,1,Mobile Phone,1,Married,2,0,21,12,13,16,174.51,10076.53,2035.22,0.0219,34,46,5,14,Silver,8,2
CUST_01622,0,56,Mobile Phone,3,16,E-wallet,Female,1,3,Laptop & Accessory,4,Single,1,0,18,7,11,10,319.9,9416.64,278.12,0.5884,43,9,15,22,Silver,2,5
CUST_01623,0,1,Mobile Phone,1,25,UPI,Female,5,5,Mobile Phone,5,Single,4,0,35,5,10,75,343.3,5615.94,1305.44,0.5052,27,89,10,21,Platinum,3,0
CUST_01624,0,33,Mobile Phone,2,21,Credit Card,Male,0,9,Others,2,Married,1,0,37,10,18,44,286.84,10034.63,727.71,0.0678,46,61,14,2,Silver,1,4
CUST_01625,0,60,Mobile Phone,1,56,Debit Card,Male,2,3,Fashion,1,Married,5,1,28,11,19,6,322.05,10368.47,747.33,0.2135,67,17,3,13,Silver,8,10
CUST_01626,0,35,Phone,2,46,E-wallet,Female,4,10,Fashion,3,Married,5,1,17,6,18,33,39.39,11543.61,1944.48,0.3363,63,68,7,23,Platinum,4,5
CUST_01627,0,35,Mobile Phone,2,84,UPI,Male,4,7,Mobile Phone,5,Single,10,0,17,5,6,2,222.81,1000.62,1641.34,0.1817,36,4,4,19,Silver,3,1
CUST_01628,0,23,Mobile Phone,1,32,UPI,Female,4,4,Fashion,4,Divorced,1,0,23,16,7,18,103.53,9723.75,2224.69,0.7002,44,7,11,1,Gold,1,7
CUST_01629,0,7,Computer,2,20,Cash on Delivery,Male,2,7,Fashion,5,Divorced,4,0,37,11,1,12,167.46,8026.69,947.21,0.1159,31,24,11,12,Platinum,9,10
CUST_01630,0,34,Mobile Phone,2,64,Credit Card,Female,5,7,Electronics,3,Married,4,0,16,10,16,84,281.22,8434.31,1287.64,0.4194,33,63,3,25,Silver,6,3
CUST_01631,0,54,Computer,1,18,Credit Card,Female,1,7,Electronics,3,Single,6,1,36,16,14,34,378.77,11130.25,403.3,0.4106,25,55,12,22,Free,0,6
CUST_01632,0,5,Tablet,1,91,UPI,Female,0,9,Fashion,2,Divorced,4,0,16,20,20,15,142.73,564.3,2139.26,0.4007,40,29,1,3,Silver,9,7
CUST_01633,0,53,Computer,2,12,E-wallet,Female,3,7,Fashion,5,Married,7,0,27,15,15,59,230.99,9087.59,1565.56,0.1037,33,86,3,29,Free,7,9
CUST_01634,0,25,Phone,2,52,Credit Card,Male,1,1,Fashion,4,Married,9,1,12,16,4,90,42.84,4565.81,2280.76,0.3683,31,66,8,6,Platinum,5,10
CUST_01635,1,32,Mobile Phone,2,96,Cash on Delivery,Female,2,4,Mobile Phone,4,Married,7,0,4,5,6,43,273.02,7279.43,1598.77,0.6905,29,61,4,23,Gold,9,6
CUST_01636,0,10,Phone,2,58,E-wallet,Female,2,10,Laptop & Accessory,5,Married,7,0,25,18,8,16,95.23,2905.14,378.51,0.1568,29,3,1,26,Gold,2,7
CUST_01637,0,37,Mobile Phone,1,82,Credit Card,Female,1,3,Mobile Phone,5,Single,2,0,35,15,15,43,187.61,3563.87,1430.15,0.0557,23,71,9,18,Silver,2,0
CUST_01638,0,11,Mobile Phone,1,45,Credit Card,Male,5,5,Laptop & Accessory,5,Married,9,0,21,11,8,56,130.32,7436.07,2376.26,0.7118,50,12,12,2,Gold,6,3
CUST_01639,1,16,Computer,2,77,E-wallet,Female,2,6,Laptop & Accessory,3,Married,6,0,39,2,20,78,20.26,4485.12,461.06,0.6918,19,56,12,4,Silver,3,8
CUST_01640,0,44,Mobile Phone,2,72,Credit Card,Female,4,6,Mobile Phone,1,Married,2,0,2,10,12,12,296.3,3644.57,854.05,0.4179,18,25,8,6,Free,0,10
CUST_01641,1,3,Phone,3,54,Cash on Delivery,Female,0,9,Others,3,Married,7,0,2,13,7,50,247.75,526.67,1632.04,0.6651,68,87,7,2,Free,7,8
CUST_01642,1,27,Computer,1,14,Cash on Delivery,Male,5,6,Mobile Phone,3,Married,5,0,47,4,20,3,327.04,1920.07,1445.44,0.7307,34,88,1,0,Gold,3,3
CUST_01643,0,36,Tablet,2,98,Debit Card,Male,5,1,Electronics,5,Married,10,0,28,6,11,46,378.53,7342.87,498.51,0.1301,18,53,14,0,Platinum,10,1
CUST_01644,0,8,Mobile Phone,2,9,Debit Card,Male,0,3,Laptop & Accessory,1,Single,7,0,17,16,6,1,164.34,4930.31,444.34,0.1637,51,45,11,14,Silver,10,6
CUST_01645,0,17,Mobile Phone,1,39,UPI,Female,3,7,Fashion,5,Divorced,10,0,32,12,8,38,302.52,450.28,410.07,0.4007,46,61,5,15,Free,3,0
CUST_01646,0,20,Computer,2,66,UPI,Male,3,8,Grocery,4,Single,10,0,38,4,15,45,123.94,4272.75,1362.42,0.5281,29,80,7,10,Platinum,9,8
CUST_01647,0,40,Mobile Phone,2,78,E-wallet,Female,1,7,Grocery,1,Single,3,0,45,18,1,89,173.14,4447.04,2284.8,0.6086,33,89,8,8,Platinum,7,4
CUST_01648,0,59,Mobile Phone,1,56,UPI,Female,4,8,Electronics,2,Married,3,1,46,17,16,17,334.36,2832.68,1279.18,0.3693,70,84,7,4,Gold,8,7
CUST_01649,0,51,Computer,1,43,E-wallet,Female,4,3,Mobile Phone,1,Single,3,0,17,2,2,22,359.4,2081.26,1054.02,0.0175,41,50,4,5,Gold,10,0
CUST_01650,0,11,Tablet,1,44,Debit Card,Female,5,1,Electronics,5,Single,3,0,0,1,14,52,150.38,213.35,562.9,0.054,51,10,9,14,Free,7,2
CUST_01651,0,1,Computer,3,98,Debit Card,Female,3,10,Fashion,4,Married,7,0,20,14,15,14,321.11,7587.66,2220.6,0.6278,58,21,3,8,Gold,8,0
CUST_01652,0,3,Mobile Phone,1,37,Debit Card,Male,4,6,Fashion,4,Single,10,0,6,1,12,5,306.36,9235.77,2467.29,0.4222,51,34,12,16,Platinum,8,3
CUST_01653,0,36,Mobile Phone,1,87,Cash on Delivery,Male,4,8,Mobile Phone,3,Married,5,0,26,14,3,44,74.6,2864.24,1790.11,0.0402,23,86,14,29,Gold,10,9
CUST_01654,0,9,Computer,1,9,Credit Card,Female,4,10,Others,3,Single,9,0,9,11,12,21,250.24,3969.76,1313.21,0.5213,46,31,2,30,Platinum,7,3
CUST_01655,1,14,Mobile Phone,1,68,E-wallet,Female,3,2,Electronics,1,Married,8,0,34,15,17,61,198.45,10806.61,2287.58,0.4728,53,50,0,6,Free,5,8
CUST_01656,0,51,Mobile Phone,1,70,Cash on Delivery,Male,4,9,Fashion,4,Married,3,0,45,0,5,8,25.13,11599.9,1336.48,0.3192,58,67,1,14,Free,6,5
CUST_01657,0,53,Mobile Phone,2,69,E-wallet,Female,0,4,Electronics,1,Married,9,0,10,20,19,1,218.87,6843.03,896.22,0.6442,70,73,6,16,Platinum,5,5
CUST_01658,0,51,Mobile Phone,1,45,E-wallet,Male,3,7,Others,2,Married,5,0,27,1,2,20,391.81,4850.93,508.09,0.2197,54,21,2,8,Platinum,0,7
CUST_01659,0,15,Mobile Phone,1,71,Credit Card,Male,1,4,Mobile Phone,5,Married,1,0,48,10,18,77,311.96,11838.94,387.27,0.5676,37,36,9,30,Free,5,4
CUST_01660,1,37,Mobile Phone,1,47,Cash on Delivery,Male,2,2,Mobile Phone,1,Single,8,0,15,17,7,50,80.36,793.34,1150.06,0.2476,62,80,4,6,Platinum,1,6
CUST_01661,0,37,Computer,1,61,UPI,Male,4,9,Electronics,5,Single,9,0,40,2,14,25,88.43,3616.28,1004.01,0.4179,32,87,15,4,Free,3,4
CUST_01662,1,11,Mobile Phone,1,90,Cash on Delivery,Female,0,4,Mobile Phone,1,Married,3,0,2,15,4,54,127.61,6351.78,557.36,0.7469,31,53,12,4,Silver,2,10
CUST_01663,0,33,Computer,2,69,E-wallet,Female,4,1,Laptop & Accessory,3,Married,3,0,32,14,13,58,7.2,3035.11,1295.67,0.4597,57,71,6,7,Free,9,1
CUST_01664,0,32,Mobile Phone,2,75,UPI,Female,1,2,Grocery,3,Married,8,0,1,18,13,40,29.45,11086.29,1835.36,0.422,40,46,9,0,Platinum,6,9
CUST_01665,0,24,Phone,2,98,Credit Card,Male,4,10,Mobile Phone,1,Single,10,0,3,11,10,15,287.7,6357.57,1558.78,0.4283,39,57,9,18,Platinum,4,7
CUST_01666,0,45,Mobile Phone,1,26,E-wallet,Female,4,9,Grocery,5,Married,3,0,29,6,17,33,218.66,10693.06,1944.3,0.5218,46,89,0,29,Free,2,6
CUST_01667,0,41,Mobile Phone,3,61,UPI,Female,0,7,Laptop & Accessory,5,Single,5,0,44,17,19,79,278.42,4033.49,2032.51,0.6016,34,69,8,22,Platinum,10,3
CUST_01668,0,32,Mobile Phone,2,68,UPI,Male,1,8,Fashion,2,Divorced,7,0,35,3,3,63,286.17,2068.87,382.94,0.5961,36,70,13,23,Free,5,2
CUST_01669,0,44,Mobile Phone,1,71,UPI,Female,4,7,Mobile Phone,2,Single,9,1,21,16,17,32,29.47,11000.42,2480.24,0.573,41,74,1,26,Platinum,8,3
CUST_01670,0,46,Mobile Phone,1,17,E-wallet,Male,2,10,Grocery,4,Divorced,1,0,19,3,13,81,378.35,5793.16,450.83,0.2537,31,1,0,17,Platinum,6,4
CUST_01671,0,34,Phone,2,77,UPI,Male,2,1,Mobile Phone,2,Married,2,0,24,15,11,17,387.74,9537.64,1859.68,0.1813,47,77,3,20,Gold,6,0
CUST_01672,1,16,Phone,1,23,Debit Card,Female,0,1,Mobile Phone,1,Married,9,0,14,0,2,15,13.66,3853.53,1444.42,0.3018,18,55,3,24,Free,8,1
CUST_01673,0,46,Mobile Phone,1,44,Cash on Delivery,Female,4,7,Others,4,Single,6,0,0,8,12,1,27.12,1401.56,1320.0,0.3898,63,50,6,0,Free,6,5
CUST_01674,0,43,Mobile Phone,2,73,Cash on Delivery,Male,0,10,Others,2,Divorced,8,0,41,18,7,8,327.88,7639.29,2259.47,0.6092,37,85,14,9,Silver,6,8
CUST_01675,0,59,Computer,1,30,Credit Card,Male,1,6,Mobile Phone,3,Single,1,0,27,9,0,28,243.2,3232.81,1984.39,0.3929,68,63,8,6,Silver,5,10
CUST_01676,0,9,Computer,3,17,UPI,Female,2,10,Grocery,4,Married,1,0,44,0,3,4,396.69,11008.8,189.59,0.2756,42,53,5,18,Silver,7,4
CUST_01677,1,25,Mobile Phone,1,69,Cash on Delivery,Male,4,5,Fashion,3,Single,8,1,29,19,1,34,98.76,3597.98,1587.22,0.4029,50,88,10,16,Gold,0,10
CUST_01678,0,56,Computer,1,31,E-wallet,Female,2,7,Mobile Phone,5,Married,4,0,19,12,6,6,318.19,3508.01,1262.02,0.0552,60,51,5,5,Free,4,8
CUST_01679,0,31,Mobile Phone,1,84,Debit Card,Male,5,6,Laptop & Accessory,4,Married,10,0,3,9,3,3,209.87,9071.77,1063.07,0.4036,62,52,12,3,Silver,2,2
CUST_01680,0,57,Computer,1,91,UPI,Male,3,9,Others,5,Married,5,0,38,18,18,53,222.07,4590.61,132.69,0.3882,54,9,3,26,Free,10,2
CUST_01681,0,0,Mobile Phone,3,38,E-wallet,Male,1,7,Laptop & Accessory,5,Married,9,0,30,12,6,50,83.56,1801.05,2201.33,0.4428,37,0,7,4,Free,8,5
CUST_01682,0,2,Mobile Phone,3,75,UPI,Male,1,5,Fashion,4,Married,6,0,44,12,8,72,242.7,2946.2,851.43,0.6483,36,35,2,25,Silver,8,1
CUST_01683,0,48,Mobile Phone,3,26,UPI,Female,4,3,Mobile Phone,3,Married,7,0,12,14,15,41,164.27,7993.0,2497.94,0.4264,53,1,15,25,Gold,2,5
CUST_01684,0,21,Computer,2,94,Credit Card,Female,2,4,Electronics,3,Single,7,0,19,3,2,78,88.25,1571.49,2046.82,0.4219,57,51,0,25,Free,4,1
CUST_01685,0,31,Mobile Phone,1,28,Credit Card,Female,3,1,Laptop & Accessory,4,Married,2,0,12,2,7,44,334.82,8386.96,2016.98,0.51,48,70,3,23,Free,0,4
CUST_01686,0,26,Computer,1,89,Cash on Delivery,Female,2,2,Grocery,1,Married,8,0,8,12,4,24,85.68,11380.14,1501.45,0.7279,26,29,13,24,Gold,1,3
CUST_01687,0,24,Computer,1,80,E-wallet,Male,1,6,Fashion,3,Single,10,0,45,16,10,12,120.13,1725.66,2082.57,0.5444,44,4,3,6,Silver,5,2
CUST_01688,0,57,Computer,3,35,Cash on Delivery,Female,3,1,Grocery,2,Married,4,0,18,20,17,44,34.74,3411.12,665.03,0.1465,33,80,11,10,Free,7,1
CUST_01689,1,5,Mobile Phone,2,84,Cash on Delivery,Female,1,5,Mobile Phone,3,Single,4,0,0,0,11,34,270.49,4153.44,1501.86,0.3252,48,62,6,15,Silver,9,8
CUST_01690,0,47,Mobile Phone,2,65,Cash on Delivery,Female,5,1,Laptop & Accessory,5,Divorced,6,0,3,1,8,46,113.55,7084.74,1479.37,0.1011,35,7,6,27,Free,4,0
CUST_01691,0,54,Mobile Phone,2,69,Debit Card,Female,4,2,Mobile Phone,3,Married,7,0,17,20,1,88,383.15,7807.51,1105.67,0.0248,54,81,1,30,Silver,7,4
CUST_01692,0,40,Computer,2,41,UPI,Male,4,7,Grocery,3,Married,4,0,1,3,19,4,296.61,11574.33,1438.82,0.6144,19,41,12,11,Gold,2,8
CUST_01693,0,24,Phone,1,27,Debit Card,Male,1,1,Grocery,3,Married,3,0,45,11,9,32,360.47,11804.56,1901.81,0.2668,47,51,10,18,Platinum,4,8
CUST_01694,0,9,Mobile Phone,2,71,Debit Card,Female,0,4,Others,2,Married,10,0,42,9,11,12,78.57,3908.39,508.33,0.1999,64,73,4,29,Free,6,4
CUST_01695,0,41,Phone,2,10,UPI,Male,0,2,Others,4,Single,9,0,46,3,10,72,255.91,2561.28,2441.89,0.3637,23,21,7,22,Gold,5,0
CUST_01696,0,28,Mobile Phone,3,38,Cash on Delivery,Female,5,1,Electronics,2,Single,6,0,43,16,10,48,351.94,3067.85,1198.94,0.1537,40,17,5,15,Free,4,8
CUST_01697,0,9,Mobile Phone,1,18,E-wallet,Female,5,3,Laptop & Accessory,5,Married,4,0,2,16,2,11,384.61,7363.1,1747.48,0.0354,65,84,5,20,Gold,4,9
CUST_01698,0,21,Mobile Phone,1,5,Debit Card,Female,4,2,Electronics,1,Single,4,0,33,5,9,72,260.09,3294.53,2271.14,0.5017,34,10,14,28,Gold,8,1
CUST_01699,0,58,Computer,2,5,Debit Card,Male,3,1,Electronics,2,Single,4,1,43,17,8,11,379.04,9804.43,2422.93,0.1646,50,46,11,12,Platinum,4,8
CUST_01700,0,16,Mobile Phone,3,14,Credit Card,Male,1,7,Electronics,4,Married,6,0,43,12,16,70,59.05,5607.14,1487.28,0.0199,57,23,3,20,Free,3,6
CUST_01701,1,10,Mobile Phone,3,95,E-wallet,Male,4,2,Grocery,1,Single,1,0,23,4,8,90,16.23,230.45,2400.77,0.5535,49,16,13,25,Free,0,3
CUST_01702,0,41,Computer,2,79,Cash on Delivery,Female,3,10,Electronics,3,Single,7,0,47,5,17,46,186.03,9460.64,1460.67,0.7106,46,81,13,14,Silver,5,10
CUST_01703,1,12,Mobile Phone,1,99,Debit Card,Female,3,5,Grocery,2,Single,6,0,8,0,13,59,126.93,5128.64,674.92,0.0873,24,37,2,2,Free,3,7
CUST_01704,0,56,Mobile Phone,1,13,E-wallet,Male,0,5,Grocery,5,Single,2,0,35,11,2,2,370.4,11915.04,1401.34,0.349,64,89,3,2,Silver,3,2
CUST_01705,0,52,Mobile Phone,2,100,Cash on Delivery,Male,3,9,Electronics,1,Married,3,0,13,11,18,60,6.43,9171.85,339.53,0.1565,52,69,14,18,Free,3,6
CUST_01706,0,59,Mobile Phone,1,62,UPI,Male,4,8,Laptop & Accessory,3,Single,3,1,46,3,8,13,126.82,6760.63,1828.3,0.032,54,58,14,1,Gold,9,2
CUST_01707,0,55,Mobile Phone,2,81,Debit Card,Female,4,5,Grocery,3,Single,10,0,45,13,14,38,139.9,1548.1,624.42,0.2944,18,52,1,12,Gold,9,2
CUST_01708,1,14,Mobile Phone,3,87,UPI,Female,0,10,Laptop & Accessory,5,Married,10,0,46,6,5,46,285.19,6303.13,1067.3,0.6015,65,13,3,0,Silver,4,7
CUST_01709,0,12,Computer,1,30,Credit Card,Male,0,6,Others,3,Married,8,0,3,3,15,69,0.74,7403.13,972.45,0.2321,58,51,9,27,Gold,5,3
CUST_01710,0,20,Mobile Phone,1,76,Credit Card,Female,5,8,Others,1,Married,7,0,13,3,18,71,339.96,10274.22,628.22,0.0717,56,87,4,25,Free,2,3
CUST_01711,1,28,Computer,1,67,E-wallet,Male,1,10,Laptop & Accessory,5,Divorced,10,0,19,11,0,84,373.78,9754.81,1814.02,0.4521,27,3,2,19,Silver,0,6
CUST_01712,0,53,Mobile Phone,1,44,Debit Card,Female,2,8,Others,1,Married,8,0,48,19,15,68,193.65,11239.48,831.49,0.6305,59,76,8,27,Silver,9,2
CUST_01713,0,44,Mobile Phone,2,52,Credit Card,Male,3,6,Fashion,4,Married,4,1,33,11,15,7,43.27,8542.97,2357.42,0.2589,34,38,6,8,Free,3,5
CUST_01714,0,39,Mobile Phone,1,25,E-wallet,Female,2,7,Electronics,2,Single,4,0,50,13,6,62,20.28,5808.37,66.3,0.3364,40,40,3,28,Free,10,1
CUST_01715,0,53,Mobile Phone,1,22,E-wallet,Female,5,7,Grocery,1,Married,7,0,44,18,8,15,103.37,4996.71,1160.95,0.1268,41,62,4,23,Free,3,2
CUST_01716,1,39,Mobile Phone,1,93,E-wallet,Male,5,10,Laptop & Accessory,1,Married,5,1,14,13,8,86,53.83,5770.7,1187.54,0.7434,23,70,0,27,Silver,4,3
CUST_01717,0,23,Mobile Phone,1,75,Credit Card,Female,2,8,Others,5,Married,5,1,9,17,9,78,201.18,3697.55,1482.08,0.7245,24,15,14,12,Free,4,9
CUST_01718,1,25,Phone,2,59,E-wallet,Female,1,3,Grocery,5,Single,10,1,32,11,8,28,164.07,1773.92,343.94,0.601,43,64,4,7,Platinum,9,3
CUST_01719,0,31,Phone,2,71,Debit Card,Male,5,1,Fashion,4,Divorced,10,0,39,2,18,7,76.7,3149.08,2159.0,0.0544,50,89,11,24,Free,3,10
CUST_01720,0,5,Mobile Phone,2,43,Credit Card,Female,4,8,Grocery,5,Married,7,1,11,13,19,82,333.27,8345.99,594.07,0.2255,46,21,6,14,Silver,5,2
CUST_01721,0,45,Computer,2,28,E-wallet,Male,4,5,Others,5,Married,4,0,34,14,19,32,240.12,1041.35,988.0,0.1476,42,2,14,3,Gold,8,7
CUST_01722,0,39,Computer,1,95,Debit Card,Female,2,5,Grocery,2,Divorced,5,1,20,9,9,77,250.52,4755.38,1433.17,0.0878,31,23,0,30,Free,8,8
CUST_01723,0,44,Phone,2,99,Cash on Delivery,Female,2,10,Grocery,4,Married,4,0,39,10,14,7,273.34,2197.72,61.58,0.3157,62,23,1,11,Silver,3,6
CUST_01724,0,32,Mobile Phone,1,25,Credit Card,Female,1,2,Others,3,Single,5,0,31,1,0,23,345.92,8295.0,1575.37,0.3131,30,43,12,6,Gold,2,4
CUST_01725,0,47,Mobile Phone,3,81,Credit Card,Female,2,1,Electronics,1,Married,4,0,35,9,0,37,269.97,4083.64,548.36,0.7193,30,3,7,17,Platinum,3,7
CUST_01726,0,57,Mobile Phone,1,47,E-wallet,Female,3,8,Laptop & Accessory,3,Married,5,0,1,19,15,11,53.19,6335.6,1913.14,0.5452,37,52,4,14,Silver,1,8
CUST_01727,0,34,Mobile Phone,1,72,UPI,Male,0,10,Electronics,1,Married,5,0,42,3,13,40,153.24,10047.59,754.56,0.0591,36,23,4,3,Gold,5,2
CUST_01728,0,27,Mobile Phone,1,15,E-wallet,Female,3,9,Others,4,Married,7,1,32,13,2,84,208.64,6385.18,1523.66,0.0386,40,50,2,13,Gold,5,4
CUST_01729,0,6,Phone,2,51,Credit Card,Male,3,9,Electronics,2,Married,9,1,10,15,13,16,74.09,3652.68,1274.6,0.7124,30,28,13,15,Free,10,3
CUST_01730,0,47,Phone,1,16,E-wallet,Male,5,9,Laptop & Accessory,1,Divorced,6,0,24,15,13,38,376.1,7202.68,2208.73,0.6027,50,82,10,11,Silver,4,1
CUST_01731,0,55,Mobile Phone,3,83,E-wallet,Female,0,7,Grocery,4,Single,3,0,14,18,15,7,100.93,11699.49,922.2,0.0295,48,43,10,27,Platinum,3,0
CUST_01732,0,42,Mobile Phone,1,43,E-wallet,Female,1,10,Laptop & Accessory,2,Single,2,0,6,4,10,59,308.83,6868.86,1280.89,0.6434,33,89,14,19,Silver,0,3
CUST_01733,0,52,Mobile Phone,3,30,Credit Card,Female,2,4,Electronics,3,Married,7,0,24,4,15,37,380.64,4201.94,1361.05,0.3682,66,78,2,1,Free,10,0
CUST_01734,0,52,Mobile Phone,2,72,Credit Card,Male,5,8,Others,1,Married,10,0,34,7,16,46,109.92,9265.22,321.36,0.5583,21,67,7,16,Platinum,0,5
CUST_01735,0,48,Computer,1,96,UPI,Male,1,1,Laptop & Accessory,1,Divorced,4,0,40,0,12,46,182.26,7472.04,1380.54,0.4375,33,27,8,13,Silver,0,3
CUST_01736,0,30,Mobile Phone,1,37,Credit Card,Male,5,6,Laptop & Accessory,5,Married,1,0,48,0,11,59,99.52,11610.22,1248.35,0.512,35,76,6,28,Gold,6,1
CUST_01737,0,6,Phone,1,73,Credit Card,Female,5,3,Others,3,Married,1,0,32,12,16,67,329.0,1974.51,468.91,0.2447,32,18,5,24,Free,6,1
CUST_01738,1,0,Tablet,3,71,E-wallet,Female,0,10,Electronics,3,Married,3,0,0,6,3,88,318.1,11856.83,1573.22,0.3897,29,73,7,10,Silver,3,3
CUST_01739,0,12,Computer,3,52,Cash on Delivery,Female,2,5,Electronics,4,Married,10,0,20,20,20,66,357.33,8411.01,1303.02,0.148,61,18,13,3,Silver,5,4
CUST_01740,0,26,Computer,1,82,E-wallet,Female,1,3,Mobile Phone,4,Single,8,0,22,17,18,76,25.08,7404.35,395.86,0.2975,50,47,2,20,Free,0,4
CUST_01741,0,45,Mobile Phone,1,17,E-wallet,Female,2,6,Grocery,1,Single,8,0,50,14,11,6,296.02,9153.77,1589.11,0.0702,58,7,13,1,Silver,6,3
CUST_01742,0,27,Mobile Phone,1,89,Credit Card,Female,5,1,Electronics,5,Married,4,0,6,17,18,11,231.86,1896.9,1200.68,0.4961,37,51,4,6,Free,4,9
CUST_01743,0,1,Mobile Phone,1,43,E-wallet,Female,2,2,Laptop & Accessory,4,Single,10,0,45,5,15,39,169.39,3149.35,2268.37,0.0447,44,13,1,14,Silver,10,9
CUST_01744,1,12,Computer,2,9,Credit Card,Male,3,5,Mobile Phone,2,Divorced,5,1,10,14,8,12,355.79,1514.71,1369.61,0.2222,48,77,7,28,Platinum,1,2
CUST_01745,0,59,Mobile Phone,1,99,Debit Card,Male,0,7,Mobile Phone,2,Single,5,0,34,18,9,76,346.94,5959.38,646.94,0.076,54,27,9,29,Gold,10,10
CUST_01746,0,60,Phone,1,79,Debit Card,Male,3,6,Grocery,1,Married,10,0,25,3,12,78,279.89,6203.92,1865.13,0.4992,37,89,15,2,Platinum,1,2
CUST_01747,0,23,Mobile Phone,3,83,Debit Card,Male,2,1,Mobile Phone,2,Divorced,8,0,49,11,5,54,68.83,10836.88,1088.43,0.3513,47,20,12,20,Silver,0,2
CUST_01748,0,49,Mobile Phone,2,19,Cash on Delivery,Female,5,7,Fashion,2,Single,3,0,14,20,11,44,103.85,5365.01,2094.91,0.2734,48,68,6,12,Free,8,2
CUST_01749,0,43,Mobile Phone,2,77,Credit Card,Female,4,1,Mobile Phone,2,Single,7,0,24,10,8,77,62.43,8657.59,1153.72,0.3558,23,7,0,26,Free,0,2
CUST_01750,0,56,Tablet,1,72,E-wallet,Female,1,9,Laptop & Accessory,4,Single,4,1,33,17,11,51,102.5,4906.99,566.5,0.1209,18,51,0,27,Silver,0,3
CUST_01751,1,54,Mobile Phone,3,91,E-wallet,Female,3,1,Electronics,2,Divorced,7,1,9,1,8,86,309.27,9594.64,1271.24,0.6684,68,87,12,29,Silver,6,2
CUST_01752,0,38,Mobile Phone,2,40,Cash on Delivery,Female,2,1,Grocery,3,Divorced,2,0,13,7,1,73,133.44,1486.61,303.14,0.2599,49,20,4,22,Silver,5,0
CUST_01753,0,24,Mobile Phone,2,94,Credit Card,Female,2,6,Others,3,Married,1,0,38,1,15,30,113.05,1335.27,1016.26,0.5032,49,7,9,15,Platinum,4,0
CUST_01754,1,38,Computer,1,72,UPI,Female,2,9,Grocery,1,Married,10,0,39,15,10,58,99.56,3935.3,1435.69,0.7093,20,54,14,3,Free,3,0
CUST_01755,0,19,Tablet,3,29,Cash on Delivery,Female,4,8,Electronics,1,Married,1,1,34,12,4,12,20.19,11947.68,1562.39,0.0934,69,67,4,2,Free,8,5
CUST_01756,1,21,Mobile Phone,2,25,Debit Card,Male,1,7,Fashion,1,Single,5,1,9,4,4,4,136.09,6455.13,971.86,0.5077,58,24,13,14,Platinum,10,7
CUST_01757,0,37,Phone,3,91,Debit Card,Female,0,2,Fashion,4,Single,2,1,10,16,10,7,37.78,7852.39,433.26,0.0059,35,24,5,3,Silver,8,9
CUST_01758,0,34,Mobile Phone,2,66,UPI,Female,1,10,Fashion,4,Married,1,0,46,11,16,89,224.77,1267.52,834.35,0.7114,66,53,9,16,Silver,0,4
CUST_01759,1,35,Computer,2,16,E-wallet,Male,4,1,Others,1,Single,8,1,45,15,5,11,73.97,4738.13,1296.83,0.254,57,50,0,22,Free,6,3
CUST_01760,0,23,Mobile Phone,2,17,Credit Card,Male,1,4,Fashion,4,Married,3,0,20,14,17,18,108.68,11179.18,1388.13,0.2179,46,24,8,17,Silver,5,8
CUST_01761,0,24,Mobile Phone,3,84,UPI,Male,0,8,Others,5,Single,8,0,28,19,16,62,191.34,6880.46,2110.73,0.2302,18,0,11,20,Gold,3,8
CUST_01762,0,0,Computer,1,21,Debit Card,Female,2,7,Mobile Phone,1,Married,6,0,2,4,0,15,152.44,780.84,180.21,0.7425,19,35,10,22,Platinum,7,8
CUST_01763,0,36,Mobile Phone,1,26,UPI,Male,5,8,Electronics,1,Single,7,0,33,10,2,10,128.6,10216.38,1363.9,0.2222,32,0,14,7,Free,5,10
CUST_01764,0,35,Mobile Phone,2,63,Credit Card,Female,5,8,Mobile Phone,4,Single,7,0,5,3,15,63,382.64,1366.21,503.9,0.6836,34,73,15,14,Gold,10,8
CUST_01765,0,57,Phone,2,87,E-wallet,Male,5,10,Fashion,2,Single,2,0,4,13,11,86,23.34,7461.32,2214.32,0.6741,54,30,8,23,Free,6,0
CUST_01766,0,30,Tablet,2,37,UPI,Male,4,6,Others,2,Divorced,5,0,27,7,2,11,352.14,1905.71,1729.76,0.6413,23,6,7,17,Gold,3,2
CUST_01767,0,28,Mobile Phone,2,68,E-wallet,Male,4,9,Electronics,3,Single,8,0,43,13,20,59,371.41,10480.3,713.01,0.1189,31,64,0,7,Gold,10,6
CUST_01768,1,4,Computer,2,72,Credit Card,Female,4,2,Fashion,1,Married,3,0,46,1,0,48,387.16,11681.43,1473.73,0.4948,21,66,12,11,Free,6,4
CUST_01769,0,12,Computer,2,62,UPI,Male,0,2,Fashion,3,Married,2,0,21,7,8,86,344.82,3180.87,2171.1,0.2849,46,88,2,17,Gold,7,2
CUST_01770,0,20,Mobile Phone,1,70,Cash on Delivery,Female,2,1,Electronics,2,Single,5,0,26,9,0,86,323.94,10188.19,406.67,0.3546,51,69,14,3,Platinum,2,1
CUST_01771,0,23,Phone,3,26,Cash on Delivery,Male,3,3,Laptop & Accessory,5,Married,9,0,27,0,19,51,94.69,10883.08,827.73,0.1156,62,41,11,11,Gold,2,6
CUST_01772,1,22,Mobile Phone,1,64,Credit Card,Male,2,2,Others,4,Single,4,0,22,2,9,80,72.06,9135.68,1221.17,0.7329,53,33,3,14,Silver,6,10
CUST_01773,0,24,Computer,2,5,Cash on Delivery,Male,4,9,Grocery,2,Married,4,1,36,17,13,18,241.09,9338.44,659.76,0.1992,23,61,4,21,Free,3,0
CUST_01774,0,46,Mobile Phone,3,75,Credit Card,Male,5,5,Mobile Phone,4,Married,2,0,39,10,17,53,214.2,8446.6,376.89,0.6439,50,16,6,15,Free,0,2
CUST_01775,0,7,Mobile Phone,1,81,UPI,Male,3,5,Electronics,3,Married,8,1,23,1,5,15,288.35,931.01,517.89,0.0452,28,51,7,21,Free,4,0
CUST_01776,1,20,Mobile Phone,1,81,Credit Card,Female,0,7,Others,3,Married,4,1,11,2,6,2,46.99,4332.47,862.9,0.5942,26,29,11,26,Free,3,10
CUST_01777,0,9,Mobile Phone,1,7,Credit Card,Female,2,4,Fashion,4,Single,2,1,42,20,13,69,114.43,3755.12,1911.38,0.5976,28,85,4,25,Free,10,0
CUST_01778,0,18,Phone,2,92,Cash on Delivery,Female,1,6,Fashion,2,Married,2,0,34,3,19,51,268.89,2583.57,2458.07,0.1957,27,16,3,8,Platinum,4,3
CUST_01779,0,41,Tablet,1,46,Cash on Delivery,Male,2,1,Others,3,Married,4,0,20,17,3,0,244.75,5573.69,577.72,0.4256,64,51,6,8,Free,4,8
CUST_01780,0,2,Mobile Phone,1,12,E-wallet,Female,1,8,Fashion,3,Divorced,3,0,11,5,8,73,139.45,3201.24,2042.61,0.2233,33,25,5,30,Platinum,0,3
CUST_01781,0,20,Mobile Phone,3,56,Cash on Delivery,Male,0,9,Others,4,Divorced,5,1,20,2,5,79,59.24,6357.97,1142.12,0.158,31,24,4,12,Platinum,7,4
CUST_01782,0,1,Mobile Phone,1,59,UPI,Male,1,1,Others,2,Married,5,0,43,17,3,36,343.15,5819.5,337.77,0.4637,39,63,5,4,Silver,2,3
CUST_01783,0,58,Mobile Phone,2,43,Credit Card,Female,2,1,Grocery,5,Married,5,0,16,2,4,2,332.45,194.97,1515.28,0.544,25,64,12,7,Free,7,9
CUST_01784,0,44,Mobile Phone,2,76,Cash on Delivery,Female,0,2,Laptop & Accessory,2,Single,4,0,44,17,9,26,58.48,1661.29,1008.39,0.5345,30,76,15,6,Gold,1,10
CUST_01785,1,14,Phone,1,57,Debit Card,Female,0,7,Laptop & Accessory,1,Married,1,0,12,15,2,55,299.72,7084.81,802.88,0.6289,59,78,1,16,Platinum,7,2
CUST_01786,0,12,Computer,1,25,Credit Card,Male,1,8,Mobile Phone,3,Divorced,8,0,9,20,13,4,56.77,11752.63,960.0,0.5364,65,80,11,21,Free,10,4
CUST_01787,1,6,Mobile Phone,3,64,Cash on Delivery,Female,3,9,Laptop & Accessory,2,Single,6,0,3,11,3,35,180.57,6954.63,1303.62,0.2868,63,77,5,1,Free,10,2
CUST_01788,0,28,Mobile Phone,2,30,UPI,Male,3,8,Electronics,3,Married,2,0,7,19,10,20,186.45,11167.26,1272.21,0.7344,19,11,8,21,Gold,5,1
CUST_01789,0,45,Computer,1,16,Credit Card,Male,2,6,Grocery,5,Single,1,0,13,13,4,55,160.73,11905.32,1020.56,0.7169,49,72,6,27,Free,3,1
CUST_01790,1,35,Mobile Phone,2,30,UPI,Male,3,8,Fashion,1,Single,10,1,36,0,9,18,136.87,8244.86,314.49,0.3389,43,81,7,10,Silver,6,9
CUST_01791,0,53,Mobile Phone,2,91,Cash on Delivery,Male,1,3,Electronics,1,Married,10,0,26,6,3,71,187.02,7116.05,1317.05,0.7284,62,8,7,10,Free,8,9
CUST_01792,1,20,Mobile Phone,1,59,UPI,Male,4,8,Laptop & Accessory,2,Single,2,0,33,0,3,27,284.7,6998.1,2251.51,0.7373,68,73,10,26,Gold,9,6
CUST_01793,0,16,Mobile Phone,2,35,Cash on Delivery,Male,0,2,Grocery,3,Married,5,0,4,18,6,10,132.42,2497.43,1019.76,0.5577,35,42,12,10,Free,0,8
CUST_01794,0,29,Mobile Phone,2,40,UPI,Male,0,10,Fashion,1,Single,6,0,31,8,14,24,232.05,2078.55,1377.38,0.6057,70,33,14,24,Silver,3,10
CUST_01795,0,12,Computer,1,87,Debit Card,Female,5,1,Laptop & Accessory,4,Married,5,0,33,11,8,86,143.45,3652.01,1604.25,0.0856,34,39,13,12,Silver,5,0
CUST_01796,0,59,Mobile Phone,3,68,Debit Card,Male,2,10,Fashion,4,Married,9,0,25,16,7,72,388.43,4035.11,1100.01,0.2027,35,41,3,3,Platinum,1,7
CUST_01797,0,11,Computer,1,79,Debit Card,Female,3,5,Laptop & Accessory,4,Married,6,0,32,11,12,54,273.49,3404.22,1997.77,0.0918,47,89,14,10,Free,6,8
CUST_01798,0,29,Mobile Phone,1,63,E-wallet,Male,2,7,Laptop & Accessory,3,Single,3,1,6,19,20,18,340.91,2388.68,132.87,0.1149,51,79,11,30,Silver,1,5
CUST_01799,0,31,Phone,1,100,Debit Card,Female,3,2,Mobile Phone,5,Single,8,0,25,20,16,34,172.84,9070.88,337.94,0.5829,68,13,6,20,Platinum,1,8
CUST_01800,0,3,Mobile Phone,2,68,Cash on Delivery,Female,4,4,Mobile Phone,4,Married,9,0,36,4,8,42,102.54,4538.02,116.73,0.1535,60,83,3,22,Silver,7,2
CUST_01801,0,28,Mobile Phone,2,43,Debit Card,Female,4,9,Grocery,5,Married,1,0,7,16,10,89,31.59,7023.72,2349.03,0.2835,65,41,10,29,Platinum,7,0
CUST_01802,0,27,Mobile Phone,3,29,UPI,Male,1,1,Electronics,1,Married,9,0,8,3,4,29,326.82,4834.01,287.82,0.3274,30,78,12,13,Free,10,2
CUST_01803,0,15,Mobile Phone,1,9,Cash on Delivery,Male,3,2,Fashion,4,Married,8,0,38,14,15,73,279.26,5328.92,2035.15,0.0513,69,66,7,15,Silver,10,1
CUST_01804,0,7,Mobile Phone,2,78,UPI,Male,4,7,Grocery,2,Divorced,10,0,27,11,18,26,328.49,5168.34,283.56,0.646,47,64,11,23,Gold,4,10
CUST_01805,1,2,Computer,2,94,Cash on Delivery,Male,2,9,Laptop & Accessory,1,Single,10,0,11,18,18,14,271.66,6949.85,1123.68,0.6343,60,5,11,25,Silver,7,7
CUST_01806,1,0,Mobile Phone,1,68,E-wallet,Female,2,5,Electronics,1,Single,1,0,17,3,4,70,15.11,2856.29,1382.13,0.0144,69,36,11,12,Free,3,1
CUST_01807,0,29,Mobile Phone,1,51,E-wallet,Female,3,1,Grocery,1,Divorced,5,0,44,20,15,8,169.94,11800.54,1981.81,0.4441,41,81,5,10,Free,5,2
CUST_01808,1,5,Mobile Phone,3,17,E-wallet,Female,3,2,Fashion,1,Married,1,0,16,10,3,69,132.61,7252.65,432.55,0.4489,65,30,4,10,Gold,9,0
CUST_01809,0,58,Computer,1,66,Credit Card,Female,1,9,Others,3,Single,1,0,18,17,0,83,173.41,8369.01,1642.3,0.4688,23,64,6,12,Free,3,0
CUST_01810,0,14,Phone,2,24,Cash on Delivery,Female,5,3,Mobile Phone,4,Married,10,0,42,17,15,13,267.21,4215.38,2177.76,0.194,64,32,15,1,Free,4,0
CUST_01811,0,39,Computer,2,64,Cash on Delivery,Male,3,6,Fashion,3,Single,3,0,10,16,8,53,226.49,10338.07,2374.14,0.1269,67,12,0,27,Silver,1,7
CUST_01812,0,41,Computer,1,33,UPI,Male,3,10,Others,1,Married,1,0,23,5,6,15,254.25,4468.11,2459.26,0.065,50,38,5,14,Platinum,1,10
CUST_01813,1,30,Computer,3,88,Debit Card,Female,1,4,Laptop & Accessory,4,Married,10,0,15,4,10,42,84.19,10020.23,2321.73,0.5409,47,62,14,1,Silver,8,7
CUST_01814,0,53,Computer,3,94,Credit Card,Female,4,1,Grocery,1,Married,5,0,25,1,8,42,198.48,2799.87,902.12,0.3693,51,84,14,30,Silver,2,0
CUST_01815,0,6,Mobile Phone,2,27,E-wallet,Male,5,9,Grocery,5,Divorced,2,0,13,18,5,7,94.07,10051.42,532.05,0.4596,58,57,3,15,Platinum,6,0
CUST_01816,0,14,Computer,2,36,E-wallet,Female,4,8,Electronics,2,Married,3,0,45,12,9,16,204.45,11416.7,1084.32,0.4182,30,42,2,28,Free,8,7
CUST_01817,0,15,Computer,2,93,Credit Card,Male,3,7,Others,1,Single,1,0,6,18,0,49,118.01,2514.74,572.61,0.4934,41,11,2,25,Free,4,1
CUST_01818,0,8,Mobile Phone,2,6,UPI,Female,3,10,Fashion,2,Married,7,0,28,7,16,76,86.86,497.39,2323.76,0.5291,60,78,6,25,Silver,9,0
CUST_01819,0,17,Computer,1,54,UPI,Female,1,8,Laptop & Accessory,5,Married,10,0,32,12,19,24,376.13,9901.23,1176.5,0.1587,58,87,1,18,Silver,9,2
CUST_01820,0,19,Mobile Phone,1,18,Credit Card,Female,0,7,Fashion,5,Married,4,0,40,1,12,76,107.2,7045.18,809.13,0.516,58,47,0,19,Platinum,8,8
CUST_01821,0,46,Mobile Phone,1,46,UPI,Female,3,4,Laptop & Accessory,3,Single,9,0,4,13,13,17,250.37,3010.89,2304.09,0.207,39,46,9,3,Silver,6,7
CUST_01822,0,18,Mobile Phone,2,8,E-wallet,Male,1,1,Electronics,5,Single,4,0,44,18,15,2,250.57,6472.65,782.13,0.0208,40,74,1,2,Silver,10,6
CUST_01823,0,53,Computer,2,18,Debit Card,Female,0,8,Grocery,2,Divorced,5,0,12,13,10,35,230.67,11809.55,1266.97,0.6142,49,48,7,1,Gold,8,3
CUST_01824,0,47,Phone,1,43,Cash on Delivery,Male,4,9,Electronics,3,Married,3,1,35,17,20,0,287.51,11308.18,1173.51,0.5637,63,12,7,17,Free,1,3
CUST_01825,0,55,Mobile Phone,3,10,E-wallet,Female,2,7,Fashion,3,Married,1,0,2,11,6,3,243.34,3759.18,2104.23,0.5644,53,62,9,27,Platinum,7,3
CUST_01826,0,6,Mobile Phone,1,81,UPI,Male,5,7,Others,2,Married,2,1,7,9,14,27,339.85,8297.16,1237.77,0.2818,30,17,13,12,Silver,5,10
CUST_01827,0,60,Mobile Phone,1,60,Credit Card,Male,5,8,Others,2,Single,6,0,27,3,5,54,10.19,6175.99,912.65,0.5802,20,18,5,12,Silver,2,5
CUST_01828,0,37,Mobile Phone,1,48,Debit Card,Male,0,3,Others,3,Single,1,0,6,5,5,87,29.51,3509.57,354.68,0.2174,62,22,10,19,Silver,7,2
CUST_01829,0,59,Tablet,2,50,Credit Card,Female,4,2,Electronics,4,Single,9,0,22,13,9,56,221.65,1802.13,1371.65,0.2235,23,54,11,14,Free,10,3
CUST_01830,0,21,Mobile Phone,1,85,Debit Card,Female,2,7,Mobile Phone,3,Single,10,0,22,8,16,61,159.86,1611.78,1680.76,0.2744,51,15,9,24,Silver,10,6
CUST_01831,1,58,Mobile Phone,2,86,Cash on Delivery,Male,4,10,Laptop & Accessory,1,Married,3,0,24,7,8,63,84.82,388.01,683.45,0.5426,54,29,6,5,Free,7,6
CUST_01832,0,35,Mobile Phone,2,9,Debit Card,Male,0,2,Others,3,Single,3,1,3,11,17,47,141.11,7699.18,1677.32,0.1862,20,75,0,24,Silver,10,1
CUST_01833,0,4,Tablet,1,70,UPI,Female,2,1,Others,5,Single,2,0,37,11,8,2,259.78,3323.39,1181.91,0.0558,38,80,3,14,Gold,4,0
CUST_01834,0,25,Mobile Phone,3,50,E-wallet,Female,3,8,Others,1,Married,5,1,15,16,9,31,341.26,7066.78,156.83,0.1944,36,28,13,4,Free,3,3
CUST_01835,0,8,Computer,1,80,Debit Card,Male,2,5,Grocery,5,Married,10,1,36,18,10,15,72.62,9098.34,157.81,0.3444,21,81,6,12,Silver,6,6
CUST_01836,0,57,Mobile Phone,2,80,E-wallet,Female,3,10,Others,1,Single,4,0,10,2,13,50,116.93,157.53,195.47,0.2392,54,30,5,22,Silver,9,9
CUST_01837,1,18,Mobile Phone,1,72,Debit Card,Male,0,5,Fashion,1,Single,8,1,10,2,9,70,56.01,5375.53,1067.49,0.5398,35,68,14,24,Silver,1,1
CUST_01838,0,13,Computer,2,69,Cash on Delivery,Female,0,6,Laptop & Accessory,1,Married,4,0,1,17,10,38,398.65,3333.86,2058.83,0.058,56,2,8,24,Free,5,8
CUST_01839,0,33,Mobile Phone,3,25,Credit Card,Female,3,1,Mobile Phone,2,Married,5,1,43,20,1,52,7.96,7402.68,839.59,0.492,55,15,15,2,Free,9,0
CUST_01840,0,25,Computer,1,86,Debit Card,Male,2,10,Others,2,Married,5,0,20,11,2,58,63.09,1806.54,1590.81,0.2354,37,28,13,6,Free,1,8
CUST_01841,0,5,Mobile Phone,1,72,E-wallet,Female,3,4,Grocery,5,Single,10,0,6,11,2,0,153.92,6888.49,2119.89,0.1379,40,42,3,19,Gold,1,3
CUST_01842,0,49,Computer,1,31,UPI,Female,2,5,Others,3,Married,5,0,12,15,15,68,79.57,7074.46,1421.7,0.1749,30,49,0,27,Gold,0,1
CUST_01843,0,51,Computer,1,27,UPI,Male,0,7,Others,4,Married,7,1,6,19,7,66,272.08,7709.89,2312.68,0.1489,18,87,0,30,Silver,8,9
CUST_01844,0,45,Computer,3,53,UPI,Male,4,9,Electronics,5,Married,9,1,5,7,9,87,9.15,1303.34,800.39,0.6457,27,5,5,4,Platinum,10,8
CUST_01845,1,37,Mobile Phone,2,37,Debit Card,Male,0,8,Laptop & Accessory,1,Divorced,10,0,3,4,11,37,205.93,11752.75,1296.83,0.2216,23,32,13,8,Free,5,2
CUST_01846,0,24,Computer,2,69,E-wallet,Male,4,8,Mobile Phone,2,Married,9,0,37,17,7,88,78.66,5294.05,1385.29,0.6096,69,37,15,25,Silver,10,7
CUST_01847,0,33,Tablet,3,44,Debit Card,Female,0,2,Fashion,5,Single,2,0,29,1,2,23,252.78,5560.34,479.07,0.2176,28,29,15,22,Free,10,2
CUST_01848,1,31,Mobile Phone,3,21,Credit Card,Male,5,1,Laptop & Accessory,4,Married,2,0,46,2,9,36,46.9,8644.69,1273.67,0.0028,38,44,1,10,Free,6,10
CUST_01849,0,10,Mobile Phone,3,42,E-wallet,Female,1,9,Others,1,Married,5,0,49,13,7,68,78.99,11099.59,1648.63,0.0051,48,19,10,2,Free,8,5
CUST_01850,0,4,Phone,1,83,Credit Card,Male,5,10,Mobile Phone,2,Single,4,0,31,6,12,45,332.0,8242.81,294.04,0.2758,39,39,5,2,Free,7,10
CUST_01851,1,15,Mobile Phone,1,84,E-wallet,Male,0,7,Fashion,2,Single,7,0,27,11,13,32,360.02,8033.79,1622.14,0.6406,67,6,1,14,Silver,3,6
CUST_01852,0,27,Computer,1,34,Debit Card,Female,2,10,Electronics,1,Single,5,1,47,10,15,52,144.54,8366.65,1336.95,0.4438,26,14,14,3,Silver,6,5
CUST_01853,1,9,Computer,1,81,Credit Card,Female,2,4,Laptop & Accessory,3,Divorced,5,1,48,15,10,41,235.03,8178.13,959.33,0.5096,61,6,7,11,Silver,0,6
CUST_01854,0,6,Mobile Phone,1,13,Debit Card,Male,0,4,Grocery,4,Married,1,0,8,3,19,8,270.15,6530.62,984.42,0.311,37,55,1,7,Platinum,8,2
CUST_01855,0,51,Computer,1,99,Cash on Delivery,Male,2,2,Laptop & Accessory,2,Married,4,0,30,12,20,78,304.35,6231.24,2146.77,0.2065,54,15,7,22,Gold,0,6
CUST_01856,1,22,Computer,1,78,UPI,Female,1,8,Others,2,Married,6,1,39,15,14,69,214.29,5767.89,2410.18,0.4822,69,78,10,21,Free,3,2
CUST_01857,0,35,Mobile Phone,1,8,Credit Card,Male,2,7,Electronics,3,Married,7,0,44,10,19,13,231.45,9175.13,916.48,0.4346,24,37,8,29,Free,1,6
CUST_01858,0,31,Phone,1,72,Debit Card,Male,2,3,Fashion,5,Married,2,0,20,6,20,19,313.44,5662.27,1173.75,0.0261,44,23,11,9,Platinum,2,1
CUST_01859,0,44,Mobile Phone,1,52,Debit Card,Male,1,10,Electronics,4,Single,7,1,32,18,17,51,218.57,1736.3,1231.36,0.4148,43,51,6,23,Silver,1,1
CUST_01860,0,45,Mobile Phone,1,89,Cash on Delivery,Female,4,1,Mobile Phone,5,Single,6,0,24,2,3,41,215.14,5915.51,1651.27,0.4731,55,4,3,1,Platinum,5,1
CUST_01861,1,18,Phone,2,28,E-wallet,Female,3,8,Laptop & Accessory,3,Married,3,1,32,6,14,9,113.2,7676.7,640.0,0.2763,55,48,9,5,Free,1,5
CUST_01862,0,51,Mobile Phone,2,90,Debit Card,Male,5,3,Laptop & Accessory,1,Married,9,0,33,11,3,32,335.28,6822.92,923.57,0.2565,67,49,2,22,Platinum,2,2
CUST_01863,1,22,Phone,2,88,E-wallet,Female,4,8,Mobile Phone,1,Married,5,0,29,5,6,88,176.73,7450.44,391.92,0.5906,43,38,6,25,Gold,4,2
CUST_01864,0,50,Mobile Phone,1,31,UPI,Female,1,5,Electronics,1,Divorced,3,1,39,13,16,25,221.09,4644.39,69.84,0.2782,66,68,12,19,Silver,5,4
CUST_01865,0,24,Mobile Phone,1,46,Credit Card,Female,1,3,Grocery,3,Married,8,0,3,16,11,28,252.97,2180.52,508.64,0.2148,66,79,2,0,Free,9,5
CUST_01866,1,6,Mobile Phone,1,66,Debit Card,Male,5,1,Mobile Phone,2,Single,2,1,3,11,13,74,216.27,8677.13,160.49,0.5885,64,65,3,1,Silver,10,10
CUST_01867,1,46,Computer,1,28,E-wallet,Male,1,7,Electronics,2,Single,7,1,42,7,8,82,176.96,547.4,643.69,0.7386,35,75,4,21,Gold,6,1
CUST_01868,0,1,Computer,1,100,E-wallet,Female,0,2,Fashion,5,Married,7,0,19,12,18,17,194.21,3131.04,932.67,0.1386,66,38,12,1,Free,3,6
CUST_01869,1,47,Phone,3,23,Cash on Delivery,Female,3,5,Laptop & Accessory,1,Married,5,0,19,11,7,33,39.98,11194.76,206.91,0.2838,24,35,0,1,Gold,0,6
CUST_01870,0,2,Tablet,1,28,Debit Card,Female,5,10,Electronics,1,Married,3,0,39,17,14,76,328.91,4481.61,2402.7,0.002,50,4,14,25,Platinum,6,5
CUST_01871,1,12,Computer,1,53,Cash on Delivery,Male,1,9,Fashion,2,Single,3,1,27,12,16,77,32.35,4075.03,380.36,0.3643,24,46,8,26,Silver,8,8
CUST_01872,0,36,Computer,2,50,Cash on Delivery,Female,3,5,Grocery,4,Married,3,0,27,0,0,36,394.82,1584.43,2147.82,0.2121,63,86,0,12,Silver,9,8
CUST_01873,0,57,Mobile Phone,2,9,Cash on Delivery,Male,2,8,Grocery,5,Married,2,0,47,6,17,69,387.92,3084.11,1800.49,0.6192,39,80,15,27,Platinum,5,9
CUST_01874,0,24,Phone,1,92,UPI,Male,2,9,Laptop & Accessory,2,Single,10,0,17,7,14,27,352.93,4140.76,1934.34,0.6868,60,10,4,5,Silver,6,10
CUST_01875,0,7,Computer,1,28,UPI,Male,2,7,Laptop & Accessory,2,Married,9,0,13,7,4,21,30.65,3427.49,594.19,0.0871,53,17,0,20,Silver,7,9
CUST_01876,1,14,Phone,3,14,E-wallet,Female,0,3,Laptop & Accessory,3,Single,6,0,2,18,4,85,10.37,3063.42,2350.64,0.6479,70,81,11,18,Silver,1,3
CUST_01877,0,54,Mobile Phone,1,54,E-wallet,Male,2,9,Mobile Phone,5,Married,9,0,48,0,1,58,246.94,11168.34,613.94,0.1612,27,32,9,7,Free,5,1
CUST_01878,0,44,Mobile Phone,2,94,UPI,Female,1,1,Mobile Phone,1,Married,7,1,0,15,9,71,66.17,6770.23,103.85,0.231,64,52,9,24,Platinum,6,5
CUST_01879,1,6,Computer,2,5,Debit Card,Male,4,6,Others,5,Single,7,0,21,5,1,21,376.24,688.33,427.91,0.6643,28,54,4,6,Free,6,4
CUST_01880,0,23,Mobile Phone,1,51,UPI,Female,1,8,Electronics,5,Married,8,0,21,11,14,1,262.88,11180.2,908.32,0.2739,46,37,8,21,Silver,6,5
CUST_01881,0,16,Mobile Phone,2,92,UPI,Female,5,6,Others,2,Married,6,0,47,6,1,1,343.63,9727.95,247.3,0.0126,19,40,9,6,Free,3,0
CUST_01882,0,10,Tablet,1,90,Cash on Delivery,Female,0,4,Fashion,4,Single,6,0,24,1,13,63,397.66,1294.51,2038.49,0.0389,18,76,7,6,Silver,3,9
CUST_01883,0,51,Mobile Phone,1,21,Debit Card,Female,2,5,Mobile Phone,4,Married,2,0,0,0,15,27,375.32,2899.54,1423.35,0.2533,42,50,5,9,Gold,10,4
CUST_01884,1,37,Mobile Phone,1,64,Credit Card,Female,1,5,Fashion,1,Married,7,1,11,8,8,47,42.07,2389.05,2320.32,0.6633,70,89,15,12,Silver,6,6
CUST_01885,0,10,Mobile Phone,3,85,E-wallet,Female,2,8,Others,3,Married,5,0,26,17,7,64,393.01,8316.29,1489.27,0.0665,38,3,7,15,Silver,0,5
CUST_01886,0,39,Mobile Phone,1,69,E-wallet,Female,4,10,Fashion,2,Single,3,1,40,7,14,69,28.11,7256.74,205.75,0.1467,46,11,12,8,Silver,8,10
CUST_01887,0,25,Computer,1,68,Credit Card,Male,5,8,Grocery,1,Married,5,0,2,18,18,16,311.37,9216.87,1364.03,0.7255,38,44,5,1,Silver,6,8
CUST_01888,0,3,Tablet,3,79,Debit Card,Female,4,4,Laptop & Accessory,3,Single,9,0,36,19,19,52,299.73,6140.11,242.61,0.3086,67,61,8,6,Silver,8,2
CUST_01889,0,27,Tablet,1,48,UPI,Male,3,2,Others,4,Single,5,0,8,3,13,57,85.18,3696.63,2350.05,0.6545,31,87,7,24,Free,3,3
CUST_01890,1,11,Computer,3,11,Cash on Delivery,Male,3,5,Grocery,3,Married,5,0,9,17,4,51,152.91,2986.82,1658.5,0.2875,40,85,5,7,Silver,8,3
CUST_01891,0,14,Computer,2,66,Cash on Delivery,Male,5,9,Others,1,Divorced,3,0,7,12,7,69,252.25,7998.72,902.45,0.3887,36,85,15,15,Gold,2,4
CUST_01892,0,53,Mobile Phone,2,65,Debit Card,Male,5,7,Mobile Phone,5,Single,9,0,9,11,2,32,199.05,4548.73,1542.47,0.7102,52,40,0,16,Gold,5,5
CUST_01893,0,43,Phone,2,86,Debit Card,Male,4,4,Grocery,1,Married,2,0,31,9,0,28,281.55,4868.01,1892.23,0.7173,45,63,7,17,Gold,9,9
CUST_01894,0,8,Mobile Phone,2,93,UPI,Female,0,1,Mobile Phone,2,Married,9,0,44,20,2,28,52.42,2603.33,2352.48,0.1242,64,25,10,6,Silver,8,2
CUST_01895,0,51,Mobile Phone,1,37,Debit Card,Female,1,3,Fashion,3,Married,10,0,3,2,16,9,162.84,9460.16,1584.98,0.5076,21,85,3,20,Silver,7,7
CUST_01896,0,35,Tablet,3,96,UPI,Female,1,8,Mobile Phone,5,Married,2,0,46,0,9,3,286.92,7346.21,1703.43,0.3182,26,77,2,9,Gold,0,4
CUST_01897,1,53,Phone,3,5,Debit Card,Male,1,7,Laptop & Accessory,4,Married,6,1,11,0,11,54,3.21,2733.3,1032.72,0.1123,36,68,6,4,Free,3,6
CUST_01898,0,45,Mobile Phone,3,97,Credit Card,Male,5,5,Fashion,1,Married,6,0,50,18,6,90,260.13,5061.13,600.93,0.0193,37,61,2,0,Silver,8,1
CUST_01899,0,20,Computer,2,18,Cash on Delivery,Male,0,4,Grocery,3,Single,9,0,41,13,1,11,216.35,8495.9,913.01,0.3808,48,17,2,18,Silver,8,5
CUST_01900,0,32,Mobile Phone,2,66,Cash on Delivery,Male,5,2,Laptop & Accessory,5,Single,4,0,35,10,9,22,369.96,8324.22,1671.31,0.0703,64,63,1,4,Silver,2,7
CUST_01901,0,32,Mobile Phone,2,70,Debit Card,Male,4,10,Fashion,2,Married,7,0,25,1,9,0,384.86,5457.66,2186.33,0.7038,67,62,15,12,Gold,9,5
CUST_01902,0,43,Mobile Phone,1,65,UPI,Male,3,5,Laptop & Accessory,5,Single,1,0,47,2,1,22,275.62,7892.88,1680.38,0.1875,44,27,14,5,Free,0,0
CUST_01903,0,15,Mobile Phone,2,100,UPI,Female,1,8,Grocery,3,Single,9,0,24,18,13,11,215.51,7503.25,2393.28,0.3299,49,90,9,14,Free,5,3
CUST_01904,0,20,Mobile Phone,2,58,Credit Card,Male,1,5,Mobile Phone,4,Single,8,0,7,18,5,90,212.24,1117.21,1696.75,0.5448,52,31,9,24,Free,5,3
CUST_01905,0,14,Mobile Phone,2,17,UPI,Male,4,6,Laptop & Accessory,4,Single,3,0,16,16,10,24,177.84,7041.02,1591.14,0.3808,49,59,5,18,Silver,2,0
CUST_01906,0,18,Mobile Phone,1,63,UPI,Female,4,7,Grocery,5,Married,2,0,7,18,7,84,311.37,684.99,80.64,0.283,46,88,12,21,Silver,2,3
CUST_01907,0,9,Mobile Phone,2,32,E-wallet,Male,3,4,Others,4,Single,2,0,13,15,2,61,133.72,9607.89,1544.31,0.4722,67,73,5,7,Free,4,6
CUST_01908,0,2,Tablet,2,63,Debit Card,Female,3,10,Others,3,Single,9,0,2,15,19,28,96.87,9941.82,228.06,0.1483,42,70,0,8,Silver,10,4
CUST_01909,0,57,Computer,1,41,Cash on Delivery,Female,4,5,Others,3,Married,7,0,23,17,13,30,176.6,723.07,1329.34,0.3681,50,63,3,2,Gold,7,9
CUST_01910,1,4,Phone,3,9,Debit Card,Male,4,8,Mobile Phone,4,Married,4,1,27,9,6,8,133.04,4038.8,1486.38,0.7224,37,6,7,24,Free,2,5
CUST_01911,0,54,Mobile Phone,2,66,Credit Card,Female,4,10,Mobile Phone,3,Divorced,6,0,25,2,4,83,325.69,9410.35,1633.22,0.5886,40,3,10,12,Free,6,10
CUST_01912,1,0,Computer,1,13,Debit Card,Male,1,4,Others,1,Divorced,6,0,11,2,1,73,110.08,7992.94,2184.4,0.251,69,66,9,29,Free,10,8
CUST_01913,0,47,Phone,1,36,E-wallet,Male,0,3,Grocery,5,Married,1,0,13,13,16,67,160.82,4692.46,1208.79,0.6845,26,1,6,4,Gold,3,1
CUST_01914,0,20,Mobile Phone,2,64,Debit Card,Male,2,10,Grocery,2,Married,5,0,29,4,6,1,108.05,3210.72,1227.97,0.6562,56,61,14,27,Platinum,9,6
CUST_01915,1,31,Mobile Phone,1,89,E-wallet,Female,2,8,Electronics,4,Single,7,0,16,4,4,89,215.31,3611.81,1394.31,0.2036,23,67,4,2,Free,6,2
CUST_01916,0,17,Mobile Phone,3,35,Cash on Delivery,Female,2,8,Laptop & Accessory,3,Single,7,0,0,18,19,22,122.45,1552.86,869.59,0.7006,68,20,9,13,Platinum,9,4
CUST_01917,0,29,Mobile Phone,1,33,Cash on Delivery,Female,3,10,Grocery,1,Divorced,2,1,36,10,20,60,250.67,11973.98,715.32,0.364,21,27,1,22,Silver,5,7
CUST_01918,1,27,Mobile Phone,1,33,Cash on Delivery,Female,5,1,Grocery,5,Divorced,10,1,26,9,8,52,322.51,8155.99,312.04,0.6996,63,77,2,20,Gold,4,9
CUST_01919,0,32,Mobile Phone,1,60,UPI,Female,4,10,Others,1,Married,2,0,9,7,12,1,299.88,6637.17,2107.37,0.4123,65,43,14,18,Gold,0,6
CUST_01920,0,23,Mobile Phone,2,23,Cash on Delivery,Male,4,2,Fashion,5,Married,9,0,45,5,17,35,120.64,11821.02,152.29,0.0726,20,62,11,23,Silver,2,5
CUST_01921,0,32,Computer,3,55,Credit Card,Male,4,2,Grocery,5,Single,10,0,13,2,12,13,226.19,4513.42,2453.89,0.1044,68,29,10,4,Free,1,9
CUST_01922,0,50,Mobile Phone,3,81,Cash on Delivery,Male,2,3,Electronics,3,Single,8,0,37,19,5,15,153.07,10460.53,758.38,0.3734,63,13,5,9,Free,5,7
CUST_01923,0,26,Mobile Phone,2,12,Cash on Delivery,Female,3,2,Mobile Phone,5,Married,6,1,2,15,15,24,260.08,10705.16,1769.99,0.0186,32,18,11,15,Free,5,3
CUST_01924,0,22,Computer,3,97,Credit Card,Female,2,1,Laptop & Accessory,5,Single,2,0,18,18,2,0,348.62,1541.41,1841.64,0.5763,22,20,3,15,Free,10,2
CUST_01925,0,8,Mobile Phone,1,56,UPI,Female,4,2,Fashion,5,Married,4,0,12,6,11,64,336.1,11891.73,1023.19,0.2308,21,27,10,28,Gold,2,6
CUST_01926,0,21,Mobile Phone,2,65,UPI,Female,5,5,Grocery,4,Married,6,0,3,2,10,67,354.89,9018.27,1055.79,0.0235,67,64,13,26,Gold,3,0
CUST_01927,0,7,Mobile Phone,3,64,Debit Card,Male,2,4,Fashion,5,Married,1,1,22,2,12,58,161.07,4199.84,1514.7,0.4865,67,39,12,28,Silver,5,9
CUST_01928,0,11,Mobile Phone,1,95,Credit Card,Female,4,4,Electronics,4,Married,8,0,12,20,14,41,324.53,4897.83,220.02,0.4542,45,44,8,8,Free,1,10
CUST_01929,0,58,Mobile Phone,3,68,Credit Card,Male,0,2,Mobile Phone,5,Single,10,0,12,18,1,18,150.66,943.81,103.75,0.0949,62,26,5,13,Free,4,7
CUST_01930,0,5,Mobile Phone,1,89,Debit Card,Male,2,10,Laptop & Accessory,1,Married,8,0,25,19,17,55,40.64,9431.41,1820.12,0.1359,33,54,7,24,Platinum,8,3
CUST_01931,0,29,Mobile Phone,1,32,Debit Card,Male,5,4,Electronics,3,Married,10,0,44,2,6,63,235.5,3727.46,1322.69,0.5576,20,87,15,28,Gold,3,2
CUST_01932,0,50,Tablet,2,25,Debit Card,Female,4,5,Others,3,Married,5,0,13,8,5,19,238.59,4169.36,2495.84,0.1133,53,74,13,12,Platinum,5,7
CUST_01933,0,58,Phone,3,66,Cash on Delivery,Male,3,2,Grocery,5,Divorced,3,1,7,4,11,25,304.36,6249.69,782.13,0.0048,31,85,0,26,Silver,10,8
CUST_01934,0,8,Mobile Phone,1,19,UPI,Female,1,3,Mobile Phone,3,Single,1,0,39,12,20,78,336.19,6118.07,963.65,0.7498,66,39,15,7,Free,2,7
CUST_01935,0,9,Mobile Phone,3,15,Credit Card,Male,4,3,Fashion,3,Single,5,0,21,0,17,60,358.1,2558.2,1605.31,0.2176,63,9,15,3,Gold,10,1
CUST_01936,0,22,Mobile Phone,1,25,Credit Card,Female,5,10,Fashion,4,Married,2,0,47,8,10,44,280.85,235.8,1734.28,0.6683,70,23,10,20,Platinum,0,10
CUST_01937,0,33,Phone,2,31,Cash on Delivery,Female,2,2,Fashion,4,Married,7,0,36,10,12,28,250.68,8592.92,996.58,0.3106,48,21,8,8,Silver,6,1
CUST_01938,0,58,Phone,2,14,E-wallet,Male,4,6,Mobile Phone,3,Married,9,0,8,5,10,20,6.23,5305.68,348.81,0.7221,29,47,13,16,Free,8,0
CUST_01939,0,12,Mobile Phone,1,74,E-wallet,Male,3,6,Fashion,5,Single,2,0,39,17,14,19,45.43,8650.72,216.42,0.3224,39,11,5,8,Silver,1,3
CUST_01940,1,10,Mobile Phone,2,60,Cash on Delivery,Male,2,1,Mobile Phone,5,Single,6,0,0,1,18,80,56.01,4714.97,54.29,0.562,57,38,6,9,Gold,2,2
CUST_01941,0,15,Mobile Phone,2,24,Debit Card,Male,1,4,Fashion,4,Married,6,0,23,17,2,45,103.67,4526.72,957.44,0.7242,61,53,4,1,Gold,6,5
CUST_01942,0,53,Phone,2,32,Cash on Delivery,Male,3,1,Fashion,5,Married,4,0,4,0,8,51,357.3,10887.73,732.8,0.2117,29,37,14,20,Gold,0,6
CUST_01943,0,1,Phone,1,94,Credit Card,Female,2,2,Grocery,1,Single,3,0,39,15,11,89,290.43,3296.83,102.68,0.0223,19,49,9,16,Platinum,4,7
CUST_01944,0,23,Mobile Phone,1,92,Credit Card,Female,3,7,Electronics,3,Married,8,1,40,13,15,63,253.3,4655.67,1665.67,0.3365,20,46,11,12,Silver,10,2
CUST_01945,1,7,Computer,3,16,Credit Card,Female,0,6,Mobile Phone,1,Married,3,1,47,9,2,58,49.77,4309.78,919.41,0.571,41,11,0,18,Gold,4,8
CUST_01946,0,9,Mobile Phone,2,63,Credit Card,Female,2,5,Laptop & Accessory,4,Single,1,0,2,1,11,20,262.04,2420.64,1385.23,0.423,26,17,14,13,Gold,9,2
CUST_01947,0,55,Computer,3,36,Debit Card,Male,4,3,Electronics,1,Single,7,0,43,18,16,31,292.06,2510.97,2166.94,0.6264,68,59,9,1,Silver,0,7
CUST_01948,0,0,Phone,2,39,Credit Card,Male,5,7,Mobile Phone,3,Single,1,0,38,19,2,5,123.18,11359.57,940.86,0.2,58,41,13,16,Platinum,6,7
CUST_01949,0,19,Mobile Phone,3,62,E-wallet,Male,1,10,Others,4,Single,4,0,43,16,3,47,97.49,1241.27,580.15,0.051,57,32,1,18,Free,10,8
CUST_01950,0,55,Mobile Phone,1,99,Cash on Delivery,Female,3,9,Grocery,4,Married,1,0,20,19,0,24,274.61,8559.05,731.34,0.1657,24,49,5,20,Gold,6,7
CUST_01951,1,37,Computer,2,60,Cash on Delivery,Female,1,2,Grocery,1,Divorced,6,1,33,18,17,39,48.16,1454.76,147.25,0.1716,28,42,9,6,Silver,3,10
CUST_01952,0,4,Mobile Phone,2,96,Credit Card,Female,4,7,Fashion,3,Single,3,1,21,17,19,38,232.65,1978.72,601.86,0.2514,56,57,14,10,Free,2,2
CUST_01953,0,28,Phone,1,83,E-wallet,Female,2,3,Electronics,4,Single,3,0,34,5,9,2,390.14,8818.86,2260.51,0.2338,61,66,14,8,Free,1,0
CUST_01954,0,59,Mobile Phone,1,79,Credit Card,Male,4,9,Grocery,5,Married,4,0,37,17,18,45,9.87,7592.27,358.27,0.1757,68,9,8,16,Free,4,0
CUST_01955,0,24,Phone,2,80,E-wallet,Female,2,5,Others,5,Married,5,0,14,12,12,61,72.98,4307.58,859.66,0.0914,44,2,7,0,Free,7,9
CUST_01956,0,32,Mobile Phone,3,81,Cash on Delivery,Female,1,8,Laptop & Accessory,5,Married,8,1,16,1,20,73,212.06,3014.89,364.9,0.3914,56,61,12,1,Gold,6,8
CUST_01957,0,32,Mobile Phone,2,29,Debit Card,Female,3,6,Mobile Phone,2,Married,10,0,50,0,2,18,28.38,5074.41,194.08,0.5335,28,80,11,0,Silver,10,6
CUST_01958,1,40,Mobile Phone,1,98,Credit Card,Female,3,7,Mobile Phone,4,Single,7,1,41,5,14,35,283.11,10485.99,978.08,0.6812,32,64,11,25,Gold,3,9
CUST_01959,0,11,Mobile Phone,3,93,Cash on Delivery,Male,4,10,Mobile Phone,1,Single,5,0,2,10,15,48,32.3,8734.69,2065.36,0.2068,56,10,0,20,Platinum,5,4
CUST_01960,0,51,Mobile Phone,1,62,E-wallet,Male,4,2,Others,2,Divorced,6,0,4,20,13,75,76.64,10781.21,143.43,0.4954,64,79,14,11,Free,7,3
CUST_01961,0,60,Computer,1,73,UPI,Female,4,10,Laptop & Accessory,2,Married,6,0,40,18,10,6,219.08,3523.66,1730.18,0.3957,24,49,0,6,Free,7,1
CUST_01962,0,8,Mobile Phone,3,89,Credit Card,Female,5,5,Laptop & Accessory,3,Single,1,0,36,20,4,44,326.15,5638.64,172.01,0.6629,60,0,11,24,Free,7,4
CUST_01963,1,49,Mobile Phone,2,19,UPI,Female,2,2,Fashion,5,Divorced,5,1,10,15,3,71,146.78,8041.2,1828.37,0.5213,55,85,10,29,Silver,6,10
CUST_01964,0,49,Mobile Phone,3,11,UPI,Male,3,5,Mobile Phone,5,Married,8,0,46,2,13,3,22.55,10462.71,2415.22,0.1372,49,3,11,26,Gold,9,9
CUST_01965,0,45,Mobile Phone,3,100,Debit Card,Male,2,1,Mobile Phone,5,Single,9,1,0,16,12,1,139.14,7348.72,726.85,0.1997,59,86,14,27,Free,3,6
CUST_01966,0,22,Phone,2,58,E-wallet,Female,3,6,Grocery,5,Divorced,1,0,8,8,10,7,29.47,680.9,1171.11,0.4684,69,68,15,5,Gold,1,7
CUST_01967,1,28,Tablet,1,74,Debit Card,Female,0,5,Grocery,1,Married,7,0,28,6,0,29,75.34,5408.38,1392.19,0.5634,28,68,2,1,Free,10,6
CUST_01968,0,51,Mobile Phone,1,53,Debit Card,Female,5,4,Others,5,Married,2,0,28,11,7,10,187.27,10339.22,607.46,0.059,27,81,13,9,Silver,0,1
CUST_01969,0,9,Computer,3,54,Cash on Delivery,Male,3,5,Fashion,5,Single,1,0,10,8,18,34,352.34,9483.81,163.03,0.4848,65,58,9,25,Gold,10,1
CUST_01970,0,50,Computer,3,8,Cash on Delivery,Female,3,7,Others,4,Single,1,0,32,13,14,27,357.42,11479.31,216.47,0.1278,18,10,9,27,Platinum,0,0
CUST_01971,0,56,Tablet,1,32,Cash on Delivery,Male,5,9,Mobile Phone,1,Divorced,2,1,42,20,15,70,281.66,8995.26,956.75,0.7072,54,46,15,20,Silver,8,9
CUST_01972,0,41,Mobile Phone,1,13,UPI,Female,2,4,Mobile Phone,4,Single,1,0,6,6,1,34,336.93,2019.87,555.86,0.7228,31,14,12,17,Free,10,6
CUST_01973,0,20,Mobile Phone,1,46,Debit Card,Male,2,1,Fashion,4,Married,6,0,40,5,9,88,213.95,2498.09,1308.06,0.6444,40,14,14,12,Silver,3,5
CUST_01974,0,34,Mobile Phone,1,7,Debit Card,Male,3,6,Laptop & Accessory,1,Married,10,0,27,20,10,14,382.22,4212.68,207.52,0.6454,33,7,4,20,Silver,6,3
CUST_01975,0,3,Phone,3,82,Credit Card,Female,5,10,Laptop & Accessory,2,Married,8,0,45,1,16,17,333.85,1470.01,1733.28,0.7209,41,44,13,7,Silver,10,1
CUST_01976,0,56,Computer,1,33,Credit Card,Male,1,4,Fashion,4,Married,8,1,12,17,15,72,262.83,8350.65,424.87,0.2146,27,60,8,6,Silver,8,1
CUST_01977,0,20,Mobile Phone,1,76,UPI,Male,0,2,Grocery,1,Divorced,2,0,34,8,2,12,93.58,4364.66,132.42,0.392,44,30,3,17,Free,8,0
CUST_01978,0,3,Mobile Phone,3,10,UPI,Female,0,10,Mobile Phone,2,Married,10,0,38,20,17,34,304.42,2435.6,667.25,0.1004,47,64,15,13,Free,7,9
CUST_01979,0,48,Computer,2,8,Cash on Delivery,Female,4,5,Mobile Phone,4,Married,6,0,18,16,0,56,350.03,2906.82,1729.23,0.3421,30,82,5,28,Platinum,3,10
CUST_01980,0,40,Phone,2,45,E-wallet,Male,0,4,Laptop & Accessory,5,Married,1,1,28,2,10,81,191.45,11295.75,330.65,0.0785,23,28,2,4,Silver,2,0
CUST_01981,0,37,Mobile Phone,1,80,UPI,Female,4,3,Laptop & Accessory,2,Single,7,1,37,10,5,19,145.39,9257.76,1946.85,0.5187,32,1,9,3,Silver,0,0
CUST_01982,0,3,Computer,1,83,Credit Card,Female,5,8,Others,1,Single,8,0,20,5,7,25,145.92,3923.32,1584.54,0.0567,50,64,14,21,Free,7,0
CUST_01983,0,45,Mobile Phone,1,57,Credit Card,Male,4,2,Laptop & Accessory,5,Divorced,5,0,33,0,8,2,300.88,9410.48,803.83,0.6447,20,54,7,28,Free,2,9
CUST_01984,0,38,Mobile Phone,1,63,Debit Card,Male,1,7,Electronics,5,Divorced,8,1,37,12,12,36,380.0,11050.86,271.5,0.6387,24,5,11,17,Silver,7,10
CUST_01985,0,48,Mobile Phone,1,71,Debit Card,Female,3,4,Electronics,5,Single,7,0,12,13,0,21,160.2,9255.64,2278.56,0.7242,50,76,15,21,Silver,7,1
CUST_01986,0,50,Computer,1,69,Credit Card,Male,2,4,Mobile Phone,3,Married,6,0,37,17,2,26,42.59,4742.08,620.85,0.0204,38,55,4,2,Free,10,9
CUST_01987,0,12,Tablet,1,76,Cash on Delivery,Female,0,3,Mobile Phone,4,Divorced,4,0,30,15,14,21,16.85,2212.72,1599.67,0.614,22,4,0,2,Gold,9,7
CUST_01988,1,12,Mobile Phone,1,8,Debit Card,Female,1,9,Fashion,1,Married,10,0,10,12,1,90,332.64,9477.98,1743.27,0.2196,42,60,15,1,Platinum,3,6
CUST_01989,0,56,Mobile Phone,3,46,Cash on Delivery,Female,4,5,Grocery,4,Single,7,0,42,12,5,50,124.3,759.51,1353.05,0.1469,62,52,10,15,Free,0,2
CUST_01990,0,32,Mobile Phone,1,85,Debit Card,Female,3,10,Laptop & Accessory,4,Single,5,0,1,12,17,45,329.21,3520.8,1481.26,0.5629,26,1,6,14,Gold,6,7
CUST_01991,0,26,Mobile Phone,1,47,Credit Card,Female,2,9,Electronics,4,Married,8,0,30,3,4,40,46.36,1025.09,775.78,0.09,57,49,13,1,Free,7,5
CUST_01992,0,17,Mobile Phone,3,19,Credit Card,Female,4,8,Fashion,4,Divorced,3,0,12,13,2,53,15.77,3033.41,1489.3,0.6568,69,45,7,30,Free,4,4
CUST_01993,0,38,Mobile Phone,1,68,UPI,Female,3,5,Fashion,5,Single,10,0,36,4,10,30,123.84,3845.39,2068.18,0.6565,46,5,14,21,Free,7,0
CUST_01994,0,45,Mobile Phone,2,34,UPI,Female,5,10,Others,4,Married,8,0,45,12,8,13,126.27,4435.18,1953.03,0.417,23,33,7,16,Free,1,2
CUST_01995,1,0,Mobile Phone,3,54,UPI,Female,0,6,Laptop & Accessory,1,Married,7,0,33,8,2,26,399.01,1796.06,596.52,0.317,69,64,4,2,Silver,1,9
CUST_01996,0,33,Mobile Phone,2,54,E-wallet,Male,1,5,Others,4,Married,3,0,20,17,8,29,95.52,7400.46,1967.72,0.6671,28,52,3,0,Free,8,3
CUST_01997,0,60,Computer,1,71,Cash on Delivery,Male,1,4,Grocery,4,Divorced,4,0,32,7,17,24,296.54,11553.54,1715.85,0.5343,59,37,3,12,Free,1,2
CUST_01998,1,17,Mobile Phone,2,94,Cash on Delivery,Female,2,10,Fashion,3,Married,10,1,10,0,20,13,368.38,1472.17,1118.81,0.0241,38,54,10,9,Free,5,9
CUST_01999,1,17,Computer,2,71,Credit Card,Female,5,3,Laptop & Accessory,4,Married,8,0,4,2,1,78,313.04,8560.8,1241.26,0.309,63,40,2,3,Silver,2,8
CUST_02000,0,53,Phone,1,100,UPI,Female,2,9,Laptop & Accessory,1,Divorced,2,0,18,4,14,39,389.7,2249.05,1315.01,0.3223,61,7,8,10,Platinum,4,10
CUST_02001,0,3,Computer,1,6,Cash on Delivery,Male,1,3,Electronics,2,Married,9,0,31,18,14,41,66.98,7751.2,1958.32,0.6421,40,4,1,29,Free,0,9
CUST_02002,0,24,Mobile Phone,1,80,UPI,Female,0,8,Fashion,5,Married,2,0,19,15,16,81,273.4,2053.09,1549.12,0.6621,46,57,15,22,Free,5,0
CUST_02003,1,27,Mobile Phone,3,45,E-wallet,Female,2,3,Electronics,1,Single,5,0,5,19,16,77,208.81,10665.73,2126.76,0.4077,24,35,1,8,Free,10,5
CUST_02004,0,48,Computer,1,75,UPI,Male,1,9,Electronics,5,Married,5,0,23,15,14,22,348.0,381.64,2060.25,0.0842,36,69,12,22,Platinum,10,1
CUST_02005,0,7,Mobile Phone,1,13,Debit Card,Male,1,9,Fashion,2,Single,4,0,44,3,18,90,297.18,2690.9,2288.98,0.4568,64,9,6,15,Gold,5,10
CUST_02006,0,26,Mobile Phone,2,55,E-wallet,Female,0,8,Mobile Phone,4,Married,5,0,22,0,5,38,311.6,7893.47,2193.44,0.3453,43,74,7,21,Silver,6,6
CUST_02007,1,9,Mobile Phone,3,7,Debit Card,Male,3,10,Mobile Phone,2,Single,2,0,23,11,2,45,154.53,8123.8,101.2,0.3172,33,65,1,7,Free,1,7
CUST_02008,0,48,Mobile Phone,1,68,UPI,Male,4,6,Grocery,1,Single,7,0,15,11,7,84,270.76,5546.48,938.89,0.7382,63,75,14,0,Silver,2,9
CUST_02009,0,38,Mobile Phone,1,25,Credit Card,Female,4,9,Electronics,4,Divorced,7,0,24,9,4,84,352.51,3017.17,965.42,0.7469,53,71,15,17,Free,6,2
CUST_02010,0,30,Computer,1,18,Credit Card,Female,0,6,Fashion,4,Married,9,0,15,12,3,85,78.88,7501.42,1732.93,0.3072,41,4,14,29,Free,4,2
CUST_02011,0,23,Mobile Phone,2,12,Credit Card,Male,5,1,Grocery,1,Married,5,0,48,8,0,15,12.57,11899.9,1438.57,0.7009,26,14,14,3,Silver,3,4
CUST_02012,0,9,Mobile Phone,2,30,UPI,Male,3,5,Grocery,2,Married,6,0,40,4,11,7,124.6,7711.67,2476.73,0.1835,30,16,9,14,Gold,1,7
CUST_02013,0,56,Phone,3,97,E-wallet,Female,3,1,Laptop & Accessory,2,Single,2,0,35,12,17,28,345.25,2220.46,1564.97,0.1451,38,10,15,21,Gold,3,3
CUST_02014,0,39,Mobile Phone,1,99,Credit Card,Female,5,7,Grocery,5,Single,4,0,33,8,1,25,185.92,11004.21,1439.21,0.4925,29,66,15,27,Free,3,2
CUST_02015,0,19,Computer,1,12,E-wallet,Male,1,2,Electronics,2,Married,6,0,16,9,13,59,102.79,8597.95,2133.04,0.3753,32,88,11,5,Silver,2,8
CUST_02016,0,25,Mobile Phone,1,99,E-wallet,Female,3,4,Others,1,Married,5,1,34,17,18,14,364.31,7235.81,1985.56,0.5593,62,74,8,26,Gold,3,0
CUST_02017,0,44,Mobile Phone,1,61,Credit Card,Male,0,9,Fashion,5,Married,10,0,49,9,10,21,16.88,2207.03,443.08,0.0824,54,40,3,29,Platinum,5,8
CUST_02018,0,43,Phone,2,36,Credit Card,Female,2,8,Mobile Phone,1,Single,3,0,9,19,4,72,322.62,3633.86,1235.69,0.3618,31,82,3,4,Platinum,1,9
CUST_02019,0,28,Mobile Phone,2,95,E-wallet,Female,1,4,Others,3,Single,1,1,43,3,14,53,319.63,5782.75,2479.8,0.5113,47,67,7,18,Free,0,1
CUST_02020,0,18,Mobile Phone,1,28,UPI,Female,1,6,Others,1,Married,9,0,50,13,4,72,207.61,7188.82,1784.31,0.3758,46,63,8,12,Silver,9,6
CUST_02021,0,40,Phone,2,22,Credit Card,Male,3,6,Electronics,2,Single,6,0,3,14,2,81,105.53,4284.23,107.6,0.2147,63,20,9,28,Platinum,6,2
CUST_02022,0,40,Computer,1,27,E-wallet,Female,0,4,Fashion,4,Single,1,0,4,2,10,85,173.82,7811.94,200.75,0.3756,54,72,7,22,Silver,6,2
CUST_02023,0,36,Computer,2,18,UPI,Male,5,8,Mobile Phone,1,Married,10,0,24,12,0,88,141.66,2060.34,1842.09,0.4389,58,14,12,2,Free,2,0
CUST_02024,0,4,Mobile Phone,1,51,Cash on Delivery,Male,1,2,Grocery,4,Married,3,0,34,15,6,61,56.67,9861.46,1944.63,0.4128,26,52,8,28,Gold,0,7
CUST_02025,0,28,Mobile Phone,2,18,Cash on Delivery,Female,0,5,Mobile Phone,3,Married,10,0,26,1,16,48,238.03,2138.65,2057.69,0.4244,40,28,11,9,Silver,9,7
CUST_02026,0,37,Computer,1,26,Debit Card,Female,2,3,Electronics,4,Single,4,0,37,17,3,58,78.27,11477.41,767.0,0.3321,19,64,2,21,Gold,1,2
CUST_02027,0,57,Mobile Phone,3,40,Debit Card,Male,2,7,Fashion,1,Single,4,0,41,7,10,67,398.45,8723.04,2024.87,0.2483,54,67,11,17,Platinum,9,6
CUST_02028,0,32,Mobile Phone,3,67,Credit Card,Female,3,7,Mobile Phone,2,Single,3,0,13,13,20,79,229.77,9264.24,2480.75,0.0528,70,52,3,10,Silver,10,0
CUST_02029,0,20,Computer,3,87,UPI,Female,4,9,Electronics,1,Married,2,0,26,4,4,54,46.78,4007.62,1461.52,0.0349,54,48,8,18,Silver,0,2
CUST_02030,0,33,Mobile Phone,3,12,E-wallet,Male,3,4,Fashion,5,Single,9,0,3,2,5,52,245.84,3806.52,1514.92,0.4004,61,0,6,28,Silver,1,3
CUST_02031,0,10,Mobile Phone,1,65,Cash on Delivery,Male,3,3,Laptop & Accessory,5,Divorced,5,0,6,8,14,38,152.05,9790.59,648.31,0.6441,24,75,3,24,Silver,0,7
CUST_02032,0,5,Mobile Phone,2,14,Cash on Delivery,Male,4,1,Electronics,3,Single,6,0,37,3,15,74,74.27,10027.69,578.52,0.5893,68,61,12,29,Silver,7,7
CUST_02033,0,41,Mobile Phone,1,100,Credit Card,Female,3,9,Mobile Phone,3,Married,4,0,45,2,10,32,118.88,7067.35,69.29,0.4022,56,0,13,0,Silver,2,4
CUST_02034,0,60,Computer,3,31,UPI,Female,0,4,Grocery,1,Single,5,0,28,12,15,31,102.36,4677.98,576.89,0.4796,48,48,3,17,Free,8,3
CUST_02035,0,51,Phone,1,87,E-wallet,Female,2,8,Grocery,5,Married,5,0,37,12,13,55,233.08,6756.04,421.91,0.7323,39,50,11,21,Platinum,5,7
CUST_02036,0,35,Mobile Phone,1,79,Credit Card,Male,4,4,Laptop & Accessory,4,Married,4,0,49,19,5,57,110.28,8477.62,1673.79,0.7254,29,2,1,9,Platinum,9,4
CUST_02037,1,2,Mobile Phone,2,36,Debit Card,Male,1,4,Laptop & Accessory,1,Single,6,0,3,12,17,31,19.18,9483.91,150.71,0.7461,64,38,7,17,Free,10,8
CUST_02038,0,60,Mobile Phone,1,36,Cash on Delivery,Female,5,3,Electronics,3,Married,5,1,37,11,5,1,327.18,5462.78,2422.74,0.0124,45,6,4,24,Free,9,5
CUST_02039,0,27,Mobile Phone,2,35,Credit Card,Male,2,8,Laptop & Accessory,1,Single,8,0,31,12,14,68,114.17,9548.42,2303.89,0.4772,68,14,1,29,Gold,3,2
CUST_02040,0,17,Mobile Phone,1,50,Debit Card,Female,1,3,Mobile Phone,3,Married,8,0,47,20,11,8,121.86,7745.96,822.75,0.5588,58,76,6,8,Platinum,7,9
CUST_02041,0,54,Tablet,2,47,E-wallet,Male,2,3,Electronics,4,Divorced,7,0,15,7,11,11,173.32,10140.07,2284.03,0.0773,63,32,12,24,Free,4,7
CUST_02042,0,45,Mobile Phone,3,68,Credit Card,Female,3,8,Mobile Phone,2,Married,2,0,32,14,18,9,317.32,9644.27,1222.35,0.2724,49,11,0,14,Gold,7,8
CUST_02043,0,45,Mobile Phone,2,49,UPI,Male,4,6,Grocery,3,Married,9,0,42,15,19,65,246.04,5004.26,2155.8,0.1238,44,44,9,9,Platinum,9,6
CUST_02044,1,16,Tablet,1,80,Debit Card,Male,1,8,Laptop & Accessory,4,Single,7,0,25,3,15,68,35.07,9251.03,1736.38,0.2885,43,48,6,13,Gold,5,9
CUST_02045,0,60,Mobile Phone,1,49,Debit Card,Male,1,2,Grocery,1,Married,8,1,13,17,12,46,183.86,7298.37,277.63,0.3309,21,35,3,0,Silver,7,4
CUST_02046,0,27,Tablet,1,34,Debit Card,Male,0,10,Electronics,1,Married,7,0,48,8,6,8,302.68,7993.68,1797.72,0.1338,47,10,9,7,Platinum,0,3
CUST_02047,0,32,Mobile Phone,1,36,Debit Card,Female,2,3,Mobile Phone,3,Single,6,1,7,8,15,7,16.3,2808.03,1617.66,0.3721,40,82,10,17,Free,7,3
CUST_02048,0,45,Mobile Phone,2,75,Cash on Delivery,Female,5,2,Mobile Phone,3,Single,6,0,41,4,0,51,16.16,9306.37,2024.49,0.1407,29,6,13,23,Platinum,6,8
CUST_02049,0,40,Tablet,1,18,Credit Card,Female,5,2,Grocery,2,Single,2,0,42,9,2,76,280.8,1475.8,1926.08,0.6917,53,33,6,16,Gold,8,10
CUST_02050,0,10,Mobile Phone,1,32,Credit Card,Male,3,4,Electronics,3,Single,10,0,1,12,12,64,200.62,2417.24,1844.39,0.1271,38,60,7,23,Silver,4,3
CUST_02051,0,18,Mobile Phone,1,34,Debit Card,Female,3,5,Grocery,1,Divorced,9,0,17,18,5,50,65.51,4271.66,1631.93,0.3844,21,79,6,27,Platinum,9,0
CUST_02052,0,22,Mobile Phone,3,66,E-wallet,Female,3,1,Electronics,4,Single,10,0,29,6,9,45,268.1,9158.87,2152.68,0.2582,42,63,11,16,Gold,5,0
CUST_02053,0,57,Computer,1,17,Debit Card,Male,1,7,Fashion,4,Single,8,0,5,12,19,66,32.72,5043.24,1958.73,0.3171,31,53,4,3,Gold,4,7
CUST_02054,0,43,Computer,1,48,Credit Card,Male,2,7,Laptop & Accessory,2,Single,3,0,7,18,7,19,177.86,7457.13,1852.77,0.292,58,40,10,26,Free,7,6
CUST_02055,0,22,Mobile Phone,2,69,UPI,Male,5,8,Others,4,Single,4,1,16,10,8,11,327.95,11018.44,350.36,0.734,33,74,13,18,Silver,2,9
CUST_02056,1,44,Computer,1,93,Cash on Delivery,Male,3,1,Electronics,2,Married,9,1,48,4,13,32,70.85,8576.2,2431.77,0.4977,46,42,8,12,Silver,6,10
CUST_02057,0,45,Computer,3,47,UPI,Female,1,1,Laptop & Accessory,2,Single,3,0,21,15,15,14,235.85,9997.97,2196.2,0.0365,64,53,4,30,Gold,7,10
CUST_02058,0,24,Mobile Phone,1,99,Credit Card,Male,0,3,Mobile Phone,2,Single,7,0,34,11,19,24,148.31,1686.78,1361.95,0.6263,41,38,8,20,Gold,8,8
CUST_02059,1,24,Mobile Phone,2,63,E-wallet,Male,4,5,Fashion,5,Single,7,1,30,6,6,79,357.34,823.18,2255.0,0.4091,57,70,6,0,Silver,1,7
CUST_02060,0,54,Mobile Phone,2,79,E-wallet,Male,5,6,Laptop & Accessory,3,Married,2,0,23,18,18,43,258.64,2979.32,1368.35,0.0874,68,4,4,29,Platinum,7,6
CUST_02061,1,34,Mobile Phone,3,28,E-wallet,Male,0,3,Others,4,Married,1,0,4,0,4,42,143.67,10776.54,1398.16,0.3537,20,19,14,1,Free,3,4
CUST_02062,0,9,Mobile Phone,2,92,E-wallet,Female,2,4,Mobile Phone,2,Married,1,0,48,20,13,68,195.68,8786.06,2113.98,0.1001,29,76,2,26,Silver,9,0
CUST_02063,0,43,Mobile Phone,2,29,Debit Card,Male,5,6,Mobile Phone,5,Single,8,0,27,14,1,26,210.42,4632.46,998.04,0.4181,50,8,6,0,Silver,3,0
CUST_02064,0,35,Mobile Phone,1,18,UPI,Female,1,6,Mobile Phone,4,Single,3,0,17,14,20,64,393.77,10936.31,1812.81,0.278,60,55,8,20,Gold,10,0
CUST_02065,0,31,Mobile Phone,2,12,E-wallet,Female,1,6,Others,1,Divorced,3,1,22,13,16,47,298.13,7899.1,2018.12,0.0501,24,55,11,1,Silver,1,7
CUST_02066,0,44,Computer,2,67,UPI,Female,2,7,Mobile Phone,2,Single,10,0,22,20,8,52,285.58,9621.02,2253.11,0.4902,18,12,4,1,Free,4,7
CUST_02067,0,55,Mobile Phone,2,65,E-wallet,Male,2,8,Fashion,3,Married,6,0,49,8,18,33,393.47,1145.85,1584.57,0.1751,50,23,13,7,Free,6,8
CUST_02068,0,20,Tablet,2,24,Cash on Delivery,Female,2,9,Electronics,3,Single,1,1,20,20,2,84,61.28,9997.18,756.75,0.5748,38,27,5,7,Free,5,4
CUST_02069,0,25,Phone,1,89,E-wallet,Male,5,10,Laptop & Accessory,5,Single,4,0,50,0,7,88,186.87,5927.53,1966.23,0.6779,20,42,15,20,Silver,2,3
CUST_02070,0,11,Computer,1,31,Credit Card,Male,5,4,Laptop & Accessory,3,Married,5,1,6,19,9,11,384.7,1108.27,276.27,0.1821,28,48,11,2,Gold,0,7
CUST_02071,0,39,Tablet,1,63,Cash on Delivery,Male,3,4,Laptop & Accessory,3,Married,5,0,10,19,13,17,340.94,562.89,1641.2,0.2294,62,21,4,15,Silver,9,5
CUST_02072,1,24,Phone,1,55,E-wallet,Male,0,3,Mobile Phone,2,Single,8,1,7,5,13,68,81.96,6840.61,1783.69,0.0349,43,29,10,30,Free,2,10
CUST_02073,0,20,Mobile Phone,1,61,Credit Card,Male,1,4,Mobile Phone,5,Married,9,0,48,15,1,48,168.58,7085.04,2195.28,0.3611,38,58,0,2,Free,3,1
CUST_02074,0,42,Computer,1,76,Cash on Delivery,Female,1,6,Others,4,Married,1,0,30,8,16,70,75.17,2255.74,1018.16,0.6302,44,80,2,28,Gold,5,0
CUST_02075,0,24,Mobile Phone,2,94,Credit Card,Female,0,7,Others,4,Married,3,0,25,8,3,30,280.28,3751.67,1898.31,0.0826,53,66,0,11,Free,2,1
CUST_02076,1,28,Computer,2,74,E-wallet,Male,2,1,Grocery,4,Married,7,1,3,11,19,58,246.93,4793.05,1433.35,0.1258,38,82,2,7,Free,4,8
CUST_02077,0,26,Mobile Phone,2,92,E-wallet,Male,0,10,Others,4,Married,1,0,8,4,8,15,232.49,228.3,1589.41,0.5585,31,45,12,12,Free,8,8
CUST_02078,0,15,Mobile Phone,2,88,Credit Card,Male,3,1,Laptop & Accessory,4,Single,6,0,47,4,10,87,361.22,11646.35,1728.19,0.4786,20,2,13,6,Free,4,3
CUST_02079,0,7,Mobile Phone,1,39,UPI,Male,1,5,Grocery,2,Single,1,1,49,11,8,62,40.15,9972.53,434.74,0.1495,69,33,10,19,Platinum,10,2
CUST_02080,0,50,Tablet,1,58,Debit Card,Male,4,5,Fashion,3,Married,6,0,16,20,7,58,376.2,3078.33,1862.68,0.1284,30,90,6,5,Free,5,3
CUST_02081,1,5,Mobile Phone,2,24,E-wallet,Female,3,4,Laptop & Accessory,1,Single,1,1,36,0,9,12,193.81,10148.67,283.15,0.0529,64,55,7,8,Free,8,6
CUST_02082,0,19,Mobile Phone,3,93,Debit Card,Female,5,3,Grocery,2,Divorced,8,0,16,9,5,81,10.81,7351.18,2436.59,0.0132,31,25,2,14,Free,9,2
CUST_02083,0,40,Mobile Phone,2,97,Cash on Delivery,Female,2,6,Fashion,2,Married,5,0,49,9,19,24,365.92,2228.7,398.65,0.3169,57,76,6,0,Platinum,7,3
CUST_02084,0,8,Mobile Phone,2,90,Credit Card,Male,0,1,Electronics,2,Single,10,0,7,15,12,11,372.48,9497.84,2466.24,0.0809,42,34,9,0,Platinum,0,3
CUST_02085,0,39,Phone,2,76,Debit Card,Female,5,8,Fashion,3,Married,1,1,4,20,9,44,377.49,1245.63,664.09,0.2191,31,27,12,1,Silver,4,5
CUST_02086,0,44,Computer,2,86,E-wallet,Male,1,7,Fashion,3,Single,9,0,17,11,14,87,333.92,5144.16,1048.6,0.6554,40,0,15,2,Gold,6,1
CUST_02087,0,40,Mobile Phone,2,81,Debit Card,Female,4,8,Mobile Phone,3,Single,5,0,9,15,1,38,111.37,9077.51,1447.74,0.037,53,12,6,1,Gold,9,6
CUST_02088,0,18,Mobile Phone,2,27,Cash on Delivery,Female,4,9,Fashion,5,Divorced,5,0,35,2,13,0,114.59,10779.62,1224.78,0.5976,28,39,9,7,Free,6,10
CUST_02089,0,1,Mobile Phone,1,30,E-wallet,Male,5,9,Laptop & Accessory,2,Married,7,0,46,20,3,82,131.23,3517.15,1781.76,0.2862,65,52,1,25,Silver,9,8
CUST_02090,0,54,Mobile Phone,1,56,E-wallet,Female,3,2,Grocery,1,Married,7,0,48,19,4,59,90.23,7279.8,1707.29,0.3089,50,15,9,18,Free,3,6
CUST_02091,0,19,Phone,1,45,Credit Card,Male,3,9,Fashion,4,Married,9,0,50,8,13,59,363.32,10120.56,948.85,0.7295,31,39,1,0,Free,8,3
CUST_02092,0,49,Computer,2,75,Debit Card,Male,2,6,Mobile Phone,2,Single,9,1,9,15,9,50,213.92,10400.77,1928.82,0.4264,42,36,14,0,Silver,8,8
CUST_02093,0,12,Mobile Phone,2,75,Cash on Delivery,Female,2,2,Fashion,5,Married,3,1,2,1,3,6,106.48,140.04,1247.31,0.0275,56,49,2,8,Free,1,1
CUST_02094,0,9,Computer,1,98,E-wallet,Female,4,10,Others,4,Divorced,3,0,9,12,1,63,308.9,1226.7,1565.58,0.5954,29,81,3,1,Free,10,0
CUST_02095,0,47,Mobile Phone,1,80,E-wallet,Female,3,9,Electronics,2,Married,9,0,38,20,12,13,251.08,2350.59,1778.13,0.4159,60,41,3,10,Free,8,4
CUST_02096,0,57,Computer,2,6,Cash on Delivery,Male,0,3,Others,3,Married,9,1,7,3,10,18,151.71,251.34,1558.08,0.5828,22,64,8,20,Platinum,7,6
CUST_02097,0,52,Mobile Phone,1,37,Credit Card,Male,2,9,Fashion,5,Single,10,0,34,18,4,53,365.67,10737.86,241.51,0.1134,58,55,11,25,Gold,5,8
CUST_02098,0,45,Computer,3,36,Cash on Delivery,Male,5,8,Fashion,5,Married,10,0,29,20,4,47,222.2,890.28,1901.96,0.1969,24,76,3,16,Gold,7,7
CUST_02099,0,15,Mobile Phone,1,65,Debit Card,Female,1,5,Laptop & Accessory,2,Single,7,0,40,11,15,20,251.27,10991.3,1214.63,0.6829,59,86,12,24,Gold,9,1
CUST_02100,0,55,Tablet,1,37,E-wallet,Male,2,2,Electronics,1,Divorced,10,0,5,16,18,6,13.05,3740.65,371.41,0.3224,21,72,10,18,Free,2,7
CUST_02101,0,40,Mobile Phone,1,98,UPI,Female,5,8,Laptop & Accessory,1,Single,8,0,22,4,19,17,251.95,985.87,517.56,0.383,59,19,10,22,Gold,10,0
CUST_02102,0,10,Mobile Phone,1,32,Credit Card,Male,1,10,Others,5,Single,9,0,4,9,16,4,165.14,4597.33,595.92,0.4823,20,23,9,7,Silver,9,3
CUST_02103,0,7,Mobile Phone,1,47,E-wallet,Male,4,2,Electronics,4,Single,5,0,1,15,4,89,299.22,8764.78,2223.03,0.3962,44,22,14,20,Free,2,2
CUST_02104,0,53,Mobile Phone,1,83,E-wallet,Male,4,1,Fashion,4,Married,10,0,37,9,15,7,17.52,1704.53,1527.56,0.563,23,68,13,29,Free,1,7
CUST_02105,0,16,Mobile Phone,1,40,UPI,Male,1,3,Grocery,4,Single,1,0,28,0,8,64,154.35,11453.47,185.9,0.1674,26,90,12,18,Free,4,10
CUST_02106,0,46,Computer,1,9,E-wallet,Female,5,3,Others,4,Married,10,0,40,17,2,34,26.24,2204.45,2015.35,0.6906,36,5,9,28,Gold,8,0
CUST_02107,0,8,Computer,2,36,Credit Card,Male,2,4,Laptop & Accessory,3,Divorced,10,0,4,19,3,27,372.54,10793.36,1758.38,0.0403,66,89,8,29,Silver,7,2
CUST_02108,1,17,Mobile Phone,1,39,Debit Card,Male,1,10,Electronics,2,Single,8,0,16,12,9,0,167.95,270.63,1310.91,0.3746,46,58,9,20,Silver,9,7
CUST_02109,0,17,Computer,1,63,Credit Card,Female,1,10,Others,2,Married,10,0,6,14,5,2,55.67,8860.28,2073.34,0.7482,29,41,15,0,Platinum,6,7
CUST_02110,1,17,Computer,1,73,Debit Card,Female,1,7,Grocery,2,Married,5,0,29,3,3,90,297.29,5885.94,1931.91,0.4941,43,68,7,14,Silver,7,3
CUST_02111,0,41,Mobile Phone,3,57,Debit Card,Female,3,3,Grocery,4,Married,4,0,28,3,16,72,352.74,9234.39,1282.68,0.3616,21,43,10,15,Silver,10,10
CUST_02112,0,55,Mobile Phone,2,44,UPI,Male,1,3,Grocery,1,Married,2,0,37,19,0,25,310.14,7918.31,1855.81,0.7144,65,32,0,6,Silver,3,0
CUST_02113,0,55,Mobile Phone,3,53,Debit Card,Female,2,1,Laptop & Accessory,1,Married,2,0,4,3,20,52,340.21,2425.19,106.58,0.0585,62,51,12,20,Free,6,4
CUST_02114,0,45,Mobile Phone,3,18,UPI,Male,4,8,Others,4,Married,9,0,2,19,8,81,338.76,687.73,1282.61,0.3168,65,42,7,7,Free,5,0
CUST_02115,0,12,Computer,1,22,Debit Card,Female,5,3,Mobile Phone,4,Married,1,0,43,1,6,28,395.73,4911.77,955.95,0.6777,27,50,15,19,Free,7,3
CUST_02116,1,58,Phone,2,63,Debit Card,Female,4,9,Fashion,1,Single,3,0,32,9,6,87,145.34,6994.58,616.01,0.5102,27,74,0,9,Free,9,3
CUST_02117,0,33,Computer,1,88,E-wallet,Female,3,7,Others,1,Married,5,0,6,16,14,47,139.43,10213.69,1178.79,0.2763,23,66,15,30,Free,1,5
CUST_02118,1,33,Mobile Phone,3,55,UPI,Female,4,5,Laptop & Accessory,2,Single,4,0,14,1,19,41,44.64,2910.95,1011.44,0.7332,63,70,9,27,Free,0,6
CUST_02119,1,42,Computer,1,10,Credit Card,Female,2,10,Fashion,1,Married,10,1,20,2,5,81,343.02,3685.21,502.92,0.5694,49,47,3,23,Silver,2,9
CUST_02120,0,46,Computer,1,99,Debit Card,Male,1,2,Grocery,2,Married,1,0,20,15,19,41,372.21,4145.54,2499.56,0.733,47,90,3,11,Free,2,8
CUST_02121,0,58,Mobile Phone,3,36,E-wallet,Female,4,5,Mobile Phone,5,Married,1,1,37,10,19,5,112.94,8718.09,177.38,0.4378,47,66,2,18,Free,1,3
CUST_02122,0,35,Phone,3,76,Credit Card,Male,0,3,Electronics,5,Married,3,0,18,16,19,13,246.03,1596.47,2102.19,0.0061,57,28,0,25,Silver,2,7
CUST_02123,0,37,Mobile Phone,3,91,E-wallet,Female,5,2,Grocery,2,Married,7,0,30,7,12,66,97.98,6308.55,1897.5,0.729,66,69,0,8,Free,10,8
CUST_02124,0,45,Mobile Phone,1,99,Debit Card,Female,2,10,Mobile Phone,2,Single,4,0,36,15,0,57,344.79,7126.24,232.2,0.6181,59,33,12,8,Silver,6,1
CUST_02125,1,15,Mobile Phone,1,16,Cash on Delivery,Male,4,7,Mobile Phone,5,Married,9,1,5,11,6,78,2.75,6307.7,885.74,0.4127,31,31,3,27,Silver,5,4
CUST_02126,0,18,Mobile Phone,1,22,UPI,Male,0,2,Mobile Phone,3,Divorced,1,0,23,1,10,17,278.04,6577.81,1555.35,0.1207,39,41,5,13,Free,1,8
CUST_02127,0,38,Phone,1,66,Cash on Delivery,Female,2,2,Electronics,2,Married,4,0,13,14,16,47,217.18,5264.1,429.83,0.6607,70,63,6,10,Free,7,4
CUST_02128,0,3,Mobile Phone,2,78,Cash on Delivery,Female,2,4,Grocery,4,Single,7,0,38,19,0,34,114.42,11834.76,1870.43,0.478,40,25,10,16,Free,2,9
CUST_02129,0,19,Mobile Phone,1,85,Credit Card,Male,2,9,Electronics,3,Married,7,0,6,4,12,87,369.21,5462.63,910.59,0.0023,59,49,12,22,Gold,8,1
CUST_02130,0,43,Mobile Phone,2,57,Debit Card,Female,3,2,Electronics,5,Single,6,0,16,16,12,72,191.83,10058.83,397.01,0.3703,58,75,10,0,Silver,9,0
CUST_02131,0,59,Mobile Phone,1,20,UPI,Female,3,8,Electronics,5,Married,5,0,31,4,0,21,209.81,6696.44,1742.88,0.7367,69,87,13,10,Silver,3,6
CUST_02132,0,31,Mobile Phone,2,73,Debit Card,Male,5,2,Others,4,Single,1,0,27,19,10,67,33.31,7374.8,665.0,0.4395,61,29,7,25,Gold,6,8
CUST_02133,0,24,Mobile Phone,3,69,Debit Card,Male,4,4,Grocery,5,Married,1,0,2,7,8,65,164.75,9770.33,911.35,0.533,50,49,7,18,Gold,9,0
CUST_02134,0,26,Computer,2,49,E-wallet,Female,1,6,Fashion,3,Married,1,0,46,13,9,35,63.61,11782.37,1115.73,0.4935,41,81,0,18,Gold,5,5
CUST_02135,0,41,Mobile Phone,1,66,Debit Card,Male,5,2,Electronics,3,Single,6,0,3,19,15,38,221.71,1782.75,1109.06,0.3891,19,71,9,13,Free,2,7
CUST_02136,0,33,Computer,1,25,Credit Card,Male,2,4,Others,1,Married,9,0,22,11,1,21,231.36,7016.54,1986.7,0.5191,31,60,12,2,Gold,1,8
CUST_02137,1,1,Mobile Phone,1,82,UPI,Female,2,3,Mobile Phone,1,Single,1,0,3,9,15,34,97.65,2269.83,1635.18,0.1468,42,10,10,14,Free,2,9
CUST_02138,0,32,Computer,2,9,Credit Card,Female,0,1,Fashion,1,Single,1,0,29,10,2,9,377.38,668.99,2139.46,0.2534,53,73,5,0,Silver,1,0
CUST_02139,0,24,Phone,2,85,Credit Card,Female,4,1,Others,5,Married,7,0,18,5,14,57,121.13,10789.89,1939.52,0.6671,68,58,10,12,Silver,5,3
CUST_02140,0,42,Mobile Phone,1,85,E-wallet,Female,5,2,Grocery,2,Married,6,0,34,0,6,45,261.69,11924.21,2344.27,0.2024,59,44,4,3,Platinum,1,10
CUST_02141,0,53,Mobile Phone,3,70,Debit Card,Male,1,8,Laptop & Accessory,4,Married,4,0,31,10,10,55,391.65,8313.75,905.3,0.3126,26,10,0,24,Silver,0,5
CUST_02142,0,58,Tablet,2,83,Credit Card,Female,5,1,Fashion,3,Single,1,0,46,16,5,87,321.45,4927.65,1468.52,0.0775,58,63,11,23,Gold,2,6
CUST_02143,0,37,Mobile Phone,3,92,Cash on Delivery,Female,0,6,Mobile Phone,4,Single,9,0,2,3,20,33,298.48,9098.89,2112.72,0.6979,66,60,8,18,Free,1,4
CUST_02144,0,22,Computer,1,20,UPI,Female,5,1,Fashion,2,Married,7,1,32,19,3,11,23.69,11848.55,2051.9,0.202,38,23,12,25,Free,2,8
CUST_02145,0,27,Mobile Phone,3,57,UPI,Female,1,3,Others,5,Married,6,0,17,16,8,34,209.66,10982.52,2033.74,0.4357,30,29,10,15,Gold,7,7
CUST_02146,0,10,Mobile Phone,1,66,UPI,Female,2,2,Others,3,Married,3,0,31,13,17,32,301.55,10366.48,1104.63,0.2991,27,87,13,28,Gold,4,4
CUST_02147,0,57,Mobile Phone,1,95,Credit Card,Male,0,4,Others,2,Married,10,0,49,6,7,43,264.19,6220.23,1240.94,0.26,24,57,12,15,Free,2,9
CUST_02148,0,51,Phone,3,75,E-wallet,Male,5,8,Electronics,3,Married,1,0,42,15,0,76,227.1,2663.08,244.66,0.1261,44,47,12,1,Free,3,5
CUST_02149,0,52,Mobile Phone,3,62,Credit Card,Female,3,5,Grocery,2,Single,8,0,49,20,4,90,368.42,1690.6,477.22,0.747,68,39,14,14,Platinum,4,4
CUST_02150,0,20,Computer,2,58,UPI,Male,5,1,Grocery,4,Divorced,8,0,50,6,4,57,223.82,949.02,1130.9,0.2169,32,48,2,2,Silver,0,9
CUST_02151,0,19,Computer,1,18,Debit Card,Female,2,2,Fashion,2,Divorced,8,0,39,13,1,72,335.05,4158.59,812.04,0.2973,20,74,8,25,Silver,8,7
CUST_02152,0,52,Mobile Phone,1,35,Cash on Delivery,Male,0,4,Laptop & Accessory,1,Single,7,1,45,8,19,26,354.33,577.17,640.77,0.1445,34,5,12,17,Free,9,6
CUST_02153,0,33,Mobile Phone,2,46,UPI,Female,4,3,Laptop & Accessory,4,Single,4,0,35,12,17,33,314.49,8141.76,417.02,0.4707,20,11,7,15,Free,8,0
CUST_02154,0,42,Mobile Phone,3,89,Debit Card,Male,0,6,Grocery,5,Married,5,0,6,5,18,79,59.95,9919.96,1895.96,0.0646,54,19,3,9,Gold,9,10
CUST_02155,0,29,Mobile Phone,1,87,UPI,Female,3,4,Grocery,2,Married,5,0,45,6,11,33,310.02,9583.73,2036.41,0.4972,23,22,15,15,Free,9,6
CUST_02156,0,27,Computer,1,66,Debit Card,Female,0,8,Mobile Phone,5,Single,9,0,34,18,7,33,314.89,1110.58,1252.98,0.3773,35,11,4,30,Gold,4,6
CUST_02157,0,38,Mobile Phone,2,15,Credit Card,Male,1,3,Laptop & Accessory,1,Married,8,0,44,3,17,81,269.48,2480.68,2071.4,0.4856,57,38,7,4,Free,8,5
CUST_02158,0,49,Mobile Phone,2,74,E-wallet,Male,3,7,Laptop & Accessory,2,Married,5,1,16,17,16,72,148.58,11624.53,2290.54,0.0035,60,0,4,8,Free,9,5
CUST_02159,1,20,Computer,1,49,Cash on Delivery,Female,4,2,Mobile Phone,1,Married,8,0,29,1,15,70,115.6,11968.57,423.33,0.5051,18,31,1,7,Silver,5,0
CUST_02160,0,49,Computer,2,67,Cash on Delivery,Female,0,10,Others,2,Married,10,0,21,18,3,65,260.31,11666.15,2085.36,0.0343,38,2,3,4,Silver,10,8
CUST_02161,0,14,Mobile Phone,3,46,E-wallet,Female,1,10,Fashion,4,Divorced,7,0,0,17,17,59,291.9,11087.06,118.05,0.6881,34,8,6,25,Platinum,10,9
CUST_02162,0,24,Computer,1,74,E-wallet,Male,5,3,Others,5,Married,4,0,32,19,13,50,367.98,1829.59,327.06,0.5951,27,59,9,25,Free,4,4
CUST_02163,0,55,Mobile Phone,2,25,UPI,Male,0,3,Others,5,Married,1,0,15,20,14,64,136.57,9496.52,1057.48,0.0929,30,39,15,25,Silver,0,4
CUST_02164,0,58,Computer,2,18,Cash on Delivery,Male,1,1,Others,5,Single,9,0,7,20,18,3,115.63,2628.3,1693.92,0.4172,41,88,9,13,Gold,7,1
CUST_02165,0,56,Mobile Phone,2,26,UPI,Female,5,10,Others,4,Married,1,0,10,4,5,5,296.57,3162.5,1248.63,0.7176,60,52,5,10,Free,8,9
CUST_02166,0,19,Mobile Phone,3,93,Debit Card,Male,3,1,Mobile Phone,2,Divorced,6,1,35,18,9,79,391.38,5943.12,562.53,0.182,36,35,11,8,Gold,9,7
CUST_02167,0,51,Mobile Phone,2,12,Cash on Delivery,Male,0,1,Others,5,Married,1,0,36,20,7,8,116.19,9655.41,1596.36,0.0545,34,66,12,6,Gold,4,4
CUST_02168,1,57,Computer,2,32,E-wallet,Female,5,1,Others,1,Married,9,0,14,11,3,59,109.73,5373.61,2178.47,0.3169,34,75,3,11,Free,8,10
CUST_02169,0,59,Computer,1,37,E-wallet,Female,2,3,Electronics,5,Single,1,0,17,12,10,28,357.48,2779.96,1997.96,0.1037,65,18,12,24,Gold,1,3
CUST_02170,0,1,Mobile Phone,2,85,UPI,Male,4,10,Mobile Phone,5,Single,7,0,41,18,12,67,105.9,10923.63,776.93,0.5832,28,49,7,2,Platinum,2,1
CUST_02171,0,45,Phone,1,39,E-wallet,Male,3,2,Mobile Phone,1,Married,8,0,24,16,5,43,166.14,3501.95,2260.09,0.6841,58,25,13,28,Free,9,5
CUST_02172,0,60,Phone,1,90,Credit Card,Male,2,6,Grocery,4,Single,8,0,18,16,15,27,396.82,9298.6,997.11,0.3372,30,90,9,10,Free,6,8
CUST_02173,0,46,Mobile Phone,2,99,Credit Card,Female,2,7,Laptop & Accessory,5,Single,6,0,43,20,6,64,320.32,9205.63,2251.96,0.7484,60,40,0,21,Platinum,1,3
CUST_02174,0,14,Computer,2,67,UPI,Male,3,8,Electronics,4,Married,6,0,2,17,18,89,99.93,1179.14,303.45,0.1426,57,7,5,17,Free,4,9
CUST_02175,0,46,Mobile Phone,3,37,Debit Card,Female,2,7,Fashion,5,Single,6,0,34,20,15,71,380.98,5401.93,2341.73,0.6883,30,76,1,11,Free,2,1
CUST_02176,1,6,Tablet,2,62,E-wallet,Female,1,10,Laptop & Accessory,2,Married,8,0,30,19,7,20,337.44,1667.92,902.84,0.2426,58,81,3,17,Silver,3,5
CUST_02177,1,29,Mobile Phone,3,69,Credit Card,Male,4,7,Mobile Phone,4,Single,1,1,20,11,15,80,389.62,8711.09,1125.83,0.6764,27,34,1,15,Gold,2,6
CUST_02178,1,38,Mobile Phone,1,15,UPI,Male,4,9,Fashion,5,Single,9,1,38,12,5,90,161.26,8935.28,2103.03,0.6784,40,41,1,6,Platinum,6,9
CUST_02179,0,27,Mobile Phone,2,84,Cash on Delivery,Female,3,4,Grocery,1,Single,8,0,14,11,12,24,266.88,3688.19,1739.71,0.2617,36,66,6,27,Silver,7,0
CUST_02180,0,42,Mobile Phone,3,46,Credit Card,Female,4,5,Grocery,3,Single,10,0,31,6,14,59,152.72,8211.12,1409.93,0.0152,33,2,4,16,Gold,0,10
CUST_02181,0,14,Computer,1,86,Credit Card,Female,3,8,Fashion,5,Married,1,0,13,14,4,68,176.84,5046.91,1712.82,0.227,48,80,10,4,Free,2,0
CUST_02182,0,36,Mobile Phone,3,63,UPI,Male,5,9,Grocery,3,Married,3,0,39,12,5,56,268.48,6774.16,1326.91,0.3273,51,0,8,19,Gold,1,4
CUST_02183,0,39,Mobile Phone,2,87,E-wallet,Female,5,1,Others,5,Married,3,0,21,4,2,90,165.87,8257.53,114.33,0.7379,64,16,14,1,Free,1,5
CUST_02184,0,38,Mobile Phone,1,12,Credit Card,Male,5,5,Fashion,4,Married,5,0,41,18,5,22,167.61,10086.42,1202.34,0.5173,52,28,2,13,Platinum,1,6
CUST_02185,1,17,Phone,2,9,Credit Card,Male,0,9,Fashion,2,Married,9,0,29,8,14,18,216.72,5968.45,1531.21,0.4761,36,58,4,28,Silver,6,7
CUST_02186,1,18,Computer,1,15,E-wallet,Female,0,2,Laptop & Accessory,2,Married,8,0,2,9,3,80,42.9,8454.76,371.95,0.4839,47,71,14,12,Gold,10,2
CUST_02187,0,15,Mobile Phone,1,88,Cash on Delivery,Female,2,4,Fashion,3,Married,7,1,31,17,18,6,394.35,3402.65,603.24,0.2972,43,16,14,17,Silver,5,9
CUST_02188,0,28,Mobile Phone,1,100,Cash on Delivery,Female,4,6,Mobile Phone,3,Married,4,0,0,12,7,2,330.78,5656.06,611.75,0.5172,57,30,11,1,Silver,1,5
CUST_02189,0,35,Mobile Phone,1,100,Debit Card,Male,1,1,Electronics,3,Single,1,0,37,2,6,81,192.97,1139.12,1375.44,0.2098,53,72,15,19,Silver,9,3
CUST_02190,0,22,Phone,1,36,Debit Card,Female,0,10,Laptop & Accessory,4,Divorced,7,0,11,6,9,77,302.34,5840.27,602.45,0.5642,40,30,1,16,Free,9,9
CUST_02191,0,25,Computer,3,30,UPI,Male,0,4,Grocery,3,Married,1,0,50,9,13,12,398.99,4526.89,606.96,0.4889,45,32,15,4,Free,10,5
CUST_02192,0,17,Computer,1,38,Debit Card,Male,3,8,Electronics,4,Married,3,0,11,15,15,75,206.58,11061.38,1092.37,0.5597,52,38,3,23,Free,9,3
CUST_02193,0,13,Phone,3,83,UPI,Male,5,5,Mobile Phone,4,Married,5,0,23,6,14,65,289.47,3220.9,1981.41,0.1135,43,56,14,22,Silver,3,10
CUST_02194,0,40,Mobile Phone,2,29,E-wallet,Female,2,5,Laptop & Accessory,5,Married,8,0,28,9,2,82,34.0,11937.38,734.67,0.4142,45,73,0,12,Free,5,3
CUST_02195,0,49,Computer,1,57,Cash on Delivery,Male,4,10,Electronics,5,Married,7,0,7,12,18,35,382.5,2605.15,666.32,0.1438,35,84,14,17,Platinum,9,1
CUST_02196,0,17,Mobile Phone,1,67,E-wallet,Female,0,9,Grocery,3,Married,2,1,11,11,8,29,66.33,7225.65,1281.47,0.2339,34,76,13,13,Free,0,5
CUST_02197,0,52,Mobile Phone,3,39,UPI,Female,1,6,Grocery,1,Married,3,0,49,3,18,32,320.39,3994.86,913.92,0.5939,58,22,6,10,Silver,4,3
CUST_02198,1,34,Mobile Phone,2,50,Cash on Delivery,Female,4,5,Others,2,Married,9,1,18,10,13,59,195.08,10813.11,2453.14,0.313,24,34,3,2,Free,8,2
CUST_02199,0,10,Mobile Phone,3,68,UPI,Female,2,8,Laptop & Accessory,2,Single,6,0,39,19,1,85,257.76,5842.17,2025.85,0.0374,34,57,1,20,Silver,7,1
CUST_02200,1,22,Tablet,1,80,Cash on Delivery,Male,0,7,Mobile Phone,2,Divorced,7,1,23,13,11,85,238.4,3234.05,1009.71,0.669,28,35,15,6,Platinum,6,7
CUST_02201,0,0,Mobile Phone,2,23,Cash on Delivery,Male,1,10,Fashion,5,Married,4,0,10,16,17,31,166.19,2112.4,343.37,0.0805,28,49,14,28,Gold,8,6
CUST_02202,0,2,Phone,2,54,E-wallet,Male,4,4,Grocery,3,Single,9,0,30,15,16,6,380.87,8991.33,583.82,0.373,44,31,15,30,Silver,7,3
CUST_02203,0,20,Computer,3,19,E-wallet,Female,4,2,Others,5,Single,6,1,7,1,15,37,124.07,10724.93,1969.23,0.3565,27,60,13,28,Gold,6,10
CUST_02204,1,27,Computer,1,6,Credit Card,Male,4,2,Grocery,1,Divorced,1,0,50,9,18,40,92.45,9224.5,1169.54,0.2993,28,55,3,18,Silver,6,10
CUST_02205,0,48,Tablet,3,66,Cash on Delivery,Male,2,6,Mobile Phone,4,Single,8,1,34,6,11,1,357.68,6272.91,528.62,0.0039,66,9,12,1,Free,7,7
CUST_02206,1,8,Mobile Phone,1,51,Cash on Delivery,Female,5,4,Others,3,Single,3,0,35,10,4,88,117.67,11055.89,1581.0,0.1906,69,90,14,23,Free,3,2
CUST_02207,0,51,Mobile Phone,3,29,Cash on Delivery,Male,5,9,Fashion,4,Single,9,0,1,0,0,16,43.13,6189.85,1616.64,0.1167,42,9,12,2,Silver,2,9
CUST_02208,0,14,Mobile Phone,2,10,Credit Card,Female,2,9,Others,2,Single,7,0,13,4,19,52,62.65,2734.19,856.67,0.1227,37,36,5,25,Gold,10,9
CUST_02209,1,8,Mobile Phone,2,95,UPI,Male,1,2,Mobile Phone,3,Married,2,0,19,2,13,32,142.86,2876.75,403.05,0.0948,48,76,8,16,Free,4,7
CUST_02210,0,42,Phone,1,84,E-wallet,Male,5,10,Electronics,2,Married,1,0,17,1,18,64,351.36,7731.1,1431.34,0.618,26,2,5,18,Silver,7,8
CUST_02211,0,47,Mobile Phone,3,94,E-wallet,Male,2,7,Grocery,4,Married,1,0,5,8,16,60,265.52,9790.68,1431.3,0.0757,32,26,10,19,Free,4,6
CUST_02212,0,36,Mobile Phone,1,15,Debit Card,Male,2,3,Grocery,1,Single,3,0,2,16,7,82,50.67,8413.61,1169.53,0.2498,67,63,14,23,Gold,7,7
CUST_02213,0,7,Mobile Phone,2,6,UPI,Male,5,3,Others,4,Married,2,0,30,6,3,5,214.11,1563.24,2426.2,0.4349,20,61,0,28,Free,3,3
CUST_02214,0,7,Mobile Phone,2,25,E-wallet,Male,1,2,Laptop & Accessory,3,Single,7,0,21,16,17,25,249.11,5598.47,835.25,0.0307,62,80,9,16,Free,6,8
CUST_02215,0,23,Computer,2,14,E-wallet,Male,5,5,Mobile Phone,4,Married,2,0,12,10,17,31,323.22,867.02,1281.87,0.3938,65,63,5,19,Silver,4,7
CUST_02216,1,27,Mobile Phone,2,49,Debit Card,Male,0,1,Mobile Phone,1,Married,5,0,30,14,10,81,225.45,11052.08,1606.67,0.3479,31,53,10,25,Silver,0,10
CUST_02217,0,60,Computer,2,66,E-wallet,Male,1,2,Electronics,1,Divorced,4,0,50,6,5,33,137.39,1328.41,1741.83,0.6436,44,16,7,24,Silver,4,1
CUST_02218,0,17,Computer,2,23,E-wallet,Female,2,8,Others,4,Married,7,0,48,8,17,46,398.35,10950.66,2121.09,0.0871,53,80,6,13,Free,6,2
CUST_02219,0,11,Computer,2,43,Credit Card,Female,2,5,Others,2,Married,1,1,44,6,17,71,103.84,4358.26,591.07,0.0438,28,36,3,21,Gold,4,0
CUST_02220,0,57,Mobile Phone,2,56,Credit Card,Male,1,6,Mobile Phone,2,Married,5,0,13,8,15,83,385.83,7058.29,2162.75,0.1104,56,16,8,3,Silver,5,0
CUST_02221,0,9,Computer,2,35,Credit Card,Female,5,4,Mobile Phone,5,Married,9,0,8,20,11,25,83.7,8487.49,298.11,0.3572,66,10,8,13,Silver,5,7
CUST_02222,0,1,Mobile Phone,3,49,Credit Card,Male,3,6,Fashion,5,Married,3,1,12,2,20,60,207.21,10022.1,208.94,0.0787,44,88,12,2,Free,4,2
CUST_02223,1,25,Mobile Phone,2,61,Cash on Delivery,Male,4,4,Electronics,1,Married,9,1,15,18,19,81,44.2,8589.16,2184.17,0.4618,63,9,4,10,Free,4,9
CUST_02224,0,24,Computer,1,96,Debit Card,Male,4,1,Electronics,3,Divorced,2,0,0,19,4,24,357.2,6099.07,846.48,0.5951,49,17,2,15,Silver,5,6
CUST_02225,0,37,Computer,2,34,Cash on Delivery,Male,3,6,Others,4,Divorced,8,0,16,0,6,85,195.75,3213.73,2001.15,0.4166,19,80,3,19,Silver,1,7
CUST_02226,0,53,Mobile Phone,1,13,Credit Card,Male,3,1,Electronics,4,Married,3,0,29,8,15,35,353.59,2490.16,1946.41,0.2688,62,61,15,12,Silver,9,2
CUST_02227,0,56,Phone,1,88,Cash on Delivery,Female,3,7,Others,2,Married,4,0,12,12,3,20,329.98,8200.75,1704.9,0.335,44,59,9,20,Silver,6,2
CUST_02228,1,17,Mobile Phone,2,60,Cash on Delivery,Female,4,10,Mobile Phone,5,Married,6,0,50,6,0,72,76.03,4857.57,551.16,0.1818,43,9,12,1,Gold,9,9
CUST_02229,0,59,Computer,1,50,E-wallet,Male,5,7,Grocery,4,Single,8,0,43,2,10,34,23.41,8698.89,1090.42,0.6391,30,29,8,11,Silver,1,9
CUST_02230,0,38,Tablet,2,74,Debit Card,Male,1,6,Grocery,5,Married,6,0,18,8,19,37,366.68,9385.57,2032.93,0.2426,42,70,4,2,Silver,9,1
CUST_02231,0,4,Mobile Phone,3,99,UPI,Female,3,10,Laptop & Accessory,4,Divorced,6,0,21,16,18,66,224.86,3080.73,290.46,0.644,43,50,7,9,Platinum,10,5
CUST_02232,0,57,Phone,1,17,UPI,Female,1,3,Others,5,Married,3,0,25,10,4,20,341.03,394.53,1289.65,0.7244,57,5,11,9,Silver,6,5
CUST_02233,1,8,Computer,1,87,Debit Card,Male,1,8,Laptop & Accessory,1,Married,7,0,16,17,4,24,275.94,6047.61,426.42,0.1918,48,56,12,3,Free,7,1
CUST_02234,0,35,Computer,1,66,Cash on Delivery,Female,5,3,Others,2,Married,1,1,2,7,7,65,307.84,3959.44,300.46,0.6434,68,4,0,13,Free,8,8
CUST_02235,0,48,Computer,1,61,UPI,Male,2,1,Mobile Phone,3,Married,1,0,19,13,19,75,193.32,1327.36,1131.59,0.6273,32,1,11,2,Silver,3,6
CUST_02236,0,15,Computer,2,87,E-wallet,Female,4,3,Mobile Phone,2,Married,2,0,29,16,17,16,293.33,5227.83,808.35,0.4585,66,21,12,21,Free,2,4
CUST_02237,0,16,Mobile Phone,2,34,Credit Card,Female,4,6,Grocery,1,Married,9,0,12,14,19,88,367.48,4740.71,2060.94,0.6254,55,31,12,2,Free,4,1
CUST_02238,0,29,Computer,2,80,Debit Card,Male,0,1,Fashion,4,Single,7,1,10,9,10,4,283.73,2782.25,1245.51,0.3191,50,50,12,27,Silver,1,9
CUST_02239,0,53,Mobile Phone,1,59,UPI,Female,2,3,Fashion,5,Married,4,0,26,17,1,57,372.72,4006.95,1865.61,0.4522,52,52,7,21,Silver,2,2
CUST_02240,1,13,Tablet,2,94,UPI,Female,1,1,Others,3,Single,7,0,0,3,13,38,96.57,643.1,1670.26,0.3043,46,80,2,10,Gold,6,9
CUST_02241,0,40,Mobile Phone,1,49,E-wallet,Female,1,3,Electronics,4,Married,3,0,37,2,18,14,321.17,11556.69,2380.69,0.7492,22,32,11,16,Free,5,8
CUST_02242,0,27,Mobile Phone,2,74,Cash on Delivery,Female,1,8,Grocery,4,Divorced,8,0,34,0,7,71,211.9,8639.71,687.05,0.3989,51,27,4,15,Gold,9,1
CUST_02243,0,6,Phone,2,52,Credit Card,Female,3,2,Electronics,3,Married,4,0,49,14,5,0,24.3,2275.9,1962.95,0.1779,31,26,1,27,Gold,3,10
CUST_02244,0,43,Mobile Phone,1,42,UPI,Male,0,3,Electronics,4,Single,7,0,7,7,11,25,258.14,6826.56,509.68,0.5026,21,40,10,6,Gold,7,6
CUST_02245,0,50,Mobile Phone,3,41,E-wallet,Female,2,2,Mobile Phone,5,Married,3,0,40,2,5,37,250.93,7927.94,2162.59,0.5685,38,42,0,3,Gold,4,3
CUST_02246,0,35,Computer,2,93,E-wallet,Female,1,4,Fashion,1,Married,1,0,5,4,17,63,396.36,6410.61,2190.11,0.646,65,20,11,13,Platinum,10,9
CUST_02247,0,10,Mobile Phone,1,85,E-wallet,Female,5,8,Others,2,Married,10,0,39,0,8,20,259.92,7301.75,2052.7,0.0095,21,66,5,30,Free,8,2
CUST_02248,1,9,Mobile Phone,2,26,UPI,Male,4,6,Electronics,1,Single,7,0,11,8,18,4,52.29,10444.16,836.5,0.5605,19,48,1,9,Free,4,6
CUST_02249,0,25,Mobile Phone,2,88,Credit Card,Female,2,3,Laptop & Accessory,4,Married,7,0,41,13,12,70,396.47,10697.64,409.46,0.3979,37,67,14,14,Platinum,8,1
CUST_02250,0,30,Mobile Phone,1,61,Debit Card,Male,1,4,Mobile Phone,4,Married,7,0,7,5,9,7,125.94,426.75,2115.96,0.5449,21,2,6,26,Gold,4,7
CUST_02251,0,33,Mobile Phone,1,15,E-wallet,Female,4,7,Mobile Phone,4,Single,9,0,41,5,9,42,278.9,6228.51,1494.47,0.3955,20,53,1,24,Gold,10,6
CUST_02252,0,14,Mobile Phone,2,78,Debit Card,Male,3,5,Grocery,4,Married,1,0,31,20,15,60,239.31,5547.47,1147.62,0.2473,20,79,7,5,Silver,9,10
CUST_02253,0,30,Mobile Phone,3,20,Cash on Delivery,Male,3,5,Electronics,3,Married,10,0,2,0,5,57,142.18,590.89,1060.9,0.0263,58,69,4,7,Platinum,3,0
CUST_02254,0,17,Mobile Phone,2,88,Credit Card,Female,0,9,Fashion,5,Married,5,0,13,17,9,9,162.67,10895.04,298.27,0.2403,56,27,10,5,Silver,6,5
CUST_02255,1,41,Mobile Phone,2,48,UPI,Male,0,9,Mobile Phone,1,Divorced,6,1,24,1,18,55,261.21,11902.44,1635.04,0.492,29,12,12,9,Free,1,7
CUST_02256,0,48,Computer,2,92,E-wallet,Male,3,3,Grocery,4,Married,10,0,34,16,19,1,348.68,8546.86,1325.97,0.0073,32,84,5,7,Platinum,2,5
CUST_02257,0,39,Computer,1,51,Debit Card,Male,2,8,Mobile Phone,5,Married,9,0,37,20,0,3,378.65,3345.25,2405.13,0.6911,57,14,6,3,Free,6,6
CUST_02258,0,0,Mobile Phone,1,13,Credit Card,Male,4,8,Electronics,2,Married,4,0,27,6,15,21,396.4,884.54,1703.91,0.2995,39,40,5,1,Platinum,0,4
CUST_02259,0,60,Mobile Phone,1,78,Debit Card,Male,0,9,Others,4,Single,10,0,35,4,17,64,46.7,3462.97,2415.8,0.0472,37,69,2,10,Silver,2,7
CUST_02260,0,1,Phone,3,74,Credit Card,Male,1,3,Grocery,1,Single,1,0,18,4,9,19,75.16,7312.63,392.61,0.6615,31,51,3,8,Gold,2,0
CUST_02261,0,60,Computer,3,34,Cash on Delivery,Female,4,8,Others,1,Married,2,1,16,8,4,75,82.24,3510.43,1722.11,0.1355,43,24,9,11,Silver,9,3
CUST_02262,0,1,Mobile Phone,3,24,Credit Card,Male,5,2,Grocery,2,Single,3,0,9,5,10,12,389.33,8943.0,2045.0,0.0437,66,76,14,8,Silver,0,6
CUST_02263,0,31,Mobile Phone,1,87,Debit Card,Male,4,5,Electronics,5,Single,3,0,34,5,18,42,38.98,11778.68,1547.31,0.0588,29,18,12,10,Platinum,9,1
CUST_02264,1,6,Mobile Phone,2,79,UPI,Male,0,1,Others,2,Married,7,0,34,3,3,43,278.82,2637.74,1556.39,0.396,70,85,1,3,Gold,10,10
CUST_02265,0,5,Phone,2,33,Debit Card,Female,0,7,Mobile Phone,3,Single,5,0,46,19,6,52,383.1,11918.43,431.61,0.2144,30,10,11,28,Gold,7,10
CUST_02266,0,41,Phone,1,72,Cash on Delivery,Female,5,7,Grocery,4,Single,9,0,26,6,19,34,230.12,6047.16,836.98,0.6314,41,1,7,7,Silver,1,3
CUST_02267,0,44,Phone,1,28,E-wallet,Male,2,5,Mobile Phone,4,Married,7,1,31,1,13,13,3.13,5066.46,1599.75,0.4092,45,39,4,26,Free,2,9
CUST_02268,0,7,Mobile Phone,2,22,E-wallet,Male,2,5,Laptop & Accessory,4,Single,7,0,36,6,5,66,26.27,2447.01,1208.87,0.2086,61,37,2,22,Platinum,1,9
CUST_02269,0,59,Mobile Phone,2,68,Cash on Delivery,Male,5,3,Mobile Phone,1,Married,8,0,44,11,14,59,283.93,957.53,2164.43,0.4382,57,49,4,3,Platinum,9,5
CUST_02270,1,19,Mobile Phone,2,84,E-wallet,Female,1,8,Laptop & Accessory,5,Single,5,0,25,2,3,59,159.34,8962.23,1954.36,0.708,31,46,0,14,Free,7,8
CUST_02271,0,19,Mobile Phone,1,93,Cash on Delivery,Male,1,10,Mobile Phone,2,Married,4,0,38,10,15,85,202.28,8091.05,1360.6,0.6468,57,25,7,12,Platinum,1,2
CUST_02272,0,18,Mobile Phone,2,49,Credit Card,Female,4,2,Laptop & Accessory,3,Married,2,1,40,20,9,80,18.08,9222.49,1549.1,0.1024,52,30,11,15,Silver,10,7
CUST_02273,0,28,Computer,1,18,E-wallet,Female,5,3,Others,4,Married,9,0,29,14,18,64,359.33,2678.87,1658.09,0.654,20,32,6,9,Silver,0,10
CUST_02274,0,10,Mobile Phone,1,57,UPI,Female,2,7,Fashion,2,Single,3,0,28,7,15,39,362.16,8999.71,1655.28,0.2747,25,89,2,19,Free,1,6
CUST_02275,0,25,Phone,2,70,Credit Card,Female,0,4,Laptop & Accessory,4,Married,7,0,34,18,2,1,240.84,7580.3,1755.39,0.2883,38,87,6,28,Gold,10,3
CUST_02276,0,12,Mobile Phone,1,98,Cash on Delivery,Female,0,1,Fashion,3,Single,8,1,41,6,14,19,190.52,4828.38,1268.09,0.3781,63,49,9,9,Platinum,2,4
CUST_02277,1,3,Mobile Phone,3,15,Debit Card,Male,0,1,Electronics,1,Married,4,0,28,0,13,28,157.46,2158.77,353.34,0.5762,60,23,9,18,Free,7,9
CUST_02278,0,22,Phone,2,68,UPI,Male,2,3,Grocery,2,Single,2,0,28,5,5,26,79.14,8011.32,2390.1,0.3169,40,47,9,9,Free,3,4
CUST_02279,1,41,Computer,1,54,Cash on Delivery,Male,3,10,Laptop & Accessory,4,Single,7,0,11,0,10,86,375.89,10926.9,90.32,0.4958,36,37,2,27,Free,4,2
CUST_02280,0,46,Mobile Phone,1,61,Credit Card,Female,2,7,Laptop & Accessory,1,Single,4,0,49,10,5,5,195.73,9636.76,90.63,0.1276,56,1,15,9,Platinum,5,7
CUST_02281,0,21,Computer,2,13,UPI,Male,1,3,Grocery,2,Single,9,0,2,7,15,60,43.23,11822.95,2349.1,0.2213,20,33,10,12,Platinum,5,3
CUST_02282,0,19,Mobile Phone,1,6,Credit Card,Male,4,1,Others,3,Single,5,0,43,1,4,44,317.1,1897.25,1261.24,0.7109,51,32,6,9,Silver,0,2
CUST_02283,0,48,Mobile Phone,1,63,Credit Card,Female,5,8,Laptop & Accessory,2,Single,4,0,19,8,8,29,388.74,7811.1,2053.01,0.315,52,51,13,19,Gold,1,3
CUST_02284,0,41,Mobile Phone,1,24,Debit Card,Male,1,4,Others,3,Married,8,0,12,4,12,66,112.97,4338.83,995.0,0.5448,59,72,1,29,Free,0,2
CUST_02285,0,50,Mobile Phone,1,63,Cash on Delivery,Male,4,4,Laptop & Accessory,5,Married,4,0,11,18,0,54,274.85,4194.96,1105.81,0.0596,69,75,5,4,Silver,9,4
CUST_02286,0,55,Computer,2,7,UPI,Male,3,6,Fashion,1,Married,8,0,37,12,20,76,398.73,4090.56,1778.17,0.0227,38,90,7,10,Gold,0,10
CUST_02287,0,50,Mobile Phone,2,81,Credit Card,Female,4,3,Mobile Phone,5,Single,7,0,14,5,0,14,45.95,7977.38,1296.69,0.0395,67,82,15,3,Free,9,9
CUST_02288,0,57,Computer,1,36,Cash on Delivery,Female,0,8,Fashion,4,Single,9,0,6,15,18,24,325.05,9433.27,2256.51,0.5261,49,14,2,16,Free,10,4
CUST_02289,0,25,Computer,2,48,UPI,Female,4,4,Others,5,Divorced,5,0,23,17,13,84,199.34,6672.57,1744.16,0.0425,36,36,11,19,Free,3,10
CUST_02290,0,24,Mobile Phone,1,38,Credit Card,Female,4,8,Mobile Phone,4,Single,1,0,46,16,10,79,267.72,8424.73,1341.81,0.4515,50,13,8,21,Platinum,7,1
CUST_02291,0,19,Mobile Phone,2,45,UPI,Male,4,6,Grocery,5,Married,2,0,44,1,10,35,72.29,4293.9,2082.85,0.188,25,38,6,17,Silver,7,0
CUST_02292,1,14,Mobile Phone,1,55,Debit Card,Male,5,2,Mobile Phone,1,Married,1,0,17,10,7,36,87.18,6040.82,1385.0,0.1053,28,71,7,23,Free,9,8
CUST_02293,0,45,Computer,2,66,Cash on Delivery,Female,4,7,Grocery,4,Married,9,1,32,1,15,17,222.41,2017.71,784.07,0.5195,34,52,8,27,Free,0,9
CUST_02294,0,43,Computer,1,71,E-wallet,Female,5,1,Laptop & Accessory,4,Married,3,0,24,13,8,7,100.2,731.52,344.94,0.4079,27,65,7,1,Platinum,8,2
CUST_02295,0,48,Computer,2,100,Debit Card,Male,4,8,Mobile Phone,5,Married,3,0,20,15,11,6,238.7,5512.32,908.85,0.6684,61,80,9,21,Free,9,4
CUST_02296,0,10,Mobile Phone,1,22,Cash on Delivery,Male,2,4,Others,1,Married,7,0,1,0,16,0,35.08,11717.41,1604.68,0.5454,55,85,12,25,Platinum,9,4
CUST_02297,0,29,Mobile Phone,3,88,Credit Card,Male,5,7,Electronics,3,Married,3,0,7,16,13,3,312.77,11081.87,2455.13,0.242,61,7,8,6,Silver,0,6
CUST_02298,0,13,Mobile Phone,1,62,UPI,Male,4,3,Others,3,Single,10,0,44,5,13,34,109.59,10776.69,1876.57,0.0949,30,27,5,2,Silver,4,2
CUST_02299,1,54,Mobile Phone,3,34,E-wallet,Female,3,5,Electronics,1,Married,9,1,49,1,11,58,294.8,4437.27,1566.47,0.4779,20,88,4,16,Free,8,1
CUST_02300,0,16,Computer,3,93,Credit Card,Male,3,4,Mobile Phone,4,Single,5,0,48,5,0,58,65.21,9023.28,545.85,0.2606,51,36,12,16,Free,8,1
CUST_02301,0,8,Mobile Phone,1,72,E-wallet,Female,2,3,Fashion,3,Married,7,0,48,20,1,62,319.82,11244.49,1782.15,0.1241,39,69,1,1,Gold,3,1
CUST_02302,0,34,Mobile Phone,1,22,Credit Card,Female,3,4,Others,3,Married,4,0,23,6,1,58,5.4,821.49,1331.24,0.4298,68,45,12,10,Silver,10,9
CUST_02303,0,53,Mobile Phone,1,21,UPI,Female,2,1,Electronics,4,Single,5,0,3,1,5,59,68.32,5407.64,1860.47,0.4963,28,41,2,20,Free,5,5
CUST_02304,0,55,Mobile Phone,3,68,Credit Card,Male,0,4,Grocery,4,Married,5,0,9,1,10,35,135.15,4527.57,945.43,0.2142,32,26,5,3,Gold,5,10
CUST_02305,0,5,Computer,2,75,Credit Card,Female,2,2,Others,4,Divorced,4,0,40,18,5,28,311.97,10128.15,1221.42,0.5413,37,55,14,3,Silver,6,7
CUST_02306,0,19,Mobile Phone,2,9,Debit Card,Male,5,6,Laptop & Accessory,2,Single,5,1,35,13,11,38,12.68,6978.31,1338.76,0.0511,64,4,5,7,Silver,8,5
CUST_02307,1,9,Phone,1,65,UPI,Female,1,1,Others,5,Single,2,1,50,4,18,72,296.12,11978.47,937.14,0.5473,69,87,4,12,Free,3,10
CUST_02308,0,18,Phone,3,55,Cash on Delivery,Male,4,1,Laptop & Accessory,2,Married,7,0,15,13,20,49,94.14,772.4,1467.85,0.0793,45,70,0,13,Gold,10,4
CUST_02309,1,32,Phone,1,98,Debit Card,Female,2,5,Others,2,Single,1,1,20,0,13,76,398.66,3823.31,727.11,0.518,30,18,15,1,Silver,5,10
CUST_02310,0,17,Computer,1,76,UPI,Female,1,3,Electronics,3,Single,10,0,48,14,2,30,114.75,6683.42,237.04,0.3264,49,55,12,10,Platinum,8,5
CUST_02311,1,4,Computer,1,92,Credit Card,Male,2,9,Fashion,2,Divorced,10,0,46,17,15,54,58.3,2711.88,487.03,0.1139,20,85,4,20,Free,7,9
CUST_02312,0,31,Computer,2,8,Cash on Delivery,Female,5,3,Fashion,2,Single,3,0,15,16,16,58,273.3,11622.93,1260.71,0.0158,32,6,11,14,Platinum,0,6
CUST_02313,0,3,Mobile Phone,3,78,Credit Card,Female,0,4,Laptop & Accessory,5,Single,1,1,48,3,16,56,110.67,8355.9,214.43,0.634,39,16,13,21,Silver,9,9
CUST_02314,1,13,Mobile Phone,2,37,E-wallet,Male,4,3,Mobile Phone,1,Married,5,1,29,7,18,9,216.09,7323.41,997.36,0.6598,67,46,2,16,Free,8,0
CUST_02315,0,0,Computer,1,58,Credit Card,Female,4,9,Mobile Phone,3,Single,1,0,50,11,0,17,308.85,1725.77,1705.44,0.2775,22,87,0,4,Gold,9,1
CUST_02316,1,5,Mobile Phone,1,89,Cash on Delivery,Female,1,8,Electronics,3,Married,5,0,2,1,7,56,319.97,9514.16,1304.72,0.4945,55,6,2,7,Silver,1,5
CUST_02317,0,26,Mobile Phone,2,88,Debit Card,Male,4,2,Mobile Phone,1,Married,8,0,29,17,12,78,88.26,11652.33,1406.25,0.6523,31,1,7,5,Free,2,4
CUST_02318,0,51,Phone,2,26,E-wallet,Female,3,3,Electronics,2,Married,4,0,50,12,3,44,83.91,9642.71,1824.88,0.0672,55,37,12,19,Free,10,9
CUST_02319,0,47,Mobile Phone,1,28,Debit Card,Female,2,2,Mobile Phone,2,Single,9,0,49,3,8,7,108.54,6830.76,346.2,0.3795,40,64,7,9,Platinum,9,7
CUST_02320,1,6,Mobile Phone,1,74,E-wallet,Male,1,2,Others,3,Married,1,0,29,15,5,79,157.88,8242.94,696.33,0.3187,63,60,2,15,Gold,9,9
CUST_02321,0,2,Computer,2,89,E-wallet,Female,5,3,Fashion,3,Married,8,0,2,15,4,73,298.79,6440.55,1085.19,0.1617,23,2,3,30,Platinum,4,5
CUST_02322,0,20,Mobile Phone,3,63,UPI,Male,1,9,Electronics,3,Married,6,0,49,3,13,73,216.81,541.38,706.95,0.1881,23,39,12,3,Gold,3,0
CUST_02323,0,39,Phone,2,10,UPI,Female,5,5,Electronics,2,Married,3,0,8,11,13,38,351.95,10467.62,1125.06,0.6885,50,42,12,27,Silver,2,2
CUST_02324,0,45,Mobile Phone,1,20,Debit Card,Female,3,4,Others,4,Married,5,0,15,6,1,59,279.4,2882.32,2239.44,0.5212,23,44,3,18,Free,6,0
CUST_02325,0,50,Phone,2,76,UPI,Male,5,2,Grocery,2,Single,3,1,44,5,14,8,245.31,3830.79,330.39,0.4684,66,0,3,14,Silver,2,2
CUST_02326,0,20,Computer,1,76,UPI,Male,1,2,Fashion,5,Married,7,0,26,16,18,2,208.26,10993.92,771.79,0.4854,22,40,7,20,Free,10,0
CUST_02327,0,10,Mobile Phone,3,91,Credit Card,Male,0,6,Grocery,5,Married,10,0,13,0,0,5,165.05,8999.54,2174.87,0.3099,34,3,1,25,Free,10,5
CUST_02328,0,1,Mobile Phone,1,56,Debit Card,Male,3,8,Laptop & Accessory,4,Married,6,0,0,8,15,38,138.37,6649.39,1434.24,0.5907,64,42,3,20,Silver,3,0
CUST_02329,1,8,Mobile Phone,1,46,E-wallet,Male,2,6,Others,1,Married,8,1,9,5,14,89,69.96,3125.16,2426.48,0.5594,43,71,10,0,Free,0,9
CUST_02330,0,3,Mobile Phone,2,15,E-wallet,Female,3,7,Electronics,5,Married,7,1,39,6,16,4,108.04,9899.62,472.54,0.3272,65,3,4,28,Platinum,8,0
CUST_02331,0,52,Mobile Phone,1,80,Credit Card,Female,2,3,Laptop & Accessory,5,Married,9,0,36,8,20,51,360.39,6459.35,1901.52,0.1101,57,83,12,3,Free,8,3
CUST_02332,0,16,Tablet,1,96,Cash on Delivery,Female,1,10,Mobile Phone,3,Married,6,0,8,12,15,68,331.78,6597.95,2105.77,0.0731,40,52,9,14,Free,3,8
CUST_02333,0,50,Mobile Phone,2,9,Debit Card,Female,4,9,Laptop & Accessory,2,Single,5,0,45,7,7,40,1.8,2359.06,2398.41,0.5962,63,64,5,22,Silver,0,3
CUST_02334,0,33,Phone,2,52,Cash on Delivery,Female,3,9,Electronics,4,Married,2,0,21,11,2,4,89.62,5326.34,436.58,0.5271,53,43,13,24,Free,5,5
CUST_02335,0,32,Mobile Phone,3,39,Cash on Delivery,Male,3,7,Grocery,4,Married,8,0,35,15,18,84,322.91,4346.63,1362.59,0.3374,52,76,7,27,Silver,10,10
CUST_02336,0,27,Tablet,1,76,E-wallet,Female,4,7,Laptop & Accessory,4,Single,9,0,34,3,15,81,234.22,3594.02,1037.41,0.1021,62,25,9,19,Gold,10,1
CUST_02337,0,49,Mobile Phone,1,78,Cash on Delivery,Female,4,1,Grocery,4,Married,10,1,5,8,9,42,28.51,5734.79,1534.62,0.58,25,14,8,3,Free,3,3
CUST_02338,0,2,Mobile Phone,2,25,E-wallet,Male,1,2,Fashion,5,Divorced,8,0,4,11,12,76,322.97,10106.11,244.75,0.2694,37,43,3,11,Free,5,7
CUST_02339,0,5,Computer,1,96,E-wallet,Male,4,2,Fashion,5,Married,4,0,31,7,11,77,301.35,3863.28,1210.83,0.5825,39,54,5,24,Platinum,4,0
CUST_02340,0,25,Mobile Phone,1,18,Cash on Delivery,Female,1,5,Grocery,4,Single,8,0,39,11,1,59,112.64,3026.64,121.0,0.5244,31,76,8,25,Platinum,0,9
CUST_02341,0,24,Phone,3,79,UPI,Male,5,6,Others,2,Married,4,0,47,17,5,77,297.56,10598.21,808.21,0.6975,34,45,0,1,Free,7,4
CUST_02342,0,33,Mobile Phone,3,76,Debit Card,Male,4,2,Others,5,Married,9,0,41,12,5,63,354.69,9296.62,2062.67,0.0509,69,8,2,11,Silver,5,0
CUST_02343,0,45,Mobile Phone,1,20,Debit Card,Male,3,8,Laptop & Accessory,5,Single,1,0,29,9,13,68,258.88,6829.07,1194.39,0.4825,18,77,0,10,Free,2,7
CUST_02344,0,35,Mobile Phone,2,69,Debit Card,Female,1,6,Others,3,Single,9,1,27,13,8,10,297.46,8192.69,2135.72,0.5944,28,75,8,26,Gold,3,5
CUST_02345,0,15,Computer,2,30,Debit Card,Male,5,6,Grocery,1,Married,8,0,20,20,8,8,19.6,1107.5,192.48,0.2186,46,50,5,23,Free,2,10
CUST_02346,0,19,Mobile Phone,1,31,Debit Card,Male,3,10,Mobile Phone,5,Married,9,1,30,0,11,14,226.03,8884.28,1765.08,0.5527,44,5,3,20,Gold,9,7
CUST_02347,0,45,Mobile Phone,2,13,UPI,Male,4,6,Others,3,Married,3,0,48,12,18,86,301.45,10704.66,196.91,0.2233,65,83,15,14,Free,5,3
CUST_02348,1,12,Mobile Phone,1,76,Debit Card,Male,0,1,Fashion,3,Married,6,0,4,0,3,37,185.04,5729.48,430.68,0.4762,49,60,12,2,Free,8,7
CUST_02349,0,30,Mobile Phone,1,82,Debit Card,Male,2,8,Fashion,4,Married,3,0,24,19,2,57,161.83,10118.01,2018.84,0.5104,69,82,8,23,Free,2,0
CUST_02350,0,32,Mobile Phone,3,53,Cash on Delivery,Male,1,9,Others,1,Married,8,0,22,15,11,52,225.19,6875.33,98.27,0.6713,37,11,13,19,Silver,8,8
CUST_02351,0,45,Tablet,2,79,Debit Card,Male,4,1,Grocery,5,Married,7,1,15,18,17,37,269.93,529.22,982.4,0.7132,69,31,0,8,Platinum,8,4
CUST_02352,0,43,Mobile Phone,1,38,Credit Card,Female,2,6,Laptop & Accessory,1,Single,7,0,42,12,20,64,326.65,253.78,2343.93,0.7476,44,20,9,10,Free,7,4
CUST_02353,1,28,Computer,2,59,Credit Card,Male,0,5,Laptop & Accessory,2,Married,8,0,27,8,6,69,326.54,1607.5,430.26,0.5204,23,67,15,20,Free,8,6
CUST_02354,0,18,Mobile Phone,3,80,Cash on Delivery,Female,3,2,Electronics,3,Single,1,0,4,0,7,86,281.23,11572.13,2372.25,0.4342,60,28,6,1,Silver,10,7
CUST_02355,0,22,Mobile Phone,1,46,E-wallet,Male,0,3,Fashion,4,Married,5,0,35,12,17,6,393.44,11486.52,529.49,0.5121,28,80,15,24,Free,8,2
CUST_02356,0,25,Mobile Phone,3,64,Cash on Delivery,Female,2,9,Laptop & Accessory,1,Married,3,0,50,19,3,32,215.22,595.63,711.37,0.5605,56,38,13,18,Free,3,1
CUST_02357,0,13,Mobile Phone,3,18,Credit Card,Male,5,4,Laptop & Accessory,3,Married,10,0,9,2,7,16,177.31,4493.57,1613.35,0.6118,65,33,12,6,Silver,3,6
CUST_02358,0,38,Mobile Phone,1,53,UPI,Male,2,6,Others,1,Married,6,0,24,5,9,49,132.31,11366.02,65.99,0.2182,60,55,5,16,Silver,0,8
CUST_02359,0,12,Mobile Phone,2,86,Debit Card,Male,2,8,Grocery,5,Single,2,1,12,11,6,61,49.74,6681.22,1787.22,0.5317,33,70,7,5,Gold,7,2
CUST_02360,0,39,Mobile Phone,2,79,Debit Card,Male,0,5,Grocery,2,Single,4,0,0,11,9,16,88.99,9525.47,2263.65,0.144,32,35,5,9,Free,7,2
CUST_02361,0,45,Tablet,2,33,E-wallet,Female,2,9,Grocery,3,Single,6,0,21,8,20,57,122.43,2530.26,921.78,0.0773,23,0,10,1,Free,2,10
CUST_02362,0,58,Mobile Phone,1,57,E-wallet,Female,5,5,Fashion,4,Married,4,0,17,3,19,4,202.61,1323.16,1533.14,0.5949,32,83,1,25,Silver,6,3
CUST_02363,0,7,Mobile Phone,1,64,Cash on Delivery,Male,5,10,Others,1,Married,7,0,46,10,8,47,399.11,4031.14,925.37,0.4352,48,38,11,11,Silver,10,1
CUST_02364,0,46,Mobile Phone,1,95,UPI,Male,5,2,Grocery,1,Single,8,0,25,10,9,88,310.18,8340.07,1745.18,0.357,31,10,13,21,Gold,4,6
CUST_02365,0,5,Mobile Phone,2,84,UPI,Female,2,9,Grocery,5,Married,7,0,32,3,19,61,355.12,11165.89,1340.95,0.2987,62,57,10,0,Free,10,7
CUST_02366,1,20,Computer,2,83,E-wallet,Female,0,2,Others,3,Single,6,0,48,12,5,71,72.55,9384.14,1281.51,0.1917,46,65,2,26,Free,0,4
CUST_02367,1,10,Mobile Phone,2,77,Cash on Delivery,Female,1,9,Laptop & Accessory,2,Married,7,0,27,18,11,86,9.63,4971.72,178.11,0.4396,48,33,0,16,Free,0,8
CUST_02368,0,9,Computer,2,39,UPI,Female,1,7,Mobile Phone,4,Married,3,0,35,1,4,47,1.1,4536.0,1671.03,0.0639,26,14,15,5,Silver,4,2
CUST_02369,0,10,Mobile Phone,1,41,Credit Card,Male,0,6,Electronics,5,Single,7,0,26,1,13,11,201.05,10457.64,1289.7,0.5225,65,80,5,8,Free,8,6
CUST_02370,1,2,Mobile Phone,1,49,E-wallet,Female,4,9,Laptop & Accessory,4,Single,1,0,29,11,0,53,47.01,6257.06,836.17,0.3657,69,78,11,12,Free,1,5
CUST_02371,0,50,Tablet,2,45,E-wallet,Male,3,7,Mobile Phone,3,Married,8,0,10,16,4,31,75.74,5535.85,1225.31,0.4729,52,59,10,30,Gold,2,2
CUST_02372,0,3,Mobile Phone,2,96,Debit Card,Male,4,7,Laptop & Accessory,4,Married,4,0,49,2,15,87,71.07,3498.61,859.71,0.0237,61,24,13,27,Platinum,1,0
CUST_02373,0,24,Computer,2,89,Debit Card,Female,1,8,Electronics,5,Married,9,0,15,19,14,26,285.5,8308.57,714.17,0.2807,53,48,3,27,Free,1,4
CUST_02374,0,42,Mobile Phone,1,90,E-wallet,Female,4,9,Others,2,Married,3,0,15,10,5,47,381.29,1909.14,346.96,0.2997,70,55,7,5,Free,9,4
CUST_02375,1,60,Tablet,1,63,E-wallet,Female,0,3,Mobile Phone,4,Single,10,0,17,2,4,85,48.47,4716.27,588.62,0.4334,39,78,7,17,Silver,2,8
CUST_02376,0,52,Mobile Phone,3,23,UPI,Female,4,9,Electronics,5,Married,6,0,19,9,16,68,42.74,9054.04,367.73,0.6764,30,81,4,1,Platinum,5,2
CUST_02377,0,8,Mobile Phone,1,18,Debit Card,Female,4,6,Electronics,2,Married,10,0,17,9,20,17,131.87,8132.98,74.78,0.5375,46,68,15,27,Silver,8,4
CUST_02378,0,60,Computer,1,31,Cash on Delivery,Female,1,1,Others,5,Married,3,0,39,8,11,79,255.05,1685.95,1857.51,0.6046,52,60,7,1,Silver,5,4
CUST_02379,0,39,Mobile Phone,2,67,Cash on Delivery,Female,1,10,Others,1,Married,6,1,36,12,15,33,147.72,4359.08,281.38,0.569,61,22,13,29,Gold,3,4
CUST_02380,0,10,Mobile Phone,2,39,E-wallet,Female,2,8,Fashion,2,Married,8,0,30,5,14,64,111.38,4792.08,1017.41,0.1467,66,11,12,5,Gold,1,2
CUST_02381,0,27,Tablet,3,67,UPI,Male,3,9,Laptop & Accessory,2,Married,8,0,15,20,18,82,46.08,2880.08,1636.37,0.3851,21,72,5,18,Gold,10,5
CUST_02382,1,55,Computer,3,89,UPI,Male,3,8,Electronics,1,Single,3,0,11,6,4,89,183.2,2483.37,1783.88,0.5513,41,9,7,25,Free,10,10
CUST_02383,0,23,Computer,2,37,Credit Card,Male,0,4,Grocery,4,Married,5,0,34,18,11,60,14.1,6157.07,237.77,0.4019,52,46,6,11,Gold,5,6
CUST_02384,1,11,Computer,1,94,Cash on Delivery,Female,2,4,Fashion,3,Single,3,0,38,17,3,67,251.27,4088.09,2209.64,0.7121,43,48,4,9,Free,4,10
CUST_02385,0,53,Phone,2,54,Debit Card,Male,3,3,Grocery,2,Married,7,0,20,8,6,2,329.41,7323.14,269.25,0.3886,23,18,1,27,Silver,6,8
CUST_02386,0,58,Phone,3,82,Debit Card,Male,3,5,Grocery,5,Divorced,5,0,13,4,8,86,387.43,7727.89,1307.47,0.4109,20,24,8,20,Gold,6,9
CUST_02387,0,59,Computer,1,10,Cash on Delivery,Female,3,1,Mobile Phone,2,Single,1,1,23,20,19,87,128.91,11467.65,2064.49,0.0899,56,88,2,8,Gold,0,9
CUST_02388,0,58,Mobile Phone,3,31,Debit Card,Female,3,8,Mobile Phone,5,Married,3,0,28,12,7,19,330.04,7128.32,1171.6,0.0593,68,67,0,0,Silver,0,8
CUST_02389,0,53,Mobile Phone,2,94,Debit Card,Female,2,8,Fashion,4,Married,4,0,2,6,0,5,202.76,9871.22,2499.15,0.0441,51,36,4,10,Gold,1,0
CUST_02390,0,27,Computer,1,90,E-wallet,Female,3,10,Fashion,5,Married,6,0,43,3,10,86,107.07,10936.91,1779.27,0.1122,57,67,11,7,Free,5,3
CUST_02391,0,11,Phone,2,59,E-wallet,Female,2,6,Electronics,1,Single,10,0,36,7,8,47,38.57,5162.85,880.1,0.5039,46,3,4,20,Gold,8,8
CUST_02392,0,37,Mobile Phone,2,8,UPI,Female,1,10,Laptop & Accessory,5,Married,10,0,14,13,15,16,178.79,2176.25,236.71,0.1336,69,16,10,12,Gold,0,2
CUST_02393,0,13,Mobile Phone,1,10,Debit Card,Male,1,3,Mobile Phone,1,Married,7,0,42,10,0,22,346.9,3427.71,2071.53,0.081,35,83,15,1,Gold,6,7
CUST_02394,0,28,Mobile Phone,1,45,Credit Card,Male,2,5,Electronics,4,Divorced,10,0,38,1,19,60,379.01,8244.15,2182.7,0.4596,29,72,3,20,Free,4,9
CUST_02395,1,40,Mobile Phone,2,91,Cash on Delivery,Male,0,8,Laptop & Accessory,4,Married,1,1,25,16,15,57,184.8,3929.13,1595.08,0.6438,56,11,15,3,Free,1,10
CUST_02396,0,57,Phone,1,41,Cash on Delivery,Female,1,8,Electronics,1,Married,9,0,43,6,12,55,309.24,1657.73,860.19,0.0248,58,18,3,3,Free,9,6
CUST_02397,0,17,Mobile Phone,1,89,Cash on Delivery,Female,0,8,Electronics,1,Single,6,0,10,4,18,25,85.2,1759.13,1436.35,0.3796,63,41,11,17,Gold,3,3
CUST_02398,1,15,Computer,2,56,Cash on Delivery,Male,2,5,Mobile Phone,1,Single,4,0,16,14,4,69,297.62,4078.01,56.71,0.1438,29,35,12,9,Free,0,10
CUST_02399,1,44,Computer,2,17,UPI,Female,2,1,Grocery,1,Married,4,0,50,15,8,74,8.61,1821.98,1072.57,0.6858,24,47,2,4,Free,3,10
CUST_02400,1,0,Tablet,2,58,Cash on Delivery,Male,0,9,Fashion,1,Married,4,0,10,17,6,3,167.28,11023.46,2466.5,0.3139,26,76,4,20,Silver,4,4
CUST_02401,0,34,Mobile Phone,3,39,Cash on Delivery,Female,0,4,Mobile Phone,5,Married,9,1,43,0,5,51,307.8,178.98,572.2,0.4854,66,69,7,26,Silver,0,1
CUST_02402,0,45,Tablet,3,26,Cash on Delivery,Female,3,7,Laptop & Accessory,2,Married,5,0,44,8,19,63,146.64,2863.97,1723.15,0.3261,66,67,9,4,Silver,2,10
CUST_02403,0,33,Computer,2,69,Cash on Delivery,Male,1,2,Others,5,Single,2,1,19,5,18,28,41.29,11154.1,307.13,0.6134,51,7,11,27,Gold,1,4
CUST_02404,0,23,Computer,1,24,Credit Card,Male,5,10,Others,1,Single,10,1,23,12,4,63,388.43,9700.14,1838.25,0.3695,24,40,8,2,Free,2,5
CUST_02405,0,50,Mobile Phone,2,91,Cash on Delivery,Male,0,3,Others,4,Married,7,0,47,20,5,78,119.57,11106.81,1127.99,0.7094,56,68,1,15,Platinum,10,4
CUST_02406,0,22,Mobile Phone,1,82,E-wallet,Male,2,10,Laptop & Accessory,3,Single,4,0,15,2,1,81,16.89,10539.55,884.9,0.2692,53,63,9,22,Gold,4,0
CUST_02407,0,43,Computer,3,80,UPI,Female,4,8,Others,3,Single,8,0,18,13,3,70,163.23,5098.47,1288.69,0.5411,59,63,1,2,Gold,5,0
CUST_02408,0,28,Mobile Phone,2,12,UPI,Female,0,4,Grocery,4,Single,4,0,0,9,19,64,278.79,1208.44,2055.72,0.0665,40,72,0,28,Silver,10,1
CUST_02409,0,1,Mobile Phone,1,97,Cash on Delivery,Female,2,4,Grocery,2,Married,6,0,18,9,4,44,153.49,9997.84,2103.99,0.1216,20,27,10,8,Silver,1,4
CUST_02410,1,32,Computer,2,52,UPI,Female,2,10,Fashion,1,Single,1,1,9,19,0,8,360.26,4550.07,914.58,0.3972,67,74,7,23,Gold,5,6
CUST_02411,0,3,Computer,2,75,UPI,Male,3,6,Mobile Phone,2,Divorced,3,0,10,15,18,44,85.23,1469.5,1600.51,0.1945,41,72,5,18,Free,2,3
CUST_02412,0,56,Mobile Phone,3,23,E-wallet,Female,5,7,Mobile Phone,5,Married,4,0,26,1,15,71,231.49,9303.26,841.35,0.0442,45,19,12,11,Silver,6,2
CUST_02413,0,36,Mobile Phone,1,78,Credit Card,Male,3,7,Mobile Phone,3,Single,8,0,39,9,14,42,42.79,400.7,1156.91,0.1858,63,16,5,1,Free,0,9
CUST_02414,0,22,Mobile Phone,3,35,E-wallet,Female,2,3,Electronics,5,Married,8,0,42,15,3,84,47.23,2691.1,1657.85,0.2032,51,29,11,26,Gold,9,7
CUST_02415,0,29,Phone,1,72,Credit Card,Male,2,2,Others,5,Married,8,0,19,2,0,49,78.12,7908.09,676.46,0.4674,34,87,5,10,Platinum,6,5
CUST_02416,0,37,Tablet,2,31,Debit Card,Female,3,1,Others,1,Divorced,5,1,25,10,13,0,87.07,2957.37,845.91,0.1246,58,51,6,15,Platinum,1,4
CUST_02417,1,15,Mobile Phone,3,94,Cash on Delivery,Female,1,5,Others,1,Married,4,0,3,10,11,78,263.82,888.87,456.49,0.6963,45,84,4,5,Platinum,0,0
CUST_02418,0,17,Mobile Phone,1,73,Cash on Delivery,Male,4,7,Laptop & Accessory,1,Single,6,0,14,1,3,40,339.43,8221.72,1523.74,0.2152,36,34,1,12,Silver,3,1
CUST_02419,0,25,Mobile Phone,1,48,E-wallet,Male,2,4,Electronics,1,Single,3,0,15,20,9,6,346.2,3710.1,2121.66,0.7227,44,60,3,17,Silver,6,4
CUST_02420,1,15,Mobile Phone,3,48,Debit Card,Male,0,3,Others,3,Divorced,6,0,47,7,18,62,251.32,11012.23,2299.36,0.3177,67,90,8,30,Silver,0,7
CUST_02421,0,46,Phone,3,5,Credit Card,Male,3,4,Grocery,1,Divorced,7,0,43,5,18,35,162.75,852.55,2359.52,0.5492,66,31,6,27,Silver,8,3
CUST_02422,0,6,Mobile Phone,1,33,Debit Card,Female,1,3,Grocery,5,Married,10,0,18,1,1,71,105.87,4257.58,1959.86,0.5087,21,66,9,29,Free,1,8
CUST_02423,0,50,Mobile Phone,2,80,UPI,Female,2,5,Fashion,3,Married,4,0,8,1,0,68,117.27,10787.48,1208.95,0.2108,18,38,15,27,Silver,1,2
CUST_02424,1,21,Mobile Phone,3,84,Debit Card,Female,1,6,Electronics,4,Married,2,0,8,4,6,86,181.15,1047.66,2040.61,0.3327,24,82,13,7,Gold,3,8
CUST_02425,0,34,Mobile Phone,1,100,Debit Card,Male,0,3,Electronics,5,Married,4,0,26,15,15,87,251.59,10526.29,676.51,0.172,28,69,15,3,Silver,5,5
CUST_02426,0,9,Phone,2,13,E-wallet,Male,1,1,Grocery,1,Married,9,0,48,5,16,68,222.11,10055.68,1301.76,0.6634,53,66,12,14,Platinum,6,2
CUST_02427,0,23,Computer,1,29,UPI,Male,5,2,Laptop & Accessory,3,Single,5,0,30,9,10,13,304.65,1673.41,2300.32,0.6647,55,18,3,2,Silver,0,3
CUST_02428,0,46,Computer,1,78,Cash on Delivery,Male,1,5,Others,4,Single,5,0,20,13,11,74,51.33,6750.19,1466.34,0.2698,41,87,5,20,Silver,4,2
CUST_02429,0,16,Mobile Phone,3,39,Cash on Delivery,Male,4,2,Grocery,5,Married,5,0,42,7,9,3,45.16,1516.26,1547.1,0.3065,53,28,6,22,Free,10,5
CUST_02430,0,8,Tablet,1,28,UPI,Female,2,8,Others,5,Married,3,0,24,8,8,41,396.32,11133.58,1572.2,0.2271,36,36,10,23,Silver,2,6
CUST_02431,1,31,Mobile Phone,3,32,Cash on Delivery,Male,0,2,Electronics,2,Married,9,0,11,10,2,73,126.39,11833.27,2019.23,0.2243,31,40,1,0,Free,10,4
CUST_02432,0,9,Phone,2,93,E-wallet,Female,5,1,Grocery,2,Divorced,7,0,42,18,9,82,388.56,4230.42,256.1,0.0656,58,64,8,0,Gold,0,0
CUST_02433,0,19,Phone,2,87,Cash on Delivery,Female,5,7,Electronics,4,Single,10,0,46,19,20,88,115.77,11533.66,965.65,0.4799,47,71,14,15,Free,7,2
CUST_02434,0,27,Mobile Phone,1,5,Debit Card,Female,1,7,Mobile Phone,4,Married,1,0,14,6,10,11,25.85,3364.92,2344.47,0.5761,58,84,3,12,Free,5,1
CUST_02435,0,34,Phone,1,85,Cash on Delivery,Female,1,7,Fashion,2,Married,8,0,50,5,12,65,203.01,7271.9,2414.5,0.2556,37,13,8,20,Gold,5,2
CUST_02436,0,39,Mobile Phone,3,58,Debit Card,Female,5,2,Laptop & Accessory,3,Married,1,0,26,8,20,7,78.95,2971.0,1419.23,0.3763,64,76,4,22,Silver,0,10
CUST_02437,0,41,Computer,2,86,Credit Card,Male,0,7,Electronics,5,Single,1,0,12,4,0,50,359.81,351.63,785.06,0.0165,54,10,10,12,Free,5,6
CUST_02438,0,51,Mobile Phone,2,64,UPI,Female,5,9,Mobile Phone,2,Married,9,0,44,11,14,31,172.99,4272.17,2136.28,0.4725,27,48,11,25,Free,2,6
CUST_02439,0,4,Mobile Phone,1,71,UPI,Male,1,7,Laptop & Accessory,2,Divorced,4,0,7,11,5,21,176.4,5349.17,2232.64,0.2437,55,82,9,13,Silver,2,6
CUST_02440,0,22,Mobile Phone,1,60,UPI,Female,5,4,Electronics,5,Married,4,0,13,9,10,68,155.84,2400.73,778.34,0.1108,60,69,11,21,Gold,0,1
CUST_02441,0,0,Mobile Phone,1,75,Debit Card,Female,5,5,Mobile Phone,4,Married,2,0,18,9,0,87,44.42,6248.84,1848.64,0.0083,64,87,4,13,Silver,2,2
CUST_02442,0,0,Mobile Phone,2,83,Debit Card,Male,1,9,Mobile Phone,2,Single,2,1,45,18,6,31,249.31,11174.06,2380.38,0.3202,53,3,11,2,Free,6,6
CUST_02443,1,12,Mobile Phone,1,53,E-wallet,Female,1,2,Laptop & Accessory,2,Single,7,0,48,3,11,65,61.85,9789.43,1108.85,0.5023,27,48,1,9,Silver,1,1
CUST_02444,0,36,Computer,2,15,Debit Card,Female,0,8,Grocery,5,Married,6,0,9,16,10,69,255.88,5010.58,249.71,0.18,63,6,5,29,Free,1,1
CUST_02445,0,54,Mobile Phone,2,13,Cash on Delivery,Female,4,3,Fashion,2,Married,6,0,0,12,8,63,160.08,5092.91,2092.12,0.1259,52,64,6,13,Free,0,8
CUST_02446,0,47,Mobile Phone,1,44,Debit Card,Female,2,9,Grocery,4,Married,2,0,43,16,19,30,341.2,10425.81,1700.37,0.4597,49,16,8,18,Silver,4,5
CUST_02447,0,39,Tablet,2,50,Credit Card,Male,3,2,Fashion,3,Married,10,1,27,12,4,80,208.18,6890.56,1907.64,0.4451,70,17,9,24,Free,5,8
CUST_02448,0,47,Tablet,2,87,Credit Card,Female,3,6,Electronics,2,Single,1,1,20,16,4,64,355.35,5074.67,1667.04,0.2287,64,26,3,16,Gold,2,9
CUST_02449,1,10,Mobile Phone,3,8,Debit Card,Female,3,5,Fashion,2,Single,5,0,0,12,12,79,10.12,3391.1,1078.31,0.638,24,78,8,25,Free,6,5
CUST_02450,0,51,Mobile Phone,1,90,E-wallet,Male,1,5,Electronics,4,Single,6,0,27,14,7,22,290.17,11267.19,2413.1,0.4478,59,30,11,4,Free,9,10
CUST_02451,0,54,Computer,2,10,UPI,Female,2,4,Fashion,5,Single,2,0,6,8,5,7,223.53,5906.66,1574.9,0.6115,62,78,5,18,Free,7,5
CUST_02452,0,5,Computer,1,52,Cash on Delivery,Female,3,1,Laptop & Accessory,1,Single,6,0,28,18,1,62,67.58,3980.63,1336.95,0.6929,67,54,5,12,Gold,6,1
CUST_02453,0,28,Mobile Phone,3,45,E-wallet,Male,0,9,Fashion,5,Married,6,1,7,6,10,1,42.3,10801.01,1413.43,0.5063,55,13,5,9,Platinum,2,1
CUST_02454,0,50,Computer,2,58,Credit Card,Female,2,6,Mobile Phone,2,Married,6,0,10,15,13,18,294.86,8192.72,1920.88,0.2192,52,21,5,11,Free,4,10
CUST_02455,0,29,Mobile Phone,1,9,Credit Card,Male,4,7,Fashion,4,Married,4,0,6,6,11,20,150.21,10631.27,1542.23,0.508,29,67,10,12,Silver,6,9
CUST_02456,0,51,Mobile Phone,3,78,E-wallet,Male,2,6,Laptop & Accessory,2,Divorced,10,0,8,16,16,17,30.55,3672.11,230.21,0.3158,39,76,5,12,Platinum,8,7
CUST_02457,0,57,Computer,2,17,UPI,Female,2,6,Electronics,2,Single,2,0,35,17,13,82,278.02,11730.68,729.89,0.1361,30,18,2,21,Platinum,2,4
CUST_02458,0,28,Computer,1,79,Cash on Delivery,Female,5,7,Grocery,5,Married,8,0,36,3,13,79,116.36,10477.37,1307.41,0.1307,39,44,0,27,Free,9,10
CUST_02459,0,3,Phone,2,59,Debit Card,Female,3,5,Laptop & Accessory,4,Single,4,0,23,13,6,48,120.01,7670.12,454.55,0.1152,51,40,8,14,Silver,1,2
CUST_02460,0,20,Mobile Phone,1,90,E-wallet,Female,4,2,Others,5,Single,4,0,42,11,17,61,32.84,11705.09,2146.68,0.3488,39,42,7,17,Silver,7,5
CUST_02461,1,13,Mobile Phone,3,98,Cash on Delivery,Male,0,1,Fashion,1,Single,3,0,49,8,18,58,169.04,5330.35,1952.68,0.4458,25,30,14,3,Silver,9,4
CUST_02462,0,28,Mobile Phone,2,86,Debit Card,Female,5,6,Mobile Phone,2,Single,7,0,6,5,16,79,365.25,6075.42,1903.55,0.7309,53,79,8,13,Gold,5,1
CUST_02463,0,35,Mobile Phone,2,48,Cash on Delivery,Female,4,2,Laptop & Accessory,1,Married,2,0,11,12,2,31,344.09,7198.03,1195.75,0.5049,35,79,7,20,Free,5,1
CUST_02464,0,28,Mobile Phone,3,44,Credit Card,Female,4,5,Mobile Phone,3,Married,4,0,38,17,20,64,132.42,9390.88,760.46,0.174,35,33,1,24,Gold,5,7
CUST_02465,0,11,Mobile Phone,2,68,Debit Card,Female,4,7,Laptop & Accessory,3,Married,5,0,30,7,11,38,122.72,8450.48,2102.91,0.6265,43,42,12,2,Free,5,2
CUST_02466,1,18,Mobile Phone,1,67,Debit Card,Male,3,6,Fashion,5,Married,1,0,16,7,9,46,346.53,11018.07,914.32,0.7379,18,81,5,16,Free,8,8
CUST_02467,0,41,Computer,1,80,Cash on Delivery,Female,3,2,Grocery,2,Married,9,0,29,18,4,27,295.84,5694.82,1418.33,0.3097,57,74,3,30,Silver,8,4
CUST_02468,1,1,Mobile Phone,1,51,Cash on Delivery,Female,3,7,Fashion,4,Married,4,0,30,15,1,68,81.51,6862.96,767.63,0.6601,23,46,15,13,Platinum,1,10
CUST_02469,1,13,Mobile Phone,3,49,Credit Card,Female,2,10,Others,5,Married,9,0,30,15,17,85,359.31,5042.46,2457.34,0.5582,59,55,0,9,Silver,0,2
CUST_02470,0,54,Computer,3,16,E-wallet,Male,4,4,Others,1,Married,7,0,27,12,11,89,364.79,9493.67,1783.49,0.2371,60,75,7,21,Platinum,6,4
CUST_02471,0,6,Mobile Phone,2,21,E-wallet,Male,2,2,Mobile Phone,3,Married,3,0,1,2,19,37,136.18,8645.62,2413.64,0.0051,30,44,5,4,Silver,4,2
CUST_02472,0,25,Phone,1,83,UPI,Female,4,6,Grocery,2,Married,7,0,37,3,16,7,357.14,11462.79,2403.65,0.5237,66,78,6,18,Silver,10,4
CUST_02473,1,12,Mobile Phone,1,99,Debit Card,Female,2,7,Fashion,1,Married,5,0,9,1,17,76,265.45,11619.41,562.66,0.724,48,61,9,18,Free,2,5
CUST_02474,0,6,Mobile Phone,3,62,UPI,Female,2,4,Mobile Phone,3,Single,5,0,27,6,8,2,350.25,6759.58,1840.66,0.1017,21,35,9,11,Free,9,8
CUST_02475,0,25,Phone,1,38,UPI,Female,0,6,Mobile Phone,2,Married,9,0,27,0,7,14,154.16,555.72,1191.0,0.6864,27,0,9,23,Silver,8,7
CUST_02476,0,31,Computer,2,10,Cash on Delivery,Female,5,8,Grocery,2,Divorced,7,0,4,9,9,81,159.26,7079.99,1593.96,0.1552,35,73,5,8,Free,4,1
CUST_02477,0,10,Computer,1,9,Debit Card,Male,4,6,Laptop & Accessory,2,Divorced,10,0,14,0,0,28,201.13,7817.42,1191.31,0.4061,18,49,1,22,Platinum,9,5
CUST_02478,0,4,Computer,1,69,Credit Card,Female,1,8,Electronics,3,Single,10,0,14,20,15,49,105.43,901.15,189.91,0.4144,45,53,1,16,Free,8,1
CUST_02479,1,8,Mobile Phone,2,66,Cash on Delivery,Male,0,2,Others,2,Single,9,0,10,10,18,16,214.94,2251.1,1718.3,0.1656,27,17,13,8,Silver,1,10
CUST_02480,0,39,Computer,3,32,Cash on Delivery,Female,5,3,Fashion,4,Single,5,0,20,0,0,24,203.65,10421.46,1244.27,0.018,58,78,12,30,Free,1,0
CUST_02481,0,52,Phone,2,23,Debit Card,Male,0,6,Grocery,2,Married,5,0,14,3,18,26,75.24,5239.36,377.4,0.1303,47,71,14,16,Silver,3,0
CUST_02482,0,10,Tablet,2,11,Cash on Delivery,Male,2,3,Others,4,Married,9,0,29,3,13,19,358.22,11088.56,1655.15,0.2929,54,6,12,22,Free,9,2
CUST_02483,0,19,Mobile Phone,1,70,UPI,Male,0,10,Electronics,3,Married,9,0,3,14,11,60,41.84,3941.38,440.43,0.1419,26,78,5,21,Gold,5,5
CUST_02484,0,20,Mobile Phone,3,63,UPI,Male,4,7,Fashion,2,Divorced,4,0,8,16,14,61,352.92,11769.04,2197.59,0.5032,70,38,11,28,Free,5,6
CUST_02485,0,22,Computer,2,36,Credit Card,Female,1,5,Others,5,Single,8,0,26,10,0,12,215.16,8120.61,101.73,0.366,53,68,8,25,Silver,6,4
CUST_02486,0,14,Mobile Phone,2,75,Debit Card,Male,2,8,Laptop & Accessory,4,Married,6,0,17,15,20,89,192.82,9012.04,1081.27,0.2655,48,87,4,5,Gold,8,8
CUST_02487,0,3,Mobile Phone,2,86,Debit Card,Female,3,10,Grocery,3,Married,2,0,21,1,18,48,343.39,7235.97,889.96,0.1746,67,85,6,15,Platinum,7,2
CUST_02488,0,32,Mobile Phone,1,54,E-wallet,Female,2,1,Mobile Phone,3,Single,2,0,3,6,15,65,181.29,6571.01,2213.98,0.4967,40,78,9,21,Platinum,5,2
CUST_02489,1,21,Mobile Phone,1,30,E-wallet,Female,4,6,Mobile Phone,4,Married,1,0,12,0,6,0,121.17,8750.06,1872.01,0.6689,41,13,8,0,Free,4,0
CUST_02490,0,20,Mobile Phone,3,5,E-wallet,Female,3,5,Grocery,4,Married,3,1,16,8,2,35,63.18,2481.99,697.96,0.4881,66,50,7,8,Free,6,6
CUST_02491,0,16,Mobile Phone,2,81,UPI,Male,2,8,Electronics,4,Married,10,0,1,0,6,89,275.13,5899.25,880.29,0.3067,63,19,3,13,Free,3,0
CUST_02492,0,56,Mobile Phone,1,60,Debit Card,Female,1,4,Electronics,1,Divorced,4,0,26,16,10,78,333.23,11405.95,1609.25,0.0209,33,73,10,5,Platinum,4,8
CUST_02493,0,37,Mobile Phone,1,38,UPI,Male,2,4,Electronics,2,Single,10,0,2,11,20,3,204.09,10745.02,2421.36,0.5927,54,64,6,19,Platinum,6,7
CUST_02494,0,25,Tablet,3,5,Cash on Delivery,Male,1,8,Mobile Phone,3,Married,5,0,47,15,8,61,113.0,11183.48,1045.73,0.3935,29,32,11,9,Silver,1,7
CUST_02495,0,12,Mobile Phone,2,83,Cash on Delivery,Female,3,9,Fashion,3,Divorced,5,0,2,12,15,68,376.33,9632.66,2094.92,0.0491,21,12,1,4,Gold,5,6
CUST_02496,0,48,Mobile Phone,2,93,Cash on Delivery,Female,4,2,Laptop & Accessory,2,Single,3,0,9,0,8,12,258.62,9436.9,1808.72,0.5455,32,81,6,15,Silver,5,10
CUST_02497,0,54,Mobile Phone,1,51,UPI,Female,3,7,Grocery,5,Married,7,0,26,7,1,79,217.94,11118.24,1780.43,0.1725,24,46,14,28,Platinum,10,6
CUST_02498,1,1,Mobile Phone,3,30,Cash on Delivery,Male,0,8,Electronics,2,Divorced,6,0,1,0,16,16,316.85,9201.55,635.07,0.2242,34,64,12,4,Free,10,8
CUST_02499,0,56,Tablet,3,64,E-wallet,Male,5,2,Fashion,3,Single,4,0,31,1,7,90,133.64,1179.04,122.94,0.4883,33,62,9,5,Gold,1,2
CUST_02500,0,42,Phone,2,88,Cash on Delivery,Female,4,7,Mobile Phone,4,Single,8,0,19,19,12,0,294.52,6954.35,1200.38,0.1415,43,58,9,3,Silver,0,3
CUST_02501,0,6,Mobile Phone,1,61,UPI,Female,4,10,Mobile Phone,2,Single,8,0,0,19,7,59,140.27,556.18,1541.95,0.2414,68,19,1,4,Silver,9,6
CUST_02502,0,45,Mobile Phone,2,6,E-wallet,Female,0,9,Grocery,3,Single,8,0,30,2,15,21,103.22,2214.63,1220.15,0.5233,33,14,11,13,Silver,3,8
CUST_02503,0,6,Mobile Phone,3,23,E-wallet,Male,4,2,Electronics,4,Married,5,0,3,8,17,55,93.08,8172.87,991.54,0.2364,39,36,1,0,Silver,2,3
CUST_02504,0,3,Mobile Phone,2,14,Cash on Delivery,Female,2,10,Fashion,2,Single,7,0,30,6,15,69,353.43,11072.42,756.83,0.0688,63,85,11,3,Platinum,1,5
CUST_02505,1,7,Mobile Phone,3,44,E-wallet,Female,5,4,Mobile Phone,5,Married,4,0,33,9,18,50,322.19,271.13,2155.5,0.075,36,73,4,7,Free,0,10
CUST_02506,1,28,Mobile Phone,2,48,Debit Card,Female,4,5,Fashion,3,Married,10,0,17,12,14,67,83.3,9100.41,465.9,0.4059,70,82,12,0,Free,7,6
CUST_02507,0,37,Mobile Phone,1,56,UPI,Female,5,3,Mobile Phone,4,Single,5,0,30,8,11,69,28.08,5539.05,63.15,0.7488,53,33,10,25,Silver,4,0
CUST_02508,0,24,Computer,2,77,Debit Card,Male,0,7,Laptop & Accessory,4,Married,3,0,1,17,15,30,61.84,9891.3,315.02,0.3924,69,32,9,9,Gold,3,0
CUST_02509,0,7,Mobile Phone,3,15,Debit Card,Female,3,2,Fashion,5,Single,5,0,44,1,14,79,123.02,7639.54,1134.86,0.7331,60,62,2,22,Silver,5,10
CUST_02510,0,12,Mobile Phone,1,95,Cash on Delivery,Male,4,8,Others,4,Married,10,0,46,12,4,7,243.93,7091.53,1422.32,0.6799,54,4,9,20,Gold,10,8
CUST_02511,1,51,Mobile Phone,1,30,Cash on Delivery,Female,3,1,Grocery,3,Single,10,1,8,14,6,48,266.18,5170.06,1758.95,0.658,56,86,9,4,Silver,0,10
CUST_02512,1,58,Mobile Phone,2,55,Credit Card,Female,4,9,Laptop & Accessory,4,Single,4,0,25,11,2,68,45.57,4244.68,1424.16,0.3354,55,73,1,4,Gold,1,9
CUST_02513,0,46,Mobile Phone,1,25,Cash on Delivery,Male,4,4,Others,3,Divorced,9,0,21,13,16,65,181.86,6083.16,1605.09,0.4239,62,69,7,28,Gold,2,10
CUST_02514,0,6,Mobile Phone,3,39,Credit Card,Female,0,6,Mobile Phone,5,Married,4,0,39,13,3,28,208.39,8103.94,336.32,0.4763,20,70,8,15,Platinum,5,6
CUST_02515,0,50,Mobile Phone,1,84,Credit Card,Female,1,3,Grocery,3,Married,2,0,10,3,1,87,103.68,4607.56,1125.74,0.0064,23,72,3,19,Silver,8,9
CUST_02516,0,42,Mobile Phone,1,9,UPI,Male,3,2,Grocery,4,Married,3,0,20,16,16,89,291.93,5906.89,1788.56,0.0328,43,48,14,21,Gold,10,2
CUST_02517,0,32,Phone,1,51,Debit Card,Male,2,1,Electronics,2,Married,3,1,19,5,1,10,238.08,7192.15,844.39,0.7196,38,28,8,15,Silver,7,3
CUST_02518,0,8,Phone,2,61,E-wallet,Male,2,10,Electronics,1,Single,3,0,42,3,20,8,292.33,135.45,680.56,0.3298,49,89,4,20,Silver,2,6
CUST_02519,0,60,Mobile Phone,2,59,Credit Card,Male,5,2,Mobile Phone,3,Married,3,0,26,11,4,53,279.39,2645.45,725.83,0.6267,31,15,12,3,Free,8,9
CUST_02520,0,26,Mobile Phone,2,41,Credit Card,Female,0,1,Electronics,5,Married,4,0,40,13,19,17,358.76,2294.09,979.01,0.0919,66,83,6,28,Silver,1,1
CUST_02521,0,2,Computer,2,41,Cash on Delivery,Female,3,6,Grocery,4,Divorced,1,0,3,7,13,6,269.22,10493.09,59.21,0.1933,27,67,1,27,Free,6,2
CUST_02522,0,12,Computer,1,92,Debit Card,Male,1,10,Fashion,2,Married,4,0,4,1,0,73,320.05,10804.78,2265.24,0.0393,22,74,9,23,Platinum,7,3
CUST_02523,0,24,Mobile Phone,2,28,Cash on Delivery,Female,0,1,Laptop & Accessory,5,Married,6,1,48,20,16,39,203.77,2239.16,554.51,0.5718,58,40,9,18,Platinum,2,3
CUST_02524,0,3,Mobile Phone,3,51,Cash on Delivery,Male,2,3,Grocery,4,Married,5,0,2,17,20,78,94.89,8406.81,2148.9,0.194,45,67,4,13,Silver,0,7
CUST_02525,1,19,Mobile Phone,2,39,Credit Card,Female,2,6,Fashion,3,Married,5,1,34,10,19,66,36.35,5057.21,187.44,0.5932,62,63,1,4,Free,2,10
CUST_02526,0,28,Computer,1,78,UPI,Male,2,5,Fashion,5,Single,3,0,7,7,18,60,195.78,6623.55,733.96,0.5842,40,76,3,11,Silver,4,5
CUST_02527,0,57,Mobile Phone,2,82,UPI,Female,0,2,Electronics,4,Married,2,0,26,18,5,34,319.33,4982.11,1381.22,0.0771,69,27,9,14,Platinum,5,2
CUST_02528,0,5,Mobile Phone,1,86,Credit Card,Female,4,10,Electronics,2,Single,10,0,41,7,4,67,233.33,5675.72,403.92,0.2143,25,67,14,24,Free,3,1
CUST_02529,0,35,Mobile Phone,1,13,Cash on Delivery,Male,2,4,Mobile Phone,1,Married,10,0,24,4,6,9,10.33,8310.48,2468.7,0.4018,42,18,4,1,Platinum,9,3
CUST_02530,0,55,Mobile Phone,1,14,E-wallet,Male,3,7,Mobile Phone,2,Married,5,0,13,5,11,28,95.68,3549.52,1425.74,0.605,68,88,1,13,Free,5,0
CUST_02531,0,49,Mobile Phone,1,41,E-wallet,Male,3,5,Others,1,Single,8,1,8,11,16,75,176.43,350.94,2027.09,0.5984,23,45,10,2,Silver,3,8
CUST_02532,0,56,Computer,1,47,Credit Card,Male,3,6,Grocery,1,Married,2,0,20,15,20,61,160.88,6080.54,730.4,0.4043,66,82,3,19,Platinum,1,1
CUST_02533,1,10,Mobile Phone,2,11,Credit Card,Female,3,10,Fashion,3,Single,2,1,48,6,10,22,278.92,1267.21,515.7,0.5214,64,10,10,5,Silver,6,8
CUST_02534,0,48,Mobile Phone,1,90,E-wallet,Male,1,4,Others,5,Single,6,0,29,4,9,77,70.3,11489.77,2126.13,0.7044,25,32,10,15,Free,9,5
CUST_02535,0,59,Mobile Phone,2,91,Debit Card,Male,2,9,Electronics,4,Married,8,0,23,19,17,45,147.93,4170.93,590.9,0.3081,48,51,6,13,Platinum,7,3
CUST_02536,0,19,Phone,3,45,Cash on Delivery,Male,3,3,Others,3,Married,8,0,33,2,20,66,214.4,349.14,988.54,0.0984,31,88,13,16,Platinum,0,7
CUST_02537,0,30,Mobile Phone,2,78,Debit Card,Female,0,4,Fashion,2,Married,4,0,27,11,9,13,393.49,5817.15,1864.28,0.102,28,22,7,25,Free,0,9
CUST_02538,0,32,Mobile Phone,2,59,Debit Card,Female,4,1,Laptop & Accessory,4,Married,9,0,21,3,11,12,370.08,3926.92,622.15,0.2811,48,41,2,5,Silver,10,5
CUST_02539,0,30,Mobile Phone,2,68,Cash on Delivery,Male,2,4,Electronics,3,Married,7,0,8,13,5,90,152.68,8265.37,1654.37,0.0872,36,13,4,20,Silver,2,5
CUST_02540,1,17,Phone,1,88,Debit Card,Male,1,6,Electronics,1,Single,4,0,22,7,7,83,133.62,8499.21,2392.31,0.6608,31,71,4,11,Silver,8,0
CUST_02541,0,59,Computer,1,13,Credit Card,Male,0,7,Grocery,3,Married,5,0,13,1,15,34,379.88,8410.61,1368.55,0.4056,63,43,4,21,Silver,0,7
CUST_02542,0,58,Phone,2,27,UPI,Male,1,5,Fashion,1,Married,3,0,16,3,3,84,344.63,4762.99,712.11,0.5768,53,20,13,9,Gold,9,10
CUST_02543,1,23,Computer,3,46,Credit Card,Male,2,4,Laptop & Accessory,3,Married,2,1,15,10,6,74,284.08,10309.4,2353.08,0.7452,31,53,9,2,Free,0,9
CUST_02544,0,49,Mobile Phone,3,90,Credit Card,Female,5,3,Mobile Phone,1,Married,1,0,4,3,2,24,248.65,663.68,2295.25,0.303,60,63,2,10,Free,7,3
CUST_02545,1,24,Mobile Phone,3,61,Cash on Delivery,Male,3,10,Others,2,Single,5,0,26,12,5,34,291.55,5696.47,1579.95,0.6016,64,72,5,6,Silver,9,4
CUST_02546,0,48,Mobile Phone,2,43,UPI,Female,2,4,Mobile Phone,5,Married,1,1,7,16,14,48,283.89,11375.19,1890.18,0.5508,40,30,0,16,Free,10,9
CUST_02547,0,35,Computer,2,7,UPI,Male,0,4,Grocery,1,Married,10,0,20,6,18,31,334.69,5076.95,1892.37,0.1908,51,25,0,13,Free,2,1
CUST_02548,0,28,Computer,3,61,Credit Card,Male,1,10,Grocery,1,Single,9,1,45,19,6,26,289.42,11789.33,1140.51,0.0868,68,62,0,27,Platinum,8,1
CUST_02549,0,7,Mobile Phone,3,30,Credit Card,Male,5,7,Fashion,2,Married,8,1,43,15,18,21,260.08,8564.34,699.67,0.0074,38,52,0,29,Silver,1,9
CUST_02550,0,39,Phone,2,36,Debit Card,Male,0,9,Others,5,Married,8,0,49,1,8,58,374.72,4968.92,213.32,0.6201,25,19,14,5,Silver,4,2
CUST_02551,0,19,Mobile Phone,3,100,Debit Card,Male,3,4,Electronics,5,Single,7,0,7,9,5,36,376.27,8222.43,166.28,0.7349,20,52,4,19,Platinum,5,6
CUST_02552,0,13,Mobile Phone,3,55,UPI,Female,3,5,Others,4,Married,8,1,42,11,19,88,166.74,11366.96,180.19,0.2903,28,54,13,4,Platinum,9,7
CUST_02553,0,11,Mobile Phone,2,18,Credit Card,Female,1,8,Mobile Phone,4,Married,9,0,41,11,10,79,399.41,10205.52,635.72,0.4002,18,15,10,6,Gold,2,10
CUST_02554,0,59,Phone,1,9,E-wallet,Female,5,10,Electronics,5,Single,6,0,15,9,4,8,157.25,2422.82,325.95,0.147,56,90,7,7,Silver,10,10
CUST_02555,1,6,Phone,1,42,Debit Card,Male,2,8,Electronics,2,Single,9,0,18,7,4,60,99.6,9808.69,166.67,0.5828,66,1,14,0,Free,4,6
CUST_02556,0,48,Mobile Phone,2,11,E-wallet,Female,3,5,Others,3,Married,3,0,9,11,7,57,82.95,2803.69,1479.0,0.0157,46,59,14,14,Free,9,10
CUST_02557,0,52,Tablet,1,46,UPI,Female,0,6,Fashion,1,Married,9,0,49,14,2,4,47.57,1288.42,882.63,0.1012,68,55,10,2,Free,9,1
CUST_02558,1,1,Phone,2,44,UPI,Male,5,4,Mobile Phone,3,Married,8,1,25,17,19,71,145.97,4900.12,2498.37,0.7045,51,28,1,11,Silver,6,4
CUST_02559,0,35,Phone,2,89,Credit Card,Male,0,5,Electronics,5,Married,2,0,14,2,12,49,387.24,7148.11,1685.6,0.2288,70,48,1,5,Free,4,3
CUST_02560,1,35,Phone,3,37,Cash on Delivery,Female,1,4,Electronics,1,Married,2,0,4,2,19,75,129.8,3816.75,2350.52,0.4053,46,26,0,30,Gold,10,10
CUST_02561,0,21,Mobile Phone,3,31,Credit Card,Male,5,1,Mobile Phone,4,Married,2,0,25,10,5,45,367.82,10180.67,208.66,0.334,38,86,7,19,Platinum,10,8
CUST_02562,0,40,Computer,2,64,Cash on Delivery,Male,3,9,Mobile Phone,3,Single,3,0,46,8,16,38,42.88,3979.49,691.59,0.1331,64,40,7,2,Silver,6,3
CUST_02563,0,24,Computer,1,66,E-wallet,Female,4,2,Electronics,5,Married,8,1,19,18,14,62,58.57,1531.77,1964.12,0.5298,58,54,7,4,Gold,2,3
CUST_02564,0,26,Computer,1,8,Debit Card,Male,1,3,Grocery,3,Single,9,1,39,12,8,69,65.24,6034.36,1564.79,0.6777,38,31,12,26,Silver,2,8
CUST_02565,1,26,Mobile Phone,2,13,E-wallet,Male,4,3,Others,3,Divorced,10,0,17,4,7,68,219.8,7640.26,937.35,0.4251,41,18,1,1,Free,5,9
CUST_02566,0,48,Computer,1,21,Cash on Delivery,Female,5,3,Grocery,1,Single,2,0,49,17,2,43,396.75,3384.55,2109.79,0.199,21,14,1,17,Platinum,1,5
CUST_02567,0,38,Tablet,2,79,Credit Card,Female,3,5,Others,3,Single,6,0,32,18,16,51,81.61,10748.44,1276.13,0.6371,37,67,12,17,Free,4,10
CUST_02568,0,23,Mobile Phone,3,25,Debit Card,Female,1,10,Mobile Phone,5,Married,9,0,43,0,16,90,133.52,831.14,2295.28,0.2211,54,87,5,21,Gold,7,4
CUST_02569,0,56,Tablet,2,100,Cash on Delivery,Male,5,4,Electronics,1,Single,10,0,30,18,11,79,341.34,7192.66,1390.94,0.6123,32,1,12,5,Free,10,4
CUST_02570,0,48,Mobile Phone,2,47,Cash on Delivery,Male,0,8,Mobile Phone,1,Married,1,0,20,7,17,36,212.48,10118.91,1490.07,0.643,45,12,2,30,Gold,3,6
CUST_02571,0,56,Mobile Phone,2,94,Credit Card,Male,5,8,Electronics,5,Divorced,7,0,2,4,13,58,137.93,9745.62,808.81,0.6381,60,64,12,6,Gold,8,9
CUST_02572,0,44,Mobile Phone,3,28,Cash on Delivery,Male,0,8,Fashion,2,Married,1,1,16,2,15,15,169.09,7849.39,245.99,0.5409,50,19,11,2,Free,1,5
CUST_02573,0,23,Computer,1,45,E-wallet,Male,0,7,Grocery,4,Single,1,0,11,1,20,30,294.03,600.0,82.7,0.7194,35,73,1,29,Gold,2,2
CUST_02574,0,47,Computer,2,18,Credit Card,Female,0,8,Electronics,4,Single,9,0,42,1,7,48,144.95,1061.82,757.32,0.671,30,70,4,24,Gold,0,10
CUST_02575,0,20,Mobile Phone,1,86,E-wallet,Male,1,8,Laptop & Accessory,3,Married,10,0,28,16,13,34,264.93,5833.48,2133.05,0.7002,49,15,6,25,Silver,4,4
CUST_02576,0,16,Computer,2,62,UPI,Male,4,7,Mobile Phone,3,Married,2,0,29,18,13,84,320.37,11346.1,878.0,0.3217,59,8,8,27,Silver,1,10
CUST_02577,0,27,Mobile Phone,1,12,Cash on Delivery,Male,2,6,Grocery,4,Single,9,1,49,20,19,78,22.75,1031.77,2092.52,0.1819,62,24,8,25,Free,9,8
CUST_02578,0,59,Mobile Phone,2,76,Credit Card,Male,0,1,Fashion,2,Single,10,1,44,10,14,2,299.95,10246.5,2478.01,0.7481,21,12,0,30,Silver,8,0
CUST_02579,0,34,Phone,2,90,Cash on Delivery,Male,2,6,Grocery,1,Married,6,0,34,5,5,23,377.72,9774.86,1106.19,0.1047,34,8,9,0,Gold,9,1
CUST_02580,0,23,Computer,1,70,UPI,Male,5,8,Fashion,5,Single,2,0,16,18,18,14,32.15,11450.98,1117.12,0.437,28,84,6,8,Free,0,0
CUST_02581,0,28,Computer,2,82,Debit Card,Female,3,4,Laptop & Accessory,1,Married,8,0,5,19,17,12,32.69,1902.1,2136.05,0.5185,52,17,6,30,Silver,1,3
CUST_02582,0,17,Computer,1,31,Cash on Delivery,Male,4,3,Others,1,Single,6,0,27,8,2,49,246.18,1346.88,1422.47,0.2675,18,50,1,15,Silver,8,4
CUST_02583,0,40,Tablet,1,46,Debit Card,Male,1,6,Electronics,4,Married,4,0,50,4,15,68,270.57,4613.35,2088.64,0.2095,27,22,1,14,Gold,9,3
CUST_02584,0,21,Mobile Phone,1,87,Credit Card,Female,3,2,Grocery,3,Married,9,0,23,17,5,66,184.91,6268.9,1770.42,0.1112,54,17,14,14,Silver,0,4
CUST_02585,0,33,Mobile Phone,1,63,UPI,Male,4,8,Laptop & Accessory,2,Single,7,1,50,7,5,38,374.23,10309.89,967.57,0.0305,57,25,2,2,Platinum,6,10
CUST_02586,0,22,Mobile Phone,3,63,Cash on Delivery,Male,4,10,Mobile Phone,1,Married,3,1,9,11,8,37,50.65,11054.76,1631.58,0.7329,58,22,10,16,Gold,0,2
CUST_02587,0,19,Computer,3,78,Credit Card,Male,0,5,Grocery,2,Single,5,0,3,18,6,20,47.4,3909.95,118.59,0.3286,21,41,10,9,Silver,0,5
CUST_02588,0,59,Computer,2,64,E-wallet,Female,3,1,Laptop & Accessory,1,Married,4,0,27,3,17,78,4.11,9899.15,1278.27,0.2176,46,55,8,9,Gold,9,8
CUST_02589,0,21,Computer,2,17,Cash on Delivery,Female,4,3,Fashion,3,Married,6,0,19,6,4,75,328.82,10066.21,269.28,0.1387,54,85,3,3,Free,6,3
CUST_02590,0,4,Mobile Phone,2,25,E-wallet,Female,0,1,Others,3,Single,3,0,4,4,18,33,36.06,5006.26,1401.46,0.1739,27,63,5,24,Silver,9,8
CUST_02591,0,23,Mobile Phone,3,79,UPI,Female,2,5,Others,5,Married,7,0,48,15,1,16,241.35,5547.41,2039.8,0.3944,57,6,9,10,Silver,10,3
CUST_02592,0,32,Computer,2,28,Credit Card,Male,3,4,Grocery,5,Divorced,5,0,19,2,5,42,371.84,10592.53,442.32,0.1835,20,15,0,15,Free,6,8
CUST_02593,1,5,Tablet,1,68,Credit Card,Male,0,8,Mobile Phone,3,Married,1,1,12,3,9,66,21.06,10535.73,1018.62,0.2039,63,31,13,3,Gold,0,4
CUST_02594,0,18,Mobile Phone,2,50,UPI,Female,4,9,Laptop & Accessory,3,Married,1,0,27,6,10,25,46.95,11537.07,1388.14,0.7403,33,54,6,2,Silver,2,1
CUST_02595,0,10,Mobile Phone,3,64,UPI,Female,5,5,Mobile Phone,4,Married,1,0,43,7,18,30,348.42,7383.88,544.91,0.4445,64,19,4,7,Silver,9,3
CUST_02596,0,30,Mobile Phone,1,27,Cash on Delivery,Male,3,10,Mobile Phone,2,Single,2,1,7,15,12,13,111.02,5892.81,130.68,0.0768,38,50,3,5,Free,0,5
CUST_02597,0,44,Mobile Phone,2,34,Cash on Delivery,Female,2,5,Grocery,4,Married,1,0,18,19,11,64,168.93,9938.89,53.53,0.5656,61,68,15,2,Platinum,7,3
CUST_02598,0,59,Mobile Phone,1,71,Cash on Delivery,Female,0,2,Electronics,1,Single,7,0,38,12,3,80,232.11,1060.2,675.82,0.059,43,2,7,19,Free,4,0
CUST_02599,0,23,Mobile Phone,1,21,UPI,Female,4,10,Fashion,5,Married,6,0,34,4,0,70,286.62,10481.12,801.64,0.239,28,85,6,7,Free,8,4
CUST_02600,0,52,Computer,2,34,Credit Card,Female,5,4,Electronics,5,Married,1,0,9,13,16,73,73.58,2677.35,1188.61,0.2544,58,63,1,18,Free,8,3
CUST_02601,0,13,Mobile Phone,1,100,UPI,Female,5,9,Laptop & Accessory,5,Single,5,0,1,14,12,14,349.5,5687.92,2128.58,0.52,53,39,15,10,Platinum,4,7
CUST_02602,0,47,Mobile Phone,3,19,E-wallet,Female,3,8,Fashion,2,Married,3,0,37,1,9,78,309.66,8266.81,1070.15,0.0566,67,20,8,23,Free,5,9
CUST_02603,0,34,Mobile Phone,2,60,E-wallet,Female,0,10,Grocery,4,Married,6,0,10,19,10,75,36.24,431.43,254.53,0.4339,33,81,3,28,Silver,4,2
CUST_02604,0,46,Phone,1,19,E-wallet,Male,1,7,Laptop & Accessory,3,Single,6,0,1,10,18,28,43.3,4747.88,849.96,0.3961,60,28,13,29,Platinum,8,9
CUST_02605,0,46,Mobile Phone,3,72,Credit Card,Male,1,6,Others,5,Married,6,0,44,16,9,56,282.88,3585.22,799.71,0.2517,38,78,8,5,Free,9,6
CUST_02606,0,32,Mobile Phone,2,17,UPI,Female,0,3,Others,1,Married,4,0,35,1,11,6,189.08,912.84,1446.24,0.3611,36,80,6,20,Silver,7,4
CUST_02607,1,15,Mobile Phone,2,60,Cash on Delivery,Male,0,3,Electronics,2,Single,1,1,23,19,10,78,181.0,2101.47,1639.04,0.3495,29,32,12,25,Silver,1,8
CUST_02608,0,32,Computer,2,47,Debit Card,Female,3,4,Electronics,1,Married,8,0,20,20,17,0,87.02,1998.58,51.23,0.7307,19,3,0,20,Free,9,1
CUST_02609,0,50,Phone,3,71,UPI,Female,0,4,Mobile Phone,5,Divorced,8,0,44,19,4,2,284.93,9040.24,1372.66,0.5033,45,9,8,25,Free,7,2
CUST_02610,0,59,Mobile Phone,1,5,Credit Card,Male,0,6,Mobile Phone,1,Single,9,0,40,11,1,56,45.64,4913.78,653.35,0.2219,69,56,9,5,Free,8,4
CUST_02611,1,56,Mobile Phone,1,54,Credit Card,Male,5,9,Mobile Phone,1,Married,8,0,26,2,20,68,149.32,649.83,1915.69,0.597,49,88,13,17,Free,2,7
CUST_02612,1,11,Mobile Phone,1,57,Credit Card,Male,3,1,Laptop & Accessory,1,Married,4,0,28,9,9,74,288.88,2750.11,876.74,0.3374,54,72,14,0,Platinum,1,6
CUST_02613,0,36,Computer,1,28,E-wallet,Female,4,7,Grocery,5,Single,7,0,27,12,12,89,392.26,8707.89,2293.6,0.0722,54,73,7,13,Free,8,6
CUST_02614,1,6,Tablet,2,33,E-wallet,Male,1,8,Others,3,Married,10,0,19,9,8,1,84.94,2755.77,1023.51,0.1057,35,81,15,3,Free,2,3
CUST_02615,0,40,Mobile Phone,1,72,UPI,Male,2,5,Electronics,1,Married,1,0,25,8,6,63,254.38,5309.92,908.59,0.425,67,65,7,12,Platinum,8,3
CUST_02616,0,60,Mobile Phone,2,58,Credit Card,Male,3,3,Others,2,Married,6,0,33,7,4,28,25.67,7928.62,379.38,0.1226,67,19,6,21,Platinum,3,0
CUST_02617,0,3,Computer,2,60,Debit Card,Female,4,5,Others,3,Married,7,0,32,14,14,83,106.79,11537.19,478.3,0.6249,58,40,8,28,Silver,10,6
CUST_02618,0,40,Computer,3,94,UPI,Male,2,9,Grocery,5,Single,10,0,19,12,11,26,38.59,818.56,1701.53,0.1215,22,31,6,5,Silver,2,4
CUST_02619,0,57,Mobile Phone,2,43,Credit Card,Female,5,10,Laptop & Accessory,2,Single,6,0,42,15,13,37,332.28,2737.38,1450.17,0.2779,19,19,8,29,Gold,5,10
CUST_02620,1,51,Mobile Phone,3,88,Cash on Delivery,Female,4,7,Others,1,Married,9,0,18,1,15,27,167.23,2743.13,1397.97,0.4172,36,46,4,2,Free,1,6
CUST_02621,0,23,Mobile Phone,3,98,E-wallet,Male,1,5,Grocery,4,Married,8,0,37,5,6,63,356.57,10614.65,375.92,0.7479,70,30,15,21,Silver,4,5
CUST_02622,0,6,Computer,1,60,E-wallet,Female,0,7,Grocery,3,Divorced,8,0,21,18,10,82,16.08,6658.29,309.36,0.0353,44,75,14,28,Free,8,8
CUST_02623,0,56,Computer,2,25,E-wallet,Male,0,7,Others,1,Married,1,0,48,16,12,51,279.34,9035.53,1123.49,0.4745,65,41,11,26,Platinum,9,9
CUST_02624,0,56,Computer,1,45,E-wallet,Male,5,8,Electronics,3,Married,6,1,36,14,17,31,205.76,5564.88,2385.65,0.3733,32,56,3,11,Gold,3,2
CUST_02625,0,35,Phone,3,9,Credit Card,Male,4,2,Laptop & Accessory,3,Married,8,0,36,8,2,30,277.41,5728.42,1080.19,0.3392,57,57,13,24,Platinum,7,7
CUST_02626,0,59,Mobile Phone,2,72,UPI,Female,2,1,Electronics,2,Single,2,1,31,8,6,62,386.71,11687.59,2264.27,0.1785,24,13,8,20,Platinum,5,0
CUST_02627,0,0,Mobile Phone,1,31,UPI,Female,4,4,Others,2,Married,10,0,9,13,4,56,389.09,2062.33,2420.52,0.006,40,10,10,22,Gold,1,8
CUST_02628,0,37,Mobile Phone,1,93,Credit Card,Female,5,3,Mobile Phone,1,Single,7,0,46,16,6,21,332.29,4828.02,322.14,0.6058,24,43,7,23,Free,10,1
CUST_02629,0,2,Phone,1,67,Credit Card,Female,0,7,Fashion,5,Single,9,0,35,8,19,32,84.27,11844.88,2314.91,0.5652,18,65,10,7,Silver,1,0
CUST_02630,0,57,Computer,3,51,UPI,Male,5,6,Laptop & Accessory,1,Single,7,0,0,18,3,86,303.74,3200.6,1817.58,0.0835,53,58,1,11,Platinum,3,4
CUST_02631,0,41,Mobile Phone,2,22,Cash on Delivery,Female,2,10,Electronics,3,Divorced,9,0,15,7,15,86,382.93,1420.59,283.04,0.41,30,66,14,12,Free,1,9
CUST_02632,0,55,Mobile Phone,1,14,Debit Card,Female,2,8,Laptop & Accessory,1,Married,10,0,8,6,16,35,138.52,3626.37,1833.1,0.2521,69,77,8,19,Free,6,2
CUST_02633,0,34,Computer,1,69,UPI,Male,0,2,Fashion,5,Single,1,0,6,14,15,72,139.74,10046.9,1258.49,0.0809,69,90,8,7,Gold,10,1
CUST_02634,0,5,Computer,1,78,Credit Card,Female,4,9,Grocery,2,Divorced,10,0,25,16,3,6,191.16,11947.08,392.4,0.3446,70,71,9,4,Silver,5,3
CUST_02635,0,1,Computer,2,30,Credit Card,Female,3,8,Others,5,Married,6,0,40,11,1,79,278.04,7515.18,633.35,0.0033,57,70,15,23,Silver,3,3
CUST_02636,0,20,Mobile Phone,1,6,UPI,Female,0,4,Mobile Phone,1,Married,5,0,34,19,3,29,99.11,11876.39,1785.52,0.3523,43,56,4,11,Free,9,1
CUST_02637,0,45,Phone,1,35,UPI,Male,3,1,Others,2,Single,3,0,47,17,17,57,63.25,2218.74,831.93,0.1065,31,90,5,9,Gold,10,7
CUST_02638,1,9,Computer,3,78,Cash on Delivery,Male,0,8,Laptop & Accessory,2,Single,5,1,4,4,0,56,114.61,7586.65,2382.32,0.2647,58,74,2,30,Free,10,2
CUST_02639,0,51,Computer,2,60,E-wallet,Female,1,2,Laptop & Accessory,1,Single,6,1,31,16,15,76,258.23,7151.52,2059.54,0.2823,55,5,9,21,Platinum,5,3
CUST_02640,0,14,Computer,2,13,Credit Card,Male,3,3,Laptop & Accessory,3,Married,6,0,15,17,8,87,16.84,1664.8,1407.25,0.0544,29,6,7,21,Silver,10,6
CUST_02641,0,30,Phone,2,16,Debit Card,Female,4,5,Electronics,3,Married,8,0,0,18,19,33,371.02,7429.14,1583.17,0.4634,30,84,4,10,Gold,0,4
CUST_02642,1,12,Tablet,2,15,E-wallet,Female,0,1,Fashion,3,Single,7,1,50,11,9,49,223.03,6483.11,2301.43,0.3834,54,85,15,4,Free,2,2
CUST_02643,0,28,Computer,2,77,Credit Card,Female,2,4,Laptop & Accessory,3,Single,8,0,6,16,9,60,42.47,9100.24,835.37,0.495,57,72,6,1,Gold,10,4
CUST_02644,1,27,Mobile Phone,1,80,E-wallet,Male,1,3,Electronics,1,Married,6,1,16,15,9,53,289.25,9982.92,2032.17,0.6181,42,70,15,23,Platinum,10,10
CUST_02645,1,0,Mobile Phone,1,44,E-wallet,Female,4,1,Mobile Phone,2,Married,10,0,26,19,16,30,114.69,2766.38,1149.52,0.243,23,51,12,27,Free,10,9
CUST_02646,0,34,Phone,3,71,Credit Card,Male,4,10,Electronics,3,Single,9,0,19,6,16,34,306.64,1409.14,2184.77,0.3796,52,60,6,26,Gold,9,3
CUST_02647,0,47,Computer,3,7,Credit Card,Female,3,3,Grocery,4,Married,10,0,7,3,20,54,352.09,11099.97,209.76,0.5821,25,32,8,12,Silver,3,3
CUST_02648,0,57,Mobile Phone,2,58,Cash on Delivery,Male,4,6,Laptop & Accessory,2,Divorced,8,0,12,16,8,85,201.49,8913.87,1808.91,0.2655,19,56,12,11,Free,5,1
CUST_02649,0,20,Mobile Phone,1,31,UPI,Female,2,9,Grocery,3,Married,3,0,34,13,17,6,73.83,4412.12,2030.83,0.4165,67,13,3,7,Platinum,0,1
CUST_02650,0,53,Phone,1,83,E-wallet,Male,3,5,Others,5,Married,10,0,0,20,0,20,188.99,6486.38,1552.58,0.4207,58,49,12,27,Silver,6,6
CUST_02651,0,53,Phone,1,51,UPI,Female,1,3,Fashion,4,Married,10,0,3,1,13,72,228.47,9886.51,769.12,0.1938,55,6,13,16,Free,7,1
CUST_02652,0,60,Tablet,3,86,Cash on Delivery,Male,5,8,Others,1,Married,3,0,14,0,12,54,143.89,2035.8,412.55,0.3998,47,19,15,3,Gold,0,9
CUST_02653,0,22,Mobile Phone,3,59,Debit Card,Female,1,7,Mobile Phone,2,Married,9,0,49,10,1,38,307.73,115.5,1860.76,0.182,56,32,11,4,Free,8,0
CUST_02654,0,51,Computer,2,48,Debit Card,Female,5,1,Mobile Phone,1,Single,6,1,8,12,3,32,108.59,6602.3,363.92,0.1115,47,57,10,1,Silver,9,2
CUST_02655,1,34,Phone,3,95,Credit Card,Female,4,9,Mobile Phone,5,Single,8,0,33,18,20,89,336.57,1208.81,2118.61,0.5983,68,37,13,0,Free,4,10
CUST_02656,1,3,Mobile Phone,1,100,Credit Card,Male,5,2,Mobile Phone,5,Single,4,1,19,14,0,80,175.01,11549.9,1277.76,0.6465,29,37,4,21,Platinum,2,9
CUST_02657,1,16,Mobile Phone,2,48,Credit Card,Female,3,8,Mobile Phone,3,Single,3,0,26,15,10,78,234.61,2524.54,986.07,0.602,41,68,8,0,Platinum,3,8
CUST_02658,0,40,Tablet,1,39,E-wallet,Female,2,1,Grocery,2,Married,5,0,11,8,16,26,22.41,8860.85,629.84,0.4635,36,67,15,22,Silver,5,9
CUST_02659,0,9,Mobile Phone,1,67,Credit Card,Female,1,1,Laptop & Accessory,4,Single,2,0,46,12,20,55,84.06,8561.81,90.15,0.056,39,23,1,30,Silver,0,6
CUST_02660,1,26,Computer,3,21,UPI,Female,1,2,Grocery,1,Married,2,0,20,2,5,87,175.43,2078.87,2267.93,0.3981,20,19,5,25,Gold,7,7
CUST_02661,0,47,Computer,3,42,UPI,Male,5,8,Mobile Phone,4,Married,5,0,2,14,13,24,295.58,402.72,1530.75,0.7138,65,25,11,24,Gold,6,8
CUST_02662,0,9,Computer,1,86,Credit Card,Female,0,5,Laptop & Accessory,5,Married,10,0,13,2,15,18,388.53,2839.74,1767.19,0.6796,36,13,2,24,Silver,8,6
CUST_02663,1,30,Mobile Phone,1,91,E-wallet,Male,4,7,Electronics,1,Single,1,1,16,3,18,57,29.02,6537.56,2435.56,0.605,48,16,12,26,Free,9,6
CUST_02664,1,13,Computer,2,44,UPI,Male,4,3,Grocery,3,Single,4,1,46,3,13,17,374.77,1603.77,585.78,0.5208,32,84,7,2,Gold,8,5
CUST_02665,1,32,Mobile Phone,1,42,Credit Card,Female,0,2,Mobile Phone,1,Single,3,0,1,19,4,68,123.23,11286.87,203.66,0.3791,23,86,11,15,Gold,6,9
CUST_02666,0,14,Phone,2,88,Credit Card,Male,5,8,Grocery,4,Divorced,3,0,14,3,18,78,393.08,9414.59,1237.56,0.3291,59,48,15,10,Free,7,6
CUST_02667,0,58,Mobile Phone,2,24,Cash on Delivery,Female,0,9,Others,4,Single,1,0,9,4,19,42,17.87,2768.4,1081.6,0.4435,41,13,15,16,Silver,3,2
CUST_02668,0,4,Computer,1,10,Cash on Delivery,Female,0,9,Mobile Phone,1,Single,2,0,9,20,7,90,203.58,1445.34,206.18,0.355,25,89,10,11,Gold,3,5
CUST_02669,0,58,Computer,1,11,UPI,Female,3,1,Mobile Phone,5,Single,6,0,50,3,10,53,311.01,904.07,1207.15,0.3096,52,47,4,5,Silver,8,6
CUST_02670,0,48,Mobile Phone,1,15,UPI,Female,0,10,Electronics,2,Married,5,0,38,11,13,37,140.18,9854.0,1376.38,0.4486,26,22,9,18,Platinum,9,3
CUST_02671,0,52,Mobile Phone,3,89,Credit Card,Female,0,6,Fashion,3,Married,7,0,48,2,17,79,389.51,10597.22,336.15,0.6878,64,32,11,15,Free,6,8
CUST_02672,0,51,Computer,1,8,Credit Card,Male,3,2,Electronics,2,Divorced,9,0,41,9,11,56,369.9,6359.73,1753.36,0.164,60,34,5,6,Silver,3,0
CUST_02673,0,11,Mobile Phone,2,36,UPI,Female,5,2,Mobile Phone,5,Single,2,1,43,19,15,12,132.48,6818.98,897.02,0.1017,55,51,11,17,Silver,4,0
CUST_02674,0,56,Mobile Phone,1,62,Debit Card,Female,0,6,Others,4,Single,4,0,28,6,16,78,1.62,5124.2,1432.64,0.1181,49,32,11,4,Free,9,6
CUST_02675,0,36,Mobile Phone,2,63,Debit Card,Male,3,7,Laptop & Accessory,5,Married,9,0,26,9,4,45,70.14,9602.39,1610.88,0.5244,69,0,8,25,Platinum,7,1
CUST_02676,0,58,Tablet,1,84,Debit Card,Female,3,1,Mobile Phone,2,Single,3,0,17,18,6,31,13.02,10496.44,927.61,0.6525,52,25,2,18,Silver,3,4
CUST_02677,1,53,Computer,1,99,Cash on Delivery,Male,0,5,Grocery,3,Single,1,0,3,11,17,78,271.88,3836.85,1851.95,0.575,19,78,10,26,Silver,4,8
CUST_02678,0,35,Mobile Phone,2,43,Debit Card,Male,0,3,Grocery,3,Divorced,3,0,42,19,12,70,56.4,10816.36,1655.45,0.303,24,79,1,14,Free,4,8
CUST_02679,0,22,Tablet,2,27,Debit Card,Female,2,10,Fashion,2,Married,4,0,19,7,4,35,191.9,2976.29,191.1,0.4239,53,36,4,25,Gold,0,0
CUST_02680,1,7,Mobile Phone,1,13,Debit Card,Female,4,7,Others,5,Married,3,0,34,4,11,89,74.98,2722.91,378.65,0.0348,52,72,13,7,Silver,4,8
CUST_02681,0,6,Mobile Phone,1,90,Cash on Delivery,Female,1,4,Fashion,5,Divorced,6,0,48,0,4,80,346.78,10230.48,159.86,0.3485,37,23,0,29,Silver,6,8
CUST_02682,0,23,Mobile Phone,3,40,Credit Card,Female,2,5,Electronics,5,Single,3,0,19,8,0,15,117.81,6291.76,2180.76,0.5592,52,26,8,30,Gold,7,4
CUST_02683,0,49,Mobile Phone,1,91,E-wallet,Male,2,9,Fashion,3,Single,6,0,7,1,9,50,279.15,722.92,905.55,0.594,36,28,6,28,Silver,7,6
CUST_02684,0,30,Mobile Phone,1,38,UPI,Female,4,7,Fashion,1,Single,9,0,19,12,0,58,234.36,1312.9,1350.39,0.4588,42,76,14,23,Platinum,7,0
CUST_02685,1,29,Computer,1,77,Debit Card,Female,1,4,Electronics,1,Single,4,0,48,0,20,36,150.19,3529.02,1344.37,0.624,27,88,3,8,Free,8,6
CUST_02686,0,14,Mobile Phone,1,66,Cash on Delivery,Male,4,9,Fashion,3,Married,6,0,0,2,18,48,303.95,2222.5,1208.86,0.2589,68,86,0,19,Platinum,2,0
CUST_02687,0,34,Computer,2,73,E-wallet,Male,4,7,Fashion,5,Married,8,1,13,11,4,90,45.77,11956.39,1029.12,0.0659,51,33,7,6,Silver,0,6
CUST_02688,0,38,Mobile Phone,2,67,Credit Card,Male,3,1,Electronics,4,Divorced,1,0,2,12,13,51,284.39,8636.63,896.23,0.3871,32,64,11,11,Free,3,2
CUST_02689,0,59,Mobile Phone,2,34,Debit Card,Female,4,7,Laptop & Accessory,4,Married,4,0,39,4,8,14,71.78,5320.13,684.94,0.7445,53,42,0,11,Gold,6,8
CUST_02690,0,44,Mobile Phone,2,14,Credit Card,Male,1,10,Fashion,4,Divorced,7,1,6,15,12,77,32.76,9702.14,629.42,0.6679,48,76,2,4,Silver,8,2
CUST_02691,0,37,Computer,1,6,Credit Card,Male,5,9,Mobile Phone,5,Married,3,0,13,8,10,31,387.17,3599.4,1632.53,0.6572,32,78,5,2,Platinum,3,7
CUST_02692,0,55,Computer,2,45,Cash on Delivery,Male,1,1,Fashion,5,Single,5,0,12,3,15,15,68.81,445.65,1771.32,0.4544,24,78,2,6,Silver,0,4
CUST_02693,1,25,Mobile Phone,1,90,Credit Card,Male,1,9,Grocery,2,Single,5,0,2,9,15,20,105.9,4444.66,646.8,0.7155,53,90,6,25,Free,0,2
CUST_02694,0,57,Mobile Phone,1,66,Debit Card,Male,3,10,Fashion,4,Married,10,1,47,19,0,75,4.07,4360.31,385.04,0.4195,38,22,3,17,Gold,9,0
CUST_02695,0,22,Mobile Phone,2,69,E-wallet,Male,2,2,Others,2,Single,2,0,19,11,17,89,270.79,1767.67,1941.23,0.3269,31,88,13,14,Free,5,8
CUST_02696,0,7,Phone,1,29,Cash on Delivery,Female,2,7,Others,4,Single,7,0,41,17,4,16,303.97,7602.77,230.87,0.494,32,19,0,29,Silver,9,7
CUST_02697,0,25,Mobile Phone,1,51,Cash on Delivery,Female,4,8,Laptop & Accessory,1,Divorced,10,1,26,18,13,13,8.26,4700.46,1401.57,0.4155,26,12,0,3,Free,2,7
CUST_02698,0,7,Computer,1,44,Credit Card,Female,3,1,Grocery,1,Single,10,0,2,4,13,88,206.84,3651.46,1240.03,0.5235,54,69,15,4,Free,0,0
CUST_02699,1,7,Mobile Phone,2,18,E-wallet,Female,2,9,Mobile Phone,1,Married,6,0,9,0,13,10,339.23,7292.53,1756.09,0.2832,67,50,14,14,Silver,7,9
CUST_02700,0,53,Mobile Phone,1,63,Credit Card,Male,4,4,Electronics,3,Single,4,0,0,14,15,50,314.87,8699.72,2000.76,0.73,58,69,10,21,Silver,8,7
CUST_02701,0,48,Computer,2,39,Cash on Delivery,Female,2,3,Fashion,5,Married,2,0,12,10,2,24,321.55,11889.27,2309.0,0.7068,29,54,1,17,Platinum,5,9
CUST_02702,0,13,Mobile Phone,2,43,Cash on Delivery,Female,5,3,Others,3,Married,3,0,29,7,13,18,27.27,10632.51,720.81,0.6022,63,38,14,26,Silver,0,7
CUST_02703,0,51,Mobile Phone,2,62,UPI,Female,5,6,Others,3,Single,8,0,6,2,7,55,113.19,284.13,144.19,0.0259,43,71,2,11,Silver,7,3
CUST_02704,1,4,Tablet,1,7,E-wallet,Male,2,8,Laptop & Accessory,4,Single,1,0,19,3,8,16,208.44,1906.04,1444.86,0.1975,31,57,2,21,Platinum,3,5
CUST_02705,0,17,Mobile Phone,3,94,E-wallet,Female,4,9,Laptop & Accessory,5,Married,8,0,1,19,3,24,204.33,6589.07,988.34,0.7015,40,44,0,9,Free,1,6
CUST_02706,0,43,Mobile Phone,1,26,Credit Card,Male,4,3,Laptop & Accessory,3,Married,10,0,40,3,12,58,303.02,5613.38,1138.02,0.6085,52,47,12,7,Platinum,2,0
CUST_02707,0,18,Mobile Phone,3,70,E-wallet,Female,5,9,Electronics,4,Single,5,0,17,19,6,29,367.87,10487.95,2109.87,0.1898,52,42,8,13,Free,0,8
CUST_02708,0,44,Mobile Phone,2,79,Debit Card,Female,2,9,Mobile Phone,3,Married,9,1,49,5,14,89,286.7,9793.57,934.46,0.4291,44,16,1,18,Gold,8,5
CUST_02709,0,53,Computer,1,19,Cash on Delivery,Female,2,1,Electronics,5,Single,10,0,16,2,9,48,192.66,6392.75,1371.37,0.0202,42,32,8,7,Silver,5,3
CUST_02710,0,4,Mobile Phone,2,28,E-wallet,Female,1,4,Mobile Phone,3,Single,8,1,25,10,8,10,236.18,11394.25,382.3,0.6216,46,10,2,29,Platinum,1,5
CUST_02711,1,1,Tablet,2,44,UPI,Female,3,1,Mobile Phone,5,Married,6,1,25,2,10,57,1.52,4377.57,1991.91,0.3707,57,66,11,11,Silver,9,10
CUST_02712,0,57,Computer,2,83,E-wallet,Male,3,10,Grocery,5,Single,6,0,9,5,11,55,180.27,7859.63,1250.16,0.3678,29,63,13,15,Platinum,3,4
CUST_02713,0,31,Tablet,1,66,E-wallet,Male,2,5,Electronics,5,Married,3,0,37,2,14,52,45.47,8382.74,848.83,0.1048,33,59,14,21,Platinum,5,6
CUST_02714,0,30,Phone,2,49,UPI,Female,1,3,Grocery,2,Married,2,1,45,0,1,87,292.62,6151.36,1121.03,0.0255,55,26,2,9,Free,8,3
CUST_02715,1,28,Tablet,2,86,Credit Card,Female,2,9,Grocery,2,Married,8,0,43,2,16,55,312.52,2667.22,637.73,0.7081,56,89,7,28,Silver,6,9
CUST_02716,0,26,Computer,3,50,UPI,Female,3,7,Electronics,4,Single,6,0,21,20,3,68,399.86,1943.8,1427.98,0.5482,51,67,12,23,Free,0,8
CUST_02717,0,42,Mobile Phone,1,90,E-wallet,Female,0,10,Mobile Phone,5,Married,10,0,39,3,4,61,185.14,2022.44,602.57,0.1965,58,53,14,1,Gold,5,7
CUST_02718,0,35,Mobile Phone,2,78,Debit Card,Female,3,9,Grocery,4,Married,8,1,21,4,16,23,34.82,4716.2,928.65,0.0184,66,56,14,12,Platinum,3,10
CUST_02719,0,9,Computer,2,21,E-wallet,Male,5,10,Mobile Phone,4,Single,3,0,7,3,0,79,55.53,8086.33,262.28,0.4769,38,83,2,30,Silver,9,0
CUST_02720,0,38,Mobile Phone,2,41,Credit Card,Female,1,3,Laptop & Accessory,3,Single,10,0,35,1,7,61,363.06,3789.34,785.55,0.6517,49,0,0,23,Gold,10,2
CUST_02721,0,40,Computer,2,7,Cash on Delivery,Male,2,3,Mobile Phone,5,Married,1,1,20,3,13,61,78.35,10340.59,985.15,0.3527,63,88,6,13,Platinum,6,8
CUST_02722,0,6,Mobile Phone,1,27,Cash on Delivery,Male,0,1,Mobile Phone,3,Married,1,0,18,2,16,6,145.22,7191.41,1956.52,0.4995,54,42,14,29,Gold,9,0
CUST_02723,0,22,Phone,2,7,Credit Card,Male,3,4,Mobile Phone,4,Single,7,0,3,3,18,65,53.37,5503.14,1638.96,0.7151,27,3,0,26,Free,6,2
CUST_02724,0,48,Mobile Phone,1,15,UPI,Male,2,6,Laptop & Accessory,3,Married,7,0,11,9,14,8,327.57,3924.98,339.26,0.3627,36,31,8,15,Gold,7,0
CUST_02725,0,37,Tablet,1,5,Credit Card,Male,5,6,Electronics,5,Married,8,1,21,7,4,36,120.47,1449.4,1524.87,0.6093,49,3,4,20,Platinum,3,8
CUST_02726,0,8,Mobile Phone,2,69,Debit Card,Female,5,7,Fashion,4,Single,7,0,37,3,7,51,148.92,6645.84,1134.43,0.2603,27,55,9,22,Gold,4,0
CUST_02727,0,2,Mobile Phone,1,44,E-wallet,Female,4,8,Grocery,5,Single,3,0,20,5,0,85,296.98,4600.16,1068.46,0.0093,57,89,10,25,Free,2,2
CUST_02728,0,35,Phone,1,50,Credit Card,Male,1,9,Electronics,1,Single,2,0,9,9,16,16,238.96,11558.01,304.98,0.6397,68,57,13,4,Platinum,8,1
CUST_02729,0,28,Phone,1,78,E-wallet,Male,1,6,Electronics,2,Married,10,0,20,8,0,73,238.18,8934.82,1482.33,0.7119,48,54,12,4,Platinum,8,1
CUST_02730,0,58,Computer,2,82,Cash on Delivery,Male,2,3,Laptop & Accessory,5,Married,4,0,2,2,2,48,20.26,1709.15,477.9,0.0434,49,5,10,11,Free,4,1
CUST_02731,1,31,Tablet,3,56,Cash on Delivery,Female,3,5,Grocery,1,Single,2,0,23,18,20,53,87.3,6717.11,733.99,0.487,53,25,7,3,Silver,3,7
CUST_02732,0,56,Mobile Phone,2,48,Debit Card,Male,0,9,Fashion,4,Married,1,0,25,8,3,82,110.21,10499.04,2057.82,0.5309,43,24,15,6,Free,0,8
CUST_02733,0,13,Phone,1,67,E-wallet,Male,2,9,Fashion,4,Married,9,0,35,7,5,40,397.98,11276.89,190.51,0.6496,55,40,4,1,Platinum,2,4
CUST_02734,0,27,Mobile Phone,3,44,Debit Card,Male,0,10,Electronics,2,Married,9,0,1,12,8,12,89.88,11185.14,1960.14,0.5058,70,74,14,28,Silver,5,6
CUST_02735,1,8,Mobile Phone,1,47,UPI,Female,1,6,Laptop & Accessory,1,Single,9,0,32,6,2,1,149.31,9823.68,1004.73,0.6162,34,40,1,6,Free,9,0
CUST_02736,1,35,Mobile Phone,3,33,Credit Card,Male,2,8,Mobile Phone,1,Single,9,1,40,13,13,32,77.02,3398.22,747.16,0.5504,32,14,4,8,Free,7,2
CUST_02737,0,11,Mobile Phone,2,23,E-wallet,Female,0,5,Electronics,5,Divorced,2,0,41,19,6,89,189.6,7622.19,1285.86,0.2866,43,9,1,20,Silver,5,9
CUST_02738,0,30,Computer,1,24,Cash on Delivery,Male,1,1,Fashion,1,Single,1,0,49,17,6,19,0.03,8548.67,700.93,0.1003,55,10,11,10,Platinum,6,7
CUST_02739,0,20,Computer,2,67,Credit Card,Female,3,8,Laptop & Accessory,4,Single,6,0,34,6,12,12,321.41,10025.68,2115.49,0.6709,57,82,10,15,Silver,4,6
CUST_02740,1,11,Mobile Phone,1,84,Cash on Delivery,Female,5,1,Mobile Phone,1,Married,6,1,48,1,6,3,353.11,10646.85,159.73,0.7138,29,20,6,0,Platinum,5,10
CUST_02741,0,5,Tablet,2,45,Credit Card,Male,4,7,Mobile Phone,2,Married,1,0,17,2,4,46,196.16,6421.66,1693.28,0.0178,68,29,6,20,Gold,9,6
CUST_02742,0,31,Mobile Phone,1,14,UPI,Male,1,10,Mobile Phone,1,Divorced,9,0,7,4,18,32,338.03,3948.16,2024.15,0.5283,41,46,1,29,Gold,10,10
CUST_02743,0,57,Mobile Phone,3,63,UPI,Female,5,1,Electronics,4,Married,7,0,0,12,12,31,2.0,6362.18,575.81,0.0734,43,49,10,30,Free,3,4
CUST_02744,1,12,Computer,2,91,E-wallet,Female,2,8,Mobile Phone,1,Divorced,7,0,47,10,18,54,174.94,11072.7,1938.98,0.5312,38,74,4,28,Free,0,7
CUST_02745,0,24,Mobile Phone,3,55,Debit Card,Female,2,9,Electronics,4,Single,6,0,6,5,7,29,68.1,6361.4,1155.1,0.1605,19,79,10,4,Gold,3,3
CUST_02746,0,13,Mobile Phone,3,7,Credit Card,Male,5,7,Mobile Phone,5,Married,10,0,5,4,19,5,156.17,1775.73,2473.1,0.7331,57,19,0,7,Free,4,1
CUST_02747,0,49,Computer,1,12,UPI,Female,2,7,Laptop & Accessory,4,Single,8,0,37,10,18,38,168.82,5276.14,973.19,0.5575,42,80,0,6,Silver,10,1
CUST_02748,0,25,Mobile Phone,2,55,E-wallet,Male,4,10,Laptop & Accessory,4,Divorced,6,0,18,20,0,67,271.54,9157.4,838.81,0.5267,42,37,8,24,Silver,1,1
CUST_02749,0,59,Mobile Phone,3,87,Cash on Delivery,Female,0,8,Grocery,5,Married,6,0,26,16,2,52,320.87,11686.23,2237.73,0.164,45,17,4,6,Gold,9,0
CUST_02750,0,14,Computer,1,10,Credit Card,Female,1,1,Electronics,5,Married,9,0,4,5,16,85,376.71,5128.04,1666.14,0.1788,36,47,0,21,Silver,4,5
CUST_02751,0,4,Mobile Phone,1,77,Credit Card,Female,5,8,Laptop & Accessory,4,Married,4,0,21,11,6,0,119.87,9585.89,1941.09,0.4167,25,15,13,22,Free,8,5
CUST_02752,0,35,Phone,1,79,Cash on Delivery,Male,1,8,Mobile Phone,3,Single,9,0,41,10,15,5,275.68,3346.47,1068.77,0.1205,33,32,2,29,Gold,3,8
CUST_02753,0,39,Computer,1,9,Cash on Delivery,Male,5,3,Electronics,2,Married,2,0,29,16,9,14,334.98,4427.84,1256.1,0.2381,46,12,11,0,Gold,8,7
CUST_02754,0,60,Mobile Phone,3,25,UPI,Male,2,7,Others,4,Single,1,0,11,7,5,3,160.0,3645.57,2456.59,0.6866,62,68,15,3,Free,0,1
CUST_02755,0,53,Mobile Phone,2,5,Credit Card,Female,5,9,Electronics,1,Married,1,0,7,7,4,55,224.28,8170.37,1373.67,0.3411,41,21,6,10,Silver,2,6
CUST_02756,0,53,Mobile Phone,2,59,Debit Card,Female,2,9,Grocery,5,Single,4,0,33,9,4,56,274.7,11016.25,1879.3,0.256,29,85,15,22,Free,1,6
CUST_02757,0,38,Computer,3,21,E-wallet,Male,2,9,Electronics,5,Single,6,0,35,3,13,67,31.59,9844.1,2449.64,0.6431,32,29,2,17,Free,8,10
CUST_02758,0,21,Mobile Phone,1,92,Credit Card,Male,2,8,Mobile Phone,2,Single,9,0,38,18,0,18,248.61,7160.83,1830.02,0.5012,42,14,9,9,Free,8,0
CUST_02759,0,26,Tablet,2,13,Debit Card,Male,1,2,Laptop & Accessory,4,Married,10,0,6,8,3,61,217.11,6465.02,1800.93,0.3383,66,66,14,0,Gold,1,7
CUST_02760,0,8,Mobile Phone,1,67,UPI,Male,5,5,Grocery,4,Married,1,0,19,18,17,15,123.46,10219.96,333.28,0.5777,40,44,15,0,Silver,4,5
CUST_02761,0,26,Computer,1,80,Cash on Delivery,Male,3,3,Grocery,5,Married,8,0,3,8,6,90,398.0,11260.36,568.78,0.1592,31,13,4,28,Silver,6,9
CUST_02762,0,22,Mobile Phone,1,22,E-wallet,Female,3,1,Electronics,5,Single,3,0,40,14,12,22,32.64,9372.83,1965.86,0.0794,42,35,7,30,Free,10,3
CUST_02763,0,2,Mobile Phone,1,29,UPI,Male,2,3,Mobile Phone,4,Single,4,1,12,15,6,4,380.25,7910.31,2457.73,0.217,66,19,10,29,Free,5,0
CUST_02764,0,12,Mobile Phone,1,81,UPI,Male,4,10,Others,5,Married,9,0,16,16,0,16,255.04,9584.08,1112.7,0.2371,53,62,7,22,Free,10,7
CUST_02765,0,32,Computer,2,13,Debit Card,Female,2,6,Fashion,2,Single,10,0,28,14,9,46,23.75,5897.31,1915.68,0.6752,56,34,7,25,Free,8,0
CUST_02766,0,22,Tablet,1,47,Credit Card,Female,1,8,Fashion,3,Married,8,0,7,14,4,64,72.34,5150.44,77.21,0.7266,64,8,7,15,Platinum,9,5
CUST_02767,0,60,Mobile Phone,1,29,Debit Card,Male,0,6,Others,1,Married,2,0,39,6,15,38,312.78,11565.09,354.11,0.0407,19,2,2,14,Free,10,1
CUST_02768,0,29,Mobile Phone,2,6,Debit Card,Male,5,4,Grocery,5,Divorced,1,0,23,1,17,29,78.4,6667.34,242.81,0.6686,26,87,0,29,Free,7,0
CUST_02769,0,58,Mobile Phone,1,48,Credit Card,Male,0,5,Laptop & Accessory,2,Single,10,0,28,19,18,18,18.7,6947.33,309.91,0.6203,30,22,14,18,Free,7,7
CUST_02770,0,40,Mobile Phone,3,51,Cash on Delivery,Male,5,10,Mobile Phone,3,Married,3,0,36,17,12,11,218.88,1494.57,191.39,0.1419,55,74,5,23,Gold,6,2
CUST_02771,1,2,Phone,3,38,Debit Card,Male,2,3,Grocery,1,Divorced,3,0,33,5,1,81,399.44,6226.7,110.69,0.3554,29,42,8,0,Free,9,10
CUST_02772,1,12,Phone,2,82,UPI,Male,0,4,Mobile Phone,2,Married,6,0,2,0,17,67,151.73,4606.7,1693.12,0.3636,25,62,8,6,Free,8,10
CUST_02773,0,43,Phone,2,14,Debit Card,Female,5,9,Laptop & Accessory,4,Married,2,0,5,20,17,13,176.76,3424.18,1127.63,0.1547,40,50,1,24,Silver,4,2
CUST_02774,0,33,Mobile Phone,2,46,UPI,Female,4,4,Mobile Phone,2,Single,7,0,41,1,3,14,309.58,11582.5,1378.31,0.2865,18,38,8,14,Silver,0,2
CUST_02775,0,18,Mobile Phone,2,22,Credit Card,Female,4,10,Grocery,3,Married,9,0,44,0,8,45,239.51,11159.08,884.84,0.1209,64,57,12,0,Silver,9,9
CUST_02776,0,31,Computer,3,77,Cash on Delivery,Male,3,10,Laptop & Accessory,3,Married,4,1,13,20,20,31,108.1,11734.05,1032.58,0.4202,18,9,8,19,Platinum,1,2
CUST_02777,0,55,Mobile Phone,3,58,Cash on Delivery,Female,4,1,Grocery,4,Single,5,0,1,14,16,17,219.05,4263.55,441.36,0.2546,25,35,11,19,Silver,9,2
CUST_02778,0,23,Computer,1,72,Debit Card,Female,0,7,Electronics,2,Single,9,0,34,12,4,40,184.08,7837.42,1623.56,0.3465,65,11,5,8,Free,0,3
CUST_02779,0,2,Mobile Phone,2,15,Debit Card,Male,1,1,Fashion,3,Married,9,0,50,13,13,39,6.52,3764.89,376.8,0.3716,70,51,13,2,Free,7,7
CUST_02780,1,18,Mobile Phone,3,48,Cash on Delivery,Female,3,9,Electronics,1,Single,1,0,5,15,6,52,43.0,5390.24,2208.9,0.394,62,49,11,12,Gold,8,10
CUST_02781,0,57,Phone,1,9,Debit Card,Male,4,2,Grocery,3,Married,8,0,4,12,18,71,241.96,3269.83,742.03,0.138,44,78,8,24,Free,2,0
CUST_02782,0,46,Mobile Phone,2,36,Credit Card,Female,3,9,Fashion,1,Single,1,0,19,15,19,25,59.53,7054.83,689.53,0.0097,35,1,15,0,Gold,1,2
CUST_02783,0,51,Tablet,2,95,Debit Card,Female,2,8,Others,4,Divorced,2,0,31,16,16,63,307.62,3536.18,532.62,0.4298,66,66,1,16,Silver,7,3
CUST_02784,0,55,Mobile Phone,2,74,E-wallet,Male,4,6,Grocery,5,Married,7,0,23,4,6,66,196.46,3588.65,313.11,0.2278,52,60,12,17,Free,10,6
CUST_02785,0,7,Mobile Phone,1,12,UPI,Female,0,3,Electronics,3,Divorced,2,0,23,12,8,63,34.37,5113.25,664.68,0.0484,20,52,8,4,Free,2,5
CUST_02786,0,17,Mobile Phone,1,40,Debit Card,Female,3,3,Grocery,5,Married,2,0,23,6,12,84,380.69,372.37,2494.27,0.2817,25,81,5,14,Free,6,10
CUST_02787,1,3,Mobile Phone,1,88,UPI,Female,2,5,Others,2,Single,5,0,50,12,19,19,335.34,10790.31,109.2,0.7415,65,70,12,2,Free,10,6
CUST_02788,0,0,Mobile Phone,2,21,Debit Card,Female,2,9,Fashion,5,Single,5,0,13,3,7,66,255.58,2743.0,1257.89,0.4635,57,30,4,10,Silver,10,5
CUST_02789,0,50,Mobile Phone,3,77,Cash on Delivery,Female,0,9,Mobile Phone,3,Single,6,0,4,18,11,2,298.22,7606.69,918.31,0.5423,22,26,10,7,Free,7,3
CUST_02790,0,57,Computer,3,35,UPI,Male,5,6,Mobile Phone,3,Married,10,0,26,5,15,30,266.08,911.27,1956.77,0.6328,70,66,14,15,Platinum,7,3
CUST_02791,0,9,Phone,1,50,UPI,Male,5,3,Others,3,Single,5,0,24,3,7,65,5.17,4641.81,1557.45,0.5075,48,87,9,30,Free,5,4
CUST_02792,0,44,Mobile Phone,1,89,UPI,Female,5,6,Electronics,5,Married,4,1,14,2,6,84,248.27,623.21,123.3,0.3303,68,29,3,6,Silver,0,1
CUST_02793,0,32,Mobile Phone,2,69,UPI,Male,5,9,Mobile Phone,4,Married,3,0,49,11,8,9,97.84,11973.92,246.7,0.651,68,62,11,3,Gold,6,0
CUST_02794,0,4,Mobile Phone,2,32,UPI,Male,3,6,Fashion,3,Married,9,0,8,7,9,66,379.15,10440.04,1662.19,0.2289,51,18,1,17,Gold,5,7
CUST_02795,0,55,Computer,2,5,Debit Card,Female,1,9,Laptop & Accessory,4,Married,3,0,6,14,1,35,163.62,10239.25,1740.76,0.1908,20,61,2,14,Free,2,4
CUST_02796,0,53,Computer,1,27,E-wallet,Female,0,1,Others,3,Married,1,0,6,8,1,48,281.88,2554.6,1611.89,0.1949,41,25,4,1,Platinum,1,0
CUST_02797,0,34,Mobile Phone,1,45,Debit Card,Male,3,6,Fashion,5,Married,6,1,47,6,14,76,59.54,6867.94,1655.33,0.2618,65,71,4,8,Platinum,9,3
CUST_02798,0,43,Mobile Phone,2,17,E-wallet,Female,5,1,Fashion,3,Single,8,0,45,6,19,77,189.22,10428.69,2096.85,0.583,37,64,8,19,Silver,0,10
CUST_02799,0,24,Mobile Phone,2,89,Cash on Delivery,Female,2,7,Mobile Phone,5,Single,1,0,48,4,16,37,41.75,4608.83,987.49,0.0809,34,0,9,20,Silver,8,0
CUST_02800,0,48,Mobile Phone,1,10,UPI,Male,5,7,Laptop & Accessory,2,Married,7,1,6,14,19,79,162.61,516.62,830.51,0.3925,32,67,0,25,Free,6,10
CUST_02801,0,27,Mobile Phone,3,56,Debit Card,Female,0,4,Electronics,3,Single,5,0,1,2,17,42,224.16,5101.39,2060.83,0.4503,53,12,13,23,Silver,2,6
CUST_02802,0,60,Tablet,2,98,UPI,Male,1,8,Mobile Phone,4,Married,8,0,20,19,16,20,253.0,10714.83,867.04,0.6977,22,21,3,12,Gold,3,0
CUST_02803,0,3,Mobile Phone,3,37,E-wallet,Male,3,10,Laptop & Accessory,3,Divorced,1,0,24,5,1,87,158.19,1422.34,2399.15,0.288,41,52,14,29,Silver,1,10
CUST_02804,1,10,Mobile Phone,2,56,Credit Card,Female,2,5,Others,3,Married,9,1,12,0,18,32,63.55,1140.69,1815.48,0.3581,29,53,4,12,Platinum,4,7
CUST_02805,0,59,Mobile Phone,2,12,UPI,Female,4,5,Grocery,1,Single,9,1,31,13,9,82,263.86,7220.06,1770.21,0.5161,64,55,15,14,Silver,6,5
CUST_02806,0,17,Computer,3,75,Cash on Delivery,Female,2,2,Laptop & Accessory,5,Single,7,0,31,14,12,83,4.77,2799.13,2272.96,0.1241,47,30,8,4,Gold,4,5
CUST_02807,0,18,Mobile Phone,3,98,Cash on Delivery,Male,4,1,Mobile Phone,2,Divorced,7,0,34,12,18,8,323.46,4726.36,1928.23,0.3056,32,81,13,14,Gold,6,0
CUST_02808,1,48,Mobile Phone,3,79,Credit Card,Female,1,5,Grocery,1,Single,8,0,17,7,1,64,270.12,4851.98,155.11,0.0238,32,57,11,29,Free,1,8
CUST_02809,0,11,Mobile Phone,3,19,UPI,Male,0,5,Mobile Phone,5,Single,2,0,1,3,5,78,309.7,8429.87,1172.24,0.0014,57,48,8,8,Platinum,4,0
CUST_02810,0,31,Computer,2,38,Credit Card,Male,3,8,Others,1,Married,9,0,14,18,1,18,389.46,435.38,975.9,0.3184,56,67,15,30,Silver,0,5
CUST_02811,0,17,Mobile Phone,1,74,E-wallet,Female,3,9,Others,4,Married,8,0,8,10,8,45,130.84,7943.41,1092.11,0.6121,64,24,7,23,Silver,8,8
CUST_02812,0,12,Phone,1,81,Debit Card,Female,3,2,Others,2,Married,8,0,49,9,16,90,213.08,5937.46,739.82,0.288,58,38,3,6,Free,10,1
CUST_02813,0,58,Mobile Phone,3,43,UPI,Male,0,2,Grocery,4,Married,5,1,42,4,10,72,253.04,6202.21,592.36,0.4148,26,44,8,30,Gold,0,6
CUST_02814,0,12,Mobile Phone,1,97,E-wallet,Female,2,6,Others,2,Married,2,0,50,16,10,31,234.33,8514.63,1380.19,0.3534,43,10,11,25,Silver,3,2
CUST_02815,0,5,Tablet,2,24,UPI,Female,0,4,Mobile Phone,4,Single,6,0,38,19,4,32,253.47,7731.5,1870.15,0.3224,18,28,11,11,Free,5,6
CUST_02816,0,41,Phone,3,76,Credit Card,Female,4,8,Grocery,5,Married,6,0,6,13,5,9,376.79,8152.36,501.22,0.4591,65,73,3,27,Free,0,9
CUST_02817,1,52,Mobile Phone,3,52,E-wallet,Female,0,4,Electronics,3,Married,3,1,23,15,11,87,193.57,3658.56,726.27,0.7122,58,61,12,21,Silver,8,9
CUST_02818,1,7,Phone,3,73,Cash on Delivery,Male,5,5,Grocery,3,Married,10,0,35,14,0,80,344.69,10245.86,1678.69,0.4132,61,83,9,0,Gold,4,7
CUST_02819,0,43,Mobile Phone,2,62,Cash on Delivery,Male,0,5,Others,4,Divorced,4,1,3,3,9,72,252.5,7426.02,1687.06,0.6365,56,55,3,23,Gold,6,1
CUST_02820,0,32,Mobile Phone,2,46,Credit Card,Female,3,7,Laptop & Accessory,2,Single,10,0,45,9,20,36,313.01,5577.69,261.03,0.2513,22,5,4,27,Silver,7,6
CUST_02821,0,50,Phone,3,83,UPI,Female,2,1,Fashion,3,Married,9,0,43,6,11,40,131.17,6070.61,239.93,0.2091,53,17,12,25,Gold,5,10
CUST_02822,0,7,Computer,1,85,UPI,Male,0,9,Electronics,4,Married,1,0,49,8,2,34,131.66,3016.67,1268.53,0.0595,60,29,7,14,Silver,6,9
CUST_02823,0,59,Mobile Phone,1,83,Debit Card,Male,2,4,Mobile Phone,1,Married,2,0,15,17,8,32,374.1,9483.15,2099.92,0.4378,51,33,8,18,Free,0,6
CUST_02824,0,37,Computer,3,13,UPI,Female,0,3,Fashion,3,Single,4,0,15,17,7,5,333.2,3409.83,593.77,0.5526,61,89,7,23,Free,3,8
CUST_02825,0,51,Mobile Phone,2,45,Debit Card,Female,4,7,Others,3,Married,7,0,32,11,14,19,202.51,6995.33,2495.93,0.4715,49,61,9,12,Free,3,10
CUST_02826,1,22,Mobile Phone,2,76,UPI,Male,5,2,Grocery,2,Divorced,2,0,40,2,14,55,184.3,11211.91,2497.6,0.6378,36,79,15,12,Free,2,10
CUST_02827,0,57,Tablet,1,88,E-wallet,Male,1,6,Fashion,3,Married,3,0,13,7,20,25,100.46,6663.87,1527.34,0.1582,39,85,10,18,Platinum,6,6
CUST_02828,0,38,Mobile Phone,2,39,Cash on Delivery,Female,2,1,Fashion,2,Single,9,0,16,15,13,13,83.01,554.18,2403.47,0.4988,44,53,4,0,Free,6,3
CUST_02829,1,7,Computer,3,76,Debit Card,Male,0,3,Mobile Phone,3,Single,5,0,17,12,4,40,90.27,11621.16,1012.5,0.3718,33,36,8,3,Free,6,9
CUST_02830,0,56,Computer,2,59,Debit Card,Male,2,8,Electronics,2,Married,6,0,31,11,2,73,376.68,6816.68,1279.14,0.237,21,47,13,26,Gold,4,4
CUST_02831,0,48,Computer,1,26,Credit Card,Male,5,4,Laptop & Accessory,5,Single,6,0,5,8,3,32,106.64,2268.35,1772.95,0.3655,44,65,14,30,Free,3,6
CUST_02832,0,18,Mobile Phone,2,90,Debit Card,Male,3,10,Mobile Phone,4,Married,10,1,26,20,13,68,178.55,6013.64,223.15,0.5411,32,67,11,13,Free,6,0
CUST_02833,0,33,Tablet,3,47,Credit Card,Female,5,4,Laptop & Accessory,4,Divorced,2,0,12,19,12,58,272.78,4491.54,1934.03,0.6681,45,38,7,4,Gold,9,2
CUST_02834,0,23,Computer,3,63,Credit Card,Male,4,7,Electronics,5,Divorced,6,0,36,13,7,29,258.19,5092.02,2344.86,0.4504,68,9,8,3,Free,2,0
CUST_02835,1,33,Computer,1,32,E-wallet,Male,0,1,Others,1,Married,1,1,37,18,15,57,308.39,5859.45,1446.97,0.4972,53,34,12,6,Silver,1,10
CUST_02836,1,58,Mobile Phone,2,7,E-wallet,Female,0,10,Laptop & Accessory,2,Married,1,0,46,3,3,46,151.66,9946.39,586.64,0.7006,67,40,11,12,Free,3,7
CUST_02837,0,54,Mobile Phone,1,48,UPI,Female,2,7,Others,1,Single,5,0,18,3,15,17,132.97,2964.6,369.05,0.5552,61,57,8,18,Platinum,2,5
CUST_02838,0,13,Mobile Phone,2,74,Cash on Delivery,Female,5,8,Others,4,Single,10,1,5,14,12,38,201.05,7960.12,583.51,0.1658,54,53,5,8,Free,9,5
CUST_02839,0,59,Mobile Phone,1,36,UPI,Male,1,4,Grocery,2,Married,5,1,11,14,3,23,253.89,8657.09,543.45,0.5751,25,87,10,16,Free,9,3
CUST_02840,0,26,Mobile Phone,2,94,Cash on Delivery,Female,0,3,Laptop & Accessory,4,Single,8,0,11,5,18,50,397.84,11764.27,2157.41,0.0963,18,62,10,21,Gold,6,7
CUST_02841,0,42,Computer,2,77,E-wallet,Female,5,5,Electronics,5,Single,10,0,0,17,18,4,234.96,3836.63,385.62,0.1006,26,29,10,2,Free,4,9
CUST_02842,0,46,Phone,1,66,Credit Card,Female,1,3,Grocery,2,Married,1,0,29,15,15,7,307.1,2485.14,2426.7,0.7132,19,72,2,17,Silver,4,8
CUST_02843,0,29,Mobile Phone,1,82,Debit Card,Male,2,1,Electronics,2,Married,7,1,33,4,13,34,369.81,11225.14,1957.96,0.0841,44,40,15,17,Free,2,4
CUST_02844,0,27,Mobile Phone,1,87,Credit Card,Male,4,7,Mobile Phone,3,Divorced,9,0,18,12,3,46,1.34,11417.75,1844.49,0.6214,49,30,12,22,Platinum,2,8
CUST_02845,0,27,Computer,1,74,Cash on Delivery,Female,0,8,Grocery,3,Single,9,0,14,18,20,43,101.6,9359.86,1562.47,0.5069,47,4,12,20,Gold,5,3
CUST_02846,0,52,Mobile Phone,2,84,E-wallet,Male,1,7,Others,2,Married,8,0,28,16,3,7,1.3,4707.5,159.99,0.5663,30,70,5,30,Gold,6,2
CUST_02847,0,23,Tablet,1,73,Cash on Delivery,Male,4,6,Electronics,2,Married,10,0,7,8,16,9,361.37,11662.25,1810.87,0.4208,40,57,0,14,Gold,6,8
CUST_02848,0,17,Mobile Phone,1,87,Cash on Delivery,Male,0,6,Grocery,2,Single,7,1,39,17,9,9,154.97,7043.38,987.35,0.5686,52,6,15,7,Silver,4,6
CUST_02849,0,22,Mobile Phone,3,14,UPI,Female,4,10,Others,3,Married,1,0,11,6,14,7,232.02,2699.59,352.86,0.716,33,34,8,17,Silver,8,3
CUST_02850,0,11,Mobile Phone,1,38,Credit Card,Male,3,6,Fashion,3,Married,10,0,35,20,0,75,193.34,9924.53,2088.4,0.5565,23,38,6,5,Silver,3,1
CUST_02851,0,23,Tablet,3,90,Cash on Delivery,Male,1,8,Mobile Phone,3,Married,9,0,34,20,6,24,301.33,5832.44,866.95,0.2399,26,10,2,3,Gold,7,4
CUST_02852,1,6,Mobile Phone,2,50,E-wallet,Female,3,5,Others,2,Married,2,0,39,6,0,72,147.28,785.94,1525.91,0.6706,70,69,14,20,Free,7,2
CUST_02853,0,5,Computer,2,6,E-wallet,Female,1,1,Laptop & Accessory,4,Married,10,0,27,14,15,44,4.88,9359.3,433.36,0.359,29,56,8,27,Free,3,9
CUST_02854,0,44,Mobile Phone,2,86,Debit Card,Male,5,4,Grocery,3,Divorced,7,1,8,20,5,90,143.56,9816.79,363.38,0.1193,24,20,4,17,Gold,6,7
CUST_02855,1,4,Mobile Phone,1,67,Debit Card,Female,2,8,Electronics,2,Single,5,0,2,6,6,89,188.14,10283.4,1143.99,0.6789,62,61,4,30,Free,2,8
CUST_02856,1,34,Phone,3,92,Cash on Delivery,Female,4,7,Electronics,4,Married,9,0,1,15,2,54,162.18,2035.22,155.34,0.3101,35,51,4,17,Platinum,2,8
CUST_02857,0,47,Mobile Phone,3,6,Credit Card,Male,1,7,Electronics,5,Divorced,7,0,7,11,2,83,109.21,4102.03,1555.41,0.1866,68,11,9,19,Silver,4,2
CUST_02858,0,44,Mobile Phone,1,19,Credit Card,Female,5,8,Fashion,2,Married,8,0,44,9,11,36,38.61,9519.99,243.04,0.4799,23,52,12,19,Free,8,1
CUST_02859,0,27,Mobile Phone,2,54,E-wallet,Male,1,3,Mobile Phone,3,Married,4,0,5,13,7,36,11.23,9163.32,1330.68,0.7466,20,54,7,17,Free,8,1
CUST_02860,0,11,Phone,2,22,E-wallet,Female,3,9,Laptop & Accessory,5,Married,4,0,23,10,0,11,364.41,10641.4,933.34,0.6327,38,16,14,8,Free,8,3
CUST_02861,0,56,Mobile Phone,3,54,UPI,Male,4,8,Mobile Phone,2,Single,1,0,24,14,17,50,26.38,6618.35,842.95,0.1882,65,76,11,21,Free,4,4
CUST_02862,0,50,Mobile Phone,3,38,UPI,Male,5,4,Others,2,Married,9,0,32,20,5,60,158.81,3797.46,1934.44,0.5346,35,68,7,16,Silver,6,3
CUST_02863,0,37,Tablet,1,25,UPI,Male,4,6,Electronics,2,Married,3,0,6,4,0,50,31.33,4985.6,1211.98,0.1909,56,49,14,27,Gold,10,5
CUST_02864,1,5,Computer,3,78,Credit Card,Female,4,9,Fashion,3,Single,2,0,3,3,1,20,44.45,3597.82,524.22,0.3842,52,65,1,4,Free,6,3
CUST_02865,0,2,Phone,3,8,Debit Card,Female,4,2,Fashion,3,Married,1,0,43,12,8,31,258.99,7744.33,998.71,0.1054,21,72,2,5,Free,8,2
CUST_02866,0,19,Computer,2,88,Debit Card,Female,2,4,Fashion,4,Single,4,0,36,20,11,23,369.56,5987.55,996.07,0.2165,63,46,5,19,Free,3,3
CUST_02867,1,9,Computer,1,19,E-wallet,Female,4,2,Others,2,Single,5,0,31,17,2,77,139.28,6849.86,1346.13,0.7429,24,44,1,15,Free,6,10
CUST_02868,0,52,Mobile Phone,3,60,UPI,Female,3,4,Fashion,3,Divorced,9,0,5,8,7,12,298.25,8101.83,1634.12,0.3413,60,37,12,12,Free,4,2
CUST_02869,0,12,Mobile Phone,2,100,Cash on Delivery,Male,3,3,Others,1,Divorced,7,0,35,16,7,26,312.2,2946.12,800.48,0.5565,24,21,9,12,Silver,9,3
CUST_02870,0,17,Computer,1,15,Credit Card,Female,1,9,Laptop & Accessory,5,Married,9,0,40,19,1,29,256.15,10746.18,819.83,0.3288,56,50,7,20,Gold,9,2
CUST_02871,0,59,Computer,3,93,E-wallet,Female,2,10,Fashion,2,Married,1,0,43,6,13,38,347.49,657.11,1995.96,0.0013,65,14,6,4,Free,8,1
CUST_02872,0,49,Tablet,2,34,E-wallet,Male,0,10,Grocery,2,Married,1,1,3,2,7,28,74.68,3012.37,491.75,0.4907,70,2,11,14,Free,9,4
CUST_02873,0,13,Computer,3,76,UPI,Female,4,4,Electronics,1,Single,3,0,28,20,14,82,30.05,1581.55,1652.97,0.3144,53,20,11,12,Free,5,1
CUST_02874,0,23,Mobile Phone,2,87,Debit Card,Female,0,10,Laptop & Accessory,2,Single,4,0,4,3,0,46,182.42,4993.96,2470.92,0.1961,20,9,6,17,Platinum,9,7
CUST_02875,0,31,Mobile Phone,1,27,E-wallet,Male,0,1,Grocery,5,Married,1,1,17,0,0,31,213.61,11342.16,1966.25,0.1468,19,58,8,27,Gold,0,1
CUST_02876,0,40,Computer,3,38,E-wallet,Female,1,2,Others,3,Married,9,0,17,6,17,30,148.81,9940.3,704.07,0.3645,59,15,0,1,Free,9,9
CUST_02877,0,57,Mobile Phone,2,87,UPI,Female,0,4,Laptop & Accessory,4,Married,10,0,6,16,6,46,368.76,5971.23,132.53,0.6732,42,26,12,3,Free,6,3
CUST_02878,0,53,Computer,2,14,Debit Card,Female,4,3,Mobile Phone,3,Single,5,0,10,15,7,33,49.37,4885.93,757.92,0.2558,24,38,10,14,Free,9,3
CUST_02879,0,59,Computer,1,15,Cash on Delivery,Male,0,10,Fashion,2,Divorced,9,0,47,6,8,79,373.18,567.69,57.87,0.4241,32,49,4,5,Gold,8,1
CUST_02880,0,2,Mobile Phone,1,33,Debit Card,Female,2,8,Mobile Phone,4,Single,2,1,50,14,13,11,169.0,5936.85,1484.37,0.0385,50,14,4,17,Platinum,5,5
CUST_02881,0,14,Computer,2,62,Cash on Delivery,Male,4,8,Fashion,2,Married,1,0,26,19,14,29,333.32,3130.11,1174.13,0.5417,22,73,1,19,Free,8,7
CUST_02882,0,34,Computer,1,82,E-wallet,Female,3,9,Others,4,Single,9,0,23,0,14,39,151.14,111.39,1522.72,0.5871,60,11,7,30,Gold,3,2
CUST_02883,0,2,Phone,3,59,UPI,Female,3,8,Others,5,Single,9,0,49,18,18,87,203.2,10155.65,1988.61,0.2831,59,8,13,6,Gold,5,7
CUST_02884,0,21,Mobile Phone,3,52,Credit Card,Male,2,6,Grocery,1,Married,8,1,23,12,11,27,275.26,8696.54,617.41,0.3296,53,14,14,5,Gold,10,9
CUST_02885,0,9,Computer,2,88,UPI,Female,2,1,Others,1,Married,9,0,22,18,5,18,189.53,11281.64,961.94,0.052,47,10,10,5,Silver,6,1
CUST_02886,0,56,Mobile Phone,1,21,E-wallet,Male,4,1,Electronics,4,Married,8,0,2,1,12,36,349.62,5671.14,1179.82,0.6904,24,12,3,23,Platinum,8,7
CUST_02887,1,3,Mobile Phone,2,91,Debit Card,Female,2,10,Laptop & Accessory,1,Single,9,0,7,5,6,62,214.82,6011.33,1934.35,0.4132,39,67,2,28,Gold,4,9
CUST_02888,0,9,Mobile Phone,1,35,E-wallet,Female,4,6,Fashion,4,Divorced,10,0,25,8,9,89,7.25,6774.04,1165.41,0.1048,27,55,5,9,Silver,0,10
CUST_02889,1,11,Phone,3,31,Debit Card,Female,4,10,Others,2,Married,9,0,16,16,0,5,319.44,10599.11,567.16,0.558,48,2,3,13,Silver,10,8
CUST_02890,0,9,Phone,2,96,Cash on Delivery,Female,1,1,Fashion,3,Married,9,0,3,14,8,58,197.67,2550.17,2244.91,0.5839,65,53,2,30,Gold,1,6
CUST_02891,0,34,Mobile Phone,3,67,Cash on Delivery,Male,0,7,Grocery,4,Single,5,0,37,6,12,48,269.36,915.83,203.62,0.151,64,18,2,6,Free,6,4
CUST_02892,1,22,Computer,1,46,Credit Card,Female,2,3,Fashion,2,Divorced,9,0,32,5,6,30,129.4,8003.08,1616.49,0.3401,66,7,0,1,Gold,7,10
CUST_02893,0,55,Mobile Phone,1,36,Credit Card,Female,2,4,Laptop & Accessory,5,Married,3,0,3,9,2,14,279.57,6161.23,798.48,0.3325,36,39,0,15,Gold,9,3
CUST_02894,1,15,Computer,3,47,E-wallet,Male,0,7,Grocery,5,Married,4,0,50,3,1,59,288.93,7151.92,1245.0,0.2795,57,74,6,17,Silver,8,9
CUST_02895,1,32,Mobile Phone,2,80,Cash on Delivery,Male,4,5,Fashion,2,Single,9,0,12,18,2,57,399.42,10659.02,2418.67,0.6486,41,88,14,2,Free,8,2
CUST_02896,0,40,Computer,3,19,Cash on Delivery,Female,3,2,Electronics,4,Single,4,0,16,17,7,12,145.92,10886.64,1505.51,0.5303,33,7,1,17,Gold,1,2
CUST_02897,0,38,Mobile Phone,3,21,Debit Card,Female,3,10,Others,4,Married,9,0,8,15,20,56,87.86,4604.78,1697.82,0.6627,58,47,13,7,Platinum,3,4
CUST_02898,0,48,Computer,2,34,Credit Card,Female,4,8,Laptop & Accessory,2,Married,5,0,41,10,9,46,192.75,8293.79,1646.51,0.3974,31,45,4,4,Silver,6,5
CUST_02899,0,12,Mobile Phone,2,51,Debit Card,Male,2,4,Fashion,5,Married,3,1,48,13,19,37,276.72,5956.45,1810.8,0.607,52,12,11,17,Gold,9,5
CUST_02900,0,30,Computer,2,83,UPI,Female,3,7,Fashion,2,Married,5,0,49,5,2,48,192.68,6714.65,1137.85,0.1776,21,54,13,26,Gold,6,4
CUST_02901,0,48,Computer,3,25,Cash on Delivery,Male,1,2,Electronics,2,Married,6,1,4,2,20,84,344.67,9774.7,92.13,0.2097,49,53,9,5,Free,10,4
CUST_02902,0,52,Mobile Phone,3,80,Debit Card,Male,4,5,Fashion,4,Married,1,0,49,4,19,39,385.27,3427.18,2230.06,0.3702,42,2,0,4,Free,4,10
CUST_02903,0,37,Mobile Phone,1,92,Debit Card,Male,5,5,Grocery,1,Divorced,6,0,2,11,1,81,391.97,1188.87,1425.48,0.3684,21,34,1,28,Platinum,4,1
CUST_02904,0,39,Phone,2,46,Debit Card,Male,5,4,Others,5,Single,2,0,38,20,0,2,50.36,8218.73,2287.61,0.0326,38,83,10,25,Free,6,9
CUST_02905,0,52,Computer,1,97,E-wallet,Male,2,5,Grocery,2,Married,5,0,33,2,13,66,97.41,3733.58,1854.34,0.4392,66,5,8,7,Silver,1,1
CUST_02906,0,38,Mobile Phone,2,90,Cash on Delivery,Female,0,10,Laptop & Accessory,3,Married,4,0,44,6,4,68,117.83,3642.82,1895.3,0.0117,30,8,6,9,Platinum,0,6
CUST_02907,0,57,Mobile Phone,3,81,E-wallet,Female,5,1,Fashion,4,Single,7,0,27,1,13,65,371.47,1589.82,1648.73,0.1448,38,45,9,8,Free,3,9
CUST_02908,1,7,Mobile Phone,3,41,Credit Card,Female,3,6,Others,5,Single,9,1,17,9,14,33,312.49,11425.0,2405.97,0.2356,52,88,6,13,Silver,4,4
CUST_02909,0,21,Computer,1,33,UPI,Female,4,10,Fashion,4,Married,1,0,33,19,1,6,48.55,10026.63,1996.06,0.6283,24,57,1,21,Free,4,1
CUST_02910,0,6,Computer,1,87,UPI,Male,1,9,Others,2,Married,1,0,29,1,17,5,175.35,8798.17,1116.91,0.147,28,60,8,24,Free,1,6
CUST_02911,0,5,Mobile Phone,1,47,UPI,Male,5,9,Others,4,Single,5,0,9,12,18,29,371.69,6565.46,719.87,0.2931,34,87,2,26,Gold,9,9
CUST_02912,0,28,Computer,1,8,Debit Card,Female,5,5,Mobile Phone,2,Single,8,0,33,3,9,11,82.5,448.23,1018.35,0.4848,22,5,5,30,Platinum,6,0
CUST_02913,0,13,Computer,1,73,Credit Card,Female,0,6,Fashion,3,Married,3,0,35,0,19,18,221.41,11655.57,495.37,0.1122,43,66,7,2,Free,4,6
CUST_02914,0,24,Computer,3,38,Credit Card,Male,3,6,Mobile Phone,4,Single,8,0,11,11,12,1,275.69,2434.03,633.56,0.0555,40,83,1,20,Platinum,6,10
CUST_02915,0,26,Mobile Phone,1,94,Cash on Delivery,Male,2,9,Mobile Phone,3,Single,1,0,32,9,15,35,25.92,8611.14,447.97,0.0053,27,71,13,17,Free,7,7
CUST_02916,0,37,Mobile Phone,1,87,UPI,Male,3,10,Fashion,1,Married,3,0,15,18,5,82,172.74,6609.35,189.76,0.722,56,19,14,27,Platinum,0,6
CUST_02917,0,57,Mobile Phone,2,15,Credit Card,Female,1,3,Fashion,1,Single,6,0,26,6,13,9,367.25,3445.77,1013.05,0.0297,47,82,1,22,Platinum,10,4
CUST_02918,0,51,Mobile Phone,1,91,Debit Card,Male,0,2,Fashion,1,Single,7,1,18,13,20,33,4.72,5532.79,1910.32,0.4894,27,41,3,25,Free,10,6
CUST_02919,0,23,Mobile Phone,1,96,E-wallet,Male,1,3,Electronics,1,Married,4,1,33,3,16,28,253.36,6960.02,219.66,0.0032,32,29,4,26,Free,1,1
CUST_02920,0,19,Mobile Phone,3,77,UPI,Male,3,3,Laptop & Accessory,4,Married,9,0,3,12,13,39,349.64,8454.85,1622.41,0.62,49,18,10,25,Free,4,6
CUST_02921,0,47,Mobile Phone,1,31,E-wallet,Male,1,4,Fashion,1,Married,5,1,9,17,8,51,171.99,8966.85,2450.5,0.5023,33,51,0,2,Platinum,9,4
CUST_02922,1,7,Computer,1,69,Credit Card,Female,2,10,Others,2,Single,7,1,23,8,2,83,103.59,512.65,1163.06,0.7349,22,14,12,19,Free,2,8
CUST_02923,0,32,Mobile Phone,2,88,Credit Card,Male,2,3,Electronics,2,Married,2,0,34,3,7,15,290.66,10465.44,727.81,0.7021,58,88,9,30,Silver,5,6
CUST_02924,0,25,Computer,1,83,UPI,Male,4,5,Mobile Phone,1,Married,10,0,39,10,15,27,146.78,8665.6,1574.39,0.7239,32,22,3,14,Silver,5,4
CUST_02925,0,11,Mobile Phone,1,46,Cash on Delivery,Male,2,4,Mobile Phone,5,Married,6,1,9,3,11,9,133.77,9411.21,1725.26,0.0575,51,50,7,3,Silver,7,5
CUST_02926,0,37,Computer,1,72,E-wallet,Female,0,3,Others,1,Single,5,0,33,13,2,4,104.18,4231.74,768.54,0.439,62,3,2,1,Gold,6,2
CUST_02927,0,19,Mobile Phone,1,42,UPI,Female,3,2,Grocery,1,Single,3,0,50,4,4,64,384.32,8359.24,1027.69,0.5599,21,11,4,24,Silver,0,9
CUST_02928,0,11,Computer,3,29,Debit Card,Male,1,10,Others,2,Married,7,0,31,13,8,26,298.15,7386.01,2351.63,0.0928,25,77,14,26,Platinum,10,7
CUST_02929,0,39,Computer,1,69,UPI,Female,1,7,Others,1,Single,1,0,2,14,0,22,55.45,4124.68,1340.31,0.157,32,87,0,4,Free,9,1
CUST_02930,0,10,Mobile Phone,1,49,Debit Card,Male,4,2,Fashion,2,Divorced,5,0,30,20,10,40,118.98,2099.23,2467.81,0.3061,53,37,0,29,Platinum,10,4
CUST_02931,0,41,Computer,1,26,Credit Card,Female,1,7,Grocery,1,Divorced,8,0,19,4,19,43,358.64,7035.57,1296.72,0.637,18,32,7,19,Silver,0,8
CUST_02932,0,9,Mobile Phone,3,68,Credit Card,Male,0,7,Fashion,2,Married,8,0,1,19,15,39,331.86,9262.77,451.49,0.6121,18,59,6,10,Platinum,7,5
CUST_02933,0,26,Computer,1,35,Cash on Delivery,Male,2,4,Grocery,1,Married,7,0,21,6,19,76,140.87,4202.38,2007.2,0.6122,61,22,12,10,Gold,5,5
CUST_02934,0,49,Mobile Phone,3,61,Cash on Delivery,Male,2,8,Grocery,5,Married,4,0,0,3,20,62,283.66,10426.12,2154.03,0.2063,47,25,1,7,Gold,8,3
CUST_02935,1,13,Mobile Phone,1,39,Credit Card,Male,4,9,Electronics,4,Single,6,1,5,18,1,34,40.33,10436.6,124.62,0.5742,24,57,8,10,Free,4,6
CUST_02936,0,46,Mobile Phone,3,89,UPI,Female,4,8,Others,4,Married,2,0,8,11,7,17,59.58,9168.79,622.26,0.071,30,44,6,3,Free,3,5
CUST_02937,0,44,Phone,1,86,E-wallet,Female,0,7,Electronics,3,Divorced,7,0,11,11,4,8,360.34,1622.45,1153.32,0.7113,46,32,8,11,Platinum,4,1
CUST_02938,0,55,Mobile Phone,1,50,E-wallet,Female,4,5,Laptop & Accessory,4,Single,3,0,46,6,14,64,217.35,6207.45,2304.76,0.3722,29,25,3,4,Free,3,5
CUST_02939,0,10,Computer,2,73,UPI,Male,4,3,Fashion,5,Married,4,1,12,3,0,71,54.48,11790.77,2216.73,0.5377,24,37,14,22,Free,10,7
CUST_02940,0,43,Mobile Phone,1,22,Credit Card,Female,1,1,Grocery,1,Married,8,0,43,1,14,63,196.22,3189.34,1651.52,0.7303,44,77,14,22,Gold,3,7
CUST_02941,0,57,Mobile Phone,2,100,Cash on Delivery,Male,2,10,Grocery,3,Single,2,0,8,18,8,67,185.59,529.02,1920.81,0.3112,22,19,9,12,Gold,3,5
CUST_02942,0,46,Mobile Phone,2,25,UPI,Female,4,9,Others,1,Married,4,0,29,0,3,58,398.75,6269.22,404.3,0.2277,70,21,5,30,Platinum,4,4
CUST_02943,0,11,Phone,2,88,E-wallet,Female,3,3,Fashion,3,Divorced,4,0,16,10,4,55,5.85,3270.92,1440.42,0.2366,57,3,4,28,Gold,3,10
CUST_02944,0,50,Computer,1,86,UPI,Female,2,9,Electronics,5,Single,10,0,19,5,13,87,295.85,8909.95,1966.92,0.0695,30,17,12,23,Gold,6,2
CUST_02945,0,6,Mobile Phone,2,22,Cash on Delivery,Male,4,1,Fashion,4,Single,8,0,26,17,9,48,302.54,11306.22,626.93,0.5075,68,6,2,6,Free,0,6
CUST_02946,0,35,Computer,1,5,UPI,Female,3,3,Laptop & Accessory,4,Single,4,0,49,14,18,82,310.02,5230.94,357.17,0.747,47,56,5,14,Silver,5,5
CUST_02947,0,30,Mobile Phone,3,75,UPI,Male,3,2,Fashion,1,Married,7,0,35,1,20,68,311.04,9600.77,1519.7,0.6548,31,25,1,0,Platinum,8,5
CUST_02948,0,32,Mobile Phone,2,88,Debit Card,Female,0,4,Laptop & Accessory,5,Married,3,0,3,2,11,40,283.86,8613.69,2303.41,0.7252,38,61,8,1,Platinum,3,4
CUST_02949,0,31,Mobile Phone,2,73,UPI,Female,3,4,Fashion,4,Married,8,0,47,3,14,32,169.52,8085.67,2435.51,0.1581,58,38,7,5,Platinum,3,2
CUST_02950,0,1,Mobile Phone,3,10,Debit Card,Female,1,6,Mobile Phone,2,Married,4,0,4,14,10,15,19.77,484.17,1093.87,0.0521,54,67,10,21,Gold,8,2
CUST_02951,0,30,Mobile Phone,2,66,UPI,Female,5,5,Laptop & Accessory,2,Divorced,10,0,24,1,8,30,387.04,8730.05,1194.97,0.207,38,75,13,29,Silver,2,1
CUST_02952,0,57,Computer,2,42,E-wallet,Male,1,2,Grocery,3,Single,9,0,31,4,13,47,96.88,9355.16,1584.38,0.457,67,2,10,0,Free,10,0
CUST_02953,0,26,Mobile Phone,1,92,Debit Card,Male,0,2,Electronics,4,Married,3,0,28,10,0,57,122.09,991.98,142.15,0.5491,21,19,0,19,Free,9,5
CUST_02954,1,16,Phone,2,81,UPI,Male,2,9,Laptop & Accessory,3,Married,5,0,27,3,16,76,61.1,10905.62,1379.14,0.5869,40,76,13,14,Free,5,3
CUST_02955,0,60,Computer,1,81,E-wallet,Female,2,6,Grocery,5,Single,10,1,36,8,14,15,132.71,5606.93,1587.86,0.035,32,59,3,19,Free,0,7
CUST_02956,1,6,Phone,1,44,Credit Card,Female,2,10,Grocery,2,Single,1,0,50,6,4,14,131.13,9280.57,356.26,0.4553,66,2,5,13,Silver,3,8
CUST_02957,0,29,Computer,3,35,Debit Card,Female,5,2,Laptop & Accessory,4,Married,7,0,11,8,0,57,143.88,8406.01,2081.37,0.1988,28,84,7,30,Free,8,1
CUST_02958,0,31,Phone,1,83,UPI,Female,1,4,Grocery,5,Married,6,0,40,0,3,1,161.43,9613.17,1361.78,0.1969,66,76,7,7,Free,8,6
CUST_02959,1,29,Mobile Phone,2,16,UPI,Male,5,2,Mobile Phone,4,Married,6,1,0,7,14,78,267.15,365.86,2177.8,0.5878,57,36,13,14,Silver,0,9
CUST_02960,0,56,Mobile Phone,1,14,Debit Card,Male,0,10,Electronics,2,Married,6,0,47,11,13,19,388.35,7754.7,1408.46,0.6707,64,45,13,21,Silver,2,9
CUST_02961,0,25,Mobile Phone,1,10,Cash on Delivery,Female,3,2,Grocery,3,Single,6,0,20,8,13,46,208.97,3882.29,805.12,0.4484,38,89,2,9,Platinum,6,9
CUST_02962,0,59,Phone,3,54,UPI,Female,0,9,Laptop & Accessory,3,Single,4,1,36,19,0,6,397.64,4569.46,967.85,0.0141,31,90,5,30,Silver,6,6
CUST_02963,0,4,Mobile Phone,1,12,Debit Card,Female,1,2,Grocery,2,Divorced,5,0,12,8,0,7,22.04,1713.36,2389.99,0.2457,27,58,8,0,Silver,0,0
CUST_02964,1,44,Computer,2,60,UPI,Male,0,8,Laptop & Accessory,1,Married,10,1,47,6,17,81,150.28,6898.34,1155.21,0.705,55,52,3,19,Silver,3,7
CUST_02965,1,36,Computer,2,21,E-wallet,Female,1,5,Electronics,1,Married,1,0,26,3,9,60,12.07,8689.81,1295.61,0.4659,23,87,5,8,Silver,4,8
CUST_02966,1,14,Mobile Phone,3,90,E-wallet,Female,2,10,Mobile Phone,4,Single,2,0,35,12,6,85,238.92,2999.55,1908.34,0.6257,35,20,4,3,Silver,2,7
CUST_02967,1,13,Phone,1,46,Debit Card,Male,5,1,Fashion,2,Single,1,0,11,11,1,79,391.65,1957.63,2047.09,0.3583,41,26,5,14,Silver,6,10
CUST_02968,0,43,Mobile Phone,2,13,Credit Card,Female,4,4,Electronics,4,Divorced,7,0,26,1,2,89,84.9,11420.93,2304.63,0.3351,28,54,5,18,Silver,5,4
CUST_02969,0,38,Mobile Phone,2,71,Credit Card,Female,4,8,Others,4,Single,4,1,38,18,15,17,287.05,2981.73,1747.33,0.4155,42,59,11,0,Free,7,6
CUST_02970,0,37,Computer,1,37,UPI,Male,2,10,Grocery,3,Single,1,0,29,20,16,66,305.25,4008.3,780.06,0.6326,42,29,2,19,Gold,1,5
CUST_02971,1,3,Mobile Phone,1,30,Cash on Delivery,Female,1,6,Laptop & Accessory,2,Married,3,0,8,20,5,55,41.42,10589.2,416.17,0.7105,26,14,13,26,Free,6,7
CUST_02972,0,36,Mobile Phone,1,68,Credit Card,Female,1,1,Mobile Phone,5,Divorced,3,0,45,16,4,19,173.08,5079.99,1174.91,0.4008,43,52,2,0,Gold,5,5
CUST_02973,0,59,Mobile Phone,2,96,UPI,Female,0,7,Grocery,1,Single,1,0,12,2,6,17,55.9,4041.1,281.2,0.7181,47,83,13,16,Silver,7,2
CUST_02974,0,1,Mobile Phone,1,99,Debit Card,Female,3,5,Laptop & Accessory,2,Married,8,0,5,18,8,35,140.87,926.75,2289.36,0.5878,52,3,0,29,Gold,9,2
CUST_02975,0,28,Computer,1,46,E-wallet,Female,4,8,Fashion,4,Single,1,0,32,8,17,74,322.73,9479.85,2450.67,0.5822,31,30,15,27,Free,9,5
CUST_02976,0,30,Phone,2,86,Cash on Delivery,Female,3,6,Mobile Phone,5,Married,9,0,28,18,8,42,116.25,8857.3,1326.81,0.7085,35,74,3,14,Free,8,0
CUST_02977,0,54,Mobile Phone,2,25,UPI,Female,3,9,Mobile Phone,3,Single,10,1,23,5,16,23,373.33,3344.54,144.92,0.1053,67,14,0,21,Silver,2,4
CUST_02978,0,17,Mobile Phone,1,86,UPI,Female,2,2,Others,4,Married,10,0,20,14,17,53,310.5,7350.7,775.11,0.0366,22,76,14,9,Platinum,6,1
CUST_02979,0,29,Mobile Phone,1,95,Credit Card,Male,5,7,Others,2,Married,3,0,0,11,12,57,105.28,784.74,1001.58,0.0896,33,48,1,19,Free,1,3
CUST_02980,0,43,Phone,1,54,UPI,Female,5,8,Others,5,Divorced,3,0,33,9,5,56,170.48,2862.99,1007.16,0.4248,33,5,9,4,Silver,0,0
CUST_02981,0,3,Computer,2,55,Debit Card,Male,2,5,Others,3,Married,10,0,11,7,20,53,247.1,9748.93,1772.57,0.6442,30,15,11,22,Gold,5,5
CUST_02982,0,48,Mobile Phone,3,59,Credit Card,Male,4,5,Others,4,Married,7,0,30,1,13,34,242.69,11377.53,2454.54,0.0389,61,6,5,14,Free,0,9
CUST_02983,0,50,Mobile Phone,2,12,Debit Card,Male,2,7,Mobile Phone,1,Married,6,0,45,18,14,34,225.21,9277.1,110.13,0.3818,65,25,14,22,Free,6,0
CUST_02984,0,43,Phone,2,87,Cash on Delivery,Female,0,5,Fashion,3,Married,9,1,20,15,20,34,150.49,8673.81,2415.56,0.4698,63,22,12,25,Silver,9,8
CUST_02985,0,39,Phone,1,75,UPI,Female,1,4,Laptop & Accessory,4,Single,2,0,28,19,12,81,377.61,8040.57,2296.61,0.457,28,34,0,12,Free,2,2
CUST_02986,0,45,Mobile Phone,3,88,E-wallet,Male,5,6,Electronics,3,Married,5,0,35,10,12,39,35.16,973.75,2147.52,0.2181,21,50,9,9,Free,8,8
CUST_02987,0,47,Phone,1,16,Debit Card,Female,2,9,Others,5,Married,2,0,29,6,17,82,253.23,6707.79,1118.83,0.1813,64,13,10,22,Free,1,3
CUST_02988,0,55,Mobile Phone,1,82,Cash on Delivery,Male,5,2,Laptop & Accessory,5,Married,8,1,27,12,2,28,14.23,8120.17,1009.36,0.017,28,90,2,11,Silver,1,2
CUST_02989,0,26,Mobile Phone,1,39,UPI,Female,1,9,Mobile Phone,1,Married,3,1,23,7,20,30,222.29,9182.67,1224.73,0.1195,60,3,13,26,Free,1,2
CUST_02990,0,27,Computer,1,83,E-wallet,Male,2,3,Mobile Phone,5,Married,2,0,9,19,5,31,73.72,8564.41,1651.27,0.0097,21,65,9,14,Platinum,5,6
CUST_02991,0,38,Mobile Phone,2,100,E-wallet,Female,0,1,Others,2,Married,4,0,34,11,20,31,33.72,4020.14,694.34,0.3661,50,34,9,23,Silver,4,1
CUST_02992,0,11,Mobile Phone,1,89,Cash on Delivery,Male,4,2,Electronics,3,Married,6,0,32,14,11,29,21.12,7001.72,1030.46,0.4972,44,19,14,29,Silver,10,4
CUST_02993,0,52,Phone,1,92,UPI,Female,1,1,Mobile Phone,3,Married,3,0,21,13,18,59,382.24,9710.04,2401.0,0.4582,64,18,10,20,Silver,6,5
CUST_02994,0,47,Phone,1,15,UPI,Female,0,10,Laptop & Accessory,4,Married,10,0,1,8,6,87,51.38,5995.85,230.13,0.5386,27,70,1,18,Free,8,0
CUST_02995,0,38,Mobile Phone,3,36,Cash on Delivery,Male,1,3,Fashion,3,Married,9,1,0,15,15,25,143.77,5006.33,545.91,0.0619,22,61,12,25,Silver,1,10
CUST_02996,0,18,Computer,2,33,E-wallet,Female,3,8,Grocery,3,Married,10,0,41,10,10,27,188.13,1172.1,151.53,0.4247,59,65,15,25,Silver,4,10
CUST_02997,0,21,Computer,3,54,Debit Card,Female,4,2,Laptop & Accessory,3,Married,4,0,5,2,13,27,9.75,6612.35,1503.32,0.1528,38,0,8,6,Platinum,0,5
CUST_02998,0,26,Computer,3,98,E-wallet,Female,5,6,Fashion,2,Married,4,1,46,8,11,22,369.85,8530.78,1323.18,0.4841,61,79,6,12,Platinum,4,1
CUST_02999,1,40,Tablet,3,70,E-wallet,Female,1,5,Grocery,3,Single,6,0,2,1,20,1,6.13,4312.68,210.24,0.6058,33,58,2,10,Free,5,8
CUST_03000,0,47,Computer,2,57,Credit Card,Male,3,7,Others,1,Married,10,0,3,15,15,0,364.61,9056.16,1181.72,0.4783,44,9,7,25,Free,5,8
CUST_03001,0,40,Mobile Phone,1,82,Debit Card,Female,2,10,Mobile Phone,1,Married,6,0,11,14,5,8,12.72,11921.65,528.65,0.2964,46,49,0,17,Silver,10,3
CUST_03002,0,56,Mobile Phone,1,21,Debit Card,Female,4,7,Mobile Phone,4,Divorced,4,1,13,18,13,13,164.12,2570.34,1632.88,0.2898,42,70,0,3,Gold,0,10
CUST_03003,0,58,Phone,1,68,UPI,Female,4,8,Fashion,2,Single,7,0,16,10,7,59,313.18,7497.44,2030.39,0.419,51,47,2,6,Silver,7,10
CUST_03004,0,42,Tablet,2,53,Debit Card,Female,0,3,Mobile Phone,4,Divorced,2,0,6,20,14,11,9.91,4095.62,312.36,0.6692,46,61,4,9,Gold,7,0
CUST_03005,0,22,Mobile Phone,1,24,Debit Card,Male,0,2,Others,4,Single,10,0,5,14,10,29,323.93,2986.07,1899.68,0.4923,40,46,9,21,Gold,9,3
CUST_03006,0,36,Mobile Phone,1,66,Credit Card,Male,3,1,Electronics,4,Divorced,7,1,39,8,4,42,188.16,6748.13,1130.25,0.0736,30,5,6,18,Gold,4,4
CUST_03007,0,25,Computer,2,85,Credit Card,Male,3,4,Mobile Phone,3,Divorced,5,0,47,6,4,7,188.5,4668.61,1306.91,0.5886,27,49,12,23,Free,10,10
CUST_03008,0,38,Mobile Phone,1,84,UPI,Female,5,6,Fashion,3,Married,1,0,3,19,8,43,74.46,7477.31,1151.06,0.0398,54,67,15,13,Free,1,1
CUST_03009,0,49,Mobile Phone,1,85,Debit Card,Male,5,1,Grocery,4,Divorced,4,1,31,3,10,84,93.42,7988.37,1805.9,0.28,65,46,12,0,Free,9,9
CUST_03010,0,22,Phone,1,82,UPI,Male,0,3,Others,2,Married,6,0,27,0,17,0,319.44,5007.93,1794.79,0.2832,53,89,11,9,Silver,0,3
CUST_03011,0,30,Phone,2,50,Debit Card,Male,3,7,Mobile Phone,3,Married,10,0,35,2,13,26,4.16,261.8,1488.3,0.468,25,40,9,20,Silver,1,9
CUST_03012,0,2,Phone,1,9,Debit Card,Female,2,9,Mobile Phone,2,Married,5,0,19,14,15,8,127.51,10960.58,604.28,0.6271,25,61,15,9,Free,6,2
CUST_03013,1,44,Computer,1,97,E-wallet,Female,2,10,Grocery,2,Single,10,0,11,16,3,19,128.14,11546.72,981.22,0.2072,39,30,3,0,Gold,5,10
CUST_03014,0,29,Mobile Phone,1,48,E-wallet,Male,0,3,Others,1,Single,6,0,38,10,3,76,108.34,3371.91,2044.65,0.476,34,0,11,24,Free,6,9
CUST_03015,0,28,Phone,2,65,Debit Card,Male,5,2,Mobile Phone,1,Single,8,0,33,8,0,47,124.31,10347.9,816.84,0.4338,29,33,14,1,Free,4,9
CUST_03016,0,32,Mobile Phone,1,6,Credit Card,Female,0,6,Fashion,1,Married,1,0,32,3,1,31,49.02,10959.02,2299.25,0.4575,43,65,13,22,Free,8,1
CUST_03017,0,13,Mobile Phone,1,90,E-wallet,Female,5,10,Electronics,4,Married,8,0,7,1,3,75,66.68,2726.65,755.44,0.0142,44,8,4,4,Silver,7,10
CUST_03018,0,36,Phone,3,90,Cash on Delivery,Female,5,5,Fashion,4,Married,3,0,27,15,13,83,222.86,5866.26,1398.41,0.3839,66,16,0,24,Gold,1,3
CUST_03019,0,45,Computer,3,94,UPI,Female,4,10,Electronics,1,Married,5,0,47,5,9,79,224.67,1054.79,1547.92,0.7021,59,35,14,7,Free,7,5
CUST_03020,0,21,Phone,1,21,Cash on Delivery,Female,0,8,Grocery,4,Married,4,0,25,20,9,46,371.87,5382.6,463.28,0.1849,26,78,13,17,Gold,0,2
CUST_03021,0,8,Mobile Phone,1,85,Debit Card,Female,2,9,Others,4,Married,6,1,45,18,15,27,212.89,3749.3,1256.66,0.589,48,44,10,26,Silver,9,2
CUST_03022,0,23,Tablet,1,64,UPI,Male,0,10,Grocery,5,Divorced,7,0,39,16,8,46,175.14,2042.05,689.83,0.5409,21,5,13,5,Gold,9,3
CUST_03023,1,12,Computer,2,19,Debit Card,Female,3,2,Others,5,Single,4,0,19,10,0,67,38.06,6715.15,635.7,0.7395,70,69,8,17,Free,2,7
CUST_03024,0,22,Computer,1,59,Cash on Delivery,Male,5,5,Others,1,Married,1,0,24,7,0,39,294.43,1630.55,1244.79,0.2384,25,50,9,25,Silver,1,3
CUST_03025,1,38,Phone,3,50,Credit Card,Female,3,1,Mobile Phone,3,Single,7,1,15,17,3,47,178.43,4302.59,780.09,0.6392,68,39,3,1,Silver,0,5
CUST_03026,0,6,Mobile Phone,3,65,UPI,Female,0,1,Others,5,Single,5,0,21,1,8,70,303.66,10372.94,1503.18,0.2071,30,23,11,13,Silver,1,1
CUST_03027,0,45,Computer,2,13,E-wallet,Male,1,5,Laptop & Accessory,2,Single,9,0,9,19,18,54,77.4,8188.05,1786.87,0.3437,70,70,12,29,Silver,8,0
CUST_03028,0,13,Computer,1,59,Credit Card,Male,1,7,Mobile Phone,3,Single,7,0,1,17,3,68,246.09,9688.57,1834.04,0.3616,50,83,12,25,Free,10,9
CUST_03029,0,54,Computer,3,70,Credit Card,Male,2,9,Laptop & Accessory,1,Divorced,4,0,37,1,15,40,289.69,2876.63,562.0,0.5267,47,70,0,14,Silver,6,9
CUST_03030,0,44,Phone,2,73,E-wallet,Male,2,2,Laptop & Accessory,2,Married,1,0,13,4,0,73,144.7,6788.28,874.62,0.1858,19,6,0,0,Free,1,0
CUST_03031,0,16,Computer,2,78,E-wallet,Male,4,1,Electronics,5,Divorced,6,1,45,19,2,16,191.96,3587.92,2426.23,0.2525,56,29,13,17,Silver,5,0
CUST_03032,1,34,Mobile Phone,1,65,UPI,Female,1,2,Laptop & Accessory,4,Married,8,0,18,13,8,63,25.74,5485.84,2293.63,0.7317,19,76,3,1,Free,5,8
CUST_03033,0,6,Mobile Phone,2,72,Credit Card,Female,1,10,Mobile Phone,2,Married,8,0,32,7,13,74,108.12,7345.45,2304.85,0.4899,45,45,10,21,Silver,9,3
CUST_03034,0,6,Tablet,3,13,UPI,Female,1,7,Fashion,5,Single,4,0,29,17,17,37,65.79,4630.53,1540.62,0.4126,65,55,15,9,Platinum,9,7
CUST_03035,0,58,Tablet,3,81,Debit Card,Female,5,5,Electronics,2,Divorced,3,0,13,14,15,49,149.86,6397.13,1420.1,0.0416,57,29,8,26,Silver,7,0
CUST_03036,1,48,Tablet,2,40,UPI,Female,1,2,Electronics,2,Single,1,0,34,19,18,55,35.67,7099.08,1354.11,0.7483,24,42,4,13,Silver,2,9
CUST_03037,0,9,Mobile Phone,2,57,Credit Card,Female,5,4,Others,3,Married,7,0,22,8,9,36,331.44,1631.27,1838.97,0.5742,26,6,15,18,Silver,9,4
CUST_03038,1,17,Mobile Phone,1,57,E-wallet,Male,3,2,Laptop & Accessory,4,Divorced,3,0,49,12,5,43,293.44,357.47,163.61,0.7329,35,32,1,5,Free,4,10
CUST_03039,0,12,Computer,2,98,Cash on Delivery,Male,1,1,Laptop & Accessory,2,Married,8,1,19,12,8,61,346.23,1166.15,443.38,0.2522,56,77,7,19,Free,5,1
CUST_03040,1,24,Computer,3,36,Cash on Delivery,Male,3,5,Fashion,2,Married,6,0,14,0,5,67,379.1,10605.46,713.37,0.0949,37,78,10,15,Free,10,6
CUST_03041,1,17,Mobile Phone,2,41,UPI,Male,0,6,Mobile Phone,4,Single,1,0,1,14,7,38,225.67,11832.82,1627.51,0.5595,49,74,0,2,Silver,7,8
CUST_03042,0,20,Computer,1,77,Debit Card,Female,5,5,Laptop & Accessory,2,Married,7,0,27,15,2,80,298.07,1840.58,697.84,0.5529,60,65,6,20,Gold,3,7
CUST_03043,1,32,Mobile Phone,1,65,E-wallet,Male,5,9,Grocery,1,Single,3,1,25,2,16,77,196.05,4299.31,394.05,0.6528,55,7,1,1,Silver,6,7
CUST_03044,0,11,Mobile Phone,2,35,Debit Card,Male,1,10,Fashion,1,Married,9,0,38,17,19,66,314.33,4062.74,288.17,0.0054,66,19,13,28,Silver,8,9
CUST_03045,0,53,Mobile Phone,3,38,Debit Card,Female,1,2,Fashion,2,Single,1,0,8,9,2,12,214.69,7171.47,2245.57,0.4403,63,59,6,8,Silver,3,0
CUST_03046,0,44,Mobile Phone,1,84,E-wallet,Male,2,3,Laptop & Accessory,1,Married,4,1,15,8,1,34,294.53,3764.18,1705.28,0.1068,58,16,9,14,Free,6,3
CUST_03047,0,46,Mobile Phone,1,85,Credit Card,Female,4,6,Fashion,1,Divorced,1,1,12,4,16,2,110.01,11477.69,1081.89,0.3592,31,76,15,17,Gold,10,1
CUST_03048,0,10,Phone,3,19,Credit Card,Male,3,5,Fashion,4,Married,7,0,27,17,19,84,274.77,2277.03,290.9,0.7495,44,54,15,19,Platinum,7,5
CUST_03049,0,43,Computer,2,43,Cash on Delivery,Female,0,5,Mobile Phone,3,Married,5,0,13,2,0,51,231.42,5821.9,1608.26,0.559,60,3,0,27,Silver,3,1
CUST_03050,0,51,Tablet,1,78,Debit Card,Female,0,8,Electronics,1,Married,6,0,21,20,13,30,99.94,2724.99,1570.5,0.1982,46,49,11,15,Free,4,8
CUST_03051,0,10,Mobile Phone,1,16,UPI,Female,1,2,Others,2,Single,8,0,47,12,8,23,274.27,4874.31,67.84,0.4687,62,35,0,5,Gold,2,8
CUST_03052,0,45,Mobile Phone,1,22,UPI,Male,4,9,Others,4,Married,9,1,20,4,16,62,148.11,2489.9,837.12,0.3611,41,81,10,29,Silver,7,4
CUST_03053,0,21,Mobile Phone,1,20,E-wallet,Female,1,3,Electronics,5,Single,4,0,49,14,10,10,251.6,1147.24,1927.22,0.34,67,22,15,29,Gold,10,6
CUST_03054,0,48,Computer,2,55,Cash on Delivery,Female,5,4,Electronics,5,Married,6,0,3,15,4,33,263.3,10825.97,2168.01,0.049,69,90,7,12,Gold,6,1
CUST_03055,0,29,Mobile Phone,2,48,UPI,Male,1,3,Laptop & Accessory,2,Divorced,7,0,23,5,6,2,268.49,7033.01,671.65,0.4837,34,43,10,8,Silver,2,5
CUST_03056,0,48,Computer,2,35,UPI,Male,5,7,Fashion,5,Married,9,0,1,18,12,67,273.44,8089.39,1143.62,0.4594,68,17,1,22,Silver,9,4
CUST_03057,0,8,Phone,2,18,Cash on Delivery,Male,5,7,Laptop & Accessory,3,Single,2,0,28,0,5,70,166.94,4910.65,1943.83,0.0679,39,14,0,25,Free,0,9
CUST_03058,0,23,Phone,1,66,Debit Card,Male,4,7,Grocery,2,Single,6,0,15,2,2,67,249.87,1974.42,1511.35,0.0968,58,20,0,3,Silver,3,2
CUST_03059,0,16,Mobile Phone,1,82,Credit Card,Female,1,5,Electronics,3,Married,9,1,9,20,11,87,362.7,11635.8,915.32,0.3455,52,3,9,8,Silver,5,2
CUST_03060,1,15,Mobile Phone,1,25,UPI,Female,0,4,Electronics,1,Single,3,0,46,15,13,44,27.25,4135.96,2430.42,0.4037,64,4,11,8,Free,0,4
CUST_03061,0,18,Mobile Phone,1,68,E-wallet,Female,1,7,Laptop & Accessory,3,Married,4,0,33,9,16,56,313.28,8904.92,1300.29,0.1435,65,1,8,12,Free,9,3
CUST_03062,0,23,Mobile Phone,2,81,Credit Card,Female,3,2,Grocery,3,Married,5,0,9,6,12,78,51.51,10849.83,1583.88,0.6238,47,85,12,18,Silver,3,3
CUST_03063,1,7,Computer,1,58,Credit Card,Female,4,4,Others,3,Married,8,0,36,13,8,70,186.23,6764.27,1283.91,0.5316,24,86,2,21,Silver,3,8
CUST_03064,0,43,Mobile Phone,2,60,E-wallet,Female,5,7,Laptop & Accessory,1,Married,7,0,3,14,17,41,65.63,4981.41,364.99,0.169,47,74,3,25,Free,8,7
CUST_03065,0,33,Computer,1,21,E-wallet,Female,5,7,Grocery,1,Single,2,0,26,1,9,76,312.97,3153.88,1387.36,0.6031,50,6,2,27,Gold,8,0
CUST_03066,0,50,Mobile Phone,1,96,Credit Card,Female,1,3,Mobile Phone,2,Married,3,0,31,9,13,70,14.87,696.3,736.06,0.4393,57,9,8,12,Silver,5,3
CUST_03067,0,43,Tablet,1,96,Debit Card,Female,2,4,Others,5,Single,9,0,7,13,18,73,280.46,963.95,108.74,0.2378,54,19,5,7,Silver,5,7
CUST_03068,1,9,Tablet,2,73,Cash on Delivery,Male,4,4,Grocery,3,Single,7,0,48,12,20,44,160.6,8078.32,446.75,0.6213,36,64,5,2,Silver,5,8
CUST_03069,0,4,Mobile Phone,2,91,Cash on Delivery,Female,4,9,Electronics,3,Married,6,0,4,16,9,29,106.02,11048.14,2318.91,0.3841,61,56,10,23,Silver,6,5
CUST_03070,0,25,Phone,3,63,Cash on Delivery,Male,1,6,Grocery,4,Single,5,0,2,19,10,70,384.18,9122.76,2011.38,0.3279,53,39,11,7,Free,1,2
CUST_03071,0,29,Mobile Phone,1,68,E-wallet,Female,0,2,Others,3,Divorced,10,0,25,0,18,0,116.82,3764.76,104.19,0.0119,57,58,8,30,Free,1,5
CUST_03072,0,14,Computer,2,84,UPI,Male,0,2,Mobile Phone,2,Married,9,0,38,11,11,79,84.68,1451.96,1543.37,0.6159,40,85,13,10,Gold,1,0
CUST_03073,0,47,Phone,2,8,E-wallet,Female,4,1,Electronics,5,Married,5,0,27,10,15,57,172.59,2518.07,1491.84,0.2071,35,8,12,12,Gold,3,0
CUST_03074,0,35,Phone,1,26,UPI,Male,2,3,Fashion,2,Single,4,1,5,4,1,75,120.9,10305.92,1203.58,0.2178,66,24,7,22,Free,1,10
CUST_03075,0,45,Phone,1,24,UPI,Female,4,3,Grocery,4,Married,9,1,4,2,17,86,291.12,3077.52,402.9,0.6266,53,49,3,3,Gold,9,1
CUST_03076,0,6,Mobile Phone,1,65,Cash on Delivery,Female,4,5,Electronics,5,Married,4,1,6,18,2,66,12.06,6565.16,2342.41,0.0647,36,34,11,7,Free,4,3
CUST_03077,0,49,Phone,1,28,UPI,Male,5,8,Mobile Phone,4,Single,5,0,50,3,8,80,276.82,11936.94,1324.2,0.7159,37,41,9,17,Gold,10,3
CUST_03078,0,12,Computer,3,42,Cash on Delivery,Female,2,9,Others,5,Married,10,1,47,9,3,58,168.84,11987.9,1845.5,0.2484,51,2,5,14,Silver,5,6
CUST_03079,0,27,Mobile Phone,1,52,E-wallet,Male,3,6,Electronics,1,Married,2,0,4,12,19,0,313.57,2666.46,2131.28,0.2501,42,20,14,7,Free,8,7
CUST_03080,0,26,Mobile Phone,2,76,E-wallet,Male,1,8,Fashion,4,Divorced,8,0,35,10,2,34,133.56,11505.66,2409.02,0.5243,19,17,8,10,Free,10,10
CUST_03081,0,50,Computer,2,54,UPI,Female,5,7,Grocery,1,Divorced,7,0,41,13,11,82,7.25,3773.0,317.84,0.2707,22,73,3,2,Gold,0,2
CUST_03082,0,16,Computer,1,7,Credit Card,Male,5,4,Grocery,3,Single,4,1,28,0,2,20,305.31,10006.89,991.39,0.2032,48,67,11,27,Gold,3,1
CUST_03083,1,14,Mobile Phone,2,70,Cash on Delivery,Male,2,7,Fashion,1,Married,2,1,7,11,0,0,53.02,2904.46,1337.35,0.1195,27,87,7,18,Silver,6,10
CUST_03084,0,20,Phone,1,46,Debit Card,Female,2,4,Grocery,4,Divorced,9,0,8,16,5,38,191.11,564.14,1466.54,0.249,59,83,1,27,Platinum,1,0
CUST_03085,0,22,Computer,2,15,Debit Card,Male,4,4,Grocery,2,Married,8,0,35,10,1,48,333.2,9661.5,2280.18,0.7294,36,26,10,10,Free,0,10
CUST_03086,1,11,Mobile Phone,1,67,E-wallet,Female,2,10,Electronics,1,Single,9,1,28,20,5,45,370.0,5526.76,1229.31,0.0983,62,56,0,24,Silver,5,9
CUST_03087,0,10,Mobile Phone,1,30,UPI,Male,4,10,Mobile Phone,5,Married,4,0,8,9,3,77,98.4,11833.27,1927.51,0.7021,59,18,10,9,Silver,1,8
CUST_03088,0,14,Computer,1,49,Cash on Delivery,Male,0,7,Laptop & Accessory,5,Single,10,0,3,6,14,16,335.27,4310.77,1151.94,0.4307,64,68,10,11,Silver,5,3
CUST_03089,0,28,Computer,2,97,Debit Card,Male,1,6,Fashion,1,Single,8,0,22,10,3,37,310.44,4462.63,991.13,0.5061,51,33,10,28,Free,4,7
CUST_03090,0,20,Computer,2,27,Cash on Delivery,Male,4,7,Electronics,2,Divorced,3,0,20,6,10,54,369.43,6839.02,686.99,0.5968,44,47,12,11,Platinum,6,4
CUST_03091,0,23,Mobile Phone,2,89,Cash on Delivery,Female,5,8,Laptop & Accessory,1,Divorced,5,0,50,7,0,62,326.06,9564.95,793.87,0.0331,53,80,0,3,Platinum,6,8
CUST_03092,0,43,Computer,1,49,E-wallet,Male,0,1,Others,4,Divorced,4,0,35,9,19,76,35.8,347.06,1608.94,0.7308,49,52,10,19,Platinum,9,8
CUST_03093,0,14,Computer,3,94,Credit Card,Female,4,4,Fashion,5,Single,6,0,21,5,9,21,377.75,7647.3,185.81,0.5698,66,69,10,13,Gold,2,7
CUST_03094,1,55,Phone,1,86,UPI,Male,0,2,Mobile Phone,2,Married,2,1,28,0,7,80,9.88,2989.78,815.14,0.6015,34,12,2,26,Gold,4,5
CUST_03095,0,45,Mobile Phone,3,84,UPI,Female,5,6,Fashion,3,Married,8,0,26,5,6,88,137.42,2770.69,1703.16,0.3193,23,68,15,22,Free,9,5
CUST_03096,0,10,Computer,2,24,UPI,Male,1,3,Electronics,4,Married,5,0,34,0,1,90,155.69,1146.14,269.43,0.4479,68,41,8,25,Silver,0,0
CUST_03097,0,19,Mobile Phone,2,80,E-wallet,Male,2,4,Others,3,Married,7,0,29,19,5,4,194.11,201.03,1374.16,0.421,61,82,11,19,Free,5,1
CUST_03098,0,11,Mobile Phone,1,40,Credit Card,Female,4,9,Grocery,4,Divorced,7,0,5,18,17,33,94.09,3715.39,1175.03,0.0736,51,26,6,4,Platinum,9,9
CUST_03099,0,16,Computer,2,92,UPI,Female,5,3,Grocery,4,Married,7,0,26,5,8,57,49.52,7796.62,209.56,0.1452,25,21,9,19,Silver,10,1
CUST_03100,0,22,Computer,2,100,Debit Card,Male,2,10,Electronics,4,Married,8,0,38,18,17,26,334.82,5188.17,237.28,0.5765,31,57,15,18,Free,4,9
CUST_03101,0,7,Mobile Phone,1,63,E-wallet,Female,1,5,Others,4,Single,7,0,46,7,3,3,256.73,1484.23,1522.01,0.3707,34,78,0,24,Silver,8,9
CUST_03102,0,0,Computer,2,92,Debit Card,Female,5,2,Electronics,3,Married,6,0,48,7,7,24,189.96,5945.5,1343.64,0.1392,65,10,11,0,Silver,0,0
CUST_03103,0,26,Mobile Phone,1,56,Debit Card,Male,5,2,Others,2,Married,6,0,34,10,13,3,309.84,9893.63,1815.78,0.6431,37,83,12,10,Platinum,0,10
CUST_03104,0,42,Mobile Phone,2,8,Credit Card,Male,3,8,Electronics,4,Married,7,0,46,19,1,67,366.06,10051.89,1579.52,0.1279,51,52,8,4,Gold,3,7
CUST_03105,1,18,Mobile Phone,2,88,UPI,Male,0,10,Laptop & Accessory,1,Married,9,0,0,15,7,24,89.57,7018.51,1255.72,0.6925,67,63,13,14,Gold,2,4
CUST_03106,0,52,Mobile Phone,3,55,Credit Card,Male,5,9,Laptop & Accessory,3,Single,5,0,4,13,18,60,129.16,6668.18,1108.0,0.5661,54,77,6,30,Gold,5,0
CUST_03107,0,22,Computer,2,9,UPI,Male,3,2,Grocery,1,Single,4,0,9,16,10,1,373.73,4452.94,830.0,0.6117,47,37,13,10,Gold,5,7
CUST_03108,0,54,Phone,1,11,Debit Card,Male,3,9,Others,4,Married,3,1,5,18,19,72,217.62,5918.61,148.26,0.3791,24,80,5,1,Free,10,5
CUST_03109,0,14,Computer,2,74,UPI,Male,0,3,Mobile Phone,4,Married,2,0,33,15,2,18,112.5,9285.13,241.58,0.3766,32,82,8,7,Free,0,8
CUST_03110,0,32,Mobile Phone,1,93,Cash on Delivery,Female,5,5,Others,3,Married,7,1,26,9,20,21,63.29,5247.18,1466.29,0.09,19,66,2,22,Gold,0,5
CUST_03111,0,46,Mobile Phone,2,71,Cash on Delivery,Female,4,1,Others,2,Married,8,0,27,6,18,14,395.48,10106.44,1470.19,0.7004,26,3,1,11,Platinum,0,6
CUST_03112,0,3,Mobile Phone,2,47,Credit Card,Female,1,3,Laptop & Accessory,3,Married,4,0,26,9,8,7,214.01,7404.55,160.7,0.2921,49,52,11,6,Free,9,3
CUST_03113,0,56,Computer,2,34,Credit Card,Female,2,4,Fashion,4,Married,6,0,24,3,11,82,344.9,4944.51,1115.37,0.4279,53,25,5,10,Free,2,0
CUST_03114,0,22,Mobile Phone,1,45,Debit Card,Male,2,10,Mobile Phone,4,Single,4,1,43,12,2,85,254.4,11079.16,2376.25,0.0544,26,8,8,21,Platinum,0,10
CUST_03115,0,30,Mobile Phone,1,35,UPI,Female,5,3,Laptop & Accessory,5,Married,10,1,10,17,3,3,177.47,10661.57,510.72,0.1488,35,8,5,13,Free,3,0
CUST_03116,1,38,Computer,2,31,E-wallet,Male,2,3,Electronics,1,Married,10,0,18,0,7,24,343.32,4844.12,1931.94,0.6524,54,81,1,8,Silver,7,1
CUST_03117,0,39,Computer,1,17,Credit Card,Male,5,3,Mobile Phone,1,Married,10,1,4,18,6,55,142.6,8921.59,1294.94,0.3273,21,34,10,26,Platinum,3,2
CUST_03118,0,1,Mobile Phone,1,59,Credit Card,Female,4,3,Grocery,4,Married,9,0,26,13,12,51,307.39,11156.28,1955.77,0.2881,50,9,6,15,Gold,1,4
CUST_03119,0,52,Mobile Phone,1,25,Cash on Delivery,Male,2,6,Electronics,1,Single,9,0,17,19,18,61,181.37,7105.08,715.89,0.1972,42,67,13,10,Free,4,3
CUST_03120,0,38,Computer,2,18,E-wallet,Male,2,3,Fashion,1,Single,6,0,10,14,0,82,358.96,11252.27,2461.9,0.7196,35,57,12,26,Platinum,3,0
CUST_03121,0,60,Mobile Phone,1,31,E-wallet,Female,4,3,Laptop & Accessory,2,Married,6,0,27,18,17,74,201.29,1049.94,931.98,0.5066,42,36,14,13,Free,2,1
CUST_03122,0,28,Mobile Phone,2,81,UPI,Female,2,6,Laptop & Accessory,4,Married,4,0,48,15,5,28,130.33,11263.62,1585.66,0.3703,41,47,2,6,Gold,9,10
CUST_03123,0,37,Phone,3,60,Credit Card,Female,4,8,Fashion,1,Single,8,0,39,7,13,33,290.3,8212.44,1724.74,0.7162,64,50,6,13,Free,5,4
CUST_03124,0,26,Mobile Phone,2,52,UPI,Female,0,2,Laptop & Accessory,2,Married,4,0,6,11,19,30,344.05,1981.86,1668.41,0.4314,61,84,12,24,Free,6,2
CUST_03125,0,54,Mobile Phone,1,61,UPI,Female,2,4,Others,1,Single,4,0,17,3,15,16,340.41,1531.09,1347.72,0.6979,67,37,3,8,Free,2,6
CUST_03126,0,50,Mobile Phone,1,59,UPI,Male,3,6,Laptop & Accessory,5,Married,10,0,46,17,0,51,191.36,8795.09,1707.51,0.1197,54,2,7,5,Silver,9,1
CUST_03127,0,55,Mobile Phone,1,52,UPI,Male,2,10,Laptop & Accessory,4,Married,1,0,10,14,12,11,176.07,3067.39,1714.32,0.3079,43,3,1,14,Silver,9,1
CUST_03128,0,30,Mobile Phone,2,85,UPI,Female,5,10,Laptop & Accessory,1,Married,2,0,45,12,3,10,59.72,504.94,1857.35,0.4103,34,63,1,27,Gold,2,3
CUST_03129,0,48,Mobile Phone,2,75,Cash on Delivery,Female,1,9,Electronics,2,Married,8,0,45,13,5,12,15.7,2498.85,1829.22,0.134,49,5,4,26,Free,7,7
CUST_03130,0,21,Computer,1,22,Credit Card,Female,5,6,Grocery,3,Single,7,0,2,14,12,67,372.61,1350.01,1699.31,0.4761,44,85,15,27,Platinum,5,3
CUST_03131,0,28,Mobile Phone,1,83,Credit Card,Male,0,1,Electronics,3,Single,8,0,50,5,12,47,290.09,2127.7,2281.14,0.5528,63,4,0,8,Free,7,8
CUST_03132,0,46,Phone,1,21,Credit Card,Female,2,10,Fashion,1,Single,5,0,39,12,20,27,230.71,6396.59,2250.75,0.1793,42,59,2,26,Free,2,4
CUST_03133,1,4,Tablet,1,12,UPI,Female,3,7,Mobile Phone,3,Single,1,0,25,13,5,54,233.36,6443.94,154.42,0.2947,54,73,7,15,Free,10,10
CUST_03134,0,43,Mobile Phone,3,45,UPI,Male,1,10,Electronics,5,Married,3,0,17,14,19,65,9.34,5434.75,2453.57,0.696,20,12,0,10,Silver,9,8
CUST_03135,1,0,Mobile Phone,1,42,Cash on Delivery,Male,3,10,Laptop & Accessory,2,Married,9,0,23,20,9,71,181.5,8986.71,1995.57,0.4418,41,7,2,14,Platinum,4,8
CUST_03136,0,35,Computer,1,80,UPI,Female,5,8,Fashion,1,Single,7,0,11,7,5,41,368.53,289.26,1504.04,0.5219,36,90,8,22,Free,6,4
CUST_03137,0,29,Tablet,1,71,UPI,Male,2,5,Laptop & Accessory,2,Married,9,0,39,3,13,73,184.81,10679.45,1540.47,0.5967,52,30,14,21,Free,5,7
CUST_03138,0,28,Phone,1,10,E-wallet,Male,3,7,Fashion,3,Single,1,0,20,20,12,29,232.33,11879.27,1002.42,0.1652,24,23,2,24,Free,5,1
CUST_03139,0,30,Mobile Phone,1,52,Cash on Delivery,Female,5,7,Others,2,Divorced,4,1,22,7,18,76,150.84,11342.28,1104.51,0.539,25,50,4,15,Gold,3,1
CUST_03140,0,30,Mobile Phone,1,81,Cash on Delivery,Female,5,9,Others,1,Married,7,0,47,5,20,17,42.01,3254.48,978.65,0.6646,27,23,0,5,Silver,3,0
CUST_03141,1,24,Mobile Phone,1,75,Debit Card,Female,0,3,Electronics,1,Married,1,0,2,8,13,14,129.43,10552.89,2375.43,0.7148,47,48,2,7,Silver,1,8
CUST_03142,0,27,Phone,1,53,Credit Card,Female,4,6,Grocery,4,Single,5,0,20,16,13,69,34.04,8923.34,1515.23,0.0742,35,28,10,6,Silver,1,3
CUST_03143,1,34,Computer,2,64,E-wallet,Female,5,6,Fashion,1,Married,9,0,31,4,6,67,231.43,5860.64,439.29,0.1565,22,55,1,11,Gold,10,7
CUST_03144,0,46,Mobile Phone,2,58,UPI,Male,5,3,Electronics,2,Married,2,0,12,0,4,79,392.7,11866.13,1937.45,0.0046,70,8,1,3,Platinum,5,3
CUST_03145,0,33,Computer,1,27,Credit Card,Male,4,5,Others,4,Divorced,1,0,8,16,12,6,145.08,2802.03,1751.11,0.2971,51,47,2,5,Silver,6,4
CUST_03146,0,39,Mobile Phone,3,59,UPI,Female,0,10,Grocery,3,Single,7,1,26,10,14,82,343.38,7059.33,1601.59,0.2257,49,51,15,20,Free,1,1
CUST_03147,1,51,Computer,1,69,Credit Card,Male,4,1,Laptop & Accessory,1,Married,3,0,9,14,7,80,17.11,2640.52,697.02,0.4407,52,44,15,2,Silver,6,10
CUST_03148,0,60,Mobile Phone,3,10,E-wallet,Female,5,6,Electronics,1,Married,2,0,20,5,10,50,202.01,3143.52,1565.68,0.1832,34,24,12,17,Free,0,1
CUST_03149,1,6,Computer,3,71,UPI,Female,3,7,Laptop & Accessory,3,Married,6,0,4,4,12,47,261.79,9994.07,2050.04,0.5251,19,60,2,5,Gold,6,2
CUST_03150,1,43,Computer,1,28,Cash on Delivery,Female,0,10,Mobile Phone,2,Married,7,0,0,9,10,13,127.69,7669.8,459.64,0.7198,26,30,13,7,Free,7,10
CUST_03151,0,13,Computer,1,5,UPI,Male,1,3,Mobile Phone,5,Divorced,9,0,37,18,0,58,39.34,8594.56,1391.05,0.0759,61,26,13,3,Silver,7,8
CUST_03152,1,12,Mobile Phone,3,77,Credit Card,Female,1,4,Laptop & Accessory,1,Married,2,1,9,15,10,69,87.16,4352.26,561.98,0.161,38,16,10,17,Free,7,9
CUST_03153,0,48,Phone,1,42,Cash on Delivery,Female,5,1,Electronics,1,Single,8,0,1,8,4,56,28.0,11085.22,1403.31,0.1457,69,41,11,2,Free,2,6
CUST_03154,0,4,Computer,1,44,Cash on Delivery,Female,0,4,Grocery,3,Divorced,7,0,0,3,2,20,355.29,5523.14,1623.12,0.7342,32,42,8,29,Silver,0,2
CUST_03155,0,51,Mobile Phone,2,64,Debit Card,Female,4,10,Fashion,5,Single,7,1,28,11,9,50,1.83,3999.76,2036.46,0.4357,42,39,4,4,Gold,7,3
CUST_03156,0,47,Mobile Phone,2,58,Cash on Delivery,Male,1,8,Fashion,1,Married,3,0,26,1,16,14,27.75,2315.6,1271.14,0.234,64,29,10,10,Gold,9,7
CUST_03157,0,60,Computer,3,64,Debit Card,Female,4,5,Grocery,5,Single,9,0,29,14,16,47,318.28,3246.36,2329.5,0.2855,56,32,4,11,Platinum,0,9
CUST_03158,1,40,Mobile Phone,2,95,Cash on Delivery,Female,0,7,Grocery,5,Single,2,0,32,9,7,80,119.89,9485.5,2282.82,0.6098,45,60,9,3,Silver,10,10
CUST_03159,1,53,Mobile Phone,3,67,Cash on Delivery,Male,1,10,Mobile Phone,3,Married,7,0,33,18,11,83,145.9,4066.5,2051.36,0.5644,48,90,11,4,Free,7,3
CUST_03160,0,7,Mobile Phone,2,9,Credit Card,Female,0,5,Fashion,3,Married,2,0,36,20,3,65,122.67,3926.07,1410.16,0.314,67,61,12,15,Free,9,0
CUST_03161,0,54,Mobile Phone,2,26,Debit Card,Female,3,3,Electronics,5,Single,7,0,43,4,5,31,356.28,4709.38,514.06,0.2136,44,82,15,15,Free,5,1
CUST_03162,0,9,Mobile Phone,2,48,Credit Card,Female,4,9,Grocery,4,Single,5,0,10,2,9,31,371.5,3993.22,1644.57,0.7181,35,47,2,13,Silver,2,3
CUST_03163,1,19,Computer,3,50,Cash on Delivery,Male,2,9,Electronics,3,Single,2,0,4,12,8,70,371.53,6318.66,1779.63,0.6272,58,61,0,7,Free,5,10
CUST_03164,0,7,Mobile Phone,3,39,Debit Card,Female,3,6,Grocery,2,Single,2,0,41,1,13,1,122.94,11737.98,1261.85,0.0049,24,33,2,30,Gold,8,7
CUST_03165,0,24,Computer,3,22,Cash on Delivery,Male,3,1,Fashion,5,Single,5,0,3,14,15,32,80.15,11382.18,2419.02,0.382,20,67,4,25,Gold,10,4
CUST_03166,0,45,Mobile Phone,2,15,UPI,Male,2,1,Electronics,2,Divorced,4,0,20,18,11,50,331.2,11214.37,287.76,0.032,63,49,10,10,Silver,7,8
CUST_03167,0,16,Mobile Phone,2,18,Credit Card,Female,4,2,Mobile Phone,2,Married,5,1,31,18,0,4,339.59,7277.51,2142.8,0.4109,65,79,12,3,Gold,4,2
CUST_03168,0,50,Mobile Phone,1,96,E-wallet,Male,1,7,Grocery,5,Single,5,1,2,16,17,73,141.71,11820.11,2264.29,0.7074,51,38,3,12,Silver,7,0
CUST_03169,0,36,Computer,3,42,Cash on Delivery,Male,1,2,Grocery,3,Single,1,0,49,16,9,34,231.2,4452.61,1588.97,0.015,28,32,15,22,Free,4,3
CUST_03170,1,38,Tablet,1,97,Debit Card,Male,1,1,Mobile Phone,4,Single,5,0,47,5,17,75,156.29,2466.91,2225.02,0.2296,54,39,15,25,Gold,0,8
CUST_03171,0,57,Mobile Phone,1,37,E-wallet,Female,1,7,Mobile Phone,5,Married,5,0,42,19,5,13,5.99,10875.16,569.65,0.3769,68,48,10,2,Gold,3,1
CUST_03172,0,26,Mobile Phone,1,34,Cash on Delivery,Female,0,5,Laptop & Accessory,4,Single,4,0,35,15,13,3,164.27,9843.53,895.87,0.192,26,8,2,6,Silver,4,8
CUST_03173,0,21,Mobile Phone,2,51,E-wallet,Female,0,6,Laptop & Accessory,1,Divorced,3,1,40,1,5,40,357.98,4729.66,494.4,0.0908,27,32,11,30,Free,4,8
CUST_03174,0,60,Mobile Phone,2,95,Credit Card,Male,0,2,Laptop & Accessory,4,Single,2,0,28,12,11,87,343.17,2960.38,818.21,0.2032,34,45,10,11,Silver,0,7
CUST_03175,0,33,Phone,1,59,Credit Card,Male,0,3,Grocery,3,Married,1,0,38,8,17,7,41.51,4501.89,455.09,0.2902,32,81,5,22,Free,2,3
CUST_03176,0,37,Mobile Phone,1,8,Credit Card,Male,3,3,Laptop & Accessory,1,Married,7,0,2,3,11,11,122.78,5244.89,451.42,0.2335,21,53,12,24,Platinum,10,8
CUST_03177,0,18,Tablet,1,31,UPI,Female,1,7,Grocery,1,Single,6,0,10,6,20,71,29.54,10033.37,125.46,0.7455,22,55,0,26,Silver,10,0
CUST_03178,0,13,Computer,1,99,Cash on Delivery,Male,3,10,Laptop & Accessory,5,Married,9,0,0,19,8,10,119.21,4734.08,1874.5,0.7212,32,29,4,30,Gold,2,1
CUST_03179,1,10,Mobile Phone,1,19,E-wallet,Male,0,10,Electronics,1,Married,3,0,6,10,2,53,119.07,5824.81,790.25,0.475,31,51,1,2,Silver,3,10
CUST_03180,1,13,Phone,2,85,E-wallet,Female,4,2,Electronics,3,Single,5,1,28,3,9,3,21.27,2291.61,1547.12,0.0409,53,81,10,10,Gold,10,10
CUST_03181,0,11,Mobile Phone,1,94,UPI,Female,2,7,Mobile Phone,5,Married,2,1,38,17,17,3,358.1,8812.02,1751.52,0.0589,58,41,11,18,Silver,2,7
CUST_03182,0,45,Computer,1,25,Cash on Delivery,Male,2,8,Electronics,5,Married,10,0,44,5,11,35,335.95,7560.65,1694.25,0.5247,60,69,15,4,Silver,8,4
CUST_03183,0,3,Mobile Phone,1,58,Debit Card,Female,4,1,Mobile Phone,5,Single,8,0,8,10,12,58,371.39,1854.91,2330.29,0.5012,64,52,7,0,Silver,5,0
CUST_03184,0,38,Phone,2,62,Credit Card,Male,5,7,Grocery,4,Married,2,0,33,2,16,54,297.74,3464.23,1813.44,0.1349,67,73,15,16,Platinum,2,6
CUST_03185,1,57,Mobile Phone,3,81,Credit Card,Male,4,5,Grocery,3,Married,9,0,37,0,5,86,304.02,3798.28,1558.99,0.6631,57,26,4,11,Free,9,10
CUST_03186,0,46,Mobile Phone,1,81,Credit Card,Male,2,2,Fashion,2,Single,10,0,0,20,15,4,314.9,7416.05,374.23,0.5398,36,39,2,5,Free,4,10
CUST_03187,0,24,Phone,1,10,Cash on Delivery,Female,2,8,Electronics,5,Married,7,1,16,14,20,5,270.1,352.77,102.06,0.1516,30,46,15,30,Silver,3,9
CUST_03188,1,3,Mobile Phone,2,35,UPI,Male,2,10,Others,3,Married,10,1,32,12,4,70,70.39,7042.34,1826.67,0.6788,31,19,1,14,Free,6,10
CUST_03189,0,50,Mobile Phone,1,95,Cash on Delivery,Male,0,6,Fashion,2,Married,2,0,6,0,3,32,71.09,3154.76,2175.25,0.5524,56,18,13,11,Gold,5,6
CUST_03190,0,0,Computer,3,38,Credit Card,Male,2,3,Mobile Phone,5,Married,3,0,17,12,20,19,200.14,10917.58,1517.06,0.6809,63,54,4,29,Platinum,0,0
CUST_03191,0,41,Mobile Phone,3,28,E-wallet,Female,4,5,Fashion,2,Married,7,0,23,2,20,81,276.24,9884.23,2477.19,0.6682,20,21,4,17,Free,1,5
CUST_03192,0,40,Phone,2,65,Cash on Delivery,Male,1,6,Grocery,1,Married,6,0,6,3,20,28,11.89,6757.3,2225.59,0.0026,37,21,0,7,Platinum,6,0
CUST_03193,0,11,Computer,3,23,E-wallet,Female,2,10,Laptop & Accessory,4,Married,8,0,3,15,18,3,218.56,3643.09,2350.16,0.4037,42,16,4,16,Silver,8,4
CUST_03194,0,45,Computer,1,19,Cash on Delivery,Female,0,8,Others,3,Single,10,0,41,10,5,1,354.85,3240.83,1840.52,0.0761,39,67,2,23,Silver,3,7
CUST_03195,0,10,Mobile Phone,1,81,Debit Card,Female,1,7,Fashion,4,Single,3,0,4,17,11,83,50.41,798.98,2410.75,0.2552,47,17,8,9,Free,10,7
CUST_03196,0,13,Mobile Phone,1,16,Cash on Delivery,Male,0,8,Others,4,Married,9,0,29,7,20,14,125.18,4642.13,1521.11,0.2237,29,46,6,8,Silver,0,6
CUST_03197,0,49,Tablet,1,90,Cash on Delivery,Male,2,7,Others,4,Married,2,0,21,6,14,89,394.7,1864.18,1198.62,0.3845,22,43,4,1,Free,4,0
CUST_03198,0,59,Mobile Phone,1,28,Credit Card,Male,1,4,Laptop & Accessory,2,Married,5,0,36,17,11,18,131.55,7580.39,162.18,0.6349,20,11,0,17,Free,7,1
CUST_03199,0,16,Mobile Phone,2,15,Credit Card,Female,5,2,Laptop & Accessory,2,Married,5,0,45,11,12,35,11.5,10355.26,2308.45,0.109,18,5,12,26,Gold,1,10
CUST_03200,0,56,Mobile Phone,2,76,Cash on Delivery,Female,3,9,Mobile Phone,2,Married,9,0,8,19,4,5,273.46,1023.93,1017.28,0.3501,28,67,1,2,Platinum,6,0
CUST_03201,0,55,Mobile Phone,1,21,Credit Card,Female,2,6,Grocery,5,Married,5,0,48,11,7,42,393.05,10744.53,287.64,0.6404,58,30,2,20,Free,10,0
CUST_03202,0,46,Computer,2,40,Credit Card,Male,3,10,Fashion,4,Married,9,0,5,3,15,87,92.26,4905.76,1795.28,0.3506,27,82,15,3,Silver,8,2
CUST_03203,0,8,Computer,1,38,Credit Card,Female,5,7,Laptop & Accessory,2,Divorced,2,1,44,1,20,89,86.43,437.22,865.89,0.2017,38,43,12,30,Free,4,0
CUST_03204,0,18,Computer,1,53,Cash on Delivery,Male,1,5,Grocery,5,Married,10,1,26,4,1,33,172.75,1094.65,1382.34,0.4208,57,31,11,5,Silver,9,1
CUST_03205,0,41,Phone,1,50,E-wallet,Male,1,7,Mobile Phone,4,Married,2,0,2,11,8,5,214.36,102.63,2491.32,0.0123,70,13,1,19,Free,8,9
CUST_03206,0,60,Mobile Phone,2,23,UPI,Male,3,7,Others,3,Divorced,6,0,26,13,14,62,325.88,7145.28,1654.47,0.3406,51,11,4,30,Free,2,7
CUST_03207,0,49,Mobile Phone,2,27,Credit Card,Male,0,10,Electronics,5,Single,5,0,44,0,9,28,397.39,3312.74,111.29,0.3939,24,32,4,3,Platinum,7,7
CUST_03208,0,25,Mobile Phone,2,23,UPI,Male,3,4,Others,5,Married,1,0,29,5,17,79,325.21,5674.88,186.39,0.1655,21,20,1,16,Silver,7,4
CUST_03209,0,14,Computer,1,10,UPI,Male,0,4,Grocery,3,Married,6,0,4,17,13,5,116.36,8776.74,1470.22,0.1884,25,49,4,13,Silver,3,4
CUST_03210,0,58,Mobile Phone,1,67,UPI,Female,5,4,Electronics,1,Married,9,0,37,8,7,8,314.47,5089.91,174.45,0.0777,18,1,7,1,Silver,3,3
CUST_03211,1,16,Computer,3,50,UPI,Male,4,2,Laptop & Accessory,3,Married,6,1,43,15,16,67,252.35,2443.59,65.38,0.6701,29,82,4,8,Free,2,2
CUST_03212,0,20,Mobile Phone,1,15,UPI,Female,0,5,Electronics,2,Single,8,0,33,7,7,59,196.38,10072.12,837.03,0.0368,43,41,9,21,Silver,6,5
CUST_03213,0,58,Phone,1,36,Debit Card,Female,3,5,Fashion,4,Single,10,0,20,5,8,59,253.87,2555.69,188.98,0.6688,62,29,8,29,Platinum,1,6
CUST_03214,1,34,Phone,1,69,E-wallet,Male,1,2,Laptop & Accessory,1,Single,4,1,34,14,5,49,175.91,8727.95,2149.64,0.72,48,3,4,22,Silver,1,3
CUST_03215,0,16,Phone,1,32,UPI,Female,3,9,Laptop & Accessory,3,Single,1,0,17,5,20,78,252.88,8282.47,963.96,0.4313,63,0,12,6,Silver,8,7
CUST_03216,0,0,Mobile Phone,2,43,Debit Card,Female,3,7,Mobile Phone,3,Married,7,0,8,13,8,61,294.73,9633.11,1225.81,0.6689,53,17,9,18,Free,2,9
CUST_03217,0,26,Tablet,1,76,Credit Card,Male,5,3,Fashion,2,Single,8,0,43,3,20,17,5.49,5403.02,1909.14,0.3905,22,61,15,13,Free,6,1
CUST_03218,0,60,Mobile Phone,2,69,Cash on Delivery,Female,1,2,Mobile Phone,4,Single,2,0,21,15,12,73,246.49,11154.24,861.06,0.0256,34,3,7,10,Gold,8,4
CUST_03219,1,26,Mobile Phone,3,72,Debit Card,Female,3,7,Electronics,3,Married,4,0,38,20,2,49,61.22,1540.38,840.45,0.186,43,87,11,29,Silver,0,9
CUST_03220,0,42,Mobile Phone,1,41,Debit Card,Male,5,1,Fashion,2,Married,4,0,30,19,16,16,134.66,6485.01,708.1,0.7284,47,9,10,4,Free,2,9
CUST_03221,0,15,Mobile Phone,1,51,UPI,Female,0,2,Mobile Phone,5,Married,8,0,44,17,4,64,177.46,8509.36,2442.06,0.6101,58,89,1,2,Platinum,0,0
CUST_03222,0,47,Computer,3,86,UPI,Female,1,5,Electronics,3,Single,9,0,26,0,18,61,388.9,10390.18,563.45,0.7373,50,30,6,7,Free,4,6
CUST_03223,0,47,Mobile Phone,2,88,E-wallet,Female,4,10,Fashion,1,Divorced,8,0,15,17,20,25,130.23,7821.3,1726.2,0.321,59,42,6,23,Gold,3,8
CUST_03224,0,37,Mobile Phone,3,10,UPI,Female,0,1,Electronics,4,Single,3,0,15,13,11,16,327.73,7972.63,1629.81,0.1702,19,66,8,11,Silver,9,9
CUST_03225,0,47,Computer,1,85,Cash on Delivery,Male,1,6,Grocery,2,Married,7,0,26,9,8,80,134.82,11548.55,1180.48,0.1996,36,16,12,19,Platinum,9,7
CUST_03226,0,35,Phone,2,90,Cash on Delivery,Female,5,6,Electronics,4,Married,3,0,48,16,9,77,91.73,4994.35,1917.44,0.6196,70,13,1,13,Platinum,2,3
CUST_03227,0,23,Computer,3,95,E-wallet,Male,3,3,Others,4,Married,7,0,9,17,16,18,173.6,6450.35,491.86,0.1515,25,61,11,13,Free,3,2
CUST_03228,0,45,Computer,1,30,Credit Card,Female,0,6,Laptop & Accessory,4,Married,10,0,7,19,7,62,35.95,8120.64,244.1,0.4559,68,46,3,8,Free,5,0
CUST_03229,0,50,Mobile Phone,3,53,Debit Card,Female,5,7,Laptop & Accessory,5,Single,7,0,13,12,1,10,327.72,3296.24,1615.43,0.6747,35,73,7,3,Platinum,6,4
CUST_03230,0,51,Phone,2,9,Cash on Delivery,Male,3,2,Electronics,4,Married,8,0,49,14,12,82,199.33,4708.29,689.27,0.611,37,42,7,8,Gold,1,0
CUST_03231,0,12,Mobile Phone,3,15,Credit Card,Female,2,10,Grocery,2,Married,8,0,31,6,15,25,275.01,8287.28,2192.32,0.3171,23,50,14,25,Free,7,6
CUST_03232,0,41,Mobile Phone,1,58,UPI,Female,5,3,Mobile Phone,5,Married,5,0,39,14,3,15,319.1,4791.75,1448.39,0.2924,49,29,8,30,Silver,2,0
CUST_03233,0,0,Mobile Phone,1,24,UPI,Female,1,4,Laptop & Accessory,3,Married,2,0,28,9,7,72,163.56,10913.45,501.74,0.4459,31,31,8,0,Silver,9,2
CUST_03234,0,34,Computer,1,26,E-wallet,Male,2,1,Others,4,Divorced,10,0,30,13,9,87,180.29,6868.22,747.82,0.3282,38,89,12,16,Gold,2,5
CUST_03235,0,34,Mobile Phone,3,33,E-wallet,Male,3,6,Laptop & Accessory,2,Divorced,4,0,32,8,12,64,101.43,8363.36,1512.87,0.206,57,30,4,24,Platinum,10,3
CUST_03236,0,22,Computer,1,49,Credit Card,Female,1,6,Fashion,5,Married,9,1,6,3,10,81,285.73,2027.14,2332.91,0.0848,62,80,2,20,Silver,3,3
CUST_03237,0,60,Mobile Phone,1,19,Debit Card,Female,0,2,Mobile Phone,5,Divorced,9,0,32,7,15,81,332.9,11646.32,985.47,0.2337,56,40,4,18,Platinum,3,8
CUST_03238,0,53,Mobile Phone,3,82,Cash on Delivery,Male,0,3,Fashion,5,Married,7,0,28,7,13,26,229.66,11932.59,196.26,0.1056,22,56,11,12,Free,1,4
CUST_03239,0,2,Mobile Phone,1,69,Credit Card,Female,1,8,Electronics,2,Single,6,0,42,5,14,56,15.44,8072.22,1739.8,0.047,50,18,8,5,Silver,0,0
CUST_03240,0,12,Mobile Phone,2,80,UPI,Male,0,8,Grocery,5,Married,3,0,4,2,1,62,284.65,2597.31,1413.13,0.6718,27,29,7,4,Free,6,1
CUST_03241,0,12,Mobile Phone,1,93,E-wallet,Female,3,4,Laptop & Accessory,4,Married,2,0,25,8,19,83,266.75,6556.54,1897.65,0.4949,66,38,6,17,Free,9,7
CUST_03242,1,54,Computer,2,62,E-wallet,Male,5,7,Laptop & Accessory,1,Married,9,0,47,10,9,49,137.03,1276.84,1278.74,0.7233,56,69,0,19,Silver,4,3
CUST_03243,0,31,Mobile Phone,1,39,E-wallet,Female,1,8,Others,5,Single,10,0,41,12,8,49,163.69,760.72,1026.74,0.5601,48,74,2,21,Free,0,3
CUST_03244,0,44,Mobile Phone,2,98,Credit Card,Female,0,4,Mobile Phone,3,Married,7,0,14,12,15,74,198.08,3705.87,1103.96,0.5478,30,49,0,14,Silver,0,6
CUST_03245,0,49,Computer,2,59,Credit Card,Female,0,2,Fashion,3,Single,10,0,37,4,8,83,316.32,2752.97,2039.13,0.3581,70,50,4,12,Free,7,2
CUST_03246,0,46,Mobile Phone,1,49,Credit Card,Female,0,1,Electronics,2,Married,3,0,20,3,16,5,272.25,11502.4,1005.09,0.4645,70,3,8,26,Silver,0,0
CUST_03247,0,5,Mobile Phone,1,44,Cash on Delivery,Male,3,10,Others,5,Divorced,6,0,40,2,17,79,206.82,8999.5,1186.92,0.0719,49,23,14,24,Silver,0,3
CUST_03248,0,8,Mobile Phone,1,8,Credit Card,Female,2,4,Mobile Phone,1,Single,2,0,32,14,11,35,322.2,8594.08,663.44,0.4981,62,80,10,4,Free,8,6
CUST_03249,0,24,Mobile Phone,2,96,UPI,Male,2,9,Mobile Phone,2,Married,6,0,24,14,11,43,343.66,9161.83,84.77,0.4819,55,63,9,29,Silver,7,9
CUST_03250,1,20,Mobile Phone,1,83,E-wallet,Male,4,4,Fashion,3,Single,9,1,0,10,18,39,20.72,4380.48,568.55,0.3669,61,77,13,2,Silver,9,9
CUST_03251,0,45,Computer,1,72,UPI,Male,2,8,Fashion,1,Married,3,0,38,11,15,0,27.93,11925.37,2027.47,0.4923,24,31,10,23,Gold,5,9
CUST_03252,0,9,Mobile Phone,1,26,E-wallet,Male,3,4,Electronics,2,Divorced,5,0,27,13,15,52,190.27,7012.03,2292.65,0.605,26,61,3,23,Free,10,0
CUST_03253,0,22,Computer,2,94,UPI,Female,5,7,Electronics,4,Single,6,1,27,7,14,89,312.65,2590.37,1867.03,0.3121,32,17,11,0,Gold,0,5
CUST_03254,0,14,Mobile Phone,2,21,Debit Card,Male,1,10,Mobile Phone,3,Single,5,0,36,15,16,65,43.91,8116.03,1121.22,0.2451,28,65,13,15,Platinum,0,5
CUST_03255,0,11,Computer,1,28,E-wallet,Male,0,8,Fashion,5,Divorced,10,0,46,19,16,45,345.36,6676.81,1716.03,0.2203,55,4,4,10,Gold,4,2
CUST_03256,1,10,Computer,3,11,UPI,Male,1,2,Electronics,5,Single,5,0,10,4,16,2,54.9,7347.74,353.37,0.6565,61,90,2,0,Free,5,8
CUST_03257,1,11,Mobile Phone,2,32,Credit Card,Male,0,6,Grocery,1,Single,3,0,45,9,8,67,278.19,3275.49,275.47,0.7252,55,78,9,28,Silver,10,9
CUST_03258,1,34,Mobile Phone,3,36,Cash on Delivery,Male,4,3,Grocery,2,Married,4,1,7,6,15,60,321.33,7062.07,509.78,0.6038,40,59,10,17,Silver,0,2
CUST_03259,0,25,Mobile Phone,2,81,Cash on Delivery,Male,5,3,Electronics,5,Single,4,0,32,6,10,41,18.19,985.57,1529.84,0.5195,55,51,11,10,Free,9,2
CUST_03260,0,26,Tablet,1,36,E-wallet,Female,3,9,Grocery,5,Single,4,1,24,8,17,33,339.5,9802.29,1079.85,0.6308,57,71,2,2,Free,6,3
CUST_03261,0,29,Tablet,3,96,Credit Card,Female,0,10,Grocery,1,Married,9,0,38,4,10,32,336.59,7298.36,498.27,0.5741,22,2,4,5,Gold,7,5
CUST_03262,0,45,Mobile Phone,2,34,Credit Card,Female,5,10,Fashion,4,Married,6,0,27,7,2,19,58.38,7990.03,1386.86,0.2251,51,17,10,13,Silver,7,9
CUST_03263,0,52,Computer,2,55,Cash on Delivery,Male,5,9,Others,2,Married,4,0,29,6,17,32,83.62,6961.86,2283.39,0.198,18,45,7,4,Free,7,5
CUST_03264,0,32,Mobile Phone,1,61,Cash on Delivery,Male,2,5,Laptop & Accessory,5,Married,2,0,22,17,10,14,344.13,11849.87,1400.66,0.6536,64,10,4,3,Gold,5,8
CUST_03265,0,39,Mobile Phone,1,84,Cash on Delivery,Female,4,6,Laptop & Accessory,3,Single,10,0,33,5,0,32,386.26,1083.38,1318.04,0.6435,19,25,8,24,Silver,6,6
CUST_03266,0,45,Computer,2,77,Debit Card,Male,3,6,Electronics,1,Married,2,0,15,2,17,85,193.72,5664.07,919.74,0.2142,60,50,6,0,Silver,2,4
CUST_03267,0,42,Mobile Phone,1,88,Cash on Delivery,Male,3,8,Grocery,2,Divorced,4,0,14,18,1,52,50.26,8089.96,80.29,0.2045,21,23,6,7,Free,6,7
CUST_03268,0,8,Mobile Phone,2,95,UPI,Female,2,1,Mobile Phone,5,Married,7,0,20,18,2,52,111.82,7266.53,652.46,0.7235,53,35,10,7,Gold,4,0
CUST_03269,0,59,Phone,1,16,E-wallet,Male,1,9,Grocery,4,Married,1,0,10,18,14,73,135.31,8690.73,858.9,0.4316,22,84,4,14,Free,9,7
CUST_03270,0,10,Mobile Phone,2,14,Debit Card,Female,1,9,Laptop & Accessory,1,Married,4,0,15,3,3,79,252.47,11762.7,1163.19,0.567,51,63,8,23,Silver,5,2
CUST_03271,0,25,Computer,1,48,Cash on Delivery,Male,2,10,Grocery,5,Married,10,0,4,8,5,51,288.69,5867.67,2309.4,0.0306,30,87,3,15,Gold,2,8
CUST_03272,0,39,Mobile Phone,1,19,Credit Card,Female,4,6,Fashion,5,Married,1,0,12,6,8,32,242.71,9590.79,786.41,0.3818,60,21,1,3,Free,10,4
CUST_03273,0,24,Mobile Phone,1,52,Cash on Delivery,Female,4,5,Grocery,3,Single,3,1,20,5,20,47,356.13,6020.72,816.95,0.3022,69,67,11,29,Free,5,3
CUST_03274,0,14,Mobile Phone,3,61,Cash on Delivery,Female,0,5,Fashion,1,Married,1,0,24,19,11,79,4.24,8908.74,836.44,0.1987,44,83,9,24,Platinum,2,2
CUST_03275,0,56,Tablet,2,31,Debit Card,Female,0,7,Electronics,3,Single,7,0,32,2,20,27,155.97,6041.8,574.74,0.2394,28,22,6,20,Silver,3,9
CUST_03276,1,4,Mobile Phone,3,14,Credit Card,Male,2,4,Laptop & Accessory,1,Divorced,1,1,20,12,15,89,116.72,5476.92,1110.13,0.6397,45,9,9,22,Silver,5,4
CUST_03277,0,14,Mobile Phone,2,97,E-wallet,Female,4,8,Others,2,Married,1,1,31,15,6,42,300.68,11576.06,1881.71,0.0145,24,9,12,29,Platinum,4,6
CUST_03278,0,60,Computer,2,40,Credit Card,Male,3,5,Fashion,2,Married,5,0,22,1,11,66,272.35,8257.82,1850.66,0.5234,67,88,11,24,Platinum,9,8
CUST_03279,0,44,Tablet,2,85,UPI,Female,4,3,Mobile Phone,4,Married,8,0,22,18,7,16,356.36,8220.95,59.71,0.3825,19,4,12,6,Free,2,10
CUST_03280,0,5,Phone,3,64,Credit Card,Female,4,8,Others,4,Divorced,10,0,0,4,4,89,125.32,6282.07,1932.76,0.2819,60,39,13,17,Gold,4,4
CUST_03281,0,46,Computer,3,68,UPI,Female,4,4,Laptop & Accessory,1,Married,3,0,39,8,11,67,342.22,912.72,1013.05,0.6708,57,4,10,26,Free,1,6
CUST_03282,0,59,Mobile Phone,2,79,E-wallet,Female,3,1,Grocery,5,Married,6,1,35,11,17,81,215.34,4366.42,97.8,0.5696,64,26,3,19,Gold,4,6
CUST_03283,0,5,Computer,1,30,UPI,Male,0,6,Laptop & Accessory,4,Married,9,0,2,18,16,71,61.34,692.71,2477.85,0.4537,59,88,7,6,Gold,6,8
CUST_03284,0,25,Phone,2,25,Debit Card,Female,1,6,Others,4,Divorced,8,0,2,20,5,39,331.63,8908.57,2190.81,0.3132,53,14,10,12,Silver,2,3
CUST_03285,0,28,Phone,1,100,Debit Card,Female,4,3,Laptop & Accessory,4,Married,10,0,37,5,5,21,93.43,9583.4,926.12,0.6858,28,15,7,8,Silver,6,1
CUST_03286,0,7,Phone,1,69,Credit Card,Male,1,1,Mobile Phone,4,Married,1,0,10,8,18,72,304.11,475.98,1721.03,0.704,37,2,5,14,Silver,6,6
CUST_03287,0,12,Mobile Phone,2,33,UPI,Female,4,5,Grocery,4,Single,1,1,45,12,13,51,214.76,6036.48,1612.51,0.5502,47,66,7,30,Free,8,0
CUST_03288,0,10,Mobile Phone,3,67,Credit Card,Female,2,8,Others,2,Divorced,7,0,40,8,10,22,205.95,10822.1,2464.32,0.3183,67,18,3,10,Silver,4,5
CUST_03289,1,11,Computer,1,42,Debit Card,Male,0,9,Fashion,4,Single,4,1,21,1,17,25,213.97,1362.81,494.85,0.7374,49,28,0,15,Free,4,2
CUST_03290,0,24,Mobile Phone,1,87,Credit Card,Male,4,3,Mobile Phone,5,Married,8,0,50,16,0,17,390.19,4352.91,572.16,0.0335,31,68,11,29,Free,8,1
CUST_03291,0,28,Mobile Phone,3,53,Debit Card,Male,5,5,Fashion,4,Married,8,0,27,11,15,88,233.86,1514.55,1691.6,0.6371,36,69,14,11,Silver,5,2
CUST_03292,1,14,Mobile Phone,1,35,Credit Card,Female,2,10,Others,3,Married,5,1,50,2,10,64,17.67,6031.58,234.09,0.2226,34,44,8,30,Free,6,1
CUST_03293,0,17,Computer,1,71,E-wallet,Female,0,4,Others,4,Single,10,0,2,13,10,27,382.36,6439.32,2061.21,0.3656,54,74,8,20,Silver,10,9
CUST_03294,0,11,Phone,2,77,Cash on Delivery,Male,2,5,Laptop & Accessory,5,Single,9,1,30,19,13,19,112.67,4763.17,574.49,0.0644,30,53,14,0,Silver,6,3
CUST_03295,0,48,Computer,3,40,E-wallet,Female,5,7,Others,4,Married,4,0,41,13,4,78,188.08,10064.19,1929.24,0.3499,70,23,9,24,Silver,9,2
CUST_03296,0,12,Phone,2,77,Cash on Delivery,Female,1,5,Others,4,Married,1,0,13,10,18,65,329.25,4975.79,426.29,0.1721,55,20,3,10,Silver,7,6
CUST_03297,0,55,Computer,2,27,UPI,Male,0,9,Grocery,5,Single,10,0,42,16,1,63,33.83,1402.57,1863.74,0.2368,29,30,6,14,Gold,3,1
CUST_03298,0,32,Computer,1,27,Credit Card,Male,4,4,Mobile Phone,2,Single,10,1,42,5,12,5,93.03,9584.15,246.73,0.4246,49,1,2,3,Gold,0,6
CUST_03299,0,48,Mobile Phone,1,84,E-wallet,Male,1,5,Fashion,2,Divorced,9,0,39,1,9,87,350.75,2633.72,305.05,0.7291,32,45,7,25,Gold,10,1
CUST_03300,0,38,Computer,2,64,E-wallet,Male,0,6,Electronics,2,Married,1,0,33,10,20,39,46.88,8709.34,168.86,0.169,48,10,8,8,Silver,2,0
CUST_03301,0,16,Mobile Phone,3,8,UPI,Female,4,8,Mobile Phone,2,Married,8,0,4,5,13,65,206.68,5270.85,1665.94,0.2571,44,4,5,19,Gold,9,1
CUST_03302,0,36,Mobile Phone,1,69,Debit Card,Male,2,4,Fashion,4,Married,10,0,50,10,7,16,74.35,2698.89,455.55,0.1798,55,17,12,1,Free,4,6
CUST_03303,0,16,Mobile Phone,1,34,Debit Card,Female,0,3,Fashion,3,Married,4,0,45,14,8,55,141.61,1283.47,940.51,0.3788,29,2,15,26,Gold,1,7
CUST_03304,0,7,Phone,1,31,Debit Card,Female,0,4,Laptop & Accessory,5,Married,8,0,28,17,5,8,316.17,9938.52,2227.5,0.2007,61,13,8,22,Gold,8,1
CUST_03305,0,15,Computer,1,45,E-wallet,Male,1,3,Fashion,4,Single,6,0,20,12,1,41,383.62,2704.29,827.29,0.1442,59,74,5,29,Platinum,7,4
CUST_03306,0,16,Tablet,1,48,Credit Card,Female,0,2,Laptop & Accessory,4,Married,5,0,26,12,9,21,229.56,11859.72,452.97,0.4891,31,83,6,19,Platinum,0,9
CUST_03307,0,8,Tablet,1,90,Cash on Delivery,Male,0,9,Laptop & Accessory,5,Married,8,1,50,19,0,42,144.78,6319.48,1690.66,0.1318,61,41,0,19,Silver,2,2
CUST_03308,0,1,Phone,2,46,Cash on Delivery,Female,2,4,Fashion,5,Single,6,0,2,19,13,79,32.06,8754.06,439.26,0.4224,58,47,10,22,Silver,3,1
CUST_03309,0,57,Mobile Phone,1,33,Cash on Delivery,Male,4,3,Electronics,1,Married,7,0,24,16,18,0,160.59,6838.46,1835.98,0.0406,35,45,4,22,Silver,7,0
CUST_03310,0,31,Phone,2,79,Credit Card,Female,2,9,Others,5,Single,3,1,9,19,1,41,325.55,11979.22,1140.84,0.5386,45,55,8,30,Gold,7,2
CUST_03311,0,24,Phone,2,57,UPI,Male,0,8,Fashion,5,Married,3,0,41,9,20,90,302.67,2950.09,2338.99,0.0004,18,55,11,2,Free,7,10
CUST_03312,0,56,Phone,3,5,Debit Card,Female,5,3,Electronics,2,Married,7,0,34,16,1,88,142.55,4758.67,618.93,0.5093,65,27,10,15,Silver,6,8
CUST_03313,0,13,Mobile Phone,3,65,UPI,Female,3,4,Mobile Phone,2,Divorced,6,1,46,11,9,51,67.97,10603.89,1241.97,0.1087,54,29,8,24,Silver,10,1
CUST_03314,0,24,Mobile Phone,1,53,Credit Card,Female,5,9,Grocery,3,Single,4,0,50,12,13,60,217.48,2378.94,2135.61,0.5271,20,63,12,5,Free,8,10
CUST_03315,0,51,Tablet,1,60,Credit Card,Male,3,3,Grocery,5,Married,9,0,5,13,13,53,332.84,7585.12,1639.92,0.0609,58,69,1,30,Free,8,5
CUST_03316,0,38,Mobile Phone,2,22,Credit Card,Male,2,9,Mobile Phone,4,Married,4,1,24,1,8,41,224.93,10772.26,551.91,0.2393,30,19,15,18,Free,4,10
CUST_03317,0,24,Mobile Phone,1,50,E-wallet,Male,3,7,Fashion,3,Divorced,5,0,47,0,0,16,216.68,11901.78,223.29,0.5328,44,2,8,14,Gold,5,5
CUST_03318,0,15,Mobile Phone,1,67,UPI,Female,0,7,Electronics,2,Married,4,0,1,20,16,73,282.68,9620.59,1424.58,0.4644,27,0,3,2,Gold,2,8
CUST_03319,0,2,Mobile Phone,1,69,Debit Card,Female,2,6,Mobile Phone,5,Married,6,0,44,7,9,39,51.76,933.53,1443.76,0.2173,18,11,0,12,Free,6,4
CUST_03320,0,5,Mobile Phone,3,70,Cash on Delivery,Female,2,1,Grocery,4,Divorced,6,1,20,1,5,79,247.45,6856.8,575.95,0.3431,20,34,9,29,Platinum,5,0
CUST_03321,1,9,Tablet,1,100,UPI,Male,1,9,Mobile Phone,1,Married,4,0,27,2,9,19,31.22,8276.58,1987.48,0.2499,19,84,8,21,Free,9,6
CUST_03322,0,47,Phone,2,53,Debit Card,Female,5,6,Grocery,2,Single,8,0,6,0,9,17,63.88,3738.07,628.93,0.0091,53,53,9,22,Free,3,1
CUST_03323,0,38,Phone,1,46,Credit Card,Male,5,2,Laptop & Accessory,5,Single,2,0,17,5,12,19,20.58,8159.14,2431.54,0.4212,67,79,0,6,Platinum,3,3
CUST_03324,0,26,Mobile Phone,2,57,Debit Card,Male,2,9,Fashion,4,Married,8,0,48,15,10,59,245.7,10935.96,1793.33,0.7423,59,81,3,12,Platinum,3,0
CUST_03325,0,47,Mobile Phone,1,36,Cash on Delivery,Female,4,3,Grocery,3,Married,1,0,47,17,12,49,385.68,7791.71,1533.97,0.3851,68,6,10,3,Free,3,1
CUST_03326,0,9,Mobile Phone,3,35,Cash on Delivery,Male,1,4,Electronics,3,Single,3,0,7,1,19,59,59.34,5974.8,1654.94,0.2792,45,13,15,23,Free,5,2
CUST_03327,0,12,Mobile Phone,2,71,Debit Card,Male,5,7,Fashion,1,Married,5,0,28,11,19,21,188.23,9130.07,66.01,0.3712,36,50,9,28,Free,0,3
CUST_03328,1,23,Mobile Phone,1,35,Cash on Delivery,Male,4,3,Laptop & Accessory,5,Divorced,5,0,6,13,0,32,357.57,3631.12,934.06,0.5364,62,83,12,12,Free,3,10
CUST_03329,0,55,Computer,1,76,Cash on Delivery,Female,4,1,Laptop & Accessory,4,Married,7,0,50,18,13,60,340.01,8052.93,2173.65,0.0741,29,66,14,2,Silver,9,10
CUST_03330,0,37,Tablet,3,76,E-wallet,Female,3,4,Grocery,3,Married,10,0,23,19,4,45,169.28,6130.21,2307.96,0.3353,51,39,3,28,Gold,1,4
CUST_03331,0,51,Mobile Phone,2,96,UPI,Female,4,7,Electronics,4,Single,8,0,13,18,1,34,297.88,7370.63,518.78,0.1301,25,23,6,21,Free,9,7
CUST_03332,0,15,Mobile Phone,1,17,Debit Card,Female,3,5,Others,3,Single,6,0,27,15,1,29,17.3,5936.54,2251.09,0.4856,52,25,15,14,Free,0,10
CUST_03333,0,51,Mobile Phone,1,39,Credit Card,Female,5,8,Electronics,3,Divorced,1,0,10,16,13,34,302.62,5037.48,964.27,0.714,31,1,11,9,Silver,8,3
CUST_03334,0,4,Mobile Phone,1,79,Credit Card,Female,3,1,Fashion,1,Married,10,0,36,15,20,25,290.24,716.71,1755.0,0.1747,30,56,3,9,Platinum,5,1
CUST_03335,0,13,Mobile Phone,1,46,Credit Card,Male,2,3,Fashion,3,Single,4,0,17,16,16,63,233.15,7498.71,2194.48,0.293,58,60,3,0,Gold,10,1
CUST_03336,0,31,Mobile Phone,1,67,UPI,Male,1,3,Others,5,Married,7,1,18,18,2,14,45.72,11728.99,594.66,0.2033,69,46,4,20,Silver,3,6
CUST_03337,1,3,Mobile Phone,1,75,Debit Card,Female,5,1,Others,1,Single,9,0,38,3,4,61,118.48,4315.26,383.17,0.2901,53,70,6,7,Free,9,7
CUST_03338,0,52,Mobile Phone,1,89,Debit Card,Female,0,7,Fashion,3,Married,7,0,45,1,17,6,68.69,7533.76,1208.17,0.3444,44,66,0,5,Platinum,8,0
CUST_03339,0,52,Phone,3,26,Cash on Delivery,Male,0,3,Fashion,5,Single,2,1,10,5,12,36,23.58,8711.33,1576.08,0.584,56,66,1,25,Free,0,3
CUST_03340,0,33,Mobile Phone,2,29,Debit Card,Male,0,5,Laptop & Accessory,3,Married,3,0,30,19,10,45,359.68,7284.42,1441.24,0.4214,69,5,1,7,Silver,6,2
CUST_03341,1,18,Mobile Phone,3,50,E-wallet,Female,0,10,Mobile Phone,1,Married,10,0,15,14,3,84,72.65,10812.81,1715.6,0.3758,60,15,15,0,Gold,0,2
CUST_03342,0,6,Mobile Phone,2,53,Credit Card,Male,1,3,Grocery,5,Married,8,0,2,9,16,60,82.67,11190.49,2300.85,0.0227,39,79,1,14,Gold,8,6
CUST_03343,0,37,Mobile Phone,2,91,Debit Card,Female,2,2,Grocery,1,Married,7,1,13,6,17,29,280.31,10467.21,330.82,0.0317,46,51,13,6,Silver,5,4
CUST_03344,0,32,Computer,1,8,Credit Card,Female,1,10,Grocery,3,Married,5,1,1,4,6,33,128.82,5105.43,2410.7,0.6456,41,12,14,22,Silver,3,9
CUST_03345,0,46,Phone,2,28,UPI,Female,2,4,Mobile Phone,1,Single,10,0,39,7,20,65,161.97,1766.45,443.91,0.6217,45,20,5,22,Free,4,2
CUST_03346,1,36,Phone,1,92,Credit Card,Male,2,3,Mobile Phone,2,Single,8,0,23,19,9,78,22.63,4866.51,2334.96,0.1043,55,85,13,12,Free,6,6
CUST_03347,0,7,Computer,2,64,Debit Card,Female,2,8,Fashion,2,Married,8,0,27,19,0,72,370.7,6323.59,1908.49,0.6598,29,55,10,30,Silver,0,3
CUST_03348,1,7,Mobile Phone,3,69,Cash on Delivery,Male,0,2,Others,2,Married,10,0,22,20,20,81,398.57,604.96,2037.8,0.7343,60,41,10,24,Silver,10,3
CUST_03349,0,47,Mobile Phone,3,28,E-wallet,Male,3,4,Others,5,Single,10,0,13,14,4,19,147.32,10075.88,2192.65,0.5366,44,43,14,20,Silver,4,2
CUST_03350,1,9,Mobile Phone,1,64,UPI,Male,1,2,Laptop & Accessory,3,Single,9,0,23,12,1,44,86.25,10639.69,326.26,0.3481,30,53,6,11,Silver,2,8
CUST_03351,0,57,Mobile Phone,2,40,E-wallet,Female,3,9,Fashion,2,Married,7,0,7,2,9,43,282.31,7622.64,1676.49,0.166,65,51,5,16,Platinum,10,6
CUST_03352,1,6,Phone,1,75,Cash on Delivery,Male,0,3,Grocery,2,Single,3,0,2,12,13,38,303.1,7003.93,897.74,0.6662,70,53,12,9,Free,10,9
CUST_03353,0,44,Mobile Phone,1,13,Cash on Delivery,Male,5,6,Mobile Phone,3,Married,3,0,7,15,13,1,61.45,4709.59,981.69,0.2658,46,28,8,12,Free,2,9
CUST_03354,0,59,Mobile Phone,1,32,E-wallet,Female,4,6,Fashion,2,Married,2,1,2,8,20,20,194.76,11738.03,1339.0,0.1803,20,5,7,19,Free,1,5
CUST_03355,0,26,Mobile Phone,1,66,Credit Card,Female,2,5,Laptop & Accessory,5,Married,9,0,28,16,9,30,78.2,5290.57,1517.25,0.432,49,47,13,22,Free,2,6
CUST_03356,1,3,Mobile Phone,2,62,Debit Card,Female,2,1,Fashion,2,Married,4,1,3,12,2,37,93.49,2553.41,1771.5,0.6795,20,52,15,17,Free,1,9
CUST_03357,0,53,Phone,1,85,UPI,Female,1,3,Others,4,Married,3,0,19,19,9,24,197.51,11535.35,1545.95,0.6529,63,46,3,6,Free,3,9
CUST_03358,1,11,Mobile Phone,1,81,Cash on Delivery,Female,5,9,Others,3,Divorced,8,0,37,2,17,32,159.85,10040.55,605.98,0.6072,24,88,0,16,Free,8,5
CUST_03359,0,32,Mobile Phone,3,6,E-wallet,Female,4,6,Laptop & Accessory,2,Married,6,0,29,14,0,70,190.0,3994.51,937.19,0.232,57,15,11,2,Free,9,7
CUST_03360,0,60,Mobile Phone,2,13,Credit Card,Female,2,9,Grocery,3,Married,3,1,30,7,5,29,153.72,6744.45,2160.18,0.5732,47,67,0,8,Silver,10,4
CUST_03361,0,45,Phone,1,39,Debit Card,Female,3,6,Others,1,Divorced,4,1,14,2,14,20,29.24,7064.15,1799.28,0.6736,55,1,11,21,Platinum,10,6
CUST_03362,0,2,Mobile Phone,2,97,Debit Card,Male,0,4,Electronics,3,Married,5,0,6,6,4,42,30.48,10537.57,1176.81,0.6285,51,29,6,0,Silver,8,8
CUST_03363,0,50,Computer,2,50,Cash on Delivery,Male,4,4,Laptop & Accessory,4,Single,8,0,7,16,10,2,104.78,6616.02,632.34,0.4588,35,59,0,28,Gold,0,10
CUST_03364,0,9,Mobile Phone,2,90,E-wallet,Male,3,8,Fashion,3,Single,1,0,21,3,3,20,209.17,5075.77,2088.78,0.4245,65,44,13,23,Silver,0,1
CUST_03365,0,45,Mobile Phone,2,10,E-wallet,Female,1,3,Electronics,1,Single,8,0,45,13,2,2,85.18,7142.75,661.32,0.6328,60,22,14,27,Silver,5,8
CUST_03366,0,37,Phone,3,97,Cash on Delivery,Female,4,6,Others,3,Single,1,0,48,4,15,6,250.21,11670.9,2265.11,0.3926,41,43,10,11,Platinum,1,0
CUST_03367,1,17,Mobile Phone,1,10,Cash on Delivery,Male,0,10,Mobile Phone,1,Married,9,1,6,9,16,69,304.7,722.07,1127.61,0.1844,63,48,11,11,Gold,3,2
CUST_03368,1,25,Mobile Phone,2,82,UPI,Male,2,9,Mobile Phone,2,Single,2,0,3,3,0,2,356.89,7800.9,1673.1,0.3386,59,9,5,0,Free,7,10
CUST_03369,0,7,Computer,1,89,Cash on Delivery,Female,5,4,Mobile Phone,4,Married,3,0,23,15,11,13,377.48,1080.1,595.22,0.6369,36,1,7,29,Free,8,6
CUST_03370,0,60,Mobile Phone,3,33,Credit Card,Female,4,3,Others,5,Married,4,0,9,18,8,16,145.9,3227.34,425.56,0.0141,50,20,1,8,Platinum,9,9
CUST_03371,0,14,Mobile Phone,1,33,UPI,Female,0,7,Mobile Phone,5,Single,10,0,7,11,7,58,377.21,8379.76,630.73,0.3108,27,24,0,2,Gold,2,1
CUST_03372,0,18,Phone,1,60,Debit Card,Male,3,7,Fashion,3,Married,4,0,19,8,14,30,350.13,8550.37,1415.32,0.6436,39,48,9,3,Silver,4,6
CUST_03373,0,30,Mobile Phone,3,74,E-wallet,Female,4,8,Laptop & Accessory,2,Divorced,9,0,49,19,13,18,126.27,10020.45,1735.31,0.4072,38,3,5,2,Silver,10,0
CUST_03374,0,41,Mobile Phone,2,16,Debit Card,Female,3,1,Others,5,Single,3,0,12,19,2,66,147.98,6533.0,1229.91,0.2954,48,35,8,1,Gold,7,6
CUST_03375,0,30,Mobile Phone,1,27,Debit Card,Male,1,6,Laptop & Accessory,2,Single,4,0,4,19,20,20,67.17,9643.61,1978.86,0.5348,35,26,9,16,Silver,10,4
CUST_03376,0,30,Computer,1,77,UPI,Female,4,1,Grocery,3,Single,6,0,8,16,4,85,347.62,6087.92,421.54,0.4606,29,55,0,9,Free,4,1
CUST_03377,0,35,Mobile Phone,1,82,E-wallet,Male,2,10,Laptop & Accessory,1,Married,2,0,31,4,11,73,211.79,2499.08,2345.98,0.4221,37,66,15,21,Silver,4,2
CUST_03378,0,52,Mobile Phone,3,19,E-wallet,Female,5,9,Fashion,2,Married,1,0,49,3,3,80,82.34,5400.66,1519.81,0.1735,58,66,13,4,Free,5,1
CUST_03379,0,24,Computer,1,90,UPI,Female,5,8,Grocery,3,Divorced,4,0,48,9,12,62,323.75,2153.81,863.83,0.6908,19,57,0,8,Free,9,10
CUST_03380,0,50,Computer,1,88,E-wallet,Female,5,3,Electronics,4,Married,8,1,39,11,0,25,340.16,6596.03,1390.91,0.0632,46,45,12,16,Silver,9,4
CUST_03381,0,48,Tablet,2,88,Cash on Delivery,Male,2,8,Grocery,5,Married,2,0,26,4,5,59,255.87,6241.62,1133.02,0.5188,47,14,2,18,Gold,1,9
CUST_03382,0,58,Mobile Phone,1,28,E-wallet,Female,4,5,Fashion,1,Divorced,9,1,37,3,9,68,157.75,3208.71,2029.89,0.502,61,55,7,30,Free,8,1
CUST_03383,0,55,Mobile Phone,1,69,E-wallet,Female,0,7,Mobile Phone,3,Single,7,1,3,6,2,84,88.01,5886.19,751.82,0.0976,29,11,7,1,Free,9,7
CUST_03384,0,48,Mobile Phone,3,20,Debit Card,Male,4,3,Electronics,5,Married,3,0,47,7,10,4,306.55,7283.5,1578.99,0.0749,37,38,2,13,Silver,6,7
CUST_03385,0,15,Computer,1,23,UPI,Female,4,5,Electronics,1,Married,2,0,40,4,12,79,308.2,5273.57,1839.29,0.2566,20,10,7,27,Free,5,0
CUST_03386,0,47,Mobile Phone,3,11,Debit Card,Female,4,9,Electronics,3,Married,6,0,9,9,19,73,204.33,2760.68,2432.14,0.0607,28,24,8,21,Free,2,8
CUST_03387,0,44,Computer,2,52,Debit Card,Male,0,2,Electronics,4,Married,5,0,15,10,7,77,297.09,11450.45,272.14,0.7152,57,77,5,17,Free,3,1
CUST_03388,1,17,Mobile Phone,1,73,UPI,Female,2,4,Mobile Phone,1,Single,2,0,45,2,15,18,79.92,9650.16,1572.9,0.6445,43,0,10,30,Gold,4,9
CUST_03389,0,41,Phone,2,24,Credit Card,Male,1,3,Others,4,Married,7,0,27,0,5,12,211.83,2634.17,939.28,0.7112,56,25,3,29,Gold,8,2
CUST_03390,0,15,Phone,2,22,Debit Card,Female,5,2,Others,3,Married,9,0,50,0,20,60,130.06,5772.62,1012.37,0.7437,44,7,14,17,Silver,7,7
CUST_03391,0,31,Mobile Phone,2,31,E-wallet,Female,3,4,Fashion,4,Married,5,0,20,16,20,15,396.65,4600.05,1092.74,0.1651,56,90,13,18,Platinum,2,7
CUST_03392,0,48,Tablet,2,23,Credit Card,Female,3,7,Mobile Phone,4,Married,5,0,29,16,15,16,169.73,11959.62,874.47,0.5777,34,79,3,29,Free,0,10
CUST_03393,1,11,Tablet,1,84,Cash on Delivery,Female,2,1,Fashion,1,Married,9,0,0,3,4,89,82.24,8686.03,1346.11,0.3424,48,50,7,26,Silver,7,6
CUST_03394,0,20,Mobile Phone,1,21,Cash on Delivery,Male,0,3,Fashion,1,Divorced,4,0,46,19,20,82,78.45,7822.95,647.57,0.0324,50,15,12,16,Silver,6,8
CUST_03395,0,48,Mobile Phone,2,31,Debit Card,Female,3,9,Others,2,Single,3,1,42,5,8,52,398.24,1850.54,2132.22,0.386,52,90,7,29,Platinum,4,0
CUST_03396,0,27,Computer,1,34,UPI,Male,3,3,Mobile Phone,2,Single,9,0,41,18,5,58,399.69,2363.73,2097.38,0.0616,33,7,8,2,Platinum,6,10
CUST_03397,1,58,Mobile Phone,1,24,E-wallet,Male,2,4,Others,2,Single,6,1,38,3,8,49,319.87,11183.16,278.47,0.7398,34,21,12,14,Silver,6,7
CUST_03398,0,0,Mobile Phone,2,95,E-wallet,Female,3,7,Mobile Phone,5,Single,10,0,16,17,3,67,192.21,5442.91,234.4,0.6243,49,50,0,24,Silver,6,7
CUST_03399,0,44,Mobile Phone,1,25,E-wallet,Male,2,8,Others,4,Married,10,0,1,7,7,46,266.32,278.23,1073.11,0.6197,65,86,8,10,Silver,4,0
CUST_03400,0,49,Tablet,2,51,Cash on Delivery,Male,3,10,Others,2,Single,9,0,16,16,8,55,280.77,6012.09,1688.02,0.0584,46,13,12,26,Free,5,2
CUST_03401,0,55,Mobile Phone,3,59,E-wallet,Male,2,2,Grocery,4,Married,4,0,34,1,20,66,52.15,7456.28,1523.58,0.0058,41,83,8,10,Silver,0,7
CUST_03402,1,9,Computer,3,30,Debit Card,Female,4,8,Laptop & Accessory,1,Divorced,8,0,34,12,10,72,57.53,3559.63,557.7,0.2007,19,19,9,23,Free,4,9
CUST_03403,0,60,Mobile Phone,1,50,Cash on Delivery,Female,5,8,Grocery,1,Married,5,0,43,18,15,54,157.61,5163.16,1399.48,0.6236,22,15,11,11,Free,1,10
CUST_03404,1,23,Mobile Phone,1,21,Cash on Delivery,Female,2,2,Others,1,Married,8,0,28,2,17,67,149.92,3385.63,99.94,0.4349,53,88,0,23,Free,7,10
CUST_03405,0,21,Phone,3,51,E-wallet,Female,0,9,Others,3,Divorced,10,0,17,8,19,13,187.24,5359.43,455.1,0.4893,25,89,13,8,Free,0,4
CUST_03406,0,21,Mobile Phone,1,6,Debit Card,Female,4,4,Fashion,4,Married,8,0,19,18,11,4,121.1,11812.07,734.72,0.0965,39,11,10,10,Free,3,1
CUST_03407,0,38,Mobile Phone,2,47,E-wallet,Female,5,5,Fashion,3,Married,5,0,50,19,12,9,247.19,5564.18,1840.52,0.3456,23,31,8,29,Silver,4,9
CUST_03408,0,40,Mobile Phone,2,40,UPI,Male,4,8,Fashion,3,Single,10,0,2,10,20,67,301.98,9696.99,1893.35,0.3488,60,35,8,24,Gold,9,5
CUST_03409,1,28,Computer,1,38,Credit Card,Male,2,6,Mobile Phone,1,Married,9,0,33,0,14,27,348.54,1631.15,350.99,0.7346,30,13,13,16,Gold,4,10
CUST_03410,0,4,Mobile Phone,1,15,Cash on Delivery,Male,3,3,Grocery,4,Single,3,0,1,19,6,71,163.75,9499.81,462.68,0.5806,56,84,6,3,Free,0,0
CUST_03411,0,60,Mobile Phone,2,100,E-wallet,Female,2,4,Others,3,Single,10,0,23,3,12,79,116.81,6127.07,530.46,0.1006,43,33,14,18,Free,6,1
CUST_03412,0,13,Mobile Phone,1,7,UPI,Female,4,8,Mobile Phone,5,Single,5,0,4,8,12,63,60.0,4462.6,1448.27,0.3443,59,73,1,12,Free,9,10
CUST_03413,0,5,Mobile Phone,3,19,UPI,Male,4,2,Others,2,Married,3,0,11,17,12,36,224.09,6959.4,259.0,0.5786,43,7,4,2,Gold,4,1
CUST_03414,0,36,Mobile Phone,2,14,E-wallet,Female,3,5,Laptop & Accessory,1,Single,3,0,20,2,13,9,15.28,4273.17,1979.58,0.5886,31,35,14,7,Platinum,9,8
CUST_03415,0,25,Mobile Phone,1,98,E-wallet,Male,2,8,Laptop & Accessory,3,Married,8,0,16,9,9,79,342.98,9735.68,1708.11,0.3412,69,54,11,27,Platinum,5,5
CUST_03416,0,37,Mobile Phone,2,35,UPI,Female,1,9,Others,1,Married,4,0,1,13,3,30,190.78,9490.89,1792.85,0.6178,57,17,14,22,Platinum,7,1
CUST_03417,1,53,Mobile Phone,1,46,Cash on Delivery,Female,3,9,Laptop & Accessory,1,Single,7,0,40,1,7,52,243.67,2836.68,771.78,0.3566,52,54,2,2,Gold,6,10
CUST_03418,0,5,Computer,1,77,Cash on Delivery,Male,2,4,Fashion,2,Married,5,0,7,10,16,65,160.02,5241.09,1399.63,0.0251,52,39,14,23,Silver,8,5
CUST_03419,1,17,Computer,3,9,Cash on Delivery,Male,5,2,Others,4,Married,10,0,36,0,20,84,1.46,1747.54,798.08,0.609,64,30,4,15,Silver,3,7
CUST_03420,0,31,Mobile Phone,2,11,Cash on Delivery,Male,0,10,Fashion,3,Divorced,2,0,49,13,13,47,315.54,166.39,1106.65,0.7457,66,36,10,26,Gold,5,1
CUST_03421,0,48,Mobile Phone,2,22,Debit Card,Female,5,6,Mobile Phone,5,Married,6,0,12,18,16,80,189.52,3628.17,268.26,0.2085,26,28,1,26,Platinum,7,2
CUST_03422,1,36,Mobile Phone,3,70,Debit Card,Female,4,5,Laptop & Accessory,1,Married,4,0,22,4,4,66,162.63,6771.21,530.12,0.4995,52,25,1,21,Silver,2,10
CUST_03423,0,23,Tablet,2,98,Credit Card,Female,3,10,Electronics,5,Single,8,0,32,5,16,34,303.59,9135.81,251.83,0.3041,66,3,5,3,Silver,10,3
CUST_03424,0,37,Mobile Phone,1,64,E-wallet,Female,5,8,Mobile Phone,3,Single,10,0,47,2,8,31,138.99,11403.79,1567.2,0.3046,23,49,10,5,Free,4,4
CUST_03425,0,59,Mobile Phone,1,88,Debit Card,Male,4,5,Laptop & Accessory,3,Married,4,0,19,8,14,50,259.0,5132.1,2019.92,0.6881,63,60,4,25,Free,10,0
CUST_03426,1,29,Mobile Phone,1,89,Cash on Delivery,Female,0,2,Fashion,5,Divorced,10,0,9,0,13,65,290.27,140.8,2449.62,0.72,46,85,13,8,Silver,9,8
CUST_03427,0,53,Mobile Phone,1,31,Cash on Delivery,Female,2,1,Mobile Phone,3,Single,7,0,5,18,15,64,392.98,7834.17,1729.44,0.0816,22,22,3,22,Platinum,5,2
CUST_03428,0,47,Mobile Phone,2,22,Cash on Delivery,Female,5,6,Others,1,Single,1,0,18,2,15,67,307.36,2559.96,2154.18,0.5453,51,39,15,16,Gold,6,6
CUST_03429,0,18,Mobile Phone,2,20,E-wallet,Female,4,2,Electronics,2,Married,8,0,42,14,13,4,9.44,6954.82,896.29,0.135,34,43,12,16,Platinum,6,8
CUST_03430,0,15,Computer,1,81,E-wallet,Female,0,4,Others,5,Married,6,1,34,6,8,38,250.0,5477.29,2015.55,0.3983,66,58,8,20,Silver,9,6
CUST_03431,0,46,Computer,2,69,Credit Card,Female,1,7,Others,1,Married,10,0,11,16,17,14,246.5,3410.32,604.32,0.6006,65,46,5,10,Free,7,10
CUST_03432,0,12,Computer,3,88,E-wallet,Female,5,1,Others,5,Married,5,0,50,1,15,3,49.34,3655.45,1408.0,0.1676,32,41,5,14,Silver,8,7
CUST_03433,0,20,Computer,3,53,Debit Card,Female,0,10,Grocery,4,Married,3,0,32,9,2,66,300.09,4172.22,974.56,0.2438,61,71,1,22,Silver,4,10
CUST_03434,0,14,Mobile Phone,1,98,Cash on Delivery,Female,5,5,Mobile Phone,3,Divorced,2,0,35,1,5,89,149.93,2178.05,1734.38,0.7083,37,12,7,23,Gold,2,5
CUST_03435,0,36,Phone,3,90,Cash on Delivery,Male,3,9,Laptop & Accessory,2,Married,1,0,0,14,5,83,249.5,8498.19,1486.35,0.3133,28,57,2,29,Platinum,10,3
CUST_03436,0,17,Computer,3,82,Credit Card,Female,4,2,Laptop & Accessory,5,Married,8,0,46,4,6,79,107.39,4795.28,1955.78,0.0575,61,17,9,5,Free,9,10
CUST_03437,1,40,Phone,1,82,Debit Card,Male,1,5,Mobile Phone,1,Single,10,0,3,12,14,27,70.85,8645.51,616.42,0.3124,43,88,1,5,Gold,7,10
CUST_03438,0,57,Computer,1,16,E-wallet,Female,2,10,Others,4,Married,7,1,2,8,0,14,158.4,7030.07,2238.5,0.3387,50,62,13,27,Platinum,0,2
CUST_03439,1,50,Mobile Phone,1,76,Credit Card,Female,4,7,Mobile Phone,2,Single,7,0,35,3,5,35,82.56,2802.47,819.66,0.584,32,57,0,0,Free,1,2
CUST_03440,0,57,Mobile Phone,2,95,Debit Card,Male,0,9,Laptop & Accessory,2,Single,1,1,15,4,10,40,394.71,3922.94,217.14,0.2613,41,79,15,25,Gold,10,9
CUST_03441,0,1,Mobile Phone,2,33,Credit Card,Male,0,7,Others,1,Single,1,0,47,12,3,79,290.75,11094.97,1017.9,0.095,61,32,15,0,Platinum,0,2
CUST_03442,0,27,Mobile Phone,2,83,Credit Card,Female,3,8,Fashion,3,Married,5,0,45,4,3,29,15.01,5118.81,131.36,0.5836,56,9,3,14,Gold,2,2
CUST_03443,0,13,Mobile Phone,2,38,Cash on Delivery,Male,0,4,Fashion,1,Single,6,0,27,19,9,24,153.8,1447.34,1659.07,0.2815,70,79,13,30,Silver,3,1
CUST_03444,0,55,Mobile Phone,1,25,E-wallet,Female,5,5,Mobile Phone,1,Single,5,0,26,16,12,89,365.15,7754.03,511.69,0.0234,19,84,3,18,Silver,3,6
CUST_03445,0,43,Mobile Phone,1,75,UPI,Female,4,1,Others,2,Married,10,0,8,7,7,84,238.29,4172.78,1862.65,0.6243,60,46,7,17,Gold,10,7
CUST_03446,0,19,Tablet,3,20,Debit Card,Female,4,3,Fashion,3,Single,4,1,8,8,20,65,193.94,5641.4,2276.61,0.7249,38,40,13,19,Gold,3,0
CUST_03447,0,34,Computer,3,51,E-wallet,Female,3,1,Others,5,Single,10,0,0,10,8,12,214.79,2556.64,1494.78,0.7221,56,17,3,15,Gold,10,2
CUST_03448,0,36,Computer,2,94,Debit Card,Male,3,4,Others,5,Divorced,3,0,8,16,20,51,121.55,251.85,1677.62,0.4654,39,21,7,0,Platinum,10,7
CUST_03449,0,30,Mobile Phone,1,20,Debit Card,Male,5,8,Fashion,3,Married,4,0,22,8,11,22,155.35,7057.51,1097.7,0.1978,26,51,5,5,Platinum,0,5
CUST_03450,0,28,Computer,1,19,UPI,Male,0,3,Electronics,3,Married,3,1,38,8,7,14,78.83,5267.04,266.79,0.6504,22,15,4,20,Free,7,1
CUST_03451,0,3,Phone,1,95,Credit Card,Female,1,5,Laptop & Accessory,4,Single,8,0,3,14,2,3,284.2,4924.95,1104.7,0.1334,70,11,6,9,Platinum,8,3
CUST_03452,1,27,Computer,1,79,Debit Card,Female,4,6,Electronics,2,Married,4,0,8,5,15,29,94.58,11084.12,1054.83,0.562,69,25,1,11,Gold,3,9
CUST_03453,0,21,Computer,1,49,Cash on Delivery,Female,0,2,Others,4,Single,5,1,19,13,11,8,169.92,3208.11,995.81,0.6542,35,31,8,18,Platinum,10,1
CUST_03454,0,49,Mobile Phone,3,43,Cash on Delivery,Female,1,9,Mobile Phone,4,Married,2,0,25,8,20,8,370.7,7078.0,1580.57,0.6957,69,22,2,1,Silver,3,3
CUST_03455,0,52,Mobile Phone,2,97,E-wallet,Male,0,8,Laptop & Accessory,4,Married,4,0,21,10,20,23,162.35,9939.74,1305.47,0.4269,59,2,4,4,Platinum,10,2
CUST_03456,0,45,Computer,1,74,Cash on Delivery,Male,0,2,Laptop & Accessory,5,Married,2,0,9,16,10,43,134.83,5514.0,2278.05,0.7178,49,29,5,18,Platinum,9,8
CUST_03457,0,1,Tablet,1,92,Debit Card,Male,2,1,Others,2,Married,8,0,38,0,5,59,169.08,9063.19,1905.14,0.0269,45,7,7,15,Gold,6,1
CUST_03458,0,51,Mobile Phone,1,13,Cash on Delivery,Male,3,1,Mobile Phone,1,Single,9,0,10,13,7,79,99.64,6757.57,1796.32,0.0286,35,68,0,20,Gold,0,2
CUST_03459,1,24,Mobile Phone,2,55,E-wallet,Female,0,3,Fashion,3,Married,3,0,5,5,1,18,293.02,4276.93,2266.84,0.5712,62,19,0,0,Free,3,2
CUST_03460,0,25,Mobile Phone,2,74,Cash on Delivery,Female,5,2,Fashion,2,Married,10,0,20,0,3,71,271.48,10894.03,1224.85,0.7483,52,2,15,19,Free,8,6
CUST_03461,0,57,Mobile Phone,1,8,Cash on Delivery,Female,4,1,Mobile Phone,1,Married,5,0,50,6,8,85,101.07,4583.66,2301.62,0.1108,65,56,15,23,Gold,7,3
CUST_03462,0,52,Tablet,3,54,UPI,Female,3,5,Laptop & Accessory,1,Married,9,1,6,16,3,69,168.1,5560.09,1065.57,0.2809,67,34,8,30,Gold,8,1
CUST_03463,0,3,Computer,1,10,E-wallet,Male,0,6,Fashion,3,Married,3,0,6,15,17,31,212.75,7808.21,756.24,0.7396,66,44,1,6,Silver,3,5
CUST_03464,0,21,Mobile Phone,1,91,Debit Card,Male,3,1,Others,5,Single,9,0,33,5,17,28,346.98,7164.06,1988.01,0.6538,64,56,13,24,Silver,3,5
CUST_03465,0,45,Mobile Phone,3,70,UPI,Female,5,6,Fashion,2,Married,2,0,31,8,3,47,134.15,6198.67,2012.08,0.3082,51,39,13,30,Free,0,2
CUST_03466,0,32,Mobile Phone,1,23,Debit Card,Male,1,5,Electronics,3,Single,4,1,8,18,5,75,231.29,8311.74,1056.86,0.668,35,9,7,10,Silver,6,6
CUST_03467,0,15,Mobile Phone,1,55,Credit Card,Female,3,3,Electronics,1,Married,4,0,33,7,17,60,376.0,8355.63,1603.57,0.3383,41,51,1,29,Silver,2,7
CUST_03468,0,32,Mobile Phone,2,15,Cash on Delivery,Male,3,2,Electronics,1,Married,2,1,38,5,5,41,104.42,6401.06,2173.47,0.2545,55,51,15,17,Gold,8,1
CUST_03469,0,52,Phone,1,82,Credit Card,Male,4,8,Grocery,4,Married,10,1,32,9,5,12,291.33,6116.29,120.29,0.4407,47,17,14,2,Free,5,2
CUST_03470,0,13,Computer,1,23,Debit Card,Male,5,2,Fashion,4,Single,3,1,26,16,15,60,262.08,2059.79,1922.58,0.2089,26,68,6,22,Silver,1,0
CUST_03471,0,45,Mobile Phone,1,63,Cash on Delivery,Male,0,3,Mobile Phone,1,Married,5,0,23,9,8,62,59.87,8559.75,904.23,0.4927,57,62,6,14,Silver,7,2
CUST_03472,0,44,Computer,1,12,Debit Card,Male,0,8,Mobile Phone,3,Married,1,0,17,10,17,45,393.89,11894.08,2329.6,0.218,53,61,6,2,Silver,10,0
CUST_03473,0,54,Computer,2,20,E-wallet,Male,0,7,Grocery,3,Single,7,0,3,15,11,10,312.94,3560.81,390.45,0.3807,32,49,8,8,Free,9,9
CUST_03474,0,18,Mobile Phone,1,99,Credit Card,Female,1,10,Fashion,1,Married,2,0,31,18,4,40,171.46,2483.01,1627.5,0.5797,30,57,11,15,Silver,2,2
CUST_03475,0,13,Computer,2,42,UPI,Female,2,1,Fashion,2,Single,3,0,40,14,3,75,223.93,11279.9,1909.65,0.6469,56,12,8,17,Free,10,2
CUST_03476,0,33,Computer,3,16,Credit Card,Female,5,2,Fashion,5,Married,10,0,20,8,14,86,144.34,4989.45,405.17,0.0302,60,10,8,14,Platinum,7,0
CUST_03477,0,32,Phone,1,72,Credit Card,Male,3,7,Others,2,Married,9,0,37,16,9,44,104.71,8337.93,2194.28,0.5442,69,50,9,17,Silver,6,3
CUST_03478,0,24,Mobile Phone,1,24,Cash on Delivery,Male,4,3,Grocery,4,Married,2,0,4,16,9,77,358.45,5705.78,1042.18,0.6664,54,68,4,22,Gold,7,7
CUST_03479,0,47,Mobile Phone,1,61,Credit Card,Female,3,4,Others,4,Single,7,0,5,4,14,8,234.01,6795.56,125.28,0.5524,57,10,9,23,Silver,0,5
CUST_03480,0,48,Mobile Phone,1,82,E-wallet,Male,5,3,Others,1,Single,8,0,15,14,5,6,147.78,4073.67,1659.14,0.1728,18,56,0,15,Silver,2,9
CUST_03481,0,14,Mobile Phone,1,70,UPI,Female,1,9,Grocery,5,Married,10,0,17,15,20,64,340.53,9270.87,61.21,0.56,44,61,6,19,Free,5,9
CUST_03482,1,48,Mobile Phone,2,28,UPI,Female,4,8,Laptop & Accessory,5,Single,3,0,26,6,10,88,176.93,6097.69,2347.19,0.6035,47,90,1,25,Silver,1,8
CUST_03483,0,14,Computer,1,27,E-wallet,Male,1,9,Others,4,Divorced,4,0,1,6,18,6,73.93,5836.11,1306.22,0.1347,23,20,5,5,Platinum,1,9
CUST_03484,0,24,Mobile Phone,2,26,Debit Card,Male,1,6,Fashion,1,Married,3,1,5,14,16,13,61.02,6774.33,2199.95,0.6838,41,71,4,11,Platinum,8,4
CUST_03485,0,1,Mobile Phone,2,65,Debit Card,Female,5,5,Fashion,5,Married,6,0,37,0,12,88,376.33,11256.26,1686.02,0.2043,21,4,0,16,Platinum,1,2
CUST_03486,1,20,Tablet,3,69,UPI,Female,0,6,Fashion,1,Single,7,0,37,6,2,87,152.96,9837.99,2348.68,0.7098,67,70,1,7,Gold,4,4
CUST_03487,0,58,Mobile Phone,1,55,Cash on Delivery,Female,1,1,Laptop & Accessory,3,Divorced,2,1,39,13,15,41,158.18,812.83,1377.41,0.3747,25,17,13,29,Free,7,0
CUST_03488,0,26,Mobile Phone,1,43,E-wallet,Male,2,6,Grocery,3,Married,1,0,18,9,1,3,215.06,4373.75,847.4,0.097,47,41,8,16,Gold,7,3
CUST_03489,0,43,Computer,3,10,UPI,Male,0,3,Laptop & Accessory,4,Married,2,0,34,0,15,34,230.55,1933.2,246.89,0.5306,57,43,11,1,Free,9,4
CUST_03490,1,6,Mobile Phone,1,85,Debit Card,Female,4,10,Electronics,1,Married,3,0,10,2,19,61,172.86,10952.14,671.45,0.4254,23,85,5,4,Silver,0,10
CUST_03491,0,38,Mobile Phone,2,68,E-wallet,Female,2,2,Others,5,Single,6,0,44,2,11,28,374.33,3030.3,2268.57,0.5721,37,64,1,1,Silver,2,4
CUST_03492,0,22,Computer,2,66,UPI,Female,2,1,Fashion,3,Divorced,3,0,0,11,20,30,132.41,9222.91,2459.25,0.2241,60,44,11,8,Free,8,1
CUST_03493,0,45,Mobile Phone,2,14,E-wallet,Female,1,10,Fashion,2,Single,9,0,31,0,13,40,45.22,7413.8,140.39,0.0428,45,33,6,7,Free,0,2
CUST_03494,0,56,Mobile Phone,1,32,UPI,Male,5,2,Electronics,2,Married,7,0,4,16,11,41,398.16,9227.4,679.02,0.1292,64,89,7,4,Free,8,6
CUST_03495,0,32,Mobile Phone,1,34,Credit Card,Male,2,6,Others,4,Divorced,2,0,42,12,11,71,87.9,8064.7,547.52,0.358,24,33,1,23,Silver,9,6
CUST_03496,0,6,Phone,2,62,E-wallet,Female,4,4,Laptop & Accessory,1,Married,10,0,12,10,3,45,377.87,3521.95,1312.75,0.0343,47,76,3,9,Silver,4,5
CUST_03497,0,29,Mobile Phone,2,80,Cash on Delivery,Male,3,3,Fashion,2,Married,8,0,1,4,1,47,338.28,6029.51,1173.89,0.4944,52,39,9,30,Platinum,8,10
CUST_03498,1,7,Computer,2,88,Debit Card,Female,5,5,Mobile Phone,5,Single,9,0,18,3,1,37,311.02,2151.57,2454.65,0.3786,64,18,7,2,Free,2,9
CUST_03499,0,27,Mobile Phone,2,55,E-wallet,Female,3,8,Laptop & Accessory,5,Married,7,0,45,16,18,58,53.15,2854.95,917.15,0.1572,45,78,9,5,Free,2,0
CUST_03500,1,3,Computer,3,39,Credit Card,Male,5,2,Laptop & Accessory,2,Married,7,0,7,12,3,63,13.92,1578.77,1502.41,0.5992,34,8,11,20,Gold,0,8
CUST_03501,0,39,Mobile Phone,3,44,E-wallet,Male,4,7,Grocery,3,Married,5,0,13,7,13,5,68.33,10525.19,1999.23,0.4905,29,72,8,9,Gold,6,8
CUST_03502,0,18,Mobile Phone,2,75,UPI,Female,0,9,Electronics,3,Married,7,1,27,4,5,3,160.67,3499.44,86.95,0.4119,33,72,8,26,Free,3,7
CUST_03503,0,12,Mobile Phone,1,35,UPI,Male,0,3,Grocery,2,Married,8,0,44,7,8,77,316.82,1664.6,1986.58,0.5422,27,84,7,26,Gold,0,1
CUST_03504,0,1,Computer,1,44,Credit Card,Male,4,7,Mobile Phone,2,Married,10,0,9,6,14,4,157.09,2967.55,1747.42,0.4446,64,90,6,11,Silver,4,1
CUST_03505,0,54,Mobile Phone,2,80,Credit Card,Male,0,10,Fashion,1,Single,6,0,18,10,18,48,12.51,3231.64,2276.96,0.0072,29,71,10,20,Free,7,9
CUST_03506,0,51,Mobile Phone,2,57,Cash on Delivery,Male,1,10,Others,5,Married,8,0,48,5,2,76,28.67,1591.37,2411.66,0.4103,40,3,5,13,Gold,2,8
CUST_03507,0,49,Mobile Phone,1,49,UPI,Female,4,7,Others,2,Single,10,0,35,16,11,47,184.22,8400.55,1438.08,0.1887,24,40,6,9,Free,2,8
CUST_03508,1,3,Mobile Phone,2,75,Credit Card,Female,2,10,Laptop & Accessory,1,Married,7,0,28,1,2,8,11.49,8030.54,1848.4,0.5767,70,75,11,1,Silver,0,7
CUST_03509,0,21,Computer,1,32,Cash on Delivery,Male,1,8,Grocery,4,Single,8,0,18,14,4,22,302.29,7112.42,2467.47,0.4993,40,52,14,21,Silver,7,6
CUST_03510,0,59,Mobile Phone,1,10,Cash on Delivery,Male,1,6,Grocery,1,Married,2,0,40,0,14,14,98.0,10443.69,2116.28,0.4452,67,45,11,9,Free,1,9
CUST_03511,1,35,Mobile Phone,3,80,Debit Card,Female,1,2,Fashion,5,Divorced,9,1,48,4,0,7,194.9,741.98,1475.27,0.4007,45,50,9,5,Free,9,9
CUST_03512,0,7,Mobile Phone,1,48,Cash on Delivery,Male,5,9,Fashion,5,Divorced,10,0,21,19,5,32,316.94,7323.27,409.39,0.193,46,20,10,3,Platinum,6,4
CUST_03513,0,8,Mobile Phone,2,36,E-wallet,Female,2,3,Electronics,3,Married,4,0,48,16,11,30,220.98,7097.22,959.65,0.491,61,89,1,22,Silver,7,7
CUST_03514,0,16,Mobile Phone,2,14,UPI,Male,5,8,Others,1,Single,9,0,10,20,4,59,353.17,8631.72,2197.97,0.5957,59,15,9,11,Free,3,3
CUST_03515,0,59,Mobile Phone,2,93,Debit Card,Male,4,7,Mobile Phone,1,Married,9,1,43,10,8,74,338.8,3974.38,254.12,0.2944,65,67,9,3,Silver,0,9
CUST_03516,0,10,Mobile Phone,1,74,E-wallet,Female,1,4,Others,5,Married,3,0,22,2,12,52,69.31,5168.45,2222.87,0.2632,60,6,5,17,Free,9,0
CUST_03517,0,55,Phone,2,31,E-wallet,Male,0,8,Others,3,Single,10,0,10,20,18,49,8.98,4132.14,1595.62,0.7036,65,48,11,17,Silver,2,6
CUST_03518,0,41,Mobile Phone,1,63,UPI,Male,5,7,Laptop & Accessory,3,Divorced,6,0,21,15,1,73,345.7,4745.07,2033.78,0.601,36,89,11,25,Gold,2,1
CUST_03519,0,56,Phone,2,49,UPI,Female,5,8,Mobile Phone,1,Single,2,0,20,10,10,23,262.31,7716.55,1035.29,0.0475,19,58,15,15,Silver,10,2
CUST_03520,0,50,Mobile Phone,1,36,E-wallet,Male,0,10,Fashion,5,Married,2,0,31,16,13,43,367.58,3173.84,801.45,0.2076,42,74,14,6,Free,1,3
CUST_03521,1,20,Mobile Phone,3,34,Credit Card,Male,1,3,Grocery,3,Married,6,0,40,6,10,53,33.27,10429.26,2425.43,0.6392,26,87,7,13,Platinum,1,5
CUST_03522,0,50,Mobile Phone,2,12,Debit Card,Female,4,8,Mobile Phone,1,Married,6,0,46,16,0,73,394.77,11927.08,1494.55,0.5657,65,53,2,22,Gold,4,8
CUST_03523,0,10,Mobile Phone,1,98,UPI,Female,5,1,Fashion,1,Married,9,0,7,15,15,31,393.78,5169.51,1729.17,0.1455,57,17,2,16,Platinum,1,2
CUST_03524,0,17,Computer,1,93,Cash on Delivery,Female,5,8,Laptop & Accessory,5,Single,6,0,12,2,4,45,107.25,11890.47,2321.65,0.3669,44,62,14,8,Gold,6,5
CUST_03525,1,12,Phone,1,88,Cash on Delivery,Female,1,2,Laptop & Accessory,1,Married,4,0,42,0,2,20,23.48,5837.02,1213.13,0.1404,49,85,4,30,Platinum,7,10
CUST_03526,0,8,Computer,2,35,Debit Card,Female,5,3,Fashion,2,Married,4,0,4,17,9,28,148.82,335.85,251.28,0.4425,33,64,3,26,Platinum,9,7
CUST_03527,0,5,Computer,2,100,E-wallet,Female,4,2,Grocery,1,Married,6,1,15,15,4,67,173.71,10839.04,658.49,0.0662,59,32,9,16,Free,7,3
CUST_03528,0,11,Mobile Phone,2,31,Cash on Delivery,Female,2,9,Fashion,1,Single,3,0,36,6,13,76,107.55,4103.05,1577.2,0.1977,24,18,2,24,Platinum,8,1
CUST_03529,0,7,Mobile Phone,3,84,UPI,Female,2,4,Fashion,5,Married,8,1,27,11,11,15,21.64,819.3,1919.28,0.0627,58,31,1,4,Free,7,6
CUST_03530,0,23,Computer,2,14,E-wallet,Male,4,4,Fashion,4,Married,2,0,0,0,4,90,346.73,2294.05,1289.76,0.6932,40,68,10,23,Platinum,6,0
CUST_03531,0,4,Mobile Phone,2,34,Credit Card,Male,5,4,Grocery,2,Single,9,0,7,3,19,53,84.54,8716.68,1621.56,0.135,41,20,1,5,Gold,5,4
CUST_03532,0,3,Mobile Phone,1,60,Cash on Delivery,Female,5,7,Electronics,1,Married,3,0,40,1,18,90,349.28,2872.83,1719.8,0.3913,41,23,7,25,Gold,3,8
CUST_03533,0,60,Tablet,2,97,E-wallet,Female,2,10,Grocery,2,Married,2,0,17,0,6,66,103.46,8825.82,152.33,0.1349,68,32,9,7,Free,4,0
CUST_03534,0,5,Tablet,2,30,Cash on Delivery,Female,1,7,Laptop & Accessory,2,Married,10,0,37,2,19,11,339.96,9996.09,1214.98,0.096,44,24,15,16,Free,10,7
CUST_03535,0,4,Computer,2,46,UPI,Male,5,2,Laptop & Accessory,4,Single,4,0,34,0,6,5,113.11,10930.03,2198.86,0.0028,19,46,5,22,Free,5,2
CUST_03536,0,1,Mobile Phone,1,85,Debit Card,Male,1,6,Fashion,3,Single,7,0,42,19,10,82,40.31,10884.24,196.22,0.0616,57,60,6,0,Free,2,6
CUST_03537,0,8,Phone,1,50,Debit Card,Female,4,2,Mobile Phone,3,Married,4,0,29,1,11,63,329.09,2248.74,1703.05,0.397,67,15,8,5,Platinum,3,1
CUST_03538,1,32,Mobile Phone,1,70,UPI,Female,3,2,Grocery,1,Single,10,0,4,2,5,78,111.02,6746.24,1401.18,0.3946,69,74,10,6,Silver,2,2
CUST_03539,0,50,Mobile Phone,3,45,E-wallet,Male,3,2,Electronics,1,Single,2,0,6,10,12,1,123.53,10611.8,1812.18,0.191,32,15,3,6,Platinum,3,4
CUST_03540,0,44,Mobile Phone,2,5,UPI,Female,1,7,Mobile Phone,2,Married,5,0,10,12,2,14,163.14,2991.5,2233.68,0.6999,38,65,2,24,Silver,6,3
CUST_03541,0,35,Phone,1,32,Credit Card,Male,1,9,Fashion,2,Single,1,0,9,14,12,73,242.32,11989.59,2226.41,0.3301,32,26,11,30,Free,0,5
CUST_03542,0,5,Phone,1,59,UPI,Male,3,3,Mobile Phone,3,Married,6,1,28,2,19,77,254.46,8862.89,2065.59,0.6052,60,54,6,12,Free,8,1
CUST_03543,0,47,Computer,2,6,Credit Card,Male,1,10,Fashion,5,Divorced,8,0,23,2,6,25,30.32,11211.22,1110.07,0.3822,52,0,7,23,Free,7,2
CUST_03544,0,2,Mobile Phone,3,27,E-wallet,Male,4,3,Fashion,3,Married,5,0,16,0,2,89,381.24,3799.06,486.3,0.1828,51,15,10,6,Silver,10,10
CUST_03545,0,38,Mobile Phone,3,96,UPI,Female,5,4,Laptop & Accessory,2,Single,9,1,29,3,12,13,20.82,2511.27,1810.59,0.1194,70,58,7,11,Gold,6,9
CUST_03546,0,24,Mobile Phone,3,6,Debit Card,Male,0,2,Grocery,3,Single,8,0,43,4,6,27,334.35,11400.59,1896.36,0.1314,63,12,1,5,Free,4,7
CUST_03547,0,53,Phone,3,28,Cash on Delivery,Male,5,1,Mobile Phone,1,Married,10,0,19,17,15,11,286.18,3451.37,414.38,0.5062,25,18,6,18,Silver,7,0
CUST_03548,0,18,Mobile Phone,1,64,UPI,Female,1,7,Electronics,4,Married,10,0,23,12,6,51,115.8,10860.86,1865.02,0.5616,40,68,9,8,Platinum,4,1
CUST_03549,0,38,Mobile Phone,1,59,UPI,Male,0,5,Electronics,1,Married,10,0,45,4,1,39,238.86,2125.5,1865.6,0.1254,66,79,9,14,Silver,2,4
CUST_03550,0,26,Computer,2,24,UPI,Male,5,2,Mobile Phone,2,Married,5,0,21,2,5,54,219.85,4365.83,1378.44,0.7411,42,73,15,20,Silver,8,8
CUST_03551,0,31,Mobile Phone,2,10,E-wallet,Female,1,6,Others,5,Married,10,0,4,17,17,26,266.77,7580.56,2147.72,0.6857,36,34,4,19,Silver,0,0
CUST_03552,0,57,Phone,1,91,E-wallet,Female,3,4,Laptop & Accessory,3,Married,7,0,9,14,0,47,295.08,10951.49,2260.47,0.1822,34,52,4,13,Free,9,0
CUST_03553,0,43,Mobile Phone,2,57,Debit Card,Female,0,4,Grocery,4,Married,1,0,13,1,18,42,205.94,5589.69,487.04,0.2355,54,41,12,29,Silver,9,7
CUST_03554,0,25,Phone,1,60,Debit Card,Male,0,9,Electronics,2,Single,1,1,28,11,4,25,286.48,7230.02,480.77,0.7287,55,11,9,27,Free,6,2
CUST_03555,0,27,Mobile Phone,1,10,E-wallet,Male,1,5,Grocery,5,Married,4,0,20,17,5,76,79.24,3983.68,276.89,0.7482,41,84,3,24,Free,5,3
CUST_03556,0,42,Mobile Phone,1,25,Cash on Delivery,Female,3,5,Grocery,2,Single,6,0,17,5,15,78,277.03,2423.53,2304.29,0.3082,32,70,10,1,Gold,0,1
CUST_03557,0,21,Mobile Phone,3,11,Credit Card,Female,1,7,Fashion,2,Married,1,0,42,15,19,9,171.1,8914.03,453.1,0.6284,19,2,13,16,Gold,3,9
CUST_03558,0,10,Mobile Phone,2,98,UPI,Female,1,9,Laptop & Accessory,1,Married,6,0,22,8,4,26,376.42,8844.84,1360.67,0.6906,39,0,13,30,Free,5,6
CUST_03559,0,28,Computer,2,78,Credit Card,Male,5,8,Electronics,2,Married,7,0,24,3,19,23,342.21,10382.12,277.41,0.6601,36,64,8,4,Free,10,8
CUST_03560,0,4,Mobile Phone,3,57,Credit Card,Male,1,5,Others,3,Single,7,0,13,5,16,25,0.53,1893.16,1499.31,0.5023,45,30,2,17,Platinum,4,0
CUST_03561,0,10,Mobile Phone,3,70,Credit Card,Male,0,4,Electronics,1,Divorced,10,0,23,7,0,10,304.22,797.43,1086.65,0.3137,18,46,7,1,Platinum,0,3
CUST_03562,1,25,Computer,1,20,Debit Card,Male,0,2,Laptop & Accessory,1,Married,4,0,31,0,8,35,241.0,7540.24,620.94,0.3785,61,41,11,22,Silver,5,10
CUST_03563,0,48,Mobile Phone,2,99,Credit Card,Female,5,2,Mobile Phone,2,Married,1,0,46,6,5,57,285.7,5916.8,1717.37,0.535,31,57,12,15,Silver,2,10
CUST_03564,0,47,Computer,1,54,E-wallet,Female,2,8,Electronics,4,Married,10,0,42,20,1,33,103.32,7545.7,1200.49,0.1942,52,75,8,7,Free,2,5
CUST_03565,1,15,Computer,2,54,UPI,Male,5,8,Electronics,3,Married,6,0,0,2,19,56,319.49,2941.5,1248.32,0.5324,44,88,2,2,Silver,4,6
CUST_03566,1,25,Mobile Phone,1,97,UPI,Male,4,4,Fashion,1,Married,7,0,1,0,17,6,56.26,9924.77,2420.49,0.3944,46,21,8,3,Silver,7,9
CUST_03567,1,9,Computer,1,14,E-wallet,Male,1,10,Mobile Phone,1,Single,6,0,42,7,18,77,359.54,5394.47,821.22,0.4363,65,11,2,30,Free,6,3
CUST_03568,0,46,Mobile Phone,2,45,E-wallet,Male,4,10,Fashion,1,Married,5,1,11,20,13,47,173.77,8159.95,2482.09,0.627,22,26,10,26,Free,10,7
CUST_03569,0,15,Mobile Phone,1,13,E-wallet,Female,2,7,Laptop & Accessory,2,Divorced,2,0,1,14,15,66,42.53,2420.49,2104.75,0.7073,35,61,12,15,Gold,4,4
CUST_03570,0,48,Mobile Phone,2,45,Credit Card,Female,3,3,Laptop & Accessory,2,Married,6,0,34,10,12,44,280.28,690.65,443.88,0.2291,21,26,12,29,Free,7,6
CUST_03571,1,51,Phone,2,30,Cash on Delivery,Female,3,6,Laptop & Accessory,1,Married,9,0,49,15,0,63,154.72,4359.54,912.3,0.572,59,64,8,5,Free,6,7
CUST_03572,0,42,Computer,2,49,E-wallet,Female,4,9,Electronics,3,Married,2,0,36,0,3,51,101.8,5168.43,820.28,0.4495,36,19,11,2,Platinum,2,0
CUST_03573,0,20,Mobile Phone,1,72,Credit Card,Female,1,6,Laptop & Accessory,3,Single,4,0,6,4,18,14,267.61,5211.8,1840.63,0.218,41,41,1,7,Silver,7,4
CUST_03574,0,58,Tablet,1,31,E-wallet,Female,0,5,Grocery,4,Married,10,0,15,17,13,20,133.39,2948.73,701.29,0.4853,19,9,0,13,Free,4,6
CUST_03575,0,41,Mobile Phone,1,9,E-wallet,Male,4,6,Mobile Phone,5,Married,5,0,14,15,6,74,86.78,5662.07,734.92,0.4911,49,16,2,7,Free,10,7
CUST_03576,0,39,Phone,3,20,E-wallet,Female,5,9,Electronics,4,Single,2,1,14,9,16,30,241.14,6118.42,1853.61,0.6151,29,88,7,29,Free,6,5
CUST_03577,0,52,Computer,3,73,Debit Card,Female,3,5,Laptop & Accessory,5,Married,10,0,31,5,11,0,140.16,3508.2,1950.13,0.3043,21,15,14,15,Platinum,8,2
CUST_03578,0,53,Tablet,1,60,Credit Card,Female,0,2,Others,5,Married,2,0,38,4,20,47,21.12,4051.2,1850.26,0.6085,68,38,10,7,Gold,8,1
CUST_03579,0,4,Phone,2,98,Cash on Delivery,Female,0,6,Laptop & Accessory,5,Married,3,0,14,0,10,65,90.76,6757.15,1265.43,0.1833,45,38,8,13,Silver,6,2
CUST_03580,0,53,Tablet,2,90,Cash on Delivery,Female,3,7,Others,2,Single,5,0,28,18,14,77,180.34,632.88,1872.23,0.3459,29,62,0,30,Free,9,8
CUST_03581,0,46,Mobile Phone,3,20,Cash on Delivery,Female,5,10,Laptop & Accessory,1,Married,4,0,24,4,20,74,229.78,591.23,1498.08,0.4644,36,61,3,19,Gold,5,6
CUST_03582,1,12,Computer,1,75,Debit Card,Male,3,2,Laptop & Accessory,1,Married,5,0,19,17,9,85,194.61,5247.18,2150.7,0.4488,60,45,4,3,Gold,4,9
CUST_03583,0,18,Phone,2,13,Credit Card,Female,1,10,Laptop & Accessory,5,Married,8,1,9,7,19,20,367.51,845.95,1782.61,0.0366,43,50,1,12,Silver,9,3
CUST_03584,0,45,Computer,2,14,E-wallet,Female,3,9,Electronics,5,Married,6,0,2,19,17,65,136.65,8982.42,1552.04,0.2646,52,71,1,27,Free,10,1
CUST_03585,0,13,Mobile Phone,1,81,UPI,Male,0,8,Fashion,2,Married,5,0,48,0,0,28,346.92,7083.25,1566.35,0.239,33,9,7,20,Gold,3,9
CUST_03586,0,27,Tablet,1,43,E-wallet,Female,2,3,Fashion,4,Married,8,0,33,10,1,79,191.47,412.54,767.73,0.7261,24,18,5,19,Free,10,7
CUST_03587,0,42,Mobile Phone,1,100,E-wallet,Male,5,3,Electronics,3,Single,7,0,42,2,1,22,272.53,4021.01,1499.57,0.7265,18,4,6,11,Platinum,7,9
CUST_03588,0,39,Mobile Phone,2,5,UPI,Female,3,5,Mobile Phone,1,Married,7,0,14,0,8,65,216.07,1146.72,2438.98,0.272,28,27,12,28,Gold,8,0
CUST_03589,0,55,Mobile Phone,2,53,Debit Card,Male,0,2,Grocery,4,Single,5,0,10,7,17,74,43.53,10884.31,2368.4,0.5896,66,33,5,9,Silver,10,3
CUST_03590,0,6,Mobile Phone,2,34,E-wallet,Female,1,7,Mobile Phone,1,Married,6,0,29,13,15,53,168.99,3797.81,345.84,0.4142,19,10,12,5,Free,9,3
CUST_03591,0,17,Computer,1,99,Cash on Delivery,Female,0,8,Laptop & Accessory,1,Married,3,0,35,19,15,38,270.08,4647.98,1014.73,0.2968,18,10,14,1,Platinum,4,0
CUST_03592,0,60,Mobile Phone,3,69,Cash on Delivery,Male,2,5,Others,3,Married,5,0,36,3,7,42,110.4,9466.93,606.83,0.5865,19,42,10,23,Platinum,6,9
CUST_03593,0,34,Computer,1,79,E-wallet,Female,1,7,Fashion,1,Married,2,0,27,13,0,33,132.1,2675.26,1942.07,0.7141,56,12,10,24,Silver,6,4
CUST_03594,1,15,Phone,3,32,Debit Card,Female,5,8,Others,2,Single,1,1,23,16,1,10,280.46,2573.92,1422.34,0.2697,65,66,2,1,Free,0,10
CUST_03595,0,17,Mobile Phone,1,90,Debit Card,Male,1,10,Fashion,4,Married,9,1,28,19,2,45,293.47,9706.58,2223.5,0.1264,41,61,0,15,Gold,0,1
CUST_03596,0,20,Computer,3,85,Credit Card,Female,0,7,Others,3,Married,9,0,12,5,2,55,214.51,6443.62,364.62,0.7125,69,52,11,7,Free,5,0
CUST_03597,1,33,Mobile Phone,3,80,Debit Card,Female,2,3,Mobile Phone,1,Married,3,0,8,0,19,66,294.53,3153.37,1571.63,0.5311,36,43,9,6,Gold,6,10
CUST_03598,0,17,Phone,3,50,UPI,Male,4,2,Grocery,2,Married,5,1,10,20,3,5,336.78,1977.08,1237.3,0.1617,67,79,11,27,Free,5,2
CUST_03599,0,37,Tablet,3,93,UPI,Male,4,10,Fashion,5,Single,10,1,17,18,6,60,203.54,9518.85,1485.57,0.0064,44,58,10,14,Silver,10,8
CUST_03600,0,27,Mobile Phone,1,69,Credit Card,Male,5,8,Others,5,Single,6,0,35,5,17,26,278.21,2526.63,2050.04,0.4974,36,81,0,20,Platinum,0,8
CUST_03601,0,37,Computer,2,11,E-wallet,Male,2,9,Fashion,5,Married,1,0,44,2,4,64,4.9,5944.36,2120.05,0.4672,64,31,8,10,Silver,10,2
CUST_03602,0,9,Mobile Phone,2,89,UPI,Female,3,5,Electronics,3,Married,6,0,45,11,15,45,11.71,2361.58,50.38,0.1679,21,48,8,21,Platinum,3,5
CUST_03603,0,38,Mobile Phone,1,7,UPI,Female,3,2,Fashion,3,Single,9,0,20,4,9,86,241.08,4570.41,2143.72,0.4818,24,8,10,6,Gold,4,6
CUST_03604,0,56,Computer,3,70,E-wallet,Male,0,6,Fashion,4,Married,3,0,49,11,16,9,254.29,1098.37,2452.01,0.1158,58,44,8,13,Silver,4,2
CUST_03605,0,8,Mobile Phone,1,28,UPI,Male,0,7,Electronics,5,Single,10,0,50,2,6,23,117.51,221.13,1927.35,0.303,66,5,7,20,Gold,2,3
CUST_03606,0,19,Computer,1,91,E-wallet,Female,4,3,Grocery,1,Single,8,0,40,19,19,65,247.07,6961.93,531.13,0.2335,33,33,10,5,Platinum,7,5
CUST_03607,0,42,Mobile Phone,3,75,Debit Card,Male,2,5,Fashion,5,Divorced,1,0,3,8,15,18,40.69,6873.61,777.12,0.648,50,1,9,14,Platinum,9,9
CUST_03608,0,37,Mobile Phone,1,82,E-wallet,Female,4,5,Laptop & Accessory,4,Married,10,0,30,2,6,22,307.75,2358.2,291.66,0.2191,28,22,11,16,Platinum,5,9
CUST_03609,1,41,Phone,1,72,E-wallet,Male,5,3,Laptop & Accessory,1,Single,7,0,14,4,13,59,141.23,2448.62,2473.22,0.2113,26,78,4,13,Free,7,10
CUST_03610,0,34,Mobile Phone,1,59,Cash on Delivery,Female,1,9,Grocery,5,Married,3,0,44,13,15,46,228.57,9300.55,1065.31,0.5657,42,65,1,8,Free,0,4
CUST_03611,1,41,Computer,2,87,E-wallet,Female,4,5,Laptop & Accessory,1,Divorced,8,0,11,15,20,13,391.69,5414.87,2261.24,0.013,68,87,7,14,Free,1,7
CUST_03612,1,37,Mobile Phone,3,33,Cash on Delivery,Female,1,10,Grocery,1,Married,9,0,19,2,7,29,206.62,7287.86,1936.07,0.5392,22,87,3,7,Platinum,10,2
CUST_03613,0,4,Phone,1,55,Cash on Delivery,Male,4,1,Others,2,Married,7,0,12,15,20,58,210.67,3430.49,918.58,0.0353,65,13,3,20,Platinum,9,1
CUST_03614,0,45,Computer,2,33,Cash on Delivery,Male,0,10,Electronics,3,Divorced,10,1,44,19,16,5,41.26,7075.02,685.01,0.042,19,16,13,9,Gold,3,0
CUST_03615,1,27,Mobile Phone,2,15,E-wallet,Male,1,7,Electronics,3,Single,9,1,29,6,9,86,17.74,5077.01,1165.71,0.3679,70,86,8,24,Gold,7,1
CUST_03616,1,3,Mobile Phone,2,89,Cash on Delivery,Male,2,8,Mobile Phone,2,Married,4,0,21,12,14,36,369.06,3364.08,869.75,0.7183,44,73,8,9,Silver,4,5
CUST_03617,0,24,Mobile Phone,2,52,Cash on Delivery,Female,2,3,Grocery,4,Married,2,1,41,16,11,41,346.58,6688.75,1413.91,0.122,60,23,4,14,Free,5,6
CUST_03618,0,26,Tablet,3,10,Credit Card,Female,0,1,Mobile Phone,3,Single,9,0,30,19,20,59,324.17,923.7,122.53,0.2281,51,28,13,15,Gold,6,2
CUST_03619,1,5,Mobile Phone,1,84,E-wallet,Male,5,3,Others,1,Single,10,0,30,3,1,19,397.69,1607.58,1576.72,0.5108,62,58,13,16,Silver,9,7
CUST_03620,0,60,Mobile Phone,1,95,Cash on Delivery,Male,0,5,Laptop & Accessory,5,Single,3,0,8,18,15,51,38.72,5376.12,2224.33,0.6695,50,49,4,4,Silver,10,7
CUST_03621,1,13,Computer,2,68,Credit Card,Male,5,4,Grocery,2,Married,6,1,19,0,17,90,306.29,3763.7,601.04,0.3714,26,34,7,20,Silver,4,10
CUST_03622,0,20,Mobile Phone,1,36,Debit Card,Female,1,2,Fashion,4,Married,6,0,25,11,0,87,44.74,9701.91,892.48,0.373,19,30,15,16,Free,3,2
CUST_03623,0,26,Mobile Phone,2,87,Debit Card,Male,4,1,Laptop & Accessory,2,Single,4,1,21,3,10,34,253.91,2439.62,2284.74,0.2335,62,56,9,5,Silver,10,3
CUST_03624,0,50,Mobile Phone,1,75,Debit Card,Male,4,7,Mobile Phone,4,Married,6,0,17,2,14,90,287.18,1694.84,1756.92,0.283,22,83,7,19,Platinum,4,6
CUST_03625,0,45,Mobile Phone,1,32,E-wallet,Male,2,7,Electronics,2,Married,6,1,50,5,17,10,277.41,893.74,83.26,0.1058,56,76,11,23,Free,0,2
CUST_03626,0,47,Computer,3,36,UPI,Male,3,2,Grocery,2,Single,10,0,18,3,2,81,105.95,9817.58,1055.98,0.0911,27,68,7,15,Silver,6,3
CUST_03627,1,14,Phone,1,99,UPI,Female,0,8,Laptop & Accessory,1,Married,4,1,30,1,5,37,353.33,10336.35,347.25,0.5514,53,78,0,1,Silver,10,7
CUST_03628,0,51,Phone,2,96,Cash on Delivery,Female,5,10,Laptop & Accessory,5,Single,2,1,30,6,11,28,226.42,10823.63,627.33,0.3634,35,5,4,21,Silver,2,9
CUST_03629,0,50,Phone,2,69,Debit Card,Female,0,10,Grocery,4,Single,5,0,10,2,13,7,365.4,10654.95,1930.62,0.583,64,79,13,7,Free,0,6
CUST_03630,0,28,Mobile Phone,1,8,E-wallet,Female,3,2,Grocery,4,Married,2,0,44,8,3,56,177.86,10499.64,264.29,0.4864,56,35,12,19,Free,1,9
CUST_03631,0,33,Mobile Phone,1,27,Cash on Delivery,Female,0,5,Fashion,4,Divorced,2,0,7,6,17,7,137.19,11700.93,863.58,0.0026,43,24,13,30,Silver,4,6
CUST_03632,0,2,Computer,1,38,Debit Card,Female,4,1,Laptop & Accessory,1,Single,7,1,42,10,10,66,359.44,4839.0,439.32,0.3778,19,78,11,10,Silver,5,5
CUST_03633,0,46,Tablet,2,56,Cash on Delivery,Male,2,1,Laptop & Accessory,3,Single,9,0,30,17,8,4,326.29,7931.62,1933.32,0.4122,34,70,5,19,Free,5,7
CUST_03634,0,58,Computer,1,88,UPI,Male,2,9,Laptop & Accessory,5,Married,2,0,17,2,16,47,34.44,599.05,1001.4,0.1028,27,7,13,26,Platinum,10,5
CUST_03635,1,28,Mobile Phone,2,86,Debit Card,Female,0,10,Laptop & Accessory,2,Married,4,0,13,17,10,41,175.47,10408.08,1231.18,0.7171,57,31,7,13,Free,9,5
CUST_03636,0,32,Computer,1,31,E-wallet,Female,1,3,Grocery,1,Divorced,2,0,37,11,6,89,30.29,1827.49,382.57,0.5986,57,60,6,12,Free,5,1
CUST_03637,0,30,Computer,1,15,Debit Card,Female,2,5,Fashion,5,Married,5,0,22,20,9,41,348.08,8214.81,2273.77,0.6749,40,16,12,22,Gold,4,0
CUST_03638,0,5,Phone,1,31,Credit Card,Female,4,1,Mobile Phone,1,Married,6,0,27,8,3,28,191.34,3984.11,2177.35,0.448,38,15,13,30,Gold,4,8
CUST_03639,0,37,Computer,1,27,UPI,Male,3,9,Grocery,4,Married,10,1,18,2,17,66,104.61,7095.01,1982.97,0.6244,48,28,12,12,Silver,9,3
CUST_03640,0,44,Mobile Phone,1,91,UPI,Female,1,6,Electronics,5,Single,9,0,17,4,6,79,28.1,9538.65,2087.38,0.1353,42,28,7,15,Free,0,10
CUST_03641,0,56,Mobile Phone,3,6,Credit Card,Male,3,3,Mobile Phone,4,Married,10,1,13,0,7,49,117.22,6155.49,2489.25,0.6407,43,31,11,11,Gold,8,9
CUST_03642,0,56,Mobile Phone,1,84,Cash on Delivery,Male,1,10,Grocery,1,Single,5,0,46,18,3,68,145.9,11411.26,1370.77,0.6903,23,72,4,6,Platinum,6,1
CUST_03643,0,30,Mobile Phone,2,68,Debit Card,Female,3,2,Laptop & Accessory,5,Married,8,0,45,11,7,78,388.16,3780.08,2176.53,0.0143,64,51,6,23,Free,0,7
CUST_03644,0,58,Tablet,2,15,Credit Card,Male,3,3,Grocery,1,Single,3,1,8,18,3,41,396.05,6768.04,2197.83,0.4807,33,40,15,0,Silver,5,9
CUST_03645,0,32,Mobile Phone,2,70,UPI,Male,1,8,Fashion,5,Single,1,0,6,12,0,79,185.15,10310.0,1225.86,0.0712,39,56,15,14,Platinum,4,7
CUST_03646,0,39,Mobile Phone,2,60,Credit Card,Female,1,5,Laptop & Accessory,1,Divorced,10,0,41,19,14,72,365.52,6663.14,482.76,0.4852,35,88,4,21,Gold,4,8
CUST_03647,1,36,Mobile Phone,1,5,Cash on Delivery,Female,3,8,Electronics,3,Divorced,10,1,18,4,7,15,319.5,6459.55,1441.19,0.672,68,36,4,14,Free,0,5
CUST_03648,0,60,Computer,2,26,Credit Card,Female,3,3,Mobile Phone,5,Married,2,0,10,6,14,39,307.79,4698.69,1973.1,0.1353,68,42,3,3,Free,8,7
CUST_03649,0,44,Mobile Phone,1,38,UPI,Male,5,7,Electronics,2,Married,2,0,10,16,4,3,107.52,9355.05,1694.49,0.3704,66,75,6,3,Gold,7,4
CUST_03650,0,7,Mobile Phone,2,25,Credit Card,Male,2,6,Fashion,1,Divorced,10,0,45,17,11,69,297.01,4374.28,1806.87,0.0719,47,18,9,11,Silver,2,6
CUST_03651,0,4,Phone,1,60,Debit Card,Female,2,1,Electronics,1,Single,5,0,13,20,4,64,396.43,3051.9,510.95,0.4879,35,4,13,25,Free,4,8
CUST_03652,0,25,Mobile Phone,2,64,E-wallet,Male,2,4,Electronics,2,Married,8,0,36,18,5,3,335.97,1630.89,305.88,0.0889,25,55,12,8,Free,8,0
CUST_03653,0,31,Mobile Phone,2,21,Cash on Delivery,Male,5,3,Fashion,2,Single,10,0,23,6,20,0,216.86,5186.54,802.94,0.7289,47,78,10,10,Free,5,10
CUST_03654,0,40,Mobile Phone,2,16,UPI,Female,1,6,Electronics,2,Married,6,0,23,14,11,55,0.37,3502.73,1378.02,0.2405,57,56,2,27,Silver,8,10
CUST_03655,0,29,Computer,1,67,Credit Card,Female,2,5,Fashion,3,Single,1,0,17,19,0,35,150.7,11876.59,575.85,0.1386,53,66,2,17,Gold,6,1
CUST_03656,0,31,Computer,2,50,Debit Card,Female,2,5,Grocery,2,Married,7,0,3,5,19,4,261.64,7371.77,521.56,0.7147,67,15,12,28,Silver,0,2
CUST_03657,0,56,Phone,2,30,Debit Card,Male,3,2,Mobile Phone,3,Single,2,0,4,2,17,4,55.41,11910.79,2464.12,0.4832,69,33,12,12,Silver,8,1
CUST_03658,1,20,Mobile Phone,2,29,UPI,Female,4,10,Fashion,2,Married,7,0,9,10,8,78,162.27,8374.42,1901.03,0.3656,19,28,15,16,Free,10,8
CUST_03659,1,30,Tablet,1,8,Debit Card,Female,2,8,Laptop & Accessory,2,Married,6,1,14,9,5,41,284.13,10186.59,931.74,0.5652,39,56,4,18,Silver,7,0
CUST_03660,0,34,Computer,1,86,E-wallet,Female,1,7,Fashion,5,Single,5,1,8,14,8,68,356.54,1432.88,350.95,0.6493,45,23,8,24,Free,2,2
CUST_03661,0,28,Mobile Phone,1,85,Cash on Delivery,Male,4,3,Laptop & Accessory,4,Divorced,5,0,14,4,16,40,280.58,8328.21,418.86,0.6068,49,39,11,16,Silver,0,2
CUST_03662,0,59,Mobile Phone,2,58,Debit Card,Female,1,7,Fashion,4,Single,10,0,38,9,10,83,244.24,1509.85,1022.15,0.2668,39,12,15,12,Free,5,7
CUST_03663,0,58,Mobile Phone,1,38,Credit Card,Female,5,3,Others,2,Married,4,0,0,12,3,76,90.37,1842.58,566.77,0.2971,53,9,0,29,Silver,2,8
CUST_03664,0,31,Phone,2,25,UPI,Female,3,5,Fashion,5,Married,9,1,31,12,3,82,268.4,1020.59,108.47,0.395,50,27,2,9,Silver,3,2
CUST_03665,0,27,Mobile Phone,2,34,UPI,Male,2,3,Fashion,2,Single,9,0,26,1,20,58,335.39,7522.64,2028.22,0.4397,45,87,14,29,Gold,9,6
CUST_03666,0,35,Mobile Phone,2,93,Cash on Delivery,Female,1,4,Others,4,Married,10,0,11,2,5,1,175.15,7841.3,688.04,0.2258,23,8,9,21,Free,6,9
CUST_03667,0,11,Computer,2,13,UPI,Female,4,7,Laptop & Accessory,4,Married,9,0,14,10,12,36,355.63,3554.95,2158.63,0.1021,32,32,4,5,Silver,2,4
CUST_03668,0,25,Phone,2,83,Cash on Delivery,Male,3,4,Electronics,2,Married,7,0,18,7,14,8,135.51,10755.44,2355.43,0.3291,26,48,14,20,Gold,5,1
CUST_03669,0,13,Computer,2,34,E-wallet,Male,5,8,Grocery,4,Married,10,1,13,3,3,46,253.06,11088.57,1235.46,0.6114,36,76,4,27,Platinum,9,5
CUST_03670,0,8,Computer,1,30,UPI,Female,4,6,Fashion,1,Married,8,0,15,16,3,43,336.49,9677.91,668.59,0.2072,47,3,7,4,Free,10,7
CUST_03671,1,5,Mobile Phone,3,82,Cash on Delivery,Male,4,10,Mobile Phone,2,Single,2,0,21,8,6,49,355.11,7550.21,1621.46,0.2811,37,70,14,13,Silver,9,9
CUST_03672,0,35,Phone,3,97,Debit Card,Female,0,2,Grocery,3,Single,1,0,33,12,12,85,187.35,7213.11,2374.77,0.2055,43,66,13,27,Free,10,2
CUST_03673,0,0,Mobile Phone,2,100,E-wallet,Male,0,10,Fashion,4,Divorced,7,1,32,14,17,20,184.26,4776.87,1893.91,0.4573,33,69,13,14,Free,1,8
CUST_03674,0,39,Mobile Phone,3,30,UPI,Male,3,2,Fashion,2,Married,6,0,16,15,8,79,378.16,5530.74,426.66,0.7139,55,55,10,16,Gold,2,3
CUST_03675,0,26,Tablet,3,61,Cash on Delivery,Female,0,6,Electronics,4,Single,9,0,14,7,5,70,186.57,1779.73,2067.69,0.1351,44,3,12,22,Gold,4,8
CUST_03676,1,22,Mobile Phone,2,33,E-wallet,Male,5,4,Fashion,4,Single,6,1,39,0,6,40,1.35,11473.07,1429.74,0.5846,56,1,4,2,Silver,3,6
CUST_03677,0,46,Mobile Phone,2,23,Debit Card,Female,5,8,Electronics,5,Married,3,1,39,11,16,42,193.89,7113.08,1170.98,0.4985,21,75,3,15,Gold,9,2
CUST_03678,1,32,Computer,2,42,Credit Card,Female,3,2,Mobile Phone,1,Married,9,0,35,5,11,35,241.69,4623.56,496.2,0.7405,61,77,14,1,Gold,9,8
CUST_03679,0,44,Mobile Phone,1,10,Debit Card,Female,4,3,Electronics,3,Single,5,0,35,20,13,58,297.49,2500.57,1372.32,0.0747,59,43,12,22,Silver,9,7
CUST_03680,0,43,Mobile Phone,1,20,Debit Card,Female,2,3,Grocery,4,Married,10,1,12,18,4,70,31.66,4940.79,1860.0,0.6814,57,34,5,16,Free,6,9
CUST_03681,0,1,Computer,2,62,Credit Card,Female,5,10,Others,3,Divorced,1,1,33,18,13,2,230.13,2097.25,976.63,0.6056,18,79,2,12,Gold,0,3
CUST_03682,0,13,Computer,2,70,UPI,Male,0,6,Fashion,2,Married,1,0,16,16,6,90,244.43,9596.95,2384.78,0.6793,68,75,0,12,Gold,8,1
CUST_03683,0,34,Computer,1,30,Debit Card,Female,1,2,Mobile Phone,3,Married,2,0,27,20,18,10,271.88,8692.47,465.27,0.5632,52,35,8,22,Free,8,5
CUST_03684,0,59,Mobile Phone,2,58,Credit Card,Female,4,8,Fashion,3,Married,10,0,28,20,11,14,108.93,8983.03,102.89,0.211,49,15,3,25,Silver,6,9
CUST_03685,0,9,Computer,2,78,Credit Card,Male,4,3,Grocery,3,Single,2,0,40,3,3,53,306.65,8246.12,1292.56,0.3128,21,59,8,15,Free,2,1
CUST_03686,0,6,Phone,2,90,Debit Card,Male,1,3,Fashion,5,Married,8,0,46,12,13,9,315.79,10739.4,468.68,0.0815,58,79,12,25,Free,10,3
CUST_03687,0,57,Mobile Phone,1,59,Debit Card,Male,4,5,Others,3,Married,8,0,21,10,0,67,54.88,2268.98,1622.94,0.0016,68,27,6,3,Free,3,5
CUST_03688,0,58,Mobile Phone,2,28,E-wallet,Male,2,8,Laptop & Accessory,2,Single,9,0,5,0,17,19,308.85,6343.62,1111.9,0.7103,66,13,11,24,Gold,5,9
CUST_03689,1,10,Mobile Phone,1,73,Cash on Delivery,Male,5,9,Mobile Phone,1,Married,7,0,0,16,8,29,246.54,7441.18,1057.08,0.6203,49,65,14,18,Gold,6,10
CUST_03690,0,24,Mobile Phone,1,21,Cash on Delivery,Male,1,1,Others,1,Married,1,1,18,2,17,53,174.63,11782.69,1164.36,0.0611,43,5,10,5,Platinum,5,10
CUST_03691,0,38,Mobile Phone,1,18,Cash on Delivery,Female,4,9,Electronics,3,Married,1,0,21,19,19,86,311.66,4414.9,346.71,0.341,40,90,13,20,Free,2,7
CUST_03692,0,11,Computer,1,39,E-wallet,Male,1,10,Laptop & Accessory,2,Single,1,0,30,14,10,18,50.98,3393.59,723.03,0.2164,24,35,1,21,Platinum,1,0
CUST_03693,0,19,Tablet,1,36,Debit Card,Female,0,4,Others,1,Married,6,1,18,5,2,77,142.93,803.41,1146.86,0.223,37,29,11,7,Free,6,0
CUST_03694,1,24,Mobile Phone,2,19,Credit Card,Male,4,6,Fashion,2,Married,5,0,16,0,1,59,357.14,11645.04,1922.37,0.671,62,89,12,29,Platinum,2,10
CUST_03695,0,39,Computer,1,10,UPI,Female,4,4,Grocery,2,Married,1,0,37,20,6,47,57.29,3116.34,2217.4,0.7442,67,30,11,20,Free,4,9
CUST_03696,0,18,Mobile Phone,1,95,Credit Card,Female,1,5,Laptop & Accessory,3,Divorced,1,0,14,16,3,80,371.15,1423.54,714.75,0.3165,24,18,9,4,Free,10,6
CUST_03697,0,25,Mobile Phone,3,70,Debit Card,Female,3,7,Laptop & Accessory,1,Single,3,0,2,9,14,58,251.68,10771.41,435.18,0.6109,27,67,9,30,Gold,9,7
CUST_03698,0,17,Computer,2,73,Cash on Delivery,Female,5,7,Electronics,5,Married,5,0,22,16,0,73,2.68,11184.54,945.48,0.1243,35,52,2,25,Platinum,6,3
CUST_03699,0,46,Mobile Phone,3,11,UPI,Male,2,5,Mobile Phone,5,Married,10,1,31,16,14,53,62.21,6541.3,952.69,0.5773,42,43,8,14,Silver,3,4
CUST_03700,0,9,Tablet,2,81,Cash on Delivery,Female,3,5,Laptop & Accessory,5,Divorced,9,1,9,12,3,43,20.87,3328.79,1160.79,0.0381,59,1,7,27,Platinum,5,8
CUST_03701,0,14,Mobile Phone,1,39,UPI,Male,1,5,Electronics,1,Married,5,0,0,10,2,27,308.85,5981.4,1549.65,0.2566,48,25,13,9,Free,6,4
CUST_03702,0,15,Mobile Phone,3,76,UPI,Female,3,5,Mobile Phone,4,Single,3,0,30,0,0,24,101.7,1423.62,1086.16,0.4265,29,63,5,6,Platinum,8,1
CUST_03703,0,55,Mobile Phone,3,52,Debit Card,Female,5,2,Others,1,Single,8,0,9,6,16,5,227.88,1685.39,672.28,0.0472,25,88,6,5,Free,8,8
CUST_03704,0,57,Mobile Phone,2,28,Debit Card,Female,3,4,Mobile Phone,4,Married,10,1,44,6,15,26,340.27,5807.53,248.67,0.0885,29,3,11,21,Platinum,9,4
CUST_03705,0,30,Phone,2,30,Debit Card,Male,0,8,Laptop & Accessory,4,Single,4,0,17,2,18,73,360.86,10142.73,2018.77,0.2392,27,6,2,6,Silver,9,2
CUST_03706,0,9,Computer,2,18,Cash on Delivery,Male,4,10,Fashion,2,Single,5,0,46,14,11,27,336.38,1818.09,1860.36,0.3562,61,4,6,6,Gold,6,3
CUST_03707,0,46,Mobile Phone,2,84,E-wallet,Female,2,9,Mobile Phone,3,Divorced,2,0,4,3,12,41,201.11,7763.1,2145.87,0.1609,23,79,9,7,Gold,1,4
CUST_03708,1,30,Mobile Phone,2,46,Credit Card,Male,0,9,Grocery,5,Married,2,1,24,5,0,34,57.04,4063.3,513.55,0.2382,36,50,10,19,Free,8,7
CUST_03709,0,51,Computer,2,79,UPI,Female,3,8,Mobile Phone,1,Single,9,0,21,13,0,76,139.01,765.5,2132.64,0.1269,63,4,14,11,Free,8,8
CUST_03710,0,21,Computer,1,84,UPI,Male,1,6,Others,3,Married,3,0,14,10,12,52,133.95,3098.47,2263.5,0.076,45,59,14,13,Silver,2,8
CUST_03711,0,60,Mobile Phone,1,21,UPI,Male,5,7,Fashion,2,Single,2,0,18,11,10,34,396.25,923.0,2121.17,0.3149,20,58,0,0,Free,9,9
CUST_03712,0,49,Mobile Phone,1,36,Debit Card,Female,5,9,Electronics,1,Married,4,0,19,17,17,84,322.74,2335.61,143.89,0.1657,31,13,6,13,Gold,2,2
CUST_03713,0,13,Mobile Phone,1,16,Credit Card,Male,4,3,Electronics,4,Single,4,0,3,9,11,1,129.03,3731.37,898.28,0.4889,28,32,14,14,Gold,7,9
CUST_03714,0,44,Mobile Phone,1,5,Debit Card,Male,3,2,Others,5,Married,3,0,11,12,0,12,165.04,2165.03,2420.5,0.1706,37,29,14,3,Free,0,7
CUST_03715,0,17,Mobile Phone,3,99,Credit Card,Male,1,3,Grocery,3,Single,8,0,14,13,13,11,108.67,4906.9,1369.75,0.1427,44,61,10,27,Silver,7,6
CUST_03716,0,21,Mobile Phone,1,68,Credit Card,Female,0,6,Mobile Phone,3,Married,6,0,30,2,2,8,161.37,137.33,1935.38,0.2758,59,45,5,29,Platinum,2,1
CUST_03717,0,15,Mobile Phone,1,48,Debit Card,Female,0,8,Grocery,3,Married,6,0,14,10,18,14,32.1,444.96,807.02,0.0777,68,60,11,14,Silver,6,9
CUST_03718,0,41,Mobile Phone,1,24,Cash on Delivery,Female,2,5,Fashion,1,Single,10,1,6,11,9,62,334.01,9207.59,1145.62,0.031,63,54,5,0,Gold,8,10
CUST_03719,1,16,Mobile Phone,2,61,E-wallet,Female,1,10,Grocery,2,Divorced,10,0,35,2,9,66,212.97,9345.1,989.1,0.5738,44,26,10,15,Free,4,7
CUST_03720,0,38,Phone,2,57,Cash on Delivery,Female,5,4,Mobile Phone,4,Married,3,0,16,2,0,7,242.03,4662.7,2001.05,0.1295,42,2,2,2,Gold,6,2
CUST_03721,0,35,Computer,2,26,Credit Card,Male,1,5,Grocery,3,Married,10,0,1,5,6,2,78.72,11796.25,415.9,0.4587,38,31,3,17,Free,7,9
CUST_03722,0,45,Mobile Phone,3,6,Debit Card,Male,1,10,Others,2,Divorced,7,0,8,8,0,82,180.73,3350.36,1177.11,0.2285,44,43,11,7,Free,8,10
CUST_03723,0,60,Mobile Phone,3,50,Debit Card,Female,4,2,Electronics,1,Single,2,0,28,9,2,74,184.92,8994.91,2223.43,0.2448,25,67,9,30,Silver,0,3
CUST_03724,0,0,Mobile Phone,3,53,Debit Card,Male,5,9,Others,1,Married,4,1,10,4,12,71,38.63,5371.72,2167.49,0.1186,54,72,11,15,Platinum,5,5
CUST_03725,0,60,Phone,3,81,E-wallet,Male,2,2,Laptop & Accessory,3,Divorced,3,0,47,8,10,62,12.21,4168.62,2045.87,0.1724,24,1,2,9,Gold,5,0
CUST_03726,0,6,Computer,1,42,Cash on Delivery,Male,0,10,Grocery,2,Married,8,0,34,6,11,37,247.18,3531.15,309.09,0.4291,33,83,2,19,Platinum,3,9
CUST_03727,0,32,Mobile Phone,2,14,UPI,Female,0,4,Laptop & Accessory,4,Single,7,0,15,18,16,29,228.67,2835.06,1471.76,0.4408,61,33,6,29,Gold,10,10
CUST_03728,0,20,Phone,1,89,UPI,Female,3,7,Mobile Phone,3,Married,8,1,50,13,16,30,258.37,7986.04,840.01,0.2151,58,74,14,6,Gold,1,5
CUST_03729,0,38,Phone,2,44,Debit Card,Male,5,8,Electronics,1,Single,2,0,36,19,18,47,358.41,452.95,2429.48,0.1577,37,17,2,23,Platinum,6,8
CUST_03730,0,44,Phone,1,74,UPI,Female,2,4,Laptop & Accessory,2,Single,6,0,34,13,1,4,399.34,10865.53,1465.15,0.2575,68,78,6,28,Free,4,10
CUST_03731,0,52,Mobile Phone,1,9,Cash on Delivery,Female,0,6,Fashion,1,Married,6,0,3,11,1,84,335.69,3127.91,2257.9,0.0659,43,45,11,13,Gold,7,9
CUST_03732,0,24,Mobile Phone,1,8,E-wallet,Female,2,8,Laptop & Accessory,1,Single,7,0,12,10,18,88,9.26,5825.7,491.19,0.397,27,59,10,28,Gold,9,0
CUST_03733,0,56,Computer,2,7,UPI,Female,0,9,Mobile Phone,4,Single,4,0,30,5,18,6,122.79,4749.63,2075.95,0.6175,67,19,8,26,Gold,8,7
CUST_03734,0,19,Mobile Phone,2,80,Credit Card,Female,2,2,Laptop & Accessory,2,Married,1,0,20,3,0,47,311.04,11391.68,1065.97,0.4723,37,82,13,16,Gold,4,3
CUST_03735,0,12,Computer,1,28,E-wallet,Male,2,5,Fashion,5,Married,9,1,43,16,0,33,360.48,2103.68,1239.28,0.0164,38,63,13,29,Free,0,3
CUST_03736,0,23,Computer,2,80,Debit Card,Female,4,9,Grocery,2,Married,5,0,32,8,6,34,364.76,4445.95,2065.5,0.2046,25,25,8,5,Platinum,6,7
CUST_03737,1,32,Mobile Phone,1,95,Credit Card,Female,0,6,Grocery,2,Married,10,0,4,3,11,35,268.41,7974.52,538.01,0.3536,29,71,7,29,Free,3,5
CUST_03738,0,40,Mobile Phone,2,68,UPI,Male,2,1,Others,3,Married,5,0,44,8,1,47,338.78,3462.4,449.19,0.6826,23,17,14,9,Silver,9,0
CUST_03739,0,50,Mobile Phone,1,99,Cash on Delivery,Male,1,2,Laptop & Accessory,2,Married,3,0,47,10,9,87,64.03,6581.23,176.69,0.1278,44,27,9,13,Free,7,7
CUST_03740,0,13,Mobile Phone,1,94,Debit Card,Male,2,9,Fashion,3,Single,5,0,36,14,5,66,157.02,420.21,1372.6,0.0556,49,17,12,9,Free,7,10
CUST_03741,0,18,Computer,2,74,Debit Card,Female,5,5,Grocery,1,Single,1,0,39,20,19,88,33.41,10835.71,1761.28,0.3972,46,51,12,28,Free,3,6
CUST_03742,0,57,Computer,2,82,Debit Card,Male,4,8,Laptop & Accessory,1,Divorced,6,0,7,20,17,24,116.05,10077.99,2324.54,0.4196,32,69,5,8,Silver,6,8
CUST_03743,0,26,Mobile Phone,3,62,E-wallet,Female,5,9,Laptop & Accessory,5,Married,10,1,37,18,10,76,310.51,1578.16,1932.7,0.7365,18,43,8,21,Free,3,0
CUST_03744,0,14,Computer,2,26,E-wallet,Male,0,1,Mobile Phone,2,Single,3,0,30,17,2,37,74.52,8775.99,1565.28,0.4058,31,59,7,16,Platinum,10,0
CUST_03745,0,60,Mobile Phone,3,14,E-wallet,Female,4,5,Others,1,Divorced,2,0,6,19,5,34,296.96,828.22,1295.52,0.0127,68,21,10,2,Free,6,7
CUST_03746,0,27,Computer,1,41,Debit Card,Male,5,2,Grocery,2,Married,2,0,10,15,4,4,307.34,11079.14,1168.88,0.5019,38,71,10,23,Free,3,10
CUST_03747,0,60,Mobile Phone,1,50,E-wallet,Male,4,9,Grocery,3,Married,2,1,28,2,18,80,351.93,1527.83,1121.05,0.1542,30,68,9,1,Free,7,4
CUST_03748,0,56,Computer,3,38,Debit Card,Female,4,5,Grocery,3,Single,4,0,19,5,12,10,386.89,4370.52,2024.29,0.6105,54,82,14,5,Free,10,1
CUST_03749,0,55,Computer,1,14,E-wallet,Male,0,9,Electronics,4,Married,3,0,29,9,7,44,298.85,10305.23,923.32,0.3311,43,26,12,12,Free,4,8
CUST_03750,0,35,Mobile Phone,2,53,E-wallet,Male,4,3,Grocery,5,Single,8,1,49,16,0,88,270.19,2561.87,820.2,0.6472,33,23,15,13,Platinum,9,3
CUST_03751,0,48,Computer,1,52,Cash on Delivery,Female,5,2,Electronics,2,Married,4,0,32,16,17,58,313.48,11143.97,2237.07,0.1317,33,54,5,19,Platinum,9,9
CUST_03752,0,58,Phone,2,96,E-wallet,Male,1,9,Mobile Phone,2,Married,4,0,45,18,12,11,75.69,8039.01,2185.24,0.4475,46,6,2,1,Free,6,8
CUST_03753,1,16,Mobile Phone,1,96,Credit Card,Male,2,7,Electronics,1,Married,2,0,1,3,5,84,295.53,5749.71,1854.63,0.5266,70,78,12,27,Free,3,7
CUST_03754,0,2,Computer,2,64,Cash on Delivery,Male,2,2,Laptop & Accessory,1,Single,6,0,13,12,18,54,363.76,1557.71,1653.82,0.0324,60,36,9,1,Gold,4,0
CUST_03755,0,19,Tablet,2,86,Credit Card,Female,0,7,Fashion,1,Single,4,0,45,16,15,22,181.29,7915.03,941.5,0.3558,46,59,6,1,Gold,7,4
CUST_03756,0,38,Phone,1,35,Cash on Delivery,Male,0,5,Mobile Phone,1,Married,8,0,37,8,1,23,8.82,7105.94,1927.44,0.51,21,22,14,22,Platinum,1,0
CUST_03757,0,33,Mobile Phone,1,98,Debit Card,Female,1,1,Laptop & Accessory,3,Divorced,1,1,18,7,0,78,134.7,5125.46,1974.42,0.4673,54,35,14,8,Platinum,9,8
CUST_03758,1,4,Computer,1,95,E-wallet,Male,0,3,Grocery,4,Single,7,0,16,13,0,53,38.63,4901.91,1287.66,0.0798,27,45,4,7,Free,4,8
CUST_03759,0,34,Tablet,1,17,UPI,Female,3,8,Others,5,Married,9,0,38,18,5,36,250.55,7111.06,1000.41,0.025,63,48,14,23,Platinum,6,10
CUST_03760,0,10,Computer,1,72,Cash on Delivery,Male,0,2,Laptop & Accessory,2,Married,8,0,0,9,8,27,333.91,4993.45,340.35,0.1629,45,63,8,18,Silver,4,3
CUST_03761,0,30,Mobile Phone,3,48,Debit Card,Male,0,4,Others,2,Married,3,0,4,8,19,79,36.55,8230.1,1468.32,0.1801,25,80,1,11,Platinum,10,2
CUST_03762,0,35,Mobile Phone,1,30,Credit Card,Male,3,3,Others,4,Divorced,7,1,43,1,17,32,170.98,5290.16,1326.09,0.4486,32,71,11,9,Gold,2,8
CUST_03763,0,38,Computer,1,44,Cash on Delivery,Female,1,8,Others,4,Married,9,0,38,5,20,49,269.05,11758.73,1611.15,0.0179,40,57,11,18,Silver,5,9
CUST_03764,0,25,Mobile Phone,2,92,Debit Card,Female,2,9,Laptop & Accessory,4,Single,6,0,41,1,19,7,362.98,6693.16,82.92,0.2044,67,3,7,26,Silver,5,10
CUST_03765,0,24,Mobile Phone,1,93,Cash on Delivery,Female,2,8,Others,1,Married,7,0,24,19,0,22,88.16,1775.41,1580.15,0.1748,51,49,8,12,Free,7,0
CUST_03766,0,41,Mobile Phone,1,38,UPI,Male,2,8,Fashion,1,Married,9,0,15,17,16,71,211.21,11620.11,2064.97,0.6271,21,9,2,13,Silver,10,0
CUST_03767,0,45,Computer,2,49,E-wallet,Male,2,1,Grocery,3,Married,5,0,20,14,19,69,6.88,11828.65,1492.82,0.2662,44,37,6,6,Free,10,2
CUST_03768,0,49,Mobile Phone,2,54,Debit Card,Male,0,10,Mobile Phone,3,Married,2,0,39,4,13,89,156.07,11916.43,1157.18,0.5406,35,87,3,16,Silver,4,1
CUST_03769,1,20,Phone,3,75,UPI,Male,0,2,Grocery,2,Single,10,0,12,9,20,10,138.04,3736.49,2489.52,0.6188,60,68,1,1,Free,4,9
CUST_03770,0,25,Computer,1,51,Cash on Delivery,Male,2,5,Grocery,5,Single,4,0,1,0,8,47,70.89,4184.77,1554.09,0.531,18,18,9,25,Silver,3,2
CUST_03771,0,20,Tablet,2,43,Cash on Delivery,Female,3,9,Electronics,1,Married,4,0,25,20,16,13,57.31,173.52,2005.05,0.0843,65,15,1,16,Platinum,10,0
CUST_03772,0,32,Phone,3,93,Credit Card,Male,4,3,Fashion,2,Single,7,0,27,1,16,67,147.67,10664.42,594.1,0.5542,18,25,15,8,Silver,3,2
CUST_03773,1,7,Mobile Phone,3,40,Cash on Delivery,Male,1,3,Laptop & Accessory,4,Married,2,1,21,12,4,13,24.46,8546.43,525.27,0.6368,47,65,2,5,Free,4,1
CUST_03774,0,26,Computer,3,30,UPI,Female,0,1,Grocery,3,Single,4,0,50,10,15,11,362.55,3451.05,2312.75,0.2813,21,28,1,8,Gold,0,2
CUST_03775,1,11,Mobile Phone,1,36,E-wallet,Male,3,4,Electronics,2,Single,6,0,30,12,9,76,381.5,2321.21,2322.03,0.6658,38,50,11,2,Gold,1,2
CUST_03776,0,32,Tablet,3,36,Cash on Delivery,Male,5,5,Laptop & Accessory,3,Married,8,0,40,1,3,11,345.21,10690.46,364.33,0.5171,39,46,7,29,Free,1,1
CUST_03777,0,51,Mobile Phone,3,58,Cash on Delivery,Female,1,5,Electronics,3,Single,2,0,11,7,2,79,1.48,4322.08,2410.86,0.5328,50,8,14,9,Free,6,6
CUST_03778,0,60,Computer,2,68,Debit Card,Female,0,1,Electronics,2,Married,9,0,29,17,15,68,137.94,6799.31,1836.26,0.4098,35,59,1,28,Free,2,9
CUST_03779,0,27,Phone,2,17,Debit Card,Female,2,3,Grocery,4,Single,3,0,18,17,17,52,174.63,1980.82,782.74,0.2876,66,76,0,28,Silver,6,6
CUST_03780,0,3,Mobile Phone,3,90,Cash on Delivery,Female,3,1,Others,4,Married,10,0,18,8,16,13,131.65,2194.58,583.94,0.2408,40,42,12,0,Silver,9,4
CUST_03781,0,13,Phone,1,29,Credit Card,Male,3,3,Fashion,1,Divorced,10,0,5,12,20,25,320.01,4713.7,1646.09,0.5989,65,52,7,17,Gold,4,5
CUST_03782,1,6,Mobile Phone,2,16,UPI,Female,0,7,Laptop & Accessory,1,Married,8,0,37,16,18,18,270.12,3082.63,288.72,0.6296,37,65,12,24,Silver,8,9
CUST_03783,0,46,Mobile Phone,2,69,E-wallet,Female,3,1,Grocery,5,Single,9,0,23,13,3,35,78.06,2749.07,1791.01,0.2489,53,55,8,7,Free,6,10
CUST_03784,0,60,Mobile Phone,2,25,E-wallet,Male,2,2,Grocery,2,Married,2,0,49,8,15,18,34.65,4948.58,2064.31,0.4736,21,28,11,30,Free,8,5
CUST_03785,0,33,Mobile Phone,2,77,Cash on Delivery,Female,0,6,Others,1,Single,5,1,29,19,4,16,239.96,2591.12,1297.03,0.5423,36,52,7,19,Free,6,0
CUST_03786,0,10,Computer,1,96,UPI,Male,5,6,Mobile Phone,3,Single,2,0,9,20,15,30,337.39,11336.28,2072.69,0.1608,50,49,10,24,Free,1,7
CUST_03787,1,1,Phone,1,71,E-wallet,Female,3,9,Laptop & Accessory,2,Married,5,1,36,5,9,0,253.63,7047.55,1702.73,0.4727,36,83,12,23,Platinum,2,10
CUST_03788,0,59,Mobile Phone,1,79,Credit Card,Male,1,6,Electronics,5,Single,6,0,2,1,18,82,98.09,619.59,1467.5,0.2545,35,84,13,4,Silver,10,4
CUST_03789,0,19,Computer,2,52,Cash on Delivery,Female,4,10,Mobile Phone,5,Married,6,0,38,16,2,76,222.96,2720.95,1095.42,0.2048,42,49,0,26,Silver,0,0
CUST_03790,1,6,Phone,2,38,Credit Card,Female,4,8,Mobile Phone,1,Single,1,0,19,2,4,24,212.33,5439.67,1648.35,0.237,46,82,11,3,Platinum,10,10
CUST_03791,0,10,Computer,3,63,Cash on Delivery,Female,1,6,Electronics,1,Married,1,0,2,17,13,17,314.79,5219.64,2437.13,0.2445,42,69,10,30,Silver,3,0
CUST_03792,0,15,Mobile Phone,2,39,Debit Card,Male,5,4,Mobile Phone,4,Married,10,1,26,16,11,79,170.32,8279.07,338.66,0.3713,60,37,9,19,Gold,7,8
CUST_03793,0,40,Tablet,2,89,Cash on Delivery,Male,3,2,Electronics,2,Married,3,0,24,1,18,7,288.44,9294.03,463.36,0.2659,48,48,10,19,Free,8,0
CUST_03794,0,54,Mobile Phone,1,50,Cash on Delivery,Female,1,8,Mobile Phone,1,Married,5,0,12,11,18,69,103.88,6887.09,1674.39,0.5394,66,54,11,29,Silver,10,4
CUST_03795,1,16,Computer,2,52,E-wallet,Male,2,10,Grocery,3,Single,6,0,5,15,5,11,9.54,4341.19,2462.19,0.6746,28,72,15,13,Silver,2,9
CUST_03796,0,41,Computer,3,69,Cash on Delivery,Male,1,4,Grocery,4,Single,2,0,31,1,13,6,307.91,2332.58,1273.99,0.5796,64,15,1,15,Silver,8,0
CUST_03797,0,3,Computer,2,23,E-wallet,Female,5,4,Grocery,5,Married,4,0,23,17,15,84,394.56,541.27,1020.27,0.413,35,71,9,21,Gold,3,5
CUST_03798,1,0,Mobile Phone,3,58,Credit Card,Male,1,1,Mobile Phone,3,Married,7,0,15,2,19,49,394.57,817.09,2402.94,0.5116,37,85,5,6,Silver,1,0
CUST_03799,1,3,Mobile Phone,3,77,Debit Card,Male,2,6,Laptop & Accessory,4,Married,3,0,28,11,7,33,300.43,4984.35,733.15,0.6732,60,90,12,3,Platinum,4,6
CUST_03800,0,56,Computer,1,79,UPI,Male,0,4,Grocery,3,Married,8,0,50,0,1,4,267.14,116.27,855.7,0.444,27,2,10,30,Platinum,6,1
CUST_03801,0,35,Mobile Phone,2,26,Credit Card,Female,5,1,Fashion,4,Married,7,0,44,2,7,58,149.75,4128.68,1083.8,0.0401,65,54,8,22,Silver,10,5
CUST_03802,0,49,Mobile Phone,2,10,Credit Card,Male,1,1,Others,5,Married,10,0,13,15,4,51,369.84,190.4,1322.35,0.2233,47,44,12,17,Gold,3,2
CUST_03803,0,1,Computer,2,23,Credit Card,Male,3,4,Others,5,Married,6,1,18,1,1,2,192.26,10347.15,182.39,0.248,49,32,6,8,Gold,9,5
CUST_03804,1,1,Computer,1,83,Cash on Delivery,Female,2,5,Laptop & Accessory,4,Single,9,0,40,18,4,64,290.87,2612.7,1036.33,0.7379,64,52,3,24,Silver,3,9
CUST_03805,0,51,Mobile Phone,1,30,UPI,Male,3,5,Fashion,5,Married,4,0,6,0,4,48,226.78,7997.01,1477.57,0.5536,47,82,6,20,Free,5,1
CUST_03806,0,6,Mobile Phone,1,10,Cash on Delivery,Female,3,8,Fashion,1,Single,7,1,49,13,1,78,358.77,10716.05,353.0,0.321,60,0,5,13,Platinum,8,6
CUST_03807,0,9,Tablet,2,62,E-wallet,Female,1,6,Fashion,4,Married,10,0,21,7,16,67,275.77,10685.85,1179.77,0.2641,32,59,12,14,Silver,3,9
CUST_03808,0,31,Mobile Phone,1,89,Credit Card,Male,2,8,Electronics,5,Married,9,0,25,12,13,54,122.72,9890.67,802.86,0.7213,42,21,7,29,Free,6,9
CUST_03809,0,37,Mobile Phone,1,26,E-wallet,Female,3,3,Fashion,5,Married,8,1,49,13,3,5,366.36,7637.07,323.23,0.5742,29,55,11,7,Silver,5,6
CUST_03810,0,13,Mobile Phone,2,9,Debit Card,Male,1,3,Laptop & Accessory,2,Married,5,0,10,13,8,19,70.77,2744.03,2294.24,0.1538,59,69,14,2,Free,6,6
CUST_03811,0,27,Mobile Phone,1,18,UPI,Female,0,6,Fashion,3,Divorced,6,0,8,11,17,27,85.11,5152.02,927.03,0.3559,65,67,0,23,Silver,2,4
CUST_03812,0,41,Tablet,3,17,E-wallet,Female,1,2,Electronics,4,Divorced,6,0,45,20,5,86,143.65,4969.11,1257.6,0.1694,27,10,5,6,Gold,10,10
CUST_03813,0,27,Mobile Phone,1,24,Debit Card,Male,2,8,Fashion,1,Married,3,0,36,10,4,29,147.08,7123.59,1335.65,0.7424,67,45,2,27,Gold,10,5
CUST_03814,0,23,Mobile Phone,1,22,E-wallet,Male,1,2,Mobile Phone,4,Married,3,0,20,17,15,47,329.35,4725.36,456.52,0.429,19,64,2,18,Silver,2,5
CUST_03815,1,4,Mobile Phone,3,66,UPI,Male,1,10,Electronics,2,Married,7,0,5,8,8,80,174.93,1205.06,1437.9,0.0611,60,64,11,17,Free,9,10
CUST_03816,0,27,Mobile Phone,3,26,Credit Card,Female,4,10,Laptop & Accessory,5,Married,7,1,27,12,14,2,349.24,616.07,652.33,0.2334,66,35,13,7,Gold,9,9
CUST_03817,0,48,Mobile Phone,2,57,E-wallet,Male,4,6,Fashion,4,Married,7,0,38,14,4,60,132.72,4942.62,1532.4,0.3985,60,89,12,25,Gold,4,7
CUST_03818,0,38,Tablet,2,43,Credit Card,Male,5,4,Laptop & Accessory,2,Divorced,7,0,2,8,0,80,154.79,10461.12,337.44,0.3847,68,20,6,23,Silver,7,9
CUST_03819,0,54,Computer,1,67,Cash on Delivery,Female,4,4,Grocery,1,Married,6,0,11,18,11,78,305.14,8492.66,1990.41,0.1653,64,65,5,26,Free,6,8
CUST_03820,0,7,Mobile Phone,2,67,UPI,Female,2,5,Others,4,Married,6,1,17,5,9,46,98.85,3738.07,2165.48,0.514,56,20,13,16,Free,0,4
CUST_03821,0,0,Mobile Phone,1,61,Credit Card,Female,5,5,Fashion,3,Married,7,0,14,17,17,34,49.46,11226.3,2452.01,0.175,27,69,12,7,Silver,2,9
CUST_03822,0,33,Mobile Phone,2,90,UPI,Female,5,1,Others,4,Married,4,0,28,3,15,16,55.46,7910.21,2243.96,0.7372,35,33,1,17,Gold,5,10
CUST_03823,1,10,Mobile Phone,1,23,Debit Card,Male,1,2,Others,1,Single,2,0,50,15,7,53,93.02,10082.97,1677.23,0.6184,28,63,2,18,Free,3,10
CUST_03824,0,36,Computer,2,55,Credit Card,Male,1,8,Electronics,3,Married,7,0,35,17,2,81,240.22,9907.35,404.31,0.3355,22,8,15,6,Gold,1,3
CUST_03825,0,55,Mobile Phone,1,42,UPI,Male,5,1,Mobile Phone,4,Married,4,0,26,6,11,47,16.23,7503.59,263.94,0.2748,43,58,11,30,Free,1,1
CUST_03826,0,20,Computer,1,56,Credit Card,Female,5,5,Laptop & Accessory,5,Married,8,1,48,5,16,60,265.42,11281.37,243.71,0.1325,19,52,15,12,Gold,1,8
CUST_03827,0,33,Phone,1,18,UPI,Female,5,9,Laptop & Accessory,2,Divorced,9,0,41,19,6,25,306.01,5453.98,2107.9,0.0632,27,58,13,3,Platinum,7,9
CUST_03828,0,41,Mobile Phone,2,35,Debit Card,Female,2,1,Fashion,2,Married,4,0,29,13,12,67,298.96,9447.52,1923.91,0.566,19,87,4,23,Silver,7,0
CUST_03829,1,9,Tablet,1,95,E-wallet,Female,5,10,Fashion,4,Married,2,0,2,18,0,38,252.9,2524.64,595.23,0.6652,59,89,10,20,Free,6,9
CUST_03830,0,54,Mobile Phone,2,81,E-wallet,Male,4,5,Mobile Phone,2,Married,1,0,13,19,15,32,175.87,11312.74,629.43,0.3745,33,47,0,1,Silver,9,3
CUST_03831,0,12,Mobile Phone,1,45,E-wallet,Female,4,5,Others,5,Single,6,0,47,19,17,22,392.87,8790.33,286.69,0.6715,62,59,7,11,Silver,10,9
CUST_03832,1,49,Phone,2,15,E-wallet,Female,3,8,Electronics,4,Married,9,1,28,17,5,59,36.17,3328.02,2431.04,0.7119,32,10,6,3,Free,7,10
CUST_03833,0,40,Mobile Phone,1,67,Credit Card,Female,1,8,Electronics,5,Married,9,0,47,13,14,1,302.88,7088.49,665.32,0.4428,49,4,0,12,Free,6,6
CUST_03834,1,8,Computer,3,33,UPI,Male,4,5,Grocery,1,Married,9,1,3,19,15,84,152.73,362.67,2126.9,0.1907,31,34,3,1,Free,3,0
CUST_03835,0,44,Computer,1,36,Debit Card,Male,5,1,Grocery,1,Married,1,0,9,6,5,88,330.35,6366.88,1924.67,0.6128,48,19,6,1,Gold,9,1
CUST_03836,0,11,Mobile Phone,1,14,Credit Card,Male,5,10,Others,5,Married,1,0,7,11,3,86,251.67,9159.69,2015.24,0.1642,64,47,12,25,Silver,0,10
CUST_03837,0,36,Phone,1,32,Debit Card,Male,3,1,Fashion,2,Married,10,0,4,9,8,87,55.57,4442.06,1590.1,0.697,38,25,11,8,Silver,4,7
CUST_03838,0,58,Mobile Phone,1,25,UPI,Female,0,9,Laptop & Accessory,2,Divorced,7,0,17,7,18,76,335.89,8899.64,572.25,0.1431,27,36,0,22,Gold,5,3
CUST_03839,1,58,Phone,2,8,Debit Card,Female,4,5,Mobile Phone,2,Single,9,1,50,6,7,75,30.54,8786.63,589.7,0.2662,31,61,0,26,Free,4,8
CUST_03840,0,53,Mobile Phone,1,61,Credit Card,Female,1,6,Mobile Phone,3,Single,10,1,1,20,4,38,324.29,11219.64,2337.33,0.0906,24,37,1,21,Gold,2,5
CUST_03841,0,30,Mobile Phone,3,98,UPI,Female,1,8,Others,5,Married,8,0,47,7,6,15,226.87,11528.13,1405.93,0.2123,56,14,6,1,Free,10,0
CUST_03842,0,34,Mobile Phone,2,17,Credit Card,Male,0,10,Grocery,4,Married,5,0,3,2,5,0,60.17,2578.25,1693.19,0.3781,39,44,10,25,Platinum,9,9
CUST_03843,0,18,Phone,1,10,Credit Card,Female,0,2,Fashion,1,Married,8,0,0,8,11,1,237.92,3952.88,1349.58,0.2912,43,81,5,9,Silver,9,9
CUST_03844,0,56,Mobile Phone,2,14,UPI,Female,2,9,Laptop & Accessory,5,Single,7,0,0,7,14,64,221.93,2776.02,889.05,0.4716,59,71,13,20,Silver,3,3
CUST_03845,0,29,Phone,1,57,Credit Card,Male,1,7,Electronics,3,Married,9,1,39,19,5,17,126.61,4731.54,1776.05,0.2745,47,15,11,30,Silver,7,8
CUST_03846,0,47,Mobile Phone,1,84,E-wallet,Male,2,4,Grocery,4,Single,9,0,9,16,7,14,324.98,569.28,2155.78,0.4271,43,74,0,1,Free,9,9
CUST_03847,0,21,Mobile Phone,1,34,E-wallet,Female,3,5,Electronics,2,Single,2,0,5,10,10,79,50.42,5826.74,622.74,0.4721,25,76,3,4,Silver,7,1
CUST_03848,0,45,Mobile Phone,1,16,E-wallet,Female,3,8,Laptop & Accessory,1,Single,9,0,42,17,6,14,55.9,10644.34,448.26,0.6942,53,60,4,25,Free,1,2
CUST_03849,0,13,Mobile Phone,1,14,Credit Card,Male,2,2,Grocery,3,Single,7,0,32,8,9,13,96.85,8735.66,211.49,0.6616,38,83,13,23,Gold,3,3
CUST_03850,0,44,Tablet,3,63,UPI,Male,2,6,Fashion,2,Married,8,0,17,4,1,43,346.24,6824.66,2262.75,0.1986,52,52,9,29,Platinum,0,2
CUST_03851,1,2,Mobile Phone,2,39,E-wallet,Female,5,8,Mobile Phone,1,Married,4,0,39,13,7,21,66.45,3072.85,1733.87,0.3533,19,90,11,30,Silver,1,7
CUST_03852,0,6,Computer,3,38,UPI,Female,1,6,Mobile Phone,4,Single,5,1,46,13,17,6,322.61,3036.97,1791.08,0.0746,26,10,4,2,Gold,0,10
CUST_03853,0,21,Computer,1,27,Debit Card,Female,0,5,Mobile Phone,5,Married,9,0,27,6,9,62,309.45,1081.04,183.15,0.1667,66,1,3,27,Silver,3,0
CUST_03854,0,29,Mobile Phone,3,91,E-wallet,Male,4,6,Electronics,5,Married,2,0,45,3,9,47,243.76,1084.54,1026.61,0.2205,57,37,10,6,Free,10,1
CUST_03855,1,43,Computer,1,40,Debit Card,Male,0,6,Laptop & Accessory,2,Single,6,0,17,0,12,43,187.84,9194.32,190.4,0.7158,50,43,0,26,Free,0,7
CUST_03856,0,21,Phone,1,72,E-wallet,Male,4,9,Others,4,Married,10,0,44,8,8,21,142.52,11308.78,1737.92,0.5669,24,51,9,19,Silver,5,9
CUST_03857,1,1,Computer,3,76,Credit Card,Female,1,9,Others,3,Single,8,0,32,15,8,59,86.35,10175.68,888.9,0.6725,48,71,12,30,Free,7,5
CUST_03858,0,19,Mobile Phone,1,10,Cash on Delivery,Female,5,10,Others,3,Divorced,2,0,10,16,5,51,278.01,11251.07,2452.73,0.224,55,69,8,30,Gold,7,3
CUST_03859,0,26,Computer,1,28,Credit Card,Female,1,1,Others,4,Married,2,0,32,6,15,51,184.68,1089.0,1816.12,0.6441,59,83,7,8,Free,6,7
CUST_03860,0,33,Computer,3,90,E-wallet,Male,0,4,Mobile Phone,2,Single,6,0,17,13,11,84,109.51,4332.77,399.6,0.579,66,27,12,16,Platinum,1,1
CUST_03861,0,39,Mobile Phone,2,89,Debit Card,Female,2,9,Fashion,2,Divorced,3,0,3,4,0,52,129.83,2926.97,496.22,0.1091,63,46,8,29,Platinum,2,10
CUST_03862,0,15,Computer,2,44,Credit Card,Male,2,7,Laptop & Accessory,3,Married,9,0,23,3,11,84,55.84,1261.33,348.63,0.2412,24,56,1,24,Silver,1,4
CUST_03863,0,37,Mobile Phone,1,19,E-wallet,Female,4,4,Others,4,Single,9,0,3,11,7,79,17.81,2912.03,661.28,0.5335,36,21,11,16,Silver,5,10
CUST_03864,1,38,Computer,1,33,E-wallet,Male,3,7,Electronics,3,Married,10,0,22,6,0,9,175.32,7730.13,2429.38,0.2446,24,50,1,22,Silver,2,7
CUST_03865,0,47,Tablet,3,96,E-wallet,Female,5,5,Laptop & Accessory,2,Married,4,0,45,3,10,19,390.48,5853.36,2464.15,0.1888,26,31,14,3,Platinum,0,6
CUST_03866,0,31,Tablet,1,69,UPI,Female,4,9,Others,1,Married,3,0,4,5,1,62,377.44,10918.28,752.92,0.7436,70,33,2,22,Platinum,1,3
CUST_03867,0,49,Phone,1,12,Credit Card,Female,1,6,Laptop & Accessory,3,Married,6,0,34,5,4,12,54.17,1677.66,648.3,0.3631,39,36,11,26,Silver,0,10
CUST_03868,0,13,Computer,1,73,Debit Card,Male,0,5,Electronics,1,Divorced,2,0,12,6,12,66,220.58,8229.96,678.64,0.2612,69,45,15,13,Free,0,2
CUST_03869,0,43,Computer,3,19,Credit Card,Female,1,7,Laptop & Accessory,3,Divorced,8,0,30,10,10,36,139.2,7094.79,1289.34,0.2676,69,72,13,4,Silver,2,3
CUST_03870,0,2,Mobile Phone,2,34,Credit Card,Female,5,2,Electronics,4,Single,9,1,31,18,5,28,259.91,8913.22,1230.18,0.4637,43,6,4,3,Gold,0,1
CUST_03871,1,6,Mobile Phone,2,51,Credit Card,Female,4,8,Others,3,Divorced,2,0,38,20,18,48,10.85,5672.89,1148.67,0.4837,48,84,2,5,Platinum,0,10
CUST_03872,0,52,Mobile Phone,3,38,UPI,Male,4,3,Others,3,Single,2,1,34,12,20,26,217.42,518.6,245.02,0.6491,25,19,6,18,Platinum,4,0
CUST_03873,0,28,Mobile Phone,1,72,Cash on Delivery,Male,1,1,Laptop & Accessory,2,Divorced,4,0,12,5,1,44,184.46,4763.86,683.0,0.4929,29,41,9,0,Gold,1,4
CUST_03874,0,37,Tablet,3,20,UPI,Female,2,1,Laptop & Accessory,2,Single,9,0,18,4,5,69,224.51,2616.04,1162.77,0.703,51,67,4,30,Free,4,5
CUST_03875,1,36,Phone,1,89,Debit Card,Male,4,1,Laptop & Accessory,5,Single,4,0,29,9,0,49,60.92,3771.46,578.32,0.4308,63,87,12,11,Silver,4,9
CUST_03876,0,42,Mobile Phone,1,61,Cash on Delivery,Female,5,2,Electronics,5,Married,8,0,15,14,3,89,247.49,2771.43,1580.14,0.3701,45,3,11,15,Platinum,5,4
CUST_03877,1,14,Mobile Phone,1,34,Debit Card,Female,3,1,Mobile Phone,1,Single,10,1,43,11,7,44,118.53,7646.04,427.26,0.5891,28,63,0,12,Silver,7,7
CUST_03878,0,10,Computer,3,96,UPI,Male,0,4,Fashion,2,Married,5,0,29,2,0,74,203.34,11081.77,929.98,0.16,38,50,4,21,Silver,6,1
CUST_03879,1,2,Mobile Phone,3,50,E-wallet,Male,5,10,Fashion,2,Single,2,1,34,14,19,47,347.6,1852.17,1909.46,0.4759,49,42,5,8,Gold,3,8
CUST_03880,0,52,Phone,2,44,Credit Card,Female,5,2,Fashion,4,Married,10,0,33,6,14,76,37.5,4722.08,1499.49,0.3003,56,39,9,26,Free,3,6
CUST_03881,0,13,Tablet,1,7,E-wallet,Female,0,7,Fashion,1,Divorced,4,1,18,10,1,84,159.03,3502.8,2285.34,0.1005,23,9,15,25,Free,2,7
CUST_03882,0,35,Mobile Phone,1,100,Debit Card,Male,2,9,Fashion,4,Married,6,0,36,18,6,80,219.34,1472.06,756.51,0.2385,30,10,1,23,Platinum,5,4
CUST_03883,0,27,Mobile Phone,1,86,Cash on Delivery,Female,5,9,Mobile Phone,1,Married,10,0,33,15,15,4,165.0,4851.81,75.26,0.4743,27,45,1,27,Gold,6,9
CUST_03884,0,9,Mobile Phone,1,21,Debit Card,Male,5,4,Fashion,5,Divorced,9,1,41,11,5,13,191.85,9571.9,1290.35,0.7064,59,69,13,23,Silver,10,10
CUST_03885,0,25,Mobile Phone,1,95,Credit Card,Male,5,1,Electronics,1,Single,9,0,17,18,9,85,288.22,3372.69,592.07,0.414,32,35,9,9,Platinum,3,9
CUST_03886,0,5,Mobile Phone,2,81,UPI,Female,5,4,Laptop & Accessory,5,Single,4,1,29,4,2,71,267.97,3194.24,351.93,0.3097,52,65,15,20,Silver,7,2
CUST_03887,0,10,Mobile Phone,2,45,Debit Card,Male,0,7,Others,5,Single,7,0,45,5,18,53,190.91,11143.18,93.63,0.6712,24,11,12,16,Free,7,1
CUST_03888,1,8,Mobile Phone,3,94,UPI,Female,0,8,Fashion,4,Single,4,0,19,5,1,58,102.82,7792.52,1487.11,0.1494,24,55,5,21,Silver,8,10
CUST_03889,0,50,Mobile Phone,2,58,Debit Card,Male,2,2,Mobile Phone,5,Single,6,0,42,17,2,4,103.22,3472.13,996.31,0.0609,23,80,4,29,Gold,6,5
CUST_03890,0,34,Mobile Phone,1,71,E-wallet,Female,3,4,Fashion,3,Married,4,0,17,17,4,46,305.65,477.01,842.1,0.2424,40,0,1,2,Silver,9,7
CUST_03891,0,56,Computer,2,22,Cash on Delivery,Female,2,7,Others,4,Single,9,0,6,5,7,4,180.14,11892.72,984.51,0.0655,19,10,11,5,Free,8,5
CUST_03892,0,26,Mobile Phone,1,15,E-wallet,Female,1,8,Electronics,4,Married,8,1,1,4,8,57,131.7,11714.61,1919.74,0.3146,45,63,5,29,Silver,2,2
CUST_03893,1,12,Phone,2,55,Cash on Delivery,Female,1,4,Electronics,1,Married,10,0,25,16,14,52,274.01,8060.28,618.73,0.1808,32,85,0,6,Free,7,2
CUST_03894,0,37,Mobile Phone,2,36,Cash on Delivery,Male,3,9,Mobile Phone,5,Married,3,1,21,9,13,58,201.11,1587.33,1298.71,0.1407,43,58,2,15,Free,2,8
CUST_03895,0,56,Mobile Phone,1,99,Credit Card,Male,5,9,Others,4,Married,10,0,12,13,0,62,176.52,8712.56,2485.29,0.1444,50,2,15,11,Gold,6,2
CUST_03896,0,32,Mobile Phone,1,13,UPI,Female,4,4,Electronics,3,Single,3,0,44,4,2,90,55.47,5489.21,172.32,0.1867,42,13,14,25,Silver,2,7
CUST_03897,1,1,Computer,3,78,E-wallet,Female,1,6,Laptop & Accessory,2,Married,7,0,42,11,6,47,360.25,657.45,1661.24,0.405,60,17,12,7,Silver,3,10
CUST_03898,0,18,Mobile Phone,2,62,Credit Card,Male,0,5,Fashion,4,Married,2,1,32,14,7,73,332.25,1664.77,1722.87,0.0013,59,9,15,4,Silver,4,2
CUST_03899,0,56,Mobile Phone,2,89,UPI,Female,1,7,Others,5,Married,8,0,39,9,16,40,334.86,593.85,1085.72,0.4628,50,64,8,1,Silver,3,9
CUST_03900,0,31,Mobile Phone,2,100,Credit Card,Female,4,4,Grocery,1,Married,8,1,30,17,20,67,74.97,1468.25,2027.65,0.528,46,24,4,9,Free,10,1
CUST_03901,0,58,Tablet,2,88,Cash on Delivery,Female,0,4,Grocery,5,Married,8,0,32,11,5,25,201.71,6700.08,1694.95,0.5361,48,86,10,27,Gold,8,4
CUST_03902,0,31,Mobile Phone,1,40,E-wallet,Female,4,5,Fashion,3,Married,3,0,11,11,14,39,379.07,8855.95,1795.08,0.3808,29,15,12,26,Gold,9,0
CUST_03903,0,0,Mobile Phone,3,71,Credit Card,Female,3,3,Laptop & Accessory,4,Married,9,0,0,4,5,55,371.1,11742.22,367.06,0.3482,44,5,3,1,Silver,6,2
CUST_03904,0,53,Phone,3,20,E-wallet,Male,3,6,Others,1,Married,2,0,30,14,20,88,15.53,11813.11,1391.03,0.4513,49,74,12,30,Silver,4,7
CUST_03905,0,46,Mobile Phone,1,51,Debit Card,Female,5,10,Electronics,1,Married,8,0,5,10,13,81,2.75,9769.07,459.96,0.2242,67,22,10,11,Free,0,3
CUST_03906,0,43,Mobile Phone,1,30,E-wallet,Female,3,4,Mobile Phone,4,Married,5,0,9,13,1,24,204.5,682.25,245.22,0.0859,33,69,12,4,Free,5,9
CUST_03907,0,59,Phone,2,29,Credit Card,Female,3,9,Mobile Phone,2,Married,2,0,26,12,1,38,84.81,5482.65,1090.06,0.3812,55,54,11,2,Silver,6,3
CUST_03908,1,11,Mobile Phone,2,59,Credit Card,Female,2,5,Grocery,2,Single,10,1,17,7,8,7,84.14,684.16,291.82,0.6504,28,68,1,9,Free,9,6
CUST_03909,0,55,Mobile Phone,1,17,Cash on Delivery,Male,3,2,Electronics,4,Divorced,8,0,20,8,9,63,185.98,7679.1,50.96,0.3646,22,85,14,10,Free,1,9
CUST_03910,0,14,Mobile Phone,2,59,Cash on Delivery,Female,2,5,Laptop & Accessory,2,Divorced,2,0,29,6,4,6,18.84,1961.15,2429.24,0.2097,70,11,13,19,Gold,6,9
CUST_03911,0,59,Mobile Phone,2,43,Credit Card,Female,0,5,Grocery,2,Single,4,0,43,8,1,1,267.8,7917.91,2198.4,0.1585,31,38,1,3,Silver,2,3
CUST_03912,1,11,Phone,2,27,Credit Card,Female,0,1,Others,2,Single,8,0,2,17,19,67,140.34,3111.52,505.42,0.0496,51,10,7,15,Free,4,10
CUST_03913,1,33,Computer,1,58,Debit Card,Female,4,5,Fashion,2,Married,2,0,14,7,14,40,29.19,7859.85,417.22,0.6935,31,52,9,3,Gold,4,6
CUST_03914,0,48,Computer,1,77,Credit Card,Female,3,2,Laptop & Accessory,4,Single,5,0,15,2,19,16,339.72,8799.33,890.5,0.2458,35,83,13,19,Silver,0,4
CUST_03915,1,4,Mobile Phone,1,63,Cash on Delivery,Male,2,8,Laptop & Accessory,1,Single,2,1,12,17,6,69,209.78,3532.0,325.94,0.6736,58,32,10,19,Gold,6,9
CUST_03916,1,4,Computer,3,13,Cash on Delivery,Female,4,6,Laptop & Accessory,5,Married,1,0,4,4,11,70,366.02,11900.66,880.39,0.7088,32,46,5,21,Silver,4,9
CUST_03917,0,51,Computer,2,58,Cash on Delivery,Female,2,4,Others,4,Married,3,0,13,8,13,76,1.76,2840.44,1778.12,0.3334,21,11,11,13,Silver,6,6
CUST_03918,0,3,Mobile Phone,1,64,UPI,Female,1,1,Fashion,1,Single,8,0,8,4,6,74,233.9,1260.1,636.59,0.3165,39,10,14,13,Gold,2,1
CUST_03919,0,37,Phone,3,70,Cash on Delivery,Male,3,6,Laptop & Accessory,3,Divorced,6,1,44,12,13,48,187.91,7049.79,1957.59,0.2368,58,2,6,8,Silver,9,10
CUST_03920,0,57,Computer,1,45,UPI,Female,2,8,Others,1,Single,4,0,17,5,11,86,374.97,4991.85,2311.08,0.4785,58,33,3,28,Silver,0,4
CUST_03921,0,37,Computer,2,14,Cash on Delivery,Male,5,5,Electronics,1,Single,3,0,17,20,17,51,70.72,9980.3,143.17,0.1604,49,61,7,29,Silver,4,0
CUST_03922,0,29,Mobile Phone,1,17,UPI,Male,4,10,Laptop & Accessory,4,Single,9,0,35,8,18,63,218.3,6240.07,1374.44,0.2534,58,0,2,3,Gold,0,6
CUST_03923,0,25,Mobile Phone,2,36,Cash on Delivery,Male,4,2,Electronics,2,Divorced,7,1,30,0,19,12,68.9,3136.74,237.36,0.2208,60,79,8,30,Gold,9,10
CUST_03924,0,38,Computer,2,65,Cash on Delivery,Male,4,8,Mobile Phone,3,Married,9,0,13,11,12,49,343.63,6339.19,1400.29,0.2808,47,56,0,17,Gold,6,3
CUST_03925,0,34,Computer,2,75,Cash on Delivery,Female,4,5,Laptop & Accessory,2,Single,10,0,15,4,1,26,133.99,10375.61,141.18,0.0558,42,14,0,18,Platinum,7,10
CUST_03926,0,30,Mobile Phone,1,69,E-wallet,Female,4,4,Laptop & Accessory,2,Married,7,0,1,7,16,72,180.08,2918.05,1268.32,0.3967,61,44,4,20,Platinum,4,2
CUST_03927,0,9,Mobile Phone,1,34,Debit Card,Male,2,3,Grocery,4,Single,1,0,11,19,8,60,275.06,1541.17,1096.14,0.0687,54,52,3,6,Free,7,5
CUST_03928,0,40,Phone,1,47,E-wallet,Female,4,5,Others,4,Single,10,0,20,3,14,63,108.32,10489.39,2396.23,0.5877,46,81,6,29,Silver,9,1
CUST_03929,1,45,Mobile Phone,3,9,Credit Card,Female,0,1,Others,1,Single,2,0,21,15,14,69,48.29,10354.26,495.2,0.3152,23,67,12,28,Silver,3,9
CUST_03930,0,43,Mobile Phone,1,81,UPI,Female,3,7,Electronics,5,Married,8,0,11,14,2,57,178.54,10220.16,315.65,0.552,60,76,12,12,Free,6,4
CUST_03931,0,4,Computer,2,38,UPI,Male,3,5,Others,3,Married,3,0,44,7,4,7,147.4,3361.99,228.95,0.0977,20,27,4,11,Silver,2,10
CUST_03932,0,42,Mobile Phone,2,53,E-wallet,Male,0,7,Mobile Phone,2,Married,8,0,39,9,15,20,141.84,9573.56,392.14,0.434,60,4,1,27,Free,0,4
CUST_03933,1,44,Mobile Phone,1,48,Credit Card,Female,3,6,Laptop & Accessory,1,Single,9,0,22,1,11,87,3.07,3158.29,1486.37,0.1435,47,34,0,15,Silver,5,10
CUST_03934,1,11,Mobile Phone,1,32,Debit Card,Male,0,10,Laptop & Accessory,3,Divorced,8,0,41,10,4,63,311.72,7487.17,2434.7,0.4348,47,80,3,8,Gold,5,1
CUST_03935,0,51,Phone,1,21,UPI,Female,4,1,Mobile Phone,4,Divorced,3,0,15,10,17,86,295.92,1542.73,1509.59,0.317,68,84,13,22,Free,3,7
CUST_03936,0,31,Mobile Phone,2,96,E-wallet,Female,3,5,Electronics,1,Single,7,0,34,12,18,6,281.62,5091.77,1647.28,0.4849,27,42,9,0,Platinum,6,2
CUST_03937,0,28,Computer,3,16,UPI,Male,3,6,Laptop & Accessory,2,Married,2,0,40,16,4,17,164.47,10898.1,1557.72,0.068,40,30,0,22,Platinum,3,9
CUST_03938,0,44,Tablet,1,95,Cash on Delivery,Male,3,3,Fashion,5,Married,9,0,31,19,6,60,198.21,337.18,479.63,0.6763,56,54,12,20,Silver,9,4
CUST_03939,0,31,Computer,3,15,Credit Card,Female,1,7,Electronics,1,Divorced,2,0,15,8,4,4,265.5,1929.63,2364.23,0.3617,65,24,6,14,Platinum,8,2
CUST_03940,0,33,Mobile Phone,1,14,E-wallet,Male,3,4,Others,5,Married,9,0,37,18,11,6,382.17,7706.4,2479.98,0.5047,62,12,11,17,Free,10,9
CUST_03941,0,19,Mobile Phone,1,91,Cash on Delivery,Male,1,8,Laptop & Accessory,2,Single,2,0,5,17,16,31,112.99,9559.87,432.57,0.1925,54,8,10,16,Silver,5,6
CUST_03942,0,56,Mobile Phone,3,95,Credit Card,Male,4,10,Mobile Phone,3,Married,3,1,19,6,6,61,299.01,5301.05,659.66,0.5424,46,88,12,7,Free,4,4
CUST_03943,0,59,Computer,3,90,Cash on Delivery,Female,0,9,Laptop & Accessory,4,Married,8,1,43,6,0,87,245.98,9173.57,1447.18,0.705,66,55,15,30,Free,5,10
CUST_03944,1,7,Tablet,1,79,Credit Card,Female,0,7,Laptop & Accessory,5,Married,10,0,33,11,0,88,253.91,11681.76,2301.72,0.7175,55,69,12,15,Gold,2,9
CUST_03945,0,44,Computer,2,52,UPI,Male,4,8,Fashion,4,Single,8,0,18,10,5,40,37.46,8376.22,1473.42,0.598,47,42,6,15,Silver,7,10
CUST_03946,1,1,Mobile Phone,3,15,Cash on Delivery,Female,0,9,Mobile Phone,2,Married,4,0,21,7,16,66,305.55,5370.16,974.21,0.3001,43,27,2,18,Platinum,5,10
CUST_03947,0,22,Mobile Phone,2,61,E-wallet,Male,5,10,Others,1,Married,4,0,20,1,7,28,164.31,7599.09,980.86,0.1377,35,87,10,21,Silver,2,9
CUST_03948,0,59,Phone,2,54,Credit Card,Male,0,8,Fashion,4,Married,7,0,21,16,15,64,131.81,3747.63,1030.3,0.1994,18,88,4,14,Platinum,2,9
CUST_03949,1,10,Mobile Phone,1,75,Debit Card,Male,3,10,Mobile Phone,3,Married,5,0,11,11,19,81,172.98,1238.06,2330.22,0.5643,56,53,0,6,Silver,7,0
CUST_03950,0,22,Phone,1,8,Cash on Delivery,Female,5,10,Fashion,4,Married,3,0,40,3,19,57,348.77,1827.03,1939.11,0.2123,59,83,14,12,Silver,3,6
CUST_03951,0,13,Mobile Phone,2,12,Debit Card,Female,4,2,Electronics,5,Married,7,0,4,18,6,12,261.24,5307.26,2011.46,0.2108,20,21,7,19,Silver,7,10
CUST_03952,0,44,Computer,2,61,Cash on Delivery,Male,3,6,Fashion,5,Single,5,1,40,19,12,25,3.74,3470.98,155.72,0.2054,41,10,11,7,Platinum,1,5
CUST_03953,0,28,Phone,1,87,Credit Card,Male,4,4,Laptop & Accessory,3,Married,10,0,28,3,15,85,93.8,631.09,808.3,0.2407,35,5,0,5,Free,8,8
CUST_03954,0,36,Mobile Phone,1,94,Credit Card,Female,4,10,Fashion,4,Married,1,0,20,11,3,71,277.88,4597.18,1969.73,0.4087,69,31,15,4,Silver,7,7
CUST_03955,0,57,Mobile Phone,1,59,UPI,Male,0,8,Grocery,4,Divorced,8,0,40,12,14,73,350.24,10242.29,340.47,0.522,61,81,11,11,Free,7,10
CUST_03956,0,31,Phone,2,40,Cash on Delivery,Female,1,9,Mobile Phone,1,Single,8,0,47,4,3,4,215.23,1067.11,690.69,0.292,19,7,15,24,Silver,7,0
CUST_03957,0,44,Mobile Phone,1,50,Debit Card,Male,1,4,Grocery,2,Single,9,0,21,6,11,34,236.89,10834.26,2066.0,0.2896,39,67,9,13,Free,5,7
CUST_03958,1,5,Mobile Phone,1,53,E-wallet,Female,1,9,Mobile Phone,1,Married,8,0,27,8,8,46,112.43,1996.09,1418.38,0.6231,64,17,0,9,Silver,4,3
CUST_03959,0,13,Mobile Phone,1,64,E-wallet,Female,1,1,Others,2,Married,10,0,22,7,8,71,56.04,5561.76,1383.01,0.1487,52,54,6,20,Free,6,1
CUST_03960,0,57,Mobile Phone,3,26,Credit Card,Male,3,10,Others,1,Married,4,0,24,14,6,9,175.03,10704.72,773.15,0.4581,25,76,9,24,Free,0,7
CUST_03961,0,52,Computer,2,42,Debit Card,Female,5,3,Electronics,5,Single,4,0,18,0,10,68,215.3,1019.32,277.07,0.4167,40,41,12,2,Gold,8,9
CUST_03962,0,40,Mobile Phone,1,56,UPI,Male,3,6,Others,5,Married,10,0,25,13,8,55,225.84,7061.3,2169.36,0.3449,22,51,12,29,Free,6,3
CUST_03963,1,23,Mobile Phone,1,86,UPI,Male,0,8,Laptop & Accessory,4,Single,1,1,1,11,5,52,76.11,9048.39,494.9,0.6766,30,3,3,3,Free,6,5
CUST_03964,0,12,Phone,1,82,Debit Card,Male,4,8,Grocery,3,Married,9,0,39,15,4,78,30.84,6956.92,1340.31,0.0087,39,85,10,22,Silver,2,4
CUST_03965,1,51,Mobile Phone,2,77,UPI,Male,3,3,Fashion,1,Married,8,0,4,20,10,71,134.26,586.82,1501.49,0.602,64,52,14,1,Silver,10,3
CUST_03966,0,47,Mobile Phone,2,25,E-wallet,Female,4,6,Electronics,3,Married,6,0,49,9,20,64,321.14,6596.62,1218.67,0.3059,27,49,1,9,Silver,1,4
CUST_03967,0,14,Computer,2,44,Debit Card,Male,2,6,Laptop & Accessory,1,Married,2,0,19,3,13,45,109.13,1857.44,2043.08,0.6182,45,11,3,11,Silver,7,0
CUST_03968,0,35,Phone,2,58,Debit Card,Male,2,8,Mobile Phone,1,Single,7,0,35,9,1,88,273.48,4918.0,62.27,0.3391,52,10,10,6,Silver,5,10
CUST_03969,1,37,Computer,1,97,Cash on Delivery,Female,3,4,Mobile Phone,1,Married,5,1,1,4,1,76,103.87,2767.59,938.26,0.1363,58,68,9,6,Free,3,2
CUST_03970,0,29,Phone,1,39,UPI,Male,4,8,Grocery,3,Divorced,1,0,17,10,15,27,93.96,9101.46,1765.52,0.4237,50,88,7,11,Silver,3,7
CUST_03971,1,56,Mobile Phone,1,93,Cash on Delivery,Female,1,7,Others,4,Married,8,1,48,4,11,72,84.45,9705.54,168.16,0.73,24,81,12,23,Free,4,1
CUST_03972,0,7,Mobile Phone,2,76,Cash on Delivery,Male,3,8,Others,3,Married,9,0,26,0,11,51,171.44,2558.11,2306.3,0.081,62,39,9,15,Free,4,1
CUST_03973,0,15,Tablet,1,65,Cash on Delivery,Female,5,9,Fashion,4,Married,6,0,23,11,7,82,107.48,7730.47,978.29,0.6636,68,84,0,25,Platinum,8,0
CUST_03974,0,5,Phone,2,72,Cash on Delivery,Female,0,5,Laptop & Accessory,3,Married,2,0,15,6,11,34,144.98,9706.25,1508.12,0.4672,63,63,12,25,Gold,8,7
CUST_03975,0,42,Computer,1,81,Cash on Delivery,Female,1,5,Others,5,Single,4,0,35,3,12,72,230.66,5286.75,73.18,0.6165,27,5,6,7,Free,6,5
CUST_03976,0,39,Mobile Phone,2,72,UPI,Female,3,8,Grocery,2,Divorced,6,0,33,0,12,23,332.72,11013.64,1371.39,0.6186,33,50,2,13,Silver,9,1
CUST_03977,0,60,Mobile Phone,1,69,UPI,Female,5,8,Laptop & Accessory,2,Single,6,0,26,19,19,83,306.44,2694.2,555.96,0.0921,21,39,6,19,Silver,4,2
CUST_03978,0,33,Mobile Phone,1,41,Debit Card,Male,5,9,Grocery,1,Single,6,0,50,17,18,15,174.92,1604.25,872.69,0.2981,58,63,5,8,Platinum,9,9
CUST_03979,0,9,Phone,2,46,UPI,Male,3,6,Others,2,Single,3,0,28,14,17,16,120.97,1922.14,2347.82,0.4297,29,54,7,15,Platinum,6,3
CUST_03980,1,27,Phone,1,62,Cash on Delivery,Female,3,7,Others,1,Married,8,1,44,7,14,89,262.68,10962.41,1808.83,0.6133,67,35,0,9,Free,6,6
CUST_03981,0,5,Mobile Phone,1,85,Cash on Delivery,Male,2,1,Others,1,Married,1,0,24,13,14,25,173.31,7480.62,1632.81,0.2251,51,41,3,6,Gold,9,8
CUST_03982,0,40,Mobile Phone,1,67,Cash on Delivery,Male,2,5,Others,5,Married,10,0,24,11,5,47,302.91,1488.78,2472.42,0.7229,34,10,9,2,Free,1,7
CUST_03983,0,41,Mobile Phone,2,99,Debit Card,Male,4,3,Grocery,3,Single,5,0,29,0,18,41,343.74,4729.03,488.0,0.032,42,60,5,19,Gold,10,1
CUST_03984,0,52,Mobile Phone,1,70,Cash on Delivery,Female,3,9,Grocery,4,Married,9,0,17,19,5,71,114.65,3745.59,199.2,0.4289,36,47,1,14,Platinum,3,9
CUST_03985,0,20,Computer,3,44,UPI,Female,3,2,Laptop & Accessory,2,Single,1,0,40,9,2,22,154.0,10536.21,1932.98,0.4868,22,46,4,22,Free,8,3
CUST_03986,1,18,Computer,3,60,Debit Card,Female,5,8,Grocery,4,Married,7,1,23,9,17,30,11.56,4319.16,106.52,0.4317,26,82,4,2,Free,5,10
CUST_03987,0,4,Mobile Phone,3,64,Credit Card,Male,0,9,Others,3,Single,10,0,13,16,8,81,171.77,1118.45,1959.03,0.0448,46,9,13,25,Gold,6,3
CUST_03988,0,25,Computer,1,88,Debit Card,Female,5,5,Electronics,5,Married,10,0,16,14,10,83,175.31,230.61,1289.97,0.3405,70,27,12,29,Silver,6,8
CUST_03989,0,28,Tablet,2,29,Cash on Delivery,Female,4,7,Others,4,Married,5,0,16,10,13,16,366.67,6897.69,605.95,0.1444,27,13,11,9,Silver,5,6
CUST_03990,0,46,Mobile Phone,1,28,Debit Card,Female,3,6,Mobile Phone,3,Married,4,0,50,17,14,44,162.4,1897.15,1618.82,0.408,68,41,1,30,Silver,1,5
CUST_03991,1,45,Mobile Phone,3,24,Credit Card,Male,3,7,Mobile Phone,4,Married,9,0,16,15,1,41,170.25,11913.16,1260.59,0.2744,26,58,4,4,Free,4,10
CUST_03992,0,8,Mobile Phone,2,10,Debit Card,Female,3,7,Others,4,Divorced,7,0,10,12,7,46,131.62,10890.2,513.91,0.6196,55,37,5,16,Silver,3,1
CUST_03993,0,17,Mobile Phone,1,69,E-wallet,Male,3,3,Others,5,Married,10,0,34,14,16,47,41.35,6285.21,2024.47,0.0479,66,72,8,28,Free,3,9
CUST_03994,0,31,Mobile Phone,1,97,Credit Card,Male,2,7,Grocery,3,Married,3,0,41,3,15,4,241.39,8423.21,758.62,0.3202,19,5,12,13,Free,9,10
CUST_03995,0,20,Computer,3,63,Credit Card,Male,4,10,Others,5,Single,5,0,21,19,13,79,84.51,2464.86,650.29,0.6441,33,1,10,28,Free,2,1
CUST_03996,0,1,Mobile Phone,3,10,UPI,Female,1,4,Electronics,1,Married,4,0,21,18,8,22,208.32,341.12,1754.37,0.4916,45,90,12,6,Platinum,10,6
CUST_03997,0,51,Mobile Phone,2,40,Debit Card,Male,3,4,Mobile Phone,1,Married,5,0,30,7,7,23,307.47,413.83,1077.97,0.1321,46,31,14,8,Free,1,6
CUST_03998,0,44,Phone,2,91,E-wallet,Female,3,3,Grocery,2,Married,9,0,33,0,10,73,293.49,6845.32,891.94,0.606,64,88,11,19,Silver,2,6
CUST_03999,0,31,Mobile Phone,2,9,Debit Card,Female,2,10,Fashion,5,Married,9,0,5,17,3,88,43.75,2120.28,1422.14,0.2517,35,20,4,1,Platinum,1,7
CUST_04000,0,19,Computer,3,63,UPI,Male,4,9,Electronics,5,Married,6,0,47,10,19,82,168.35,8605.74,1665.78,0.3915,22,46,9,7,Platinum,8,8
CUST_04001,0,51,Computer,2,47,Debit Card,Male,1,4,Fashion,3,Divorced,1,0,19,5,3,26,319.89,8454.43,354.77,0.4399,52,86,7,21,Gold,0,2
CUST_04002,0,2,Phone,1,93,Debit Card,Female,3,10,Mobile Phone,3,Single,5,0,30,20,10,67,2.78,11551.23,2243.51,0.0885,40,7,11,4,Free,2,8
CUST_04003,0,27,Computer,2,54,Debit Card,Female,1,8,Fashion,3,Married,5,0,2,11,15,14,59.01,9284.75,962.3,0.4961,28,30,10,11,Silver,0,0
CUST_04004,0,48,Phone,3,59,Debit Card,Male,1,5,Fashion,2,Married,8,0,31,4,4,36,167.03,6807.01,528.65,0.513,22,55,10,17,Silver,1,5
CUST_04005,0,58,Computer,1,74,Cash on Delivery,Male,3,9,Others,3,Single,3,0,5,12,20,23,202.49,4213.94,367.09,0.4758,35,40,5,23,Platinum,4,5
CUST_04006,0,15,Mobile Phone,1,83,Cash on Delivery,Male,5,10,Laptop & Accessory,5,Single,6,0,1,15,11,20,208.9,11496.54,2252.88,0.5076,65,34,8,16,Gold,1,7
CUST_04007,0,39,Mobile Phone,1,54,Credit Card,Female,1,9,Others,4,Married,8,0,48,9,3,80,356.48,2320.52,205.76,0.1802,20,66,3,2,Platinum,6,9
CUST_04008,0,11,Mobile Phone,1,74,UPI,Female,0,5,Mobile Phone,1,Single,6,1,6,14,0,80,299.65,2476.65,1786.23,0.1727,51,27,6,18,Free,9,0
CUST_04009,0,7,Mobile Phone,2,82,Debit Card,Male,0,3,Mobile Phone,2,Married,9,0,38,2,6,13,380.46,7603.31,100.0,0.1865,31,10,15,14,Platinum,10,0
CUST_04010,0,21,Mobile Phone,1,55,E-wallet,Male,2,2,Fashion,4,Single,3,0,27,5,5,33,386.25,11843.42,2203.0,0.1978,50,46,1,12,Gold,5,1
CUST_04011,0,53,Mobile Phone,2,73,Credit Card,Male,4,9,Grocery,3,Single,7,0,12,9,1,2,20.21,1087.32,2280.49,0.2718,64,25,12,10,Platinum,8,3
CUST_04012,0,42,Mobile Phone,1,39,UPI,Female,4,8,Others,4,Married,5,0,18,2,12,75,40.16,11879.72,704.86,0.1876,34,7,13,25,Gold,6,5
CUST_04013,0,29,Mobile Phone,3,39,Debit Card,Female,1,8,Grocery,4,Single,5,0,7,4,10,26,322.39,4770.38,202.24,0.7254,39,81,9,19,Gold,0,3
CUST_04014,0,17,Mobile Phone,3,5,Debit Card,Male,5,1,Laptop & Accessory,2,Single,5,0,31,11,1,54,373.93,7704.13,146.06,0.0627,39,8,7,1,Free,9,3
CUST_04015,1,8,Computer,2,69,E-wallet,Male,0,10,Fashion,3,Married,6,1,42,10,17,49,273.07,8244.07,2397.24,0.6364,55,58,14,21,Free,8,6
CUST_04016,0,16,Computer,2,29,UPI,Female,3,2,Others,1,Married,6,1,19,7,9,18,3.75,6728.74,1621.29,0.2676,58,42,12,9,Free,6,5
CUST_04017,0,9,Phone,1,83,Debit Card,Female,5,6,Electronics,4,Married,6,1,47,0,12,32,38.14,11024.83,2383.74,0.4557,39,44,14,29,Silver,8,2
CUST_04018,0,11,Mobile Phone,3,96,E-wallet,Female,4,10,Mobile Phone,3,Married,10,0,8,8,12,10,386.6,3945.12,1226.92,0.2376,22,62,7,13,Gold,0,5
CUST_04019,1,41,Phone,2,89,Cash on Delivery,Male,4,3,Grocery,2,Married,7,1,47,10,17,14,35.9,8850.93,2015.22,0.6765,46,58,11,10,Free,4,8
CUST_04020,0,8,Computer,1,31,Credit Card,Female,1,6,Electronics,4,Married,6,0,40,20,4,77,360.32,6566.44,2374.05,0.0497,54,21,10,3,Platinum,6,2
CUST_04021,0,2,Mobile Phone,3,67,UPI,Female,4,9,Mobile Phone,5,Married,10,0,3,7,0,33,149.62,9225.68,665.25,0.1982,42,57,12,4,Gold,6,4
CUST_04022,0,33,Tablet,1,77,UPI,Female,2,3,Grocery,5,Married,3,1,43,10,4,41,372.19,10394.5,269.73,0.7208,44,20,15,22,Gold,0,2
CUST_04023,0,17,Mobile Phone,2,53,UPI,Male,2,2,Fashion,1,Single,3,1,3,0,14,63,79.11,4754.11,737.87,0.2684,53,22,8,29,Platinum,6,8
CUST_04024,0,27,Computer,1,53,Debit Card,Male,3,5,Mobile Phone,5,Married,2,0,49,3,14,79,388.93,225.6,1392.61,0.1886,40,84,1,12,Silver,4,9
CUST_04025,0,8,Computer,2,47,E-wallet,Male,3,8,Others,3,Married,3,0,34,13,6,39,208.38,9472.26,1753.85,0.2226,55,86,8,17,Free,10,7
CUST_04026,0,12,Mobile Phone,1,34,E-wallet,Male,1,6,Mobile Phone,1,Married,1,0,10,10,20,79,307.06,1686.65,2440.4,0.0862,51,22,4,29,Silver,8,1
CUST_04027,0,26,Computer,1,60,Credit Card,Female,5,5,Mobile Phone,2,Single,2,0,46,6,14,52,84.2,3442.52,1972.59,0.2547,23,30,3,28,Silver,3,5
CUST_04028,0,42,Mobile Phone,2,100,E-wallet,Female,5,7,Laptop & Accessory,2,Single,7,0,15,8,6,4,53.21,6941.45,264.34,0.2388,18,44,4,21,Platinum,9,2
CUST_04029,0,25,Mobile Phone,3,26,E-wallet,Female,1,1,Fashion,2,Single,7,0,6,12,20,86,93.27,2336.76,2305.4,0.2092,69,37,12,25,Free,6,6
CUST_04030,0,33,Mobile Phone,1,9,Debit Card,Female,1,4,Grocery,4,Single,7,1,14,9,4,23,298.93,10277.08,2120.13,0.0611,46,27,14,16,Free,4,8
CUST_04031,0,31,Mobile Phone,2,10,UPI,Male,0,9,Others,3,Married,10,0,44,18,0,68,0.26,3463.14,577.19,0.4459,59,10,4,15,Gold,6,6
CUST_04032,0,16,Mobile Phone,2,60,Credit Card,Female,2,4,Electronics,4,Married,9,0,47,4,20,79,275.91,4023.92,2236.19,0.515,48,76,1,13,Gold,6,2
CUST_04033,0,17,Computer,3,30,Debit Card,Female,1,10,Others,5,Single,4,0,47,18,9,73,40.96,8705.62,606.58,0.5269,31,47,10,2,Gold,3,7
CUST_04034,0,25,Mobile Phone,1,49,Debit Card,Female,5,6,Others,1,Married,2,0,30,19,17,55,265.13,1478.93,1335.0,0.1211,23,22,13,18,Platinum,8,6
CUST_04035,0,1,Mobile Phone,2,96,E-wallet,Male,5,10,Electronics,5,Married,5,0,9,10,18,26,120.86,7953.3,1934.12,0.4854,63,55,15,9,Silver,2,9
CUST_04036,0,41,Computer,3,12,Credit Card,Male,4,7,Others,1,Single,10,0,47,3,19,58,360.36,425.72,284.66,0.6669,24,8,1,22,Platinum,3,0
CUST_04037,1,37,Mobile Phone,1,21,Debit Card,Male,1,5,Mobile Phone,1,Single,10,1,26,9,15,46,125.67,8302.56,1783.05,0.7335,39,45,10,21,Platinum,5,9
CUST_04038,0,18,Mobile Phone,1,25,UPI,Male,4,10,Electronics,1,Married,3,0,45,19,0,60,364.27,4825.45,1318.51,0.6705,38,66,15,10,Free,6,0
CUST_04039,0,22,Computer,3,48,E-wallet,Female,2,3,Grocery,1,Married,2,1,4,11,11,31,227.15,9190.11,1298.57,0.1028,27,68,12,22,Silver,10,8
CUST_04040,1,20,Phone,1,71,E-wallet,Female,1,4,Fashion,2,Married,8,1,12,13,19,62,87.2,712.28,1565.95,0.7153,66,59,2,5,Silver,2,6
CUST_04041,0,39,Mobile Phone,1,22,E-wallet,Male,3,8,Grocery,5,Single,9,0,11,8,16,44,340.42,10924.56,235.47,0.243,45,30,1,7,Gold,9,4
CUST_04042,0,46,Mobile Phone,1,15,Debit Card,Female,0,9,Electronics,4,Married,10,0,21,12,17,88,120.14,4236.24,361.83,0.0223,50,88,0,21,Free,2,6
CUST_04043,0,6,Computer,3,13,Debit Card,Female,5,2,Fashion,3,Married,10,0,43,6,16,10,244.41,4730.59,482.66,0.2732,38,54,10,19,Platinum,10,8
CUST_04044,0,25,Phone,3,81,UPI,Female,0,10,Others,5,Married,3,1,21,5,6,65,217.66,2145.06,421.49,0.2305,47,64,14,27,Silver,2,3
CUST_04045,1,0,Mobile Phone,2,7,Debit Card,Female,1,5,Laptop & Accessory,3,Married,8,0,31,3,16,47,314.43,1634.33,1150.56,0.507,64,19,10,3,Silver,9,10
CUST_04046,0,27,Mobile Phone,2,65,Credit Card,Female,1,4,Mobile Phone,1,Single,7,1,24,14,13,52,102.33,747.89,1520.43,0.7379,69,13,14,21,Gold,5,7
CUST_04047,1,15,Mobile Phone,1,60,E-wallet,Male,3,2,Fashion,1,Divorced,4,1,48,19,12,47,50.16,1379.09,377.87,0.5452,33,85,3,6,Free,6,3
CUST_04048,0,20,Computer,1,14,Credit Card,Female,4,1,Electronics,3,Married,1,0,50,7,3,12,365.12,6697.59,1875.02,0.5084,46,76,7,10,Platinum,1,9
CUST_04049,0,27,Phone,1,58,Credit Card,Male,5,6,Grocery,2,Divorced,7,1,44,1,2,52,124.9,8771.44,2129.14,0.1271,37,67,0,3,Platinum,0,7
CUST_04050,1,19,Computer,1,32,E-wallet,Female,2,7,Others,2,Single,4,0,8,8,8,38,248.77,1314.88,286.77,0.5397,19,19,9,9,Free,8,9
CUST_04051,0,24,Mobile Phone,1,54,Cash on Delivery,Female,1,1,Others,2,Married,3,0,43,7,5,21,348.38,1635.55,462.3,0.204,53,22,14,6,Free,3,8
CUST_04052,0,46,Computer,2,18,Cash on Delivery,Male,0,10,Fashion,2,Married,1,1,39,13,12,84,32.37,1180.17,954.83,0.2091,62,44,3,16,Gold,3,7
CUST_04053,0,49,Phone,1,69,Credit Card,Female,3,6,Electronics,5,Single,2,0,18,3,6,20,116.79,5920.23,1659.76,0.3248,42,8,15,5,Silver,4,8
CUST_04054,1,0,Mobile Phone,1,81,Debit Card,Female,5,1,Mobile Phone,1,Married,2,0,11,16,2,38,33.42,2736.13,259.31,0.6699,68,42,15,17,Free,8,10
CUST_04055,0,23,Phone,1,5,Debit Card,Male,0,9,Laptop & Accessory,1,Single,2,0,50,1,0,33,368.63,1838.43,900.89,0.1628,57,15,12,22,Silver,4,7
CUST_04056,0,51,Mobile Phone,1,56,Cash on Delivery,Male,5,2,Fashion,2,Single,10,0,37,8,20,41,376.24,5106.01,2477.56,0.6692,69,65,13,12,Free,1,10
CUST_04057,0,32,Mobile Phone,1,67,UPI,Male,1,7,Mobile Phone,4,Single,1,0,13,3,2,48,362.06,7148.47,1324.52,0.3723,19,13,1,28,Free,10,4
CUST_04058,0,12,Computer,1,5,Debit Card,Male,5,7,Electronics,2,Divorced,4,0,10,18,19,57,145.89,2216.34,474.53,0.0517,29,3,14,3,Free,7,4
CUST_04059,0,36,Mobile Phone,1,74,Cash on Delivery,Male,0,9,Grocery,2,Divorced,10,0,30,9,11,30,191.84,9349.76,1548.44,0.5052,32,64,5,29,Gold,4,6
CUST_04060,0,8,Tablet,2,57,Cash on Delivery,Female,5,9,Laptop & Accessory,4,Married,2,0,26,19,18,31,365.55,7193.15,923.31,0.5034,46,55,13,18,Platinum,10,0
CUST_04061,0,1,Mobile Phone,2,34,Cash on Delivery,Female,1,10,Fashion,4,Married,7,0,42,11,19,64,354.03,9144.88,2229.76,0.7243,67,0,11,12,Gold,7,3
CUST_04062,0,38,Mobile Phone,3,51,Credit Card,Male,1,1,Fashion,4,Single,3,0,34,15,2,63,4.58,4022.42,2378.92,0.2398,39,60,8,0,Free,9,10
CUST_04063,0,31,Mobile Phone,2,70,Cash on Delivery,Male,1,4,Laptop & Accessory,4,Married,4,1,41,18,11,53,71.62,4774.83,626.42,0.074,30,23,14,26,Gold,6,10
CUST_04064,0,46,Mobile Phone,2,66,Debit Card,Male,0,4,Grocery,4,Divorced,5,0,22,17,14,47,163.33,11769.61,2301.23,0.3329,41,90,5,29,Silver,9,5
CUST_04065,0,21,Mobile Phone,3,79,Debit Card,Male,4,4,Others,3,Married,6,0,49,14,13,10,300.27,7297.67,1950.71,0.2112,42,36,2,2,Gold,3,9
CUST_04066,0,52,Computer,2,8,E-wallet,Female,0,3,Others,3,Married,8,0,49,16,18,51,153.3,1904.45,431.27,0.4103,35,16,15,8,Free,2,10
CUST_04067,0,25,Mobile Phone,2,80,UPI,Male,2,3,Others,4,Single,7,1,48,16,3,20,82.47,8599.88,2074.18,0.4264,55,2,14,17,Free,7,0
CUST_04068,0,45,Mobile Phone,1,8,Cash on Delivery,Female,5,10,Others,2,Married,1,0,35,14,2,6,331.45,8950.55,485.56,0.2571,19,10,6,10,Free,5,0
CUST_04069,0,6,Computer,1,67,Debit Card,Female,2,9,Others,2,Divorced,2,0,19,11,17,55,136.38,11580.27,73.77,0.7149,34,22,12,18,Free,3,4
CUST_04070,0,5,Mobile Phone,1,38,E-wallet,Male,4,7,Laptop & Accessory,2,Divorced,7,0,8,10,13,47,45.35,6614.26,1955.91,0.1303,28,34,15,18,Silver,10,4
CUST_04071,0,47,Computer,1,11,Debit Card,Male,4,6,Fashion,5,Married,3,0,28,4,19,48,253.42,7115.13,898.04,0.1628,21,71,3,12,Free,8,5
CUST_04072,0,50,Mobile Phone,2,71,Credit Card,Female,4,5,Grocery,1,Single,1,0,18,12,4,66,345.87,3732.05,2308.04,0.2889,22,39,3,22,Silver,1,3
CUST_04073,0,57,Mobile Phone,1,58,Debit Card,Female,5,7,Others,2,Divorced,6,0,8,17,1,30,230.7,6723.51,1135.08,0.4045,63,77,13,0,Gold,1,8
CUST_04074,0,19,Computer,2,68,Credit Card,Female,0,9,Fashion,1,Married,4,0,16,17,14,30,398.55,562.24,1545.58,0.402,43,32,9,19,Silver,9,4
CUST_04075,0,1,Computer,3,41,UPI,Male,1,5,Electronics,2,Single,9,0,40,9,15,15,349.62,9898.7,1877.27,0.5293,69,42,0,10,Silver,7,6
CUST_04076,0,59,Phone,2,31,Credit Card,Male,1,6,Electronics,2,Single,9,0,15,10,13,6,97.87,8367.69,2118.79,0.0651,27,82,8,6,Platinum,7,9
CUST_04077,1,36,Mobile Phone,1,64,Debit Card,Female,0,10,Grocery,3,Married,2,0,5,16,1,83,131.7,8223.64,484.7,0.7079,68,64,1,0,Silver,0,10
CUST_04078,0,15,Mobile Phone,1,25,Cash on Delivery,Female,0,10,Mobile Phone,5,Married,8,0,10,20,18,26,78.3,8201.28,550.08,0.0413,44,88,4,0,Gold,3,6
CUST_04079,0,46,Computer,1,82,Credit Card,Male,0,3,Laptop & Accessory,3,Divorced,9,0,9,0,5,40,223.07,2687.0,2225.2,0.4779,23,76,15,25,Free,5,8
CUST_04080,0,55,Computer,3,70,UPI,Female,5,3,Fashion,5,Divorced,7,0,9,14,10,82,260.81,625.49,765.32,0.3941,28,6,4,26,Silver,2,8
CUST_04081,1,17,Computer,2,100,Cash on Delivery,Male,5,3,Mobile Phone,2,Married,7,0,21,9,0,19,299.86,6381.36,1611.27,0.186,43,7,5,30,Silver,9,7
CUST_04082,0,46,Computer,2,7,UPI,Female,3,1,Grocery,4,Divorced,5,0,44,4,15,15,211.87,6527.77,223.69,0.2832,54,3,12,27,Platinum,10,8
CUST_04083,1,48,Computer,2,61,Credit Card,Female,5,7,Mobile Phone,1,Single,5,0,19,7,17,65,49.0,10252.61,1686.02,0.3681,61,73,7,6,Gold,1,7
CUST_04084,0,30,Mobile Phone,2,58,Credit Card,Female,2,5,Others,4,Single,1,0,50,20,4,32,100.15,8172.92,506.22,0.0407,66,66,5,6,Gold,0,7
CUST_04085,0,38,Computer,2,87,E-wallet,Female,2,1,Others,4,Single,2,0,44,6,1,23,187.33,4009.14,2004.65,0.2707,65,76,14,23,Gold,3,10
CUST_04086,0,16,Mobile Phone,1,45,Cash on Delivery,Female,5,3,Others,4,Married,7,0,8,10,13,70,107.75,6266.12,1867.84,0.3123,48,71,10,14,Free,6,1
CUST_04087,0,56,Mobile Phone,1,94,Debit Card,Female,0,6,Grocery,5,Divorced,6,0,30,14,11,24,20.28,6429.58,1490.64,0.3691,19,65,7,27,Gold,3,5
CUST_04088,0,59,Computer,1,27,E-wallet,Female,0,9,Laptop & Accessory,4,Married,2,0,40,5,18,0,355.81,8433.88,418.73,0.362,23,7,8,1,Platinum,3,6
CUST_04089,1,59,Mobile Phone,2,87,Credit Card,Male,3,7,Others,3,Divorced,4,1,36,17,6,75,208.53,9066.49,699.77,0.7306,70,37,1,8,Free,9,5
CUST_04090,1,44,Mobile Phone,3,54,Credit Card,Male,1,6,Laptop & Accessory,4,Married,7,0,11,1,15,88,238.11,7441.94,153.35,0.6619,26,88,3,6,Free,7,2
CUST_04091,0,2,Phone,2,95,E-wallet,Male,4,2,Grocery,2,Married,2,0,36,18,17,82,40.96,10266.27,821.82,0.5261,22,46,15,20,Free,1,8
CUST_04092,0,22,Computer,2,25,Cash on Delivery,Female,3,3,Electronics,2,Single,3,0,26,14,18,10,364.22,3898.84,982.64,0.7325,61,3,4,22,Gold,9,0
CUST_04093,0,27,Mobile Phone,3,29,UPI,Female,1,8,Laptop & Accessory,5,Married,9,0,11,16,1,42,344.98,9854.7,1189.83,0.2465,47,14,12,7,Free,4,2
CUST_04094,0,58,Tablet,1,59,Debit Card,Female,0,8,Fashion,5,Married,5,0,10,1,13,80,156.23,520.29,2492.07,0.2273,40,35,5,25,Platinum,9,3
CUST_04095,0,33,Mobile Phone,1,57,E-wallet,Female,0,9,Fashion,5,Married,5,0,19,17,7,57,79.29,10040.9,1826.98,0.3483,41,68,5,2,Gold,7,5
CUST_04096,1,32,Computer,3,19,Cash on Delivery,Male,2,6,Mobile Phone,4,Single,1,1,13,5,11,27,317.77,3782.16,1012.67,0.5109,54,72,4,0,Silver,9,6
CUST_04097,1,8,Mobile Phone,3,67,UPI,Female,1,3,Laptop & Accessory,2,Single,1,1,27,17,14,32,229.68,8365.59,2121.91,0.5296,70,65,1,17,Free,1,8
CUST_04098,0,48,Mobile Phone,2,43,Debit Card,Female,0,6,Others,2,Married,7,0,20,7,19,28,332.62,8565.14,947.88,0.4893,53,58,1,29,Silver,10,7
CUST_04099,1,20,Mobile Phone,1,19,Debit Card,Male,4,9,Others,2,Married,4,0,6,14,9,57,192.76,4574.69,937.97,0.1444,48,56,0,9,Free,3,8
CUST_04100,0,5,Mobile Phone,3,54,UPI,Female,5,2,Laptop & Accessory,3,Married,3,0,35,20,6,59,356.51,2828.29,206.06,0.1635,29,51,0,18,Silver,8,9
CUST_04101,0,60,Mobile Phone,2,71,Cash on Delivery,Male,5,9,Mobile Phone,2,Divorced,2,0,3,15,4,66,286.47,9071.03,1851.25,0.2348,35,75,12,26,Free,9,10
CUST_04102,0,11,Mobile Phone,2,8,E-wallet,Male,0,10,Fashion,4,Married,8,0,24,1,15,25,140.91,3756.62,545.7,0.3259,33,64,12,3,Silver,6,7
CUST_04103,0,0,Computer,1,93,UPI,Female,1,9,Mobile Phone,1,Single,10,0,2,4,7,65,301.94,3948.5,626.09,0.2729,56,7,5,29,Silver,1,9
CUST_04104,1,4,Mobile Phone,2,63,Debit Card,Male,2,7,Laptop & Accessory,5,Married,3,1,41,2,14,39,128.64,7774.0,898.39,0.5002,56,85,4,19,Silver,2,10
CUST_04105,0,27,Mobile Phone,3,30,UPI,Female,5,5,Grocery,3,Married,3,0,16,20,5,3,171.79,8324.97,2063.74,0.5008,20,47,5,5,Silver,8,1
CUST_04106,0,6,Tablet,3,77,UPI,Female,3,9,Fashion,2,Married,8,0,4,6,17,71,159.85,161.64,2158.57,0.239,18,15,14,15,Platinum,3,9
CUST_04107,0,51,Computer,2,85,Debit Card,Female,2,2,Electronics,3,Married,6,0,12,10,14,8,167.34,6072.76,1399.74,0.5589,68,28,12,4,Platinum,2,9
CUST_04108,1,31,Tablet,2,96,Credit Card,Male,5,8,Mobile Phone,3,Married,8,0,29,12,10,0,290.26,9897.15,2317.69,0.2757,43,74,0,0,Silver,1,6
CUST_04109,0,19,Mobile Phone,2,80,Debit Card,Female,3,5,Grocery,3,Single,8,0,39,5,20,64,98.27,4898.95,1096.67,0.0259,66,54,12,6,Free,4,7
CUST_04110,1,0,Mobile Phone,2,24,Credit Card,Female,5,6,Mobile Phone,2,Single,8,0,5,7,10,7,129.28,4277.69,1531.93,0.49,25,79,12,26,Free,7,8
CUST_04111,0,29,Computer,1,20,Credit Card,Male,5,5,Laptop & Accessory,2,Married,2,0,16,9,11,48,204.9,7481.55,2326.65,0.5914,37,0,6,14,Platinum,6,1
CUST_04112,1,9,Computer,1,25,E-wallet,Male,5,1,Electronics,2,Married,6,0,6,0,0,30,110.73,2385.06,1327.19,0.5085,45,48,4,10,Silver,0,2
CUST_04113,0,59,Mobile Phone,1,89,Cash on Delivery,Male,3,10,Electronics,1,Married,5,0,12,17,13,85,53.18,11113.05,1179.37,0.1412,28,25,11,9,Silver,6,3
CUST_04114,0,17,Phone,2,34,Credit Card,Female,2,7,Grocery,2,Married,9,0,15,19,19,28,281.29,2876.16,120.98,0.3229,43,67,10,28,Free,1,8
CUST_04115,0,28,Computer,1,36,Debit Card,Male,0,7,Laptop & Accessory,3,Single,7,0,30,14,12,9,238.96,8367.8,2207.31,0.6,31,7,9,19,Platinum,2,1
CUST_04116,0,1,Computer,1,90,Debit Card,Female,4,2,Electronics,1,Married,8,1,5,9,8,12,378.52,8150.74,513.03,0.055,47,7,11,30,Free,5,5
CUST_04117,1,7,Mobile Phone,3,24,E-wallet,Female,1,8,Grocery,3,Married,9,0,31,3,13,90,297.03,8584.49,1169.72,0.708,40,39,1,14,Silver,6,10
CUST_04118,0,12,Computer,2,44,UPI,Male,0,10,Fashion,3,Married,7,0,39,6,11,87,228.85,10088.12,1995.42,0.03,36,81,3,23,Free,3,5
CUST_04119,1,3,Mobile Phone,1,33,Debit Card,Male,4,9,Grocery,1,Married,7,1,48,9,4,12,106.66,6320.53,1306.01,0.1403,57,84,11,0,Silver,5,5
CUST_04120,0,44,Tablet,1,33,Cash on Delivery,Female,2,3,Laptop & Accessory,3,Married,6,0,25,4,4,30,79.84,10848.05,1963.41,0.4599,30,33,3,21,Free,10,8
CUST_04121,0,57,Mobile Phone,2,62,UPI,Female,3,2,Mobile Phone,4,Married,1,0,24,15,18,2,209.36,7372.64,2099.98,0.3551,33,4,0,23,Free,3,5
CUST_04122,0,60,Mobile Phone,1,76,Credit Card,Male,4,4,Laptop & Accessory,4,Single,8,1,32,9,12,74,184.28,11562.02,2145.47,0.4503,42,18,13,27,Free,9,3
CUST_04123,1,16,Mobile Phone,2,30,Debit Card,Female,1,1,Fashion,2,Married,4,0,50,14,18,81,162.0,1187.05,244.96,0.3398,32,83,11,10,Free,1,1
CUST_04124,0,48,Computer,2,8,Credit Card,Male,4,6,Others,3,Married,2,0,2,10,7,64,176.62,10137.4,556.07,0.625,42,55,3,17,Free,4,2
CUST_04125,1,30,Tablet,1,66,Cash on Delivery,Male,3,5,Laptop & Accessory,1,Married,4,0,9,3,20,45,84.87,7568.37,2278.21,0.7239,27,63,14,20,Silver,0,5
CUST_04126,0,2,Phone,2,57,E-wallet,Female,3,6,Fashion,2,Single,4,0,11,13,12,33,168.28,10664.43,693.77,0.5781,42,16,1,22,Free,9,9
CUST_04127,1,5,Computer,1,68,E-wallet,Female,1,10,Mobile Phone,4,Single,4,1,9,15,18,26,15.68,4273.38,1781.31,0.4462,44,80,9,26,Free,0,9
CUST_04128,0,33,Tablet,2,48,Debit Card,Male,4,7,Others,3,Married,3,0,26,8,15,64,224.2,7872.03,1346.18,0.2846,46,59,11,10,Free,6,0
CUST_04129,0,25,Computer,1,79,UPI,Male,1,5,Grocery,5,Married,10,0,2,14,19,52,222.76,6208.24,2345.61,0.4744,45,72,6,3,Silver,8,9
CUST_04130,0,0,Mobile Phone,1,64,Credit Card,Female,3,8,Mobile Phone,4,Married,9,0,4,20,12,42,266.75,9151.64,675.76,0.5954,43,33,3,29,Silver,5,0
CUST_04131,0,56,Computer,1,77,Debit Card,Male,4,4,Mobile Phone,5,Married,1,1,34,5,16,34,285.51,7935.46,2025.31,0.5907,37,38,0,18,Silver,3,8
CUST_04132,0,44,Mobile Phone,3,75,Credit Card,Female,0,8,Grocery,3,Married,5,0,8,18,0,66,269.58,10725.82,1053.65,0.0061,36,1,11,5,Silver,8,0
CUST_04133,0,30,Mobile Phone,1,52,Cash on Delivery,Male,2,10,Laptop & Accessory,1,Married,4,0,16,6,11,89,321.52,5212.88,639.02,0.5247,46,40,13,28,Platinum,7,7
CUST_04134,0,60,Mobile Phone,1,36,E-wallet,Male,4,10,Laptop & Accessory,3,Divorced,9,0,1,0,16,11,53.23,7027.81,1252.61,0.152,33,68,7,30,Silver,10,2
CUST_04135,0,59,Mobile Phone,1,60,Credit Card,Female,1,6,Electronics,5,Divorced,5,0,39,8,17,70,354.46,10217.5,1375.27,0.3998,35,1,5,4,Silver,2,8
CUST_04136,0,59,Tablet,2,66,Cash on Delivery,Male,0,5,Electronics,1,Single,7,0,46,17,11,41,155.37,6731.62,320.04,0.5591,56,80,5,28,Silver,8,0
CUST_04137,1,15,Tablet,1,59,UPI,Male,2,4,Electronics,5,Married,1,0,35,14,19,59,266.69,5184.15,520.89,0.7183,58,45,12,18,Free,2,9
CUST_04138,0,53,Mobile Phone,3,55,UPI,Female,2,6,Mobile Phone,1,Divorced,8,0,21,6,5,72,48.22,5661.93,2277.64,0.027,46,69,0,5,Silver,7,6
CUST_04139,0,30,Computer,2,37,Cash on Delivery,Female,5,10,Others,4,Single,5,0,20,19,16,29,89.74,9292.52,1680.98,0.2458,58,45,15,6,Free,7,7
CUST_04140,0,44,Mobile Phone,2,17,Cash on Delivery,Male,4,9,Mobile Phone,5,Single,9,0,2,20,6,18,372.33,11283.28,1775.13,0.0462,23,63,4,6,Free,8,6
CUST_04141,0,52,Mobile Phone,2,46,Debit Card,Female,1,7,Others,2,Divorced,2,0,12,20,5,2,55.02,2526.69,917.21,0.5782,63,69,15,13,Gold,8,1
CUST_04142,1,9,Mobile Phone,1,89,Cash on Delivery,Female,1,3,Mobile Phone,2,Married,4,0,23,11,17,87,186.1,3073.61,1372.43,0.1291,28,54,4,24,Free,4,10
CUST_04143,0,27,Mobile Phone,3,73,Cash on Delivery,Male,1,4,Fashion,5,Divorced,9,0,2,14,16,72,37.81,2396.42,144.41,0.0932,40,51,6,22,Silver,5,5
CUST_04144,0,7,Mobile Phone,3,77,Debit Card,Male,5,3,Others,2,Married,3,0,45,11,19,65,37.32,2344.13,400.97,0.0724,42,23,11,13,Gold,8,7
CUST_04145,0,17,Mobile Phone,1,75,Cash on Delivery,Female,2,2,Fashion,4,Married,3,0,31,8,8,4,397.57,839.59,2440.03,0.5327,38,25,3,26,Platinum,2,0
CUST_04146,0,25,Mobile Phone,2,93,Cash on Delivery,Female,5,1,Electronics,1,Married,4,0,9,11,17,83,255.43,9591.96,563.45,0.0676,19,70,8,29,Silver,5,4
CUST_04147,0,52,Mobile Phone,1,26,Credit Card,Female,0,8,Grocery,4,Married,6,0,45,1,16,10,254.44,4138.74,1252.68,0.3362,58,20,5,28,Platinum,3,7
CUST_04148,0,52,Phone,2,74,Credit Card,Male,3,8,Laptop & Accessory,3,Divorced,1,0,12,3,18,26,108.29,5153.37,2329.48,0.1202,24,55,14,7,Free,9,6
CUST_04149,1,23,Mobile Phone,2,11,Debit Card,Female,0,2,Electronics,3,Married,7,0,33,12,6,53,60.84,10399.63,1650.67,0.4734,64,70,4,24,Free,3,10
CUST_04150,0,20,Mobile Phone,3,28,Credit Card,Male,3,7,Fashion,4,Divorced,9,1,50,8,10,1,245.54,10998.99,457.09,0.1082,25,53,1,5,Silver,9,0
CUST_04151,0,32,Mobile Phone,1,7,UPI,Female,0,2,Fashion,3,Single,4,0,18,10,14,68,99.7,6589.27,1150.74,0.1748,51,46,12,26,Silver,9,5
CUST_04152,0,55,Mobile Phone,2,46,UPI,Female,0,3,Mobile Phone,4,Divorced,2,0,43,19,8,84,108.42,1259.01,1183.59,0.6428,64,28,8,9,Free,1,8
CUST_04153,0,59,Mobile Phone,2,18,Cash on Delivery,Female,0,3,Others,3,Married,4,1,47,14,20,37,168.15,5530.02,1215.13,0.0125,53,9,2,2,Gold,0,3
CUST_04154,0,13,Mobile Phone,1,42,Credit Card,Male,4,2,Grocery,5,Single,7,0,27,1,17,11,90.02,10970.11,2111.46,0.026,38,13,3,0,Silver,4,6
CUST_04155,0,11,Computer,2,17,UPI,Female,3,8,Grocery,3,Married,6,0,33,20,0,53,375.79,10830.86,1411.45,0.5505,51,72,2,21,Silver,4,4
CUST_04156,0,43,Computer,2,8,Cash on Delivery,Female,3,1,Grocery,2,Single,7,0,9,18,8,70,231.21,3968.65,1926.19,0.1589,63,12,7,8,Platinum,7,8
CUST_04157,0,18,Computer,2,50,UPI,Female,1,5,Mobile Phone,5,Single,9,1,42,3,11,88,27.43,11654.86,944.77,0.174,50,36,2,21,Free,9,8
CUST_04158,0,12,Computer,3,44,E-wallet,Male,1,5,Grocery,2,Divorced,10,0,11,17,14,24,193.03,3959.6,1754.91,0.0058,37,82,3,10,Free,1,0
CUST_04159,0,1,Mobile Phone,1,45,Debit Card,Female,2,6,Electronics,5,Divorced,5,0,15,7,11,25,224.43,9789.42,1099.16,0.3831,30,25,2,2,Gold,4,5
CUST_04160,0,24,Mobile Phone,1,38,UPI,Male,5,2,Laptop & Accessory,5,Single,8,0,43,7,12,7,143.45,11241.31,1930.16,0.2971,55,31,4,11,Silver,3,5
CUST_04161,0,23,Mobile Phone,1,44,Credit Card,Female,4,5,Laptop & Accessory,3,Single,5,0,10,12,12,4,349.6,1646.39,1851.84,0.625,27,10,7,10,Platinum,1,9
CUST_04162,1,34,Mobile Phone,1,5,UPI,Male,0,8,Laptop & Accessory,3,Single,2,1,34,19,3,67,208.34,3577.28,883.89,0.0778,45,43,10,13,Free,3,5
CUST_04163,1,12,Mobile Phone,2,50,Credit Card,Female,0,4,Others,2,Married,6,1,18,7,7,20,95.55,6775.08,923.28,0.7487,25,17,12,10,Silver,9,8
CUST_04164,0,43,Mobile Phone,3,86,E-wallet,Female,2,10,Grocery,5,Married,10,0,17,12,6,27,216.48,4488.73,2066.23,0.0416,30,57,13,11,Gold,7,6
CUST_04165,0,41,Computer,1,18,Debit Card,Male,1,5,Fashion,2,Married,5,0,46,3,7,40,289.19,11752.89,1514.02,0.1653,64,4,12,20,Silver,1,4
CUST_04166,0,28,Mobile Phone,2,18,E-wallet,Female,2,8,Mobile Phone,4,Married,6,0,1,1,4,7,123.49,4897.84,1558.85,0.1049,65,36,8,12,Free,0,0
CUST_04167,0,11,Mobile Phone,1,79,Credit Card,Male,5,2,Electronics,5,Divorced,8,0,38,12,20,70,349.03,10072.05,2398.45,0.5825,61,65,12,16,Gold,7,7
CUST_04168,0,30,Computer,1,53,Debit Card,Male,1,9,Grocery,1,Single,9,0,6,4,2,51,22.78,2454.41,597.17,0.2128,64,42,5,7,Silver,9,3
CUST_04169,0,41,Mobile Phone,3,29,Credit Card,Male,3,5,Grocery,1,Single,1,0,40,0,6,38,119.07,11799.25,1328.82,0.0175,58,56,3,29,Platinum,10,2
CUST_04170,0,22,Phone,2,80,Debit Card,Female,2,10,Electronics,5,Married,1,0,37,0,8,21,371.04,8787.8,529.52,0.3979,57,29,5,29,Silver,4,7
CUST_04171,0,16,Tablet,1,36,Cash on Delivery,Male,3,8,Laptop & Accessory,5,Divorced,5,0,31,7,13,53,106.98,265.99,637.0,0.179,59,87,6,4,Free,4,2
CUST_04172,1,30,Tablet,3,63,UPI,Female,3,8,Electronics,2,Married,2,0,33,5,4,65,30.34,2151.19,1542.11,0.4646,53,69,8,26,Silver,0,9
CUST_04173,0,21,Mobile Phone,2,58,Cash on Delivery,Male,3,2,Electronics,2,Married,10,1,0,20,14,51,18.01,1316.69,332.15,0.335,59,15,14,18,Free,5,0
CUST_04174,0,24,Mobile Phone,1,21,E-wallet,Male,1,6,Mobile Phone,4,Married,8,0,18,10,1,68,301.45,7139.41,415.23,0.0643,41,78,8,24,Gold,10,10
CUST_04175,0,21,Computer,2,77,Credit Card,Female,5,8,Mobile Phone,3,Single,7,0,37,10,1,44,134.47,10022.67,646.48,0.6751,56,27,14,4,Platinum,0,2
CUST_04176,0,18,Computer,2,64,UPI,Male,1,9,Grocery,2,Married,6,0,30,3,4,11,305.89,9443.99,1294.78,0.17,25,30,13,21,Silver,6,8
CUST_04177,0,43,Computer,1,25,UPI,Female,0,4,Fashion,2,Married,5,0,10,2,4,14,260.57,6980.74,2399.78,0.0059,39,58,2,26,Silver,0,8
CUST_04178,0,28,Mobile Phone,3,77,UPI,Male,0,6,Others,3,Single,1,0,38,6,12,72,300.28,7443.86,1718.26,0.4368,40,42,15,10,Free,1,10
CUST_04179,0,28,Mobile Phone,2,64,Credit Card,Female,0,2,Laptop & Accessory,2,Married,8,0,15,17,16,6,366.95,11323.95,1650.55,0.6207,48,50,4,11,Free,7,0
CUST_04180,0,39,Mobile Phone,2,87,Debit Card,Male,2,5,Mobile Phone,3,Single,5,0,32,13,16,41,325.83,5483.8,956.11,0.3696,56,60,3,30,Platinum,9,7
CUST_04181,0,22,Mobile Phone,3,83,Debit Card,Male,4,5,Electronics,4,Married,4,0,32,3,3,18,60.54,9030.62,268.86,0.6371,70,49,1,8,Silver,2,7
CUST_04182,1,6,Mobile Phone,2,35,Cash on Delivery,Female,0,1,Electronics,2,Single,5,1,12,0,9,68,362.81,1256.12,1999.14,0.0552,43,13,14,24,Gold,8,7
CUST_04183,0,52,Tablet,1,94,E-wallet,Female,0,10,Others,3,Married,5,1,2,5,3,24,134.28,1105.67,145.29,0.2139,60,8,3,8,Platinum,1,3
CUST_04184,0,3,Mobile Phone,1,8,Debit Card,Female,3,7,Laptop & Accessory,5,Married,10,0,48,5,12,69,321.8,2144.21,1860.53,0.4813,70,52,9,15,Free,9,10
CUST_04185,0,34,Computer,1,37,UPI,Female,3,2,Laptop & Accessory,3,Married,2,0,38,20,5,17,208.52,11499.12,939.64,0.5799,31,1,4,3,Platinum,9,10
CUST_04186,0,16,Tablet,1,63,Debit Card,Male,3,9,Others,1,Single,2,0,1,3,13,55,70.12,9139.93,1216.94,0.0588,51,74,5,27,Free,6,3
CUST_04187,0,13,Mobile Phone,1,56,Credit Card,Female,0,7,Electronics,4,Single,2,0,9,16,16,17,275.94,10947.59,1324.17,0.4589,24,65,9,6,Gold,9,6
CUST_04188,1,2,Mobile Phone,2,26,Debit Card,Female,1,7,Electronics,3,Married,7,0,28,8,13,42,267.6,4145.01,651.8,0.5772,26,56,3,21,Free,6,4
CUST_04189,0,54,Computer,1,24,Debit Card,Male,2,10,Others,4,Divorced,1,0,45,6,0,55,363.15,2092.84,1686.89,0.0949,45,64,6,11,Gold,0,8
CUST_04190,0,26,Mobile Phone,1,79,Credit Card,Male,4,5,Mobile Phone,1,Married,8,0,11,4,20,14,164.16,813.09,733.79,0.1107,22,36,10,4,Silver,9,8
CUST_04191,1,20,Mobile Phone,2,89,Cash on Delivery,Male,3,4,Laptop & Accessory,4,Single,8,1,26,13,9,41,293.7,5311.05,407.48,0.3806,46,2,8,1,Silver,1,8
CUST_04192,0,45,Phone,1,70,Debit Card,Female,4,7,Mobile Phone,4,Married,8,0,36,14,12,64,207.19,11665.19,931.99,0.3244,29,75,10,4,Silver,6,5
CUST_04193,0,2,Computer,2,55,Debit Card,Male,3,9,Others,1,Married,5,0,44,10,14,22,220.12,599.89,2095.48,0.319,54,75,15,15,Platinum,2,4
CUST_04194,0,34,Phone,2,79,Debit Card,Female,2,9,Grocery,3,Married,5,1,28,19,11,4,137.22,11133.14,1069.85,0.6506,46,56,14,5,Free,0,2
CUST_04195,0,30,Tablet,1,28,E-wallet,Male,3,8,Laptop & Accessory,3,Single,10,0,21,18,20,21,144.51,3384.52,2410.51,0.0492,60,69,3,5,Platinum,8,0
CUST_04196,0,33,Mobile Phone,1,97,Cash on Delivery,Male,2,8,Electronics,3,Single,9,0,9,16,18,35,321.05,782.59,141.11,0.5518,69,6,5,29,Gold,7,4
CUST_04197,0,7,Computer,2,16,UPI,Female,0,1,Others,4,Single,2,0,28,11,13,13,253.81,2156.78,94.93,0.6135,62,19,1,17,Silver,5,1
CUST_04198,0,58,Computer,1,61,E-wallet,Female,3,5,Laptop & Accessory,4,Married,3,0,25,10,13,73,274.54,1277.89,2245.89,0.2883,70,19,8,2,Free,10,2
CUST_04199,0,14,Computer,2,37,Credit Card,Female,1,4,Grocery,5,Single,3,0,45,13,7,62,372.43,8191.51,520.61,0.5195,45,51,9,4,Free,3,4
CUST_04200,0,41,Computer,2,91,Debit Card,Male,1,4,Electronics,4,Married,5,0,26,12,9,46,275.87,11473.28,580.34,0.4402,58,62,10,16,Silver,5,10
CUST_04201,0,45,Computer,2,28,UPI,Female,4,9,Others,2,Married,7,0,39,3,0,43,293.77,11863.34,1965.57,0.1987,67,23,1,7,Gold,7,7
CUST_04202,0,20,Phone,1,66,UPI,Female,0,4,Grocery,5,Married,3,0,21,13,15,72,309.16,943.45,492.86,0.3839,30,40,12,6,Platinum,1,10
CUST_04203,1,7,Mobile Phone,3,20,Cash on Delivery,Female,0,9,Fashion,3,Married,1,1,25,5,2,60,171.62,6611.17,1555.03,0.0434,62,75,3,24,Silver,10,5
CUST_04204,0,18,Computer,1,22,Cash on Delivery,Male,2,10,Others,5,Married,4,1,2,15,4,62,184.07,5273.6,159.58,0.6072,70,33,13,14,Free,10,9
CUST_04205,0,49,Mobile Phone,3,44,UPI,Female,3,5,Fashion,3,Single,6,0,25,0,12,34,391.57,3426.22,2195.95,0.0419,35,15,4,30,Gold,9,8
CUST_04206,0,55,Computer,3,81,E-wallet,Female,5,2,Grocery,2,Single,7,0,10,1,14,0,223.88,6507.31,1448.43,0.2185,67,88,11,20,Free,5,4
CUST_04207,0,57,Computer,1,31,E-wallet,Female,3,7,Others,4,Married,2,1,16,12,0,7,150.34,3020.45,1150.1,0.3071,39,75,2,10,Silver,5,9
CUST_04208,1,13,Computer,1,71,UPI,Female,1,9,Grocery,4,Married,7,1,49,16,16,67,23.31,2955.08,939.44,0.3746,52,87,4,25,Silver,3,6
CUST_04209,0,36,Mobile Phone,1,59,E-wallet,Male,2,5,Electronics,1,Married,2,0,34,11,2,74,86.11,11466.94,815.85,0.3997,21,59,5,14,Silver,5,2
CUST_04210,1,9,Mobile Phone,3,98,Cash on Delivery,Female,2,2,Others,1,Married,3,1,9,3,13,8,311.2,9008.48,697.11,0.4526,18,62,8,23,Free,9,8
CUST_04211,0,43,Mobile Phone,1,33,Credit Card,Female,2,6,Grocery,4,Single,6,1,28,6,16,3,370.69,9211.44,2439.15,0.6875,59,16,8,13,Free,4,3
CUST_04212,0,25,Mobile Phone,3,28,Credit Card,Female,4,10,Fashion,1,Single,2,0,23,9,3,21,313.8,6181.4,797.57,0.3582,31,61,8,0,Free,7,0
CUST_04213,0,43,Mobile Phone,2,91,Credit Card,Male,4,6,Grocery,3,Married,6,0,38,4,8,33,318.35,5157.76,632.28,0.4893,59,78,11,11,Platinum,3,3
CUST_04214,0,41,Phone,2,36,Debit Card,Female,4,5,Fashion,3,Married,1,1,14,20,10,16,350.45,4656.64,1171.77,0.0669,43,63,15,6,Platinum,4,5
CUST_04215,0,60,Mobile Phone,2,25,Debit Card,Male,2,5,Electronics,3,Married,3,0,32,9,11,53,177.93,1726.07,680.68,0.6312,23,75,0,8,Platinum,7,1
CUST_04216,0,29,Tablet,1,83,Credit Card,Male,1,8,Laptop & Accessory,3,Single,6,0,38,18,17,81,55.73,11677.68,715.25,0.2534,33,3,8,12,Silver,4,4
CUST_04217,1,20,Mobile Phone,1,83,Cash on Delivery,Male,0,4,Laptop & Accessory,5,Married,3,1,36,2,20,60,247.79,8138.54,700.18,0.4432,28,57,15,19,Silver,3,6
CUST_04218,0,32,Computer,3,11,UPI,Female,4,8,Fashion,3,Married,5,1,29,9,8,30,363.69,6142.06,387.71,0.7356,50,9,0,25,Free,9,1
CUST_04219,0,9,Computer,1,87,Cash on Delivery,Male,5,10,Laptop & Accessory,5,Married,3,0,0,17,12,43,178.07,7596.35,2222.86,0.5682,23,45,13,7,Gold,10,1
CUST_04220,0,6,Computer,3,65,UPI,Male,0,8,Electronics,3,Married,6,0,36,5,19,86,326.69,11966.6,501.24,0.3039,48,8,11,18,Free,3,9
CUST_04221,0,31,Computer,3,31,Debit Card,Male,0,10,Mobile Phone,3,Married,2,1,49,17,12,72,350.23,3077.74,103.65,0.3386,61,57,13,13,Silver,1,0
CUST_04222,0,50,Computer,1,56,Cash on Delivery,Female,1,8,Fashion,4,Married,2,0,32,15,1,14,31.99,10557.05,1955.13,0.1093,70,46,6,1,Silver,4,4
CUST_04223,0,32,Phone,2,27,E-wallet,Female,4,9,Mobile Phone,2,Single,10,0,30,12,6,43,170.84,1294.78,1156.3,0.4735,54,60,9,12,Free,6,0
CUST_04224,0,47,Computer,1,21,Debit Card,Female,1,1,Others,5,Single,4,1,25,0,13,7,181.51,166.54,917.69,0.4146,41,58,8,22,Silver,4,10
CUST_04225,0,10,Mobile Phone,2,17,Debit Card,Female,0,4,Others,5,Single,7,0,4,18,20,76,173.14,10954.56,1355.94,0.4446,45,9,6,23,Platinum,0,8
CUST_04226,0,27,Mobile Phone,3,20,UPI,Male,2,3,Laptop & Accessory,1,Divorced,1,0,48,10,4,63,105.48,1130.44,1414.04,0.2007,19,84,11,23,Silver,10,2
CUST_04227,0,37,Computer,3,60,E-wallet,Female,2,9,Fashion,1,Divorced,2,0,19,12,4,22,195.59,8265.92,992.97,0.5328,65,36,9,25,Free,2,6
CUST_04228,0,21,Mobile Phone,3,82,UPI,Male,2,3,Others,2,Married,8,1,35,14,13,67,289.27,5797.53,2136.19,0.2239,20,1,15,16,Gold,9,5
CUST_04229,1,0,Mobile Phone,1,51,E-wallet,Male,3,10,Fashion,1,Married,4,0,27,10,2,43,271.85,4989.11,2114.85,0.3353,69,85,12,0,Silver,5,10
CUST_04230,0,4,Computer,2,6,Credit Card,Male,1,7,Others,1,Single,4,0,35,3,19,72,371.97,11878.76,945.12,0.112,26,77,12,11,Gold,7,10
CUST_04231,0,56,Mobile Phone,1,46,Credit Card,Female,0,2,Laptop & Accessory,5,Married,2,1,4,12,19,2,294.11,3945.5,594.15,0.5363,66,70,9,17,Platinum,8,10
CUST_04232,0,36,Computer,3,76,UPI,Male,0,7,Fashion,1,Single,3,0,35,12,12,39,301.82,1211.13,1241.86,0.1318,31,67,4,8,Free,6,9
CUST_04233,1,16,Computer,1,85,Debit Card,Female,4,4,Others,2,Single,3,0,28,1,7,52,115.8,3007.34,432.67,0.4405,20,7,10,3,Free,10,8
CUST_04234,0,15,Computer,1,75,Credit Card,Female,3,3,Mobile Phone,5,Married,8,0,23,4,9,9,12.51,11567.42,741.69,0.6191,53,29,3,11,Silver,5,5
CUST_04235,1,2,Computer,1,40,Debit Card,Female,1,10,Laptop & Accessory,2,Single,10,0,38,4,11,36,205.25,11232.2,988.74,0.4425,68,78,3,2,Free,8,9
CUST_04236,0,57,Phone,1,67,Debit Card,Male,5,8,Electronics,1,Married,1,0,32,7,18,67,311.52,3574.88,987.94,0.4537,53,8,15,24,Free,1,4
CUST_04237,0,6,Computer,1,11,E-wallet,Female,3,8,Laptop & Accessory,2,Married,2,1,38,11,15,61,159.35,6597.46,489.57,0.6599,35,5,4,10,Silver,9,1
CUST_04238,0,46,Tablet,1,44,Cash on Delivery,Female,4,4,Mobile Phone,2,Married,7,0,30,12,9,9,325.74,7135.04,1298.24,0.748,62,9,3,18,Silver,9,4
CUST_04239,1,14,Mobile Phone,3,56,Debit Card,Male,4,7,Electronics,3,Married,9,0,39,2,13,67,248.14,11756.44,1553.84,0.1463,49,62,8,2,Silver,0,8
CUST_04240,0,20,Computer,2,7,E-wallet,Male,1,4,Others,3,Married,4,0,45,18,11,66,132.8,7515.94,1548.6,0.3573,18,72,2,14,Silver,10,4
CUST_04241,0,16,Computer,1,6,E-wallet,Male,3,7,Laptop & Accessory,1,Married,9,0,41,17,2,39,136.96,10210.45,2015.55,0.2719,28,30,14,28,Platinum,2,7
CUST_04242,0,50,Mobile Phone,2,81,Debit Card,Male,3,4,Fashion,2,Married,1,0,49,1,6,74,273.1,1823.54,239.05,0.0523,53,82,14,7,Platinum,8,2
CUST_04243,0,2,Mobile Phone,1,26,UPI,Female,2,7,Electronics,3,Married,8,0,27,3,4,55,230.47,5973.1,434.38,0.2751,21,24,9,21,Silver,10,9
CUST_04244,1,21,Computer,2,17,E-wallet,Male,3,8,Fashion,3,Married,10,0,24,17,11,90,26.8,9192.16,1120.57,0.5246,47,30,7,11,Silver,3,10
CUST_04245,0,17,Mobile Phone,1,61,UPI,Female,2,4,Fashion,3,Divorced,5,0,3,8,20,66,220.95,598.64,1232.9,0.6386,34,43,7,20,Silver,8,3
CUST_04246,0,16,Phone,2,31,Debit Card,Male,0,1,Grocery,5,Married,6,0,30,9,15,90,17.41,5238.75,553.39,0.6167,31,36,0,30,Gold,4,7
CUST_04247,0,11,Mobile Phone,1,99,E-wallet,Female,0,1,Electronics,3,Divorced,3,0,34,10,13,76,218.83,11345.68,783.41,0.0152,45,7,6,5,Silver,7,8
CUST_04248,0,55,Mobile Phone,1,95,Cash on Delivery,Female,2,10,Laptop & Accessory,4,Single,8,0,14,20,10,30,371.04,9385.0,440.52,0.2963,49,53,9,3,Free,8,4
CUST_04249,0,23,Computer,2,84,UPI,Male,5,10,Laptop & Accessory,3,Divorced,9,0,2,3,7,9,36.72,1754.44,1379.7,0.7115,47,87,9,26,Silver,2,0
CUST_04250,0,25,Mobile Phone,2,33,E-wallet,Male,1,7,Laptop & Accessory,3,Divorced,9,0,43,19,4,57,193.55,5922.23,1219.05,0.415,25,33,5,15,Platinum,9,9
CUST_04251,1,23,Mobile Phone,2,89,Cash on Delivery,Male,3,2,Fashion,1,Single,9,1,6,5,19,49,309.9,5571.07,1735.45,0.7351,54,87,11,8,Free,7,8
CUST_04252,0,59,Computer,1,29,Debit Card,Female,0,6,Mobile Phone,4,Married,1,0,36,18,0,89,171.53,1533.59,1594.73,0.2581,19,75,7,17,Gold,3,1
CUST_04253,0,20,Mobile Phone,2,28,UPI,Female,3,5,Fashion,5,Married,6,0,49,10,19,84,143.93,3775.83,713.68,0.2999,40,15,7,8,Free,9,2
CUST_04254,0,20,Mobile Phone,2,98,Credit Card,Female,1,3,Mobile Phone,5,Married,6,0,47,15,4,0,230.99,2250.06,1912.55,0.3417,43,90,9,13,Gold,7,6
CUST_04255,0,20,Computer,1,69,Credit Card,Male,2,4,Grocery,4,Single,1,0,11,2,16,25,341.72,11861.79,421.98,0.6398,47,87,15,27,Silver,0,10
CUST_04256,0,19,Computer,1,13,E-wallet,Male,4,8,Mobile Phone,2,Married,9,0,30,7,17,46,346.68,6105.06,1594.46,0.2175,51,63,15,11,Gold,10,8
CUST_04257,1,5,Computer,1,90,Credit Card,Female,2,10,Others,3,Married,2,0,47,3,19,57,108.24,1931.41,1569.14,0.328,62,87,9,19,Gold,6,10
CUST_04258,0,36,Mobile Phone,1,20,E-wallet,Male,5,9,Mobile Phone,4,Married,5,0,36,12,20,36,386.83,5662.05,626.74,0.5892,47,30,1,28,Free,8,7
CUST_04259,0,1,Mobile Phone,1,70,Debit Card,Male,0,3,Mobile Phone,4,Divorced,1,0,14,0,10,25,65.05,1172.91,528.68,0.248,57,11,4,20,Silver,4,4
CUST_04260,0,13,Tablet,1,47,UPI,Male,0,6,Others,4,Married,8,0,4,8,11,41,84.81,10115.29,311.54,0.3058,59,13,3,12,Free,4,10
CUST_04261,0,12,Computer,2,6,Cash on Delivery,Female,1,6,Grocery,1,Married,2,0,26,10,0,73,280.07,7708.38,1569.91,0.6604,40,1,14,30,Platinum,3,10
CUST_04262,0,17,Mobile Phone,2,80,E-wallet,Male,1,3,Laptop & Accessory,4,Married,6,0,30,10,17,85,346.77,6297.98,941.74,0.2642,30,78,13,13,Silver,5,7
CUST_04263,0,46,Phone,2,70,Debit Card,Female,2,5,Laptop & Accessory,3,Single,6,0,9,17,12,67,74.18,8785.83,2496.85,0.4104,54,42,4,12,Free,8,2
CUST_04264,0,36,Mobile Phone,2,89,E-wallet,Female,5,4,Laptop & Accessory,1,Single,1,0,19,12,0,14,130.07,3778.57,1605.61,0.0508,36,45,2,19,Gold,8,3
CUST_04265,1,60,Computer,1,63,UPI,Male,1,1,Electronics,3,Single,9,0,21,17,7,86,30.92,4943.46,74.26,0.713,25,30,6,8,Gold,6,6
CUST_04266,0,21,Computer,3,77,E-wallet,Male,2,5,Grocery,4,Divorced,1,0,25,10,17,48,184.01,1176.32,965.85,0.4964,49,47,15,15,Silver,0,4
CUST_04267,0,56,Tablet,2,91,Credit Card,Male,0,4,Others,5,Married,7,0,2,7,8,63,206.7,2973.83,84.8,0.7221,32,43,0,8,Platinum,0,9
CUST_04268,0,2,Tablet,2,98,Debit Card,Male,4,4,Mobile Phone,4,Married,2,0,16,6,6,61,236.21,487.66,1585.04,0.6091,38,40,5,1,Platinum,9,1
CUST_04269,1,30,Mobile Phone,1,58,Cash on Delivery,Female,3,7,Laptop & Accessory,2,Single,7,0,42,14,5,44,74.92,1341.63,2298.17,0.5726,43,46,2,6,Silver,10,9
CUST_04270,0,48,Computer,2,6,Cash on Delivery,Female,0,8,Fashion,4,Married,3,0,14,19,3,48,110.68,7886.71,1875.08,0.1013,59,23,10,21,Gold,1,8
CUST_04271,0,32,Mobile Phone,2,38,E-wallet,Male,2,1,Laptop & Accessory,4,Married,8,0,40,20,11,49,302.04,2786.45,700.08,0.3649,51,68,13,25,Free,5,3
CUST_04272,0,56,Computer,2,64,Debit Card,Male,1,4,Laptop & Accessory,1,Married,6,0,41,4,5,11,43.92,180.25,487.86,0.0115,18,0,3,6,Free,9,7
CUST_04273,0,19,Computer,2,15,Cash on Delivery,Female,2,1,Electronics,5,Single,7,0,44,8,12,70,1.64,2429.35,2199.59,0.4212,23,57,6,8,Gold,0,2
CUST_04274,1,2,Mobile Phone,3,16,Cash on Delivery,Female,1,9,Fashion,1,Single,10,0,28,13,10,28,155.79,3759.93,342.38,0.7177,58,11,5,4,Free,10,5
CUST_04275,0,47,Mobile Phone,3,42,E-wallet,Male,4,10,Others,4,Divorced,5,1,18,19,13,67,231.71,1782.13,1789.11,0.2898,66,46,2,3,Free,1,3
CUST_04276,0,4,Mobile Phone,2,92,Credit Card,Female,0,5,Grocery,4,Married,8,0,12,6,12,2,356.59,2635.06,648.65,0.261,61,57,8,5,Gold,0,2
CUST_04277,0,46,Mobile Phone,3,35,Credit Card,Male,3,10,Grocery,5,Single,9,1,27,16,1,10,15.73,11712.23,788.87,0.2144,27,45,2,24,Silver,5,0
CUST_04278,0,44,Mobile Phone,3,94,UPI,Female,4,7,Others,4,Divorced,4,0,39,17,0,24,133.68,386.0,164.51,0.4315,55,88,15,23,Platinum,10,3
CUST_04279,0,51,Phone,1,82,Credit Card,Female,0,9,Fashion,1,Married,4,0,42,3,6,27,342.62,6822.21,466.26,0.6785,23,85,4,29,Platinum,8,3
CUST_04280,0,29,Mobile Phone,2,34,Credit Card,Female,5,10,Mobile Phone,5,Married,8,0,3,6,7,9,285.17,9427.62,146.31,0.4415,47,86,6,0,Free,2,3
CUST_04281,0,54,Computer,1,27,UPI,Female,4,6,Electronics,2,Single,10,0,47,9,9,62,253.22,11779.63,1325.2,0.5655,33,26,10,23,Platinum,6,7
CUST_04282,1,10,Phone,1,84,Debit Card,Male,1,5,Electronics,3,Divorced,1,0,14,17,14,6,3.94,4366.58,1152.25,0.2761,30,90,14,18,Gold,5,10
CUST_04283,0,26,Computer,1,77,Debit Card,Male,2,8,Mobile Phone,5,Single,2,0,12,19,20,9,185.91,3725.37,1354.44,0.2777,36,17,1,10,Silver,5,5
CUST_04284,0,7,Mobile Phone,2,65,Debit Card,Male,4,2,Electronics,2,Divorced,2,0,17,3,15,55,391.25,5138.35,210.08,0.1778,25,32,3,5,Silver,0,6
CUST_04285,0,46,Phone,1,98,Cash on Delivery,Male,3,3,Others,4,Married,7,0,18,3,7,60,268.1,7571.79,2024.95,0.0726,67,28,15,5,Platinum,3,1
CUST_04286,0,43,Computer,1,14,Debit Card,Female,4,6,Mobile Phone,4,Single,5,0,9,8,4,59,326.14,5338.48,354.18,0.6267,65,18,0,15,Free,2,3
CUST_04287,0,49,Computer,1,42,Cash on Delivery,Male,5,3,Others,3,Single,6,0,16,1,7,78,205.42,4023.03,2088.15,0.5452,65,71,3,24,Silver,10,3
CUST_04288,0,46,Phone,2,62,Credit Card,Male,2,5,Laptop & Accessory,4,Married,4,0,42,10,5,71,144.61,10953.7,839.17,0.0985,70,67,13,4,Silver,2,3
CUST_04289,0,18,Computer,3,11,Credit Card,Female,0,9,Others,4,Single,5,0,1,5,11,33,128.35,4991.55,1137.67,0.4034,63,27,14,20,Silver,9,2
CUST_04290,0,4,Mobile Phone,3,98,Credit Card,Male,2,8,Others,3,Single,8,0,34,8,14,58,318.68,2313.74,1648.96,0.4688,26,62,11,4,Silver,2,2
CUST_04291,1,56,Phone,1,59,E-wallet,Male,3,9,Others,1,Married,5,0,44,0,5,19,184.52,11954.54,1533.24,0.6487,42,59,9,6,Free,0,6
CUST_04292,0,30,Mobile Phone,1,34,Debit Card,Female,4,9,Fashion,4,Single,4,0,34,4,12,74,128.94,6837.48,1436.23,0.1057,38,86,1,0,Silver,9,6
CUST_04293,0,5,Phone,3,27,Credit Card,Female,1,4,Others,4,Married,1,0,24,2,7,77,262.27,10223.1,1030.37,0.0849,18,34,1,29,Platinum,5,0
CUST_04294,0,56,Mobile Phone,1,5,Debit Card,Female,5,8,Grocery,2,Married,4,0,30,4,10,50,399.37,3918.55,1225.62,0.1932,30,17,0,9,Silver,10,1
CUST_04295,0,60,Mobile Phone,3,61,Cash on Delivery,Female,0,4,Laptop & Accessory,5,Single,8,0,27,8,5,43,172.14,2854.03,210.55,0.1791,55,36,3,18,Silver,1,8
CUST_04296,0,27,Mobile Phone,2,98,Debit Card,Female,3,10,Others,2,Married,2,0,19,4,11,56,65.62,2361.08,447.09,0.1104,28,4,13,4,Free,3,1
CUST_04297,0,46,Mobile Phone,2,8,Debit Card,Female,2,2,Others,1,Single,4,0,43,16,1,75,256.81,9087.52,1845.28,0.658,49,67,5,18,Gold,10,1
CUST_04298,1,2,Tablet,1,44,Credit Card,Male,4,3,Mobile Phone,1,Divorced,3,0,33,9,10,83,160.26,11603.29,1697.03,0.745,55,89,2,21,Gold,8,5
CUST_04299,0,5,Mobile Phone,1,68,Cash on Delivery,Male,1,10,Mobile Phone,3,Single,5,0,2,4,9,7,235.89,11302.82,875.18,0.4913,18,16,3,12,Gold,2,10
CUST_04300,0,16,Computer,2,46,Debit Card,Female,5,3,Grocery,2,Married,9,0,37,13,8,54,398.82,8515.24,1991.35,0.5679,67,79,7,17,Platinum,1,0
CUST_04301,1,40,Mobile Phone,1,67,Credit Card,Female,0,7,Fashion,4,Married,9,1,12,17,18,19,183.21,8703.58,2025.09,0.3934,42,56,6,6,Silver,4,8
CUST_04302,0,8,Tablet,3,73,Cash on Delivery,Male,4,3,Grocery,4,Married,4,1,27,10,16,5,121.13,3252.98,1342.38,0.4685,39,59,13,13,Silver,10,10
CUST_04303,0,2,Mobile Phone,2,97,E-wallet,Male,2,3,Fashion,3,Single,6,0,8,20,12,0,392.29,4565.95,2450.63,0.638,18,51,13,18,Platinum,1,3
CUST_04304,0,40,Mobile Phone,1,63,Cash on Delivery,Female,3,7,Mobile Phone,2,Single,9,0,24,7,18,8,266.92,888.55,703.03,0.6644,62,14,9,2,Gold,7,2
CUST_04305,0,46,Mobile Phone,1,73,E-wallet,Male,1,8,Mobile Phone,5,Married,9,0,7,9,13,40,122.21,6798.31,772.11,0.2446,65,73,15,13,Silver,1,2
CUST_04306,0,45,Computer,2,33,UPI,Male,2,3,Grocery,5,Married,7,0,11,8,13,77,126.84,11506.97,72.85,0.5981,64,21,14,11,Gold,7,10
CUST_04307,0,48,Tablet,1,19,UPI,Female,2,10,Fashion,2,Married,2,0,44,20,10,80,241.92,8004.46,417.15,0.012,48,83,1,5,Free,9,7
CUST_04308,1,48,Tablet,2,14,Debit Card,Female,1,1,Laptop & Accessory,2,Single,4,1,4,15,5,70,145.26,5241.78,2054.01,0.0913,54,76,0,2,Free,2,8
CUST_04309,0,36,Mobile Phone,2,15,UPI,Male,0,2,Grocery,5,Married,3,0,15,12,6,58,309.17,3739.78,1591.67,0.2199,62,13,2,0,Free,7,10
CUST_04310,0,31,Mobile Phone,3,84,E-wallet,Female,2,10,Electronics,4,Single,7,0,2,7,20,55,77.22,5977.02,515.84,0.3699,59,39,6,11,Gold,5,5
CUST_04311,0,52,Mobile Phone,1,8,Cash on Delivery,Female,2,1,Laptop & Accessory,3,Married,3,0,9,1,14,1,76.29,4213.7,1709.37,0.1744,44,23,7,27,Silver,0,5
CUST_04312,1,21,Mobile Phone,1,51,Credit Card,Male,4,4,Mobile Phone,3,Married,1,0,36,18,1,74,93.08,11105.78,450.72,0.653,22,77,3,22,Platinum,4,10
CUST_04313,0,5,Computer,3,63,UPI,Female,2,2,Fashion,4,Single,9,0,28,2,4,2,349.55,8544.82,1046.4,0.4064,39,12,11,28,Free,8,5
CUST_04314,0,45,Mobile Phone,2,69,Debit Card,Female,3,3,Others,2,Divorced,2,0,17,15,19,71,36.51,3201.81,2495.27,0.3101,59,18,6,15,Silver,9,5
CUST_04315,0,16,Computer,2,11,UPI,Male,2,1,Fashion,5,Married,8,0,4,10,4,65,240.43,5285.13,824.94,0.5955,69,90,2,3,Free,9,3
CUST_04316,0,59,Phone,2,87,UPI,Male,2,4,Others,3,Single,10,0,36,14,11,24,345.47,252.06,1714.16,0.5291,25,64,12,15,Silver,7,10
CUST_04317,0,25,Mobile Phone,3,46,UPI,Female,4,3,Electronics,1,Single,9,0,13,19,7,8,70.77,359.57,64.86,0.5654,63,55,11,9,Gold,7,6
CUST_04318,0,51,Mobile Phone,1,6,E-wallet,Male,4,2,Others,5,Married,5,0,25,4,14,80,367.58,5398.71,783.8,0.2428,56,8,14,19,Silver,3,10
CUST_04319,0,2,Mobile Phone,1,17,E-wallet,Female,5,8,Grocery,5,Married,6,0,6,2,18,20,284.48,5297.16,798.76,0.2352,37,85,15,22,Silver,7,10
CUST_04320,0,40,Mobile Phone,2,87,E-wallet,Male,2,1,Mobile Phone,5,Single,8,0,22,7,8,48,91.99,240.63,2103.02,0.225,68,15,2,29,Gold,1,8
CUST_04321,1,27,Mobile Phone,1,95,Cash on Delivery,Female,0,5,Electronics,4,Single,3,0,44,12,0,63,392.18,4467.18,467.62,0.5929,20,87,3,20,Free,2,4
CUST_04322,0,28,Computer,3,77,Debit Card,Female,3,4,Laptop & Accessory,2,Married,5,0,32,1,7,42,332.94,3334.65,839.18,0.2864,33,50,5,18,Free,8,0
CUST_04323,0,16,Mobile Phone,1,37,Credit Card,Male,2,7,Electronics,3,Married,4,1,24,17,0,22,22.75,3427.81,449.43,0.0921,22,82,14,12,Gold,2,1
CUST_04324,0,59,Computer,1,95,E-wallet,Male,0,4,Mobile Phone,3,Single,3,0,9,12,4,44,330.12,4107.37,1217.23,0.3762,43,41,7,6,Silver,0,10
CUST_04325,0,23,Phone,1,31,E-wallet,Female,5,5,Electronics,3,Married,6,1,13,20,8,44,230.69,7215.65,716.32,0.158,58,24,14,10,Gold,1,5
CUST_04326,0,51,Tablet,3,27,Credit Card,Female,3,9,Grocery,1,Married,5,0,49,6,2,40,355.88,8720.82,486.48,0.4327,42,10,3,17,Gold,5,6
CUST_04327,0,25,Computer,2,78,Debit Card,Male,3,2,Mobile Phone,2,Single,1,1,47,19,0,35,235.91,4760.96,1107.24,0.3937,38,46,4,30,Gold,5,8
CUST_04328,0,2,Mobile Phone,1,35,Cash on Delivery,Female,3,5,Fashion,3,Married,1,0,16,8,6,4,318.39,11781.24,1208.58,0.2036,28,55,3,18,Platinum,7,5
CUST_04329,0,53,Mobile Phone,1,54,Credit Card,Male,5,6,Grocery,3,Single,7,1,32,2,0,31,333.08,7025.4,807.16,0.6943,35,21,5,3,Silver,6,10
CUST_04330,0,11,Mobile Phone,1,68,Credit Card,Female,4,8,Electronics,2,Single,6,0,39,17,5,33,318.59,8350.32,2418.77,0.3303,18,29,13,3,Free,6,9
CUST_04331,0,16,Tablet,1,20,E-wallet,Male,4,6,Fashion,4,Divorced,9,0,20,1,2,22,23.5,5483.94,406.72,0.3991,49,39,5,25,Silver,1,7
CUST_04332,0,52,Tablet,2,93,Credit Card,Male,4,8,Laptop & Accessory,5,Single,1,1,12,14,11,9,266.21,11280.82,1799.0,0.5356,58,11,13,26,Platinum,1,5
CUST_04333,0,54,Mobile Phone,1,20,Debit Card,Female,4,8,Laptop & Accessory,3,Single,4,1,17,4,16,37,358.72,6511.21,1341.99,0.4782,56,38,3,11,Gold,3,9
CUST_04334,0,55,Mobile Phone,1,100,E-wallet,Female,4,8,Grocery,4,Married,4,0,23,14,18,84,374.45,8964.39,992.52,0.03,65,31,0,9,Silver,7,8
CUST_04335,1,25,Mobile Phone,1,31,Credit Card,Female,0,7,Others,1,Divorced,7,0,18,5,13,16,306.83,6297.02,1701.61,0.3697,42,83,9,0,Free,5,5
CUST_04336,1,46,Mobile Phone,2,45,Cash on Delivery,Male,2,10,Fashion,1,Married,5,1,25,1,1,63,124.05,10420.88,426.61,0.6767,32,26,14,24,Gold,2,8
CUST_04337,0,19,Tablet,2,29,UPI,Male,1,1,Laptop & Accessory,1,Single,5,0,7,18,1,86,343.38,9201.25,2328.71,0.6667,44,63,4,24,Gold,8,1
CUST_04338,0,45,Mobile Phone,2,56,UPI,Male,5,5,Mobile Phone,5,Married,10,0,15,7,15,87,10.23,9918.43,2091.22,0.0968,53,70,12,20,Gold,6,7
CUST_04339,0,30,Mobile Phone,2,5,E-wallet,Male,3,9,Others,2,Married,1,0,9,13,15,28,308.36,850.53,1872.74,0.2231,56,67,15,30,Gold,8,0
CUST_04340,0,3,Mobile Phone,3,21,Credit Card,Female,3,2,Electronics,4,Married,9,0,17,0,5,12,194.2,6910.99,2397.78,0.2063,50,40,4,5,Silver,2,2
CUST_04341,0,25,Mobile Phone,2,54,Credit Card,Male,3,9,Laptop & Accessory,4,Single,3,0,14,19,20,66,351.99,6321.8,2354.8,0.687,26,67,1,25,Free,8,1
CUST_04342,0,28,Mobile Phone,3,71,Credit Card,Female,4,1,Mobile Phone,1,Married,1,0,22,13,13,27,200.7,4736.98,544.75,0.7262,35,42,10,30,Free,4,9
CUST_04343,1,15,Phone,2,97,UPI,Male,4,8,Electronics,1,Single,6,0,50,8,9,26,169.11,3405.17,2222.11,0.3291,24,49,11,19,Free,1,4
CUST_04344,0,22,Mobile Phone,1,85,E-wallet,Male,1,2,Grocery,4,Married,3,0,42,18,13,65,337.84,9828.9,1988.55,0.5216,32,48,7,20,Platinum,8,4
CUST_04345,0,30,Computer,3,93,Credit Card,Male,5,7,Mobile Phone,4,Single,8,0,31,8,0,23,131.73,3544.55,1112.75,0.1252,38,31,10,23,Free,9,9
CUST_04346,1,3,Mobile Phone,2,81,UPI,Male,4,9,Electronics,3,Married,8,0,25,6,15,47,195.11,6851.14,1351.66,0.4949,64,30,3,10,Free,2,4
CUST_04347,0,9,Mobile Phone,2,79,UPI,Male,1,9,Others,2,Married,5,0,16,5,4,43,337.47,6013.95,1427.09,0.036,37,76,4,8,Platinum,0,5
CUST_04348,0,46,Mobile Phone,1,38,Credit Card,Male,3,6,Others,3,Married,8,0,4,13,0,76,5.18,6169.3,1319.14,0.0587,39,10,1,20,Gold,9,1
CUST_04349,0,21,Mobile Phone,1,91,Debit Card,Female,2,10,Electronics,4,Divorced,2,1,31,9,13,66,139.98,11212.24,1089.99,0.2953,51,31,8,8,Silver,6,3
CUST_04350,0,37,Mobile Phone,3,97,Debit Card,Male,2,2,Fashion,1,Married,4,0,11,11,0,33,333.11,10730.34,1574.99,0.6427,70,42,9,23,Free,4,6
CUST_04351,0,34,Mobile Phone,1,54,Credit Card,Female,5,3,Laptop & Accessory,1,Single,1,0,1,16,0,0,351.82,7109.97,2067.67,0.0096,32,47,13,26,Free,3,4
CUST_04352,1,33,Phone,1,16,UPI,Male,1,2,Fashion,2,Married,7,1,50,13,3,22,64.03,2514.29,2385.53,0.2479,62,15,0,15,Silver,10,10
CUST_04353,0,25,Computer,1,9,E-wallet,Female,5,8,Laptop & Accessory,1,Single,8,0,10,14,20,15,177.84,2300.23,1681.72,0.4758,67,13,12,18,Platinum,3,10
CUST_04354,0,29,Tablet,2,52,UPI,Male,3,9,Grocery,1,Single,8,0,4,12,20,71,137.53,1398.96,2369.2,0.2299,62,58,12,2,Gold,6,0
CUST_04355,0,50,Mobile Phone,3,65,Cash on Delivery,Male,4,10,Grocery,3,Married,4,1,30,16,8,70,390.35,5597.06,2408.19,0.0053,26,53,12,13,Free,2,4
CUST_04356,0,58,Computer,2,58,Cash on Delivery,Male,4,6,Fashion,5,Married,9,0,33,15,7,3,225.72,2356.65,1643.36,0.3982,29,16,10,30,Free,1,10
CUST_04357,0,15,Computer,3,91,E-wallet,Female,3,2,Laptop & Accessory,4,Single,7,0,13,17,8,32,159.75,5393.59,743.74,0.0924,59,42,11,19,Gold,5,7
CUST_04358,0,40,Mobile Phone,2,56,E-wallet,Male,1,2,Grocery,2,Single,6,1,10,13,13,13,348.88,4255.78,1320.55,0.2365,39,62,10,2,Silver,8,8
CUST_04359,1,59,Mobile Phone,1,68,E-wallet,Male,5,7,Laptop & Accessory,3,Single,3,0,7,0,12,77,283.31,475.88,2265.13,0.6744,43,79,3,11,Gold,0,10
CUST_04360,0,0,Mobile Phone,1,77,E-wallet,Female,3,9,Mobile Phone,3,Married,9,0,22,19,6,65,285.08,9489.53,361.22,0.445,24,2,8,21,Platinum,6,6
CUST_04361,0,47,Computer,1,90,E-wallet,Female,2,10,Others,2,Married,8,0,20,4,5,12,244.74,11409.75,1869.05,0.5489,26,27,4,27,Gold,2,7
CUST_04362,0,30,Mobile Phone,2,63,E-wallet,Female,1,8,Others,5,Married,9,0,18,15,10,63,166.8,4933.5,2368.07,0.1191,37,68,9,22,Gold,1,6
CUST_04363,0,59,Mobile Phone,1,58,Cash on Delivery,Male,0,9,Grocery,5,Married,4,0,47,13,6,73,39.43,3831.69,1808.47,0.561,55,27,13,9,Gold,10,6
CUST_04364,0,35,Tablet,1,12,UPI,Female,1,5,Fashion,5,Married,6,0,49,13,9,5,253.62,685.84,2373.02,0.1269,70,12,14,7,Silver,0,10
CUST_04365,0,51,Mobile Phone,3,66,Debit Card,Female,0,2,Laptop & Accessory,3,Married,1,1,44,9,0,56,165.86,312.92,1819.6,0.6574,22,11,10,4,Silver,1,5
CUST_04366,0,10,Tablet,2,22,UPI,Male,5,5,Grocery,4,Married,6,0,28,9,3,47,181.02,7649.53,2466.61,0.5174,51,55,8,21,Gold,9,1
CUST_04367,0,8,Phone,1,40,E-wallet,Male,2,1,Fashion,4,Married,6,0,49,2,20,15,369.59,6521.03,2404.32,0.503,66,43,3,5,Platinum,1,7
CUST_04368,0,56,Phone,2,56,Cash on Delivery,Female,3,7,Electronics,4,Married,9,0,12,5,7,83,288.42,9437.58,1587.43,0.1652,35,23,4,20,Silver,5,10
CUST_04369,0,32,Computer,2,12,UPI,Female,4,4,Laptop & Accessory,1,Married,8,0,37,1,9,1,312.68,6580.12,1520.2,0.3238,65,69,2,28,Free,3,6
CUST_04370,0,34,Mobile Phone,3,71,Credit Card,Male,5,4,Electronics,5,Single,10,0,30,19,4,44,304.08,2400.83,2247.32,0.0298,33,17,11,20,Free,7,2
CUST_04371,0,10,Computer,2,31,Debit Card,Female,2,1,Electronics,5,Married,10,0,31,19,18,80,173.01,10368.98,1937.37,0.2595,47,58,7,9,Platinum,9,7
CUST_04372,0,13,Computer,1,54,UPI,Female,0,10,Fashion,4,Married,2,0,3,2,5,28,223.57,10661.67,1514.79,0.0171,29,82,5,7,Silver,5,6
CUST_04373,0,49,Computer,1,38,Debit Card,Female,3,5,Laptop & Accessory,3,Divorced,10,0,7,17,6,26,217.43,9388.37,1799.19,0.0044,62,8,8,30,Silver,1,6
CUST_04374,0,18,Mobile Phone,1,39,UPI,Male,5,8,Fashion,3,Married,1,0,47,14,8,66,96.33,11423.38,222.87,0.1356,23,42,13,4,Free,9,7
CUST_04375,0,35,Mobile Phone,2,42,Debit Card,Female,2,6,Fashion,2,Married,5,0,13,6,16,21,253.08,10522.27,2390.28,0.5077,48,27,5,1,Silver,9,10
CUST_04376,0,19,Mobile Phone,2,9,Credit Card,Female,0,7,Electronics,1,Single,10,0,17,3,16,45,149.86,5673.4,1091.34,0.175,26,71,7,15,Free,1,6
CUST_04377,1,16,Mobile Phone,2,23,UPI,Male,4,5,Mobile Phone,5,Married,7,1,34,13,3,16,21.69,10116.39,269.69,0.6752,28,29,5,1,Free,0,9
CUST_04378,0,10,Computer,2,80,UPI,Male,3,7,Laptop & Accessory,2,Married,10,0,45,0,4,6,388.06,8801.27,978.2,0.4146,37,69,4,25,Platinum,1,9
CUST_04379,0,56,Phone,1,16,Cash on Delivery,Male,0,2,Others,2,Married,6,0,20,3,5,32,166.45,5965.18,1309.17,0.3367,22,54,7,25,Silver,4,1
CUST_04380,0,57,Computer,1,52,Credit Card,Female,0,10,Mobile Phone,3,Married,7,0,41,2,4,12,139.96,4985.13,2491.9,0.3177,40,72,1,4,Gold,4,2
CUST_04381,1,7,Computer,1,18,UPI,Female,3,5,Laptop & Accessory,4,Married,6,0,31,2,10,47,250.94,8392.28,1520.07,0.3365,34,71,1,12,Silver,10,9
CUST_04382,1,21,Mobile Phone,1,56,E-wallet,Male,0,1,Others,2,Married,10,0,9,0,5,44,181.43,945.54,161.01,0.1575,38,64,5,28,Gold,5,6
CUST_04383,0,34,Mobile Phone,2,66,Debit Card,Female,1,10,Electronics,2,Married,2,1,28,7,1,43,390.94,8160.66,226.99,0.3138,26,90,12,21,Platinum,10,1
CUST_04384,0,23,Mobile Phone,3,50,Debit Card,Female,1,1,Mobile Phone,2,Divorced,4,0,49,16,16,88,20.03,5095.17,1049.33,0.0104,26,75,8,3,Platinum,6,7
CUST_04385,0,43,Mobile Phone,1,79,Credit Card,Male,2,5,Fashion,2,Married,7,1,50,5,7,77,326.65,4644.72,2167.55,0.3115,56,23,7,18,Free,10,2
CUST_04386,1,15,Mobile Phone,2,30,UPI,Female,4,8,Electronics,1,Single,5,0,50,5,5,39,8.46,5695.2,932.49,0.2864,32,9,1,16,Free,2,4
CUST_04387,0,3,Mobile Phone,1,58,E-wallet,Male,2,4,Electronics,2,Divorced,10,1,3,20,3,17,73.15,11224.4,2461.83,0.032,48,17,1,21,Free,8,2
CUST_04388,0,20,Mobile Phone,2,31,UPI,Male,5,3,Fashion,3,Married,6,0,41,10,17,18,69.6,11741.77,85.01,0.4563,41,39,15,27,Platinum,8,5
CUST_04389,0,36,Computer,1,53,UPI,Male,3,3,Mobile Phone,3,Married,2,0,24,0,12,67,136.26,11713.03,1390.92,0.5895,34,38,8,16,Gold,9,4
CUST_04390,0,11,Mobile Phone,2,11,Cash on Delivery,Female,2,7,Laptop & Accessory,2,Married,7,1,23,12,6,76,350.26,7787.94,2442.91,0.1432,22,67,9,29,Platinum,8,5
CUST_04391,0,49,Mobile Phone,1,30,UPI,Female,3,6,Others,5,Single,4,0,21,11,17,82,97.54,9717.7,1234.3,0.3457,45,61,5,21,Free,3,3
CUST_04392,0,0,Mobile Phone,1,72,Debit Card,Male,0,6,Electronics,2,Single,5,0,34,8,6,84,206.01,2083.19,1294.13,0.685,20,13,12,1,Silver,5,1
CUST_04393,0,4,Computer,2,79,Cash on Delivery,Male,5,6,Others,5,Single,1,0,25,17,5,3,191.39,6393.8,832.58,0.6747,32,65,12,17,Free,3,9
CUST_04394,0,31,Computer,1,31,Debit Card,Female,1,4,Electronics,4,Married,9,0,4,14,7,75,94.56,3806.67,2010.64,0.1948,60,55,1,12,Free,5,1
CUST_04395,0,31,Mobile Phone,2,29,E-wallet,Male,5,10,Mobile Phone,4,Married,5,0,20,0,0,68,185.32,2139.67,2329.15,0.1652,25,75,8,12,Gold,5,6
CUST_04396,0,17,Mobile Phone,1,33,Debit Card,Male,3,3,Mobile Phone,2,Married,9,1,46,7,9,15,337.57,8476.68,1096.41,0.1644,28,39,6,21,Silver,7,8
CUST_04397,0,15,Tablet,3,31,UPI,Male,1,9,Mobile Phone,5,Single,5,0,6,11,15,24,279.35,208.09,2286.41,0.4418,62,28,13,21,Silver,2,3
CUST_04398,0,4,Computer,1,100,Debit Card,Female,2,8,Fashion,3,Single,10,1,11,13,8,88,156.5,10398.92,392.05,0.6297,34,25,6,12,Free,10,6
CUST_04399,1,40,Computer,2,67,Cash on Delivery,Female,0,1,Others,3,Married,4,0,5,7,12,40,107.73,11906.52,1703.52,0.1826,43,76,3,3,Free,3,6
CUST_04400,0,23,Mobile Phone,3,42,UPI,Female,3,2,Electronics,2,Single,2,0,36,9,8,63,206.23,3912.91,803.36,0.482,23,22,10,2,Silver,4,9
CUST_04401,0,7,Phone,2,49,Debit Card,Male,0,6,Fashion,3,Married,5,0,41,4,17,5,89.9,1677.32,309.58,0.5325,42,60,4,8,Silver,5,5
CUST_04402,0,24,Phone,1,54,Cash on Delivery,Male,3,2,Electronics,4,Married,1,0,40,12,20,58,62.28,9503.29,1561.77,0.1007,27,41,7,23,Free,3,3
CUST_04403,0,57,Mobile Phone,2,58,E-wallet,Female,1,9,Others,5,Married,9,1,3,4,11,26,17.36,9629.56,1381.34,0.067,39,1,3,5,Free,4,10
CUST_04404,0,15,Computer,1,42,Credit Card,Female,0,5,Fashion,5,Married,10,1,49,10,14,70,4.24,9403.43,1439.85,0.0664,62,46,4,26,Gold,5,7
CUST_04405,0,54,Mobile Phone,2,98,UPI,Female,1,9,Others,1,Married,3,0,45,17,12,10,389.12,8497.22,1857.03,0.3379,46,88,14,26,Silver,0,2
CUST_04406,0,15,Computer,1,32,Cash on Delivery,Female,0,2,Laptop & Accessory,1,Single,1,1,42,19,18,90,144.52,9490.79,1215.44,0.1926,66,30,11,15,Silver,2,2
CUST_04407,0,11,Mobile Phone,2,46,Cash on Delivery,Female,5,1,Mobile Phone,5,Married,8,0,44,9,19,21,14.89,10368.64,983.29,0.2675,69,23,4,19,Silver,0,8
CUST_04408,0,15,Mobile Phone,3,5,Debit Card,Female,5,7,Mobile Phone,5,Single,7,0,41,4,18,37,232.51,509.42,1865.98,0.7315,39,46,11,22,Gold,0,4
CUST_04409,0,19,Tablet,1,52,Credit Card,Male,5,9,Mobile Phone,1,Married,8,0,1,0,1,2,188.01,11899.8,1822.49,0.2429,32,6,8,0,Free,10,0
CUST_04410,0,7,Phone,1,87,UPI,Male,4,10,Mobile Phone,5,Married,6,0,35,17,8,8,229.79,9200.51,1341.04,0.2467,29,34,6,14,Free,10,7
CUST_04411,1,35,Mobile Phone,1,100,Cash on Delivery,Female,1,8,Fashion,4,Married,6,0,46,8,10,85,216.66,6585.28,1568.77,0.5552,50,40,2,25,Free,5,4
CUST_04412,0,20,Tablet,2,50,Debit Card,Male,4,8,Electronics,5,Married,3,0,29,3,16,63,40.01,4850.63,1296.06,0.7061,54,37,14,29,Free,3,1
CUST_04413,0,43,Mobile Phone,1,18,Debit Card,Male,4,1,Grocery,1,Married,4,0,46,17,11,81,299.41,11858.59,1583.77,0.4839,59,48,0,8,Free,6,4
CUST_04414,1,29,Mobile Phone,2,74,UPI,Male,1,7,Fashion,5,Married,7,0,2,10,9,76,150.51,1204.95,1028.91,0.5771,28,44,2,15,Free,5,9
CUST_04415,0,27,Phone,2,66,UPI,Female,5,8,Fashion,2,Single,10,0,30,14,11,59,398.45,9240.97,2043.96,0.1711,53,42,7,0,Free,9,10
CUST_04416,0,28,Mobile Phone,3,97,UPI,Male,5,4,Mobile Phone,3,Married,4,0,49,1,12,58,236.37,1714.58,1781.85,0.1405,54,29,8,4,Free,1,6
CUST_04417,0,9,Mobile Phone,1,53,Cash on Delivery,Female,2,10,Electronics,2,Married,4,0,28,20,12,29,196.12,6754.33,1796.78,0.7482,44,69,9,2,Silver,10,1
CUST_04418,1,43,Computer,1,5,E-wallet,Male,3,10,Electronics,1,Married,6,0,22,6,15,63,144.56,5642.22,2453.49,0.7242,54,30,13,10,Silver,8,4
CUST_04419,0,6,Mobile Phone,1,91,Cash on Delivery,Female,5,9,Grocery,4,Married,1,0,14,16,8,85,215.5,1379.65,1285.91,0.2581,44,10,15,17,Free,10,5
CUST_04420,0,44,Mobile Phone,2,69,Credit Card,Female,1,9,Electronics,1,Married,7,0,40,6,12,21,189.28,2224.06,2378.7,0.6031,60,61,11,9,Free,5,6
CUST_04421,0,60,Mobile Phone,1,81,Debit Card,Male,5,6,Electronics,3,Married,2,0,48,3,2,88,210.29,4401.81,1021.16,0.2116,34,73,15,5,Silver,7,3
CUST_04422,0,46,Computer,1,16,Credit Card,Female,1,9,Electronics,1,Married,7,1,19,8,10,47,388.13,3967.81,2279.22,0.0405,31,0,8,26,Free,1,3
CUST_04423,0,27,Mobile Phone,1,48,E-wallet,Female,5,1,Laptop & Accessory,5,Married,9,0,25,1,7,72,162.17,2895.11,1436.64,0.5205,50,44,14,19,Platinum,8,0
CUST_04424,0,19,Mobile Phone,2,48,Cash on Delivery,Female,1,3,Laptop & Accessory,3,Married,10,0,23,10,0,32,112.37,5888.99,1446.75,0.4038,34,8,1,24,Free,2,0
CUST_04425,0,53,Computer,3,30,Debit Card,Female,4,7,Fashion,1,Married,2,0,32,9,4,62,170.13,7179.76,2192.56,0.0394,44,7,9,26,Silver,0,0
CUST_04426,0,15,Mobile Phone,1,86,E-wallet,Male,3,2,Laptop & Accessory,5,Single,6,0,23,1,20,50,20.85,8613.37,2388.43,0.3176,31,70,0,26,Free,6,2
CUST_04427,0,29,Mobile Phone,1,23,UPI,Male,2,9,Laptop & Accessory,4,Single,5,0,37,9,11,29,182.51,3945.08,538.93,0.4394,30,88,12,12,Silver,3,4
CUST_04428,0,47,Computer,1,11,Credit Card,Male,2,2,Laptop & Accessory,1,Single,5,0,50,11,0,2,368.3,7825.3,368.16,0.296,51,2,10,21,Free,9,10
CUST_04429,0,56,Computer,1,27,Credit Card,Male,1,4,Laptop & Accessory,2,Single,7,0,15,11,18,80,80.42,7336.47,1953.9,0.0326,32,81,6,27,Free,2,8
CUST_04430,0,56,Mobile Phone,3,100,E-wallet,Female,4,3,Mobile Phone,3,Single,10,1,10,1,2,63,35.69,8471.62,927.61,0.7025,69,23,7,23,Free,1,1
CUST_04431,0,5,Phone,2,15,Debit Card,Female,5,6,Mobile Phone,4,Married,6,0,28,14,13,45,6.4,11479.0,388.52,0.696,61,28,15,6,Silver,3,10
CUST_04432,0,54,Computer,2,60,UPI,Female,3,1,Electronics,5,Single,6,0,25,6,0,49,257.68,10820.91,615.63,0.6651,40,41,6,28,Free,2,6
CUST_04433,0,6,Mobile Phone,3,22,E-wallet,Male,1,9,Others,5,Single,7,1,21,5,17,57,306.04,10065.6,903.87,0.5231,30,45,15,19,Free,9,5
CUST_04434,0,35,Computer,2,42,Debit Card,Female,4,9,Mobile Phone,1,Married,6,1,7,17,13,2,268.53,8557.71,1943.81,0.6787,35,13,6,4,Free,9,7
CUST_04435,0,56,Computer,1,57,Credit Card,Female,2,8,Fashion,3,Married,4,0,5,20,17,15,256.31,3448.33,230.62,0.6416,41,22,14,27,Gold,6,10
CUST_04436,0,39,Computer,2,6,Credit Card,Female,5,2,Grocery,1,Single,9,0,25,2,6,90,326.73,1847.16,1291.26,0.4084,48,42,2,24,Free,8,6
CUST_04437,0,57,Computer,1,28,E-wallet,Male,1,3,Mobile Phone,2,Divorced,7,0,36,10,18,1,341.38,8369.29,92.95,0.384,36,46,1,17,Silver,2,0
CUST_04438,0,21,Computer,1,61,UPI,Male,3,3,Mobile Phone,2,Married,6,0,27,5,18,10,134.48,7110.83,1761.7,0.4633,36,39,8,11,Silver,10,4
CUST_04439,0,19,Tablet,3,6,Debit Card,Female,2,7,Electronics,2,Married,1,0,39,15,10,89,231.84,6847.67,2410.16,0.2127,44,22,14,24,Free,8,0
CUST_04440,0,19,Computer,1,52,Credit Card,Female,5,9,Fashion,2,Married,3,0,6,12,12,71,263.22,8521.68,924.27,0.0891,23,21,6,18,Gold,1,3
CUST_04441,1,21,Phone,2,62,Cash on Delivery,Male,0,9,Electronics,3,Married,3,0,48,8,7,56,136.58,7581.01,2311.34,0.6968,19,33,6,18,Free,5,4
CUST_04442,0,41,Computer,1,25,Credit Card,Female,3,10,Laptop & Accessory,3,Married,7,0,35,15,16,83,254.52,2843.73,2217.59,0.3686,44,33,1,1,Free,7,8
CUST_04443,0,27,Phone,1,20,Credit Card,Female,4,7,Fashion,5,Married,2,0,33,14,13,62,263.77,10969.37,903.24,0.0643,55,24,8,4,Free,1,3
CUST_04444,0,44,Tablet,2,52,UPI,Male,2,3,Mobile Phone,3,Single,4,0,42,19,3,8,0.06,10580.66,560.27,0.7092,49,18,14,10,Platinum,2,1
CUST_04445,0,25,Mobile Phone,2,73,Cash on Delivery,Female,3,4,Mobile Phone,1,Single,5,0,48,20,8,4,33.97,1599.55,858.82,0.6063,22,40,5,28,Free,0,3
CUST_04446,0,18,Mobile Phone,2,6,UPI,Female,1,3,Fashion,3,Divorced,8,0,41,8,8,79,293.94,7189.76,2293.03,0.4848,40,78,7,21,Platinum,3,7
CUST_04447,1,11,Computer,1,37,E-wallet,Male,2,1,Mobile Phone,2,Married,2,0,24,3,9,38,30.19,10926.36,1092.69,0.7434,46,6,5,6,Silver,1,9
CUST_04448,0,33,Mobile Phone,1,100,Debit Card,Male,5,9,Electronics,1,Single,7,0,37,19,13,32,203.08,8042.85,1270.94,0.6158,58,10,3,27,Platinum,5,4
CUST_04449,0,54,Computer,2,37,UPI,Female,2,6,Mobile Phone,4,Single,6,0,21,9,5,25,17.8,6327.17,408.67,0.0597,53,48,2,24,Gold,1,6
CUST_04450,0,52,Computer,2,36,Debit Card,Male,1,10,Others,4,Married,8,0,7,18,3,72,331.31,10966.09,609.1,0.5402,53,72,11,2,Free,4,10
CUST_04451,0,15,Tablet,2,75,Debit Card,Male,3,9,Fashion,2,Married,2,0,50,14,9,76,221.81,9275.48,2319.28,0.0896,18,20,8,2,Silver,2,4
CUST_04452,0,29,Mobile Phone,2,51,Credit Card,Male,2,7,Grocery,2,Married,6,0,31,10,8,56,81.5,7922.45,2290.12,0.5809,42,27,13,11,Free,6,3
CUST_04453,0,43,Computer,3,42,Cash on Delivery,Male,4,1,Mobile Phone,3,Single,5,0,40,17,19,44,345.06,5245.17,776.08,0.2024,67,15,3,15,Silver,4,0
CUST_04454,1,37,Mobile Phone,2,80,Cash on Delivery,Female,0,5,Others,3,Single,3,1,35,15,15,53,47.97,9335.85,1765.48,0.2616,68,76,4,23,Platinum,4,5
CUST_04455,0,4,Mobile Phone,1,7,Cash on Delivery,Male,5,5,Grocery,5,Single,1,0,17,13,5,34,363.0,10463.25,1732.42,0.6241,58,31,11,18,Silver,5,0
CUST_04456,0,36,Mobile Phone,2,73,Credit Card,Female,4,7,Electronics,1,Married,4,0,38,10,14,33,388.83,2055.68,1083.32,0.0986,49,29,14,10,Free,8,2
CUST_04457,1,2,Mobile Phone,2,41,Credit Card,Male,5,6,Others,1,Married,5,0,16,4,12,13,263.14,8392.63,1798.81,0.7078,61,66,1,20,Silver,8,1
CUST_04458,0,7,Mobile Phone,3,90,Cash on Delivery,Male,2,8,Others,4,Married,1,0,36,4,18,42,335.33,8406.79,2243.31,0.0951,37,11,9,20,Gold,2,1
CUST_04459,0,39,Computer,1,74,Cash on Delivery,Male,2,1,Mobile Phone,5,Married,9,1,41,13,15,34,329.5,1845.69,1947.53,0.019,41,32,1,21,Free,9,2
CUST_04460,0,6,Computer,2,95,Credit Card,Female,2,2,Mobile Phone,4,Single,7,0,32,8,11,25,181.44,10189.88,1398.98,0.0192,37,33,4,18,Silver,0,4
CUST_04461,0,20,Mobile Phone,1,17,Cash on Delivery,Female,5,10,Mobile Phone,2,Single,4,0,24,13,5,32,48.85,10399.78,1606.38,0.6074,23,68,0,1,Gold,6,0
CUST_04462,0,35,Mobile Phone,2,23,E-wallet,Female,0,5,Grocery,2,Single,1,0,37,15,4,63,33.27,1709.16,2102.54,0.3598,19,17,11,28,Free,8,7
CUST_04463,0,39,Mobile Phone,3,91,Cash on Delivery,Male,3,9,Others,5,Married,8,0,3,0,7,71,41.52,8810.22,1886.86,0.381,35,89,10,10,Platinum,8,2
CUST_04464,0,27,Tablet,3,42,Debit Card,Male,1,9,Electronics,4,Married,1,0,43,1,18,73,205.22,2902.15,2350.6,0.6259,53,36,9,25,Gold,9,6
CUST_04465,0,5,Tablet,1,83,Debit Card,Male,3,2,Grocery,3,Divorced,5,0,25,12,18,77,14.18,2850.82,2107.09,0.3848,55,85,14,20,Gold,3,0
CUST_04466,0,48,Mobile Phone,1,70,Cash on Delivery,Male,5,8,Fashion,3,Single,3,0,29,20,20,89,192.04,1603.06,190.33,0.7177,57,14,14,19,Platinum,9,2
CUST_04467,0,57,Mobile Phone,2,52,UPI,Male,4,2,Electronics,1,Divorced,3,0,10,11,20,34,114.73,8277.73,1805.57,0.003,47,20,8,11,Silver,9,9
CUST_04468,0,54,Mobile Phone,2,9,Cash on Delivery,Male,0,2,Fashion,5,Single,8,0,7,14,10,81,348.75,10900.29,378.05,0.1219,29,6,14,23,Silver,4,6
CUST_04469,0,45,Computer,3,12,E-wallet,Male,2,3,Others,1,Single,4,0,18,6,12,37,36.21,6934.59,2092.66,0.5911,62,84,1,13,Platinum,5,6
CUST_04470,0,24,Mobile Phone,1,73,UPI,Male,0,8,Grocery,5,Single,3,0,41,4,1,75,272.03,3175.08,295.17,0.6866,58,58,9,7,Silver,4,5
CUST_04471,1,53,Mobile Phone,3,14,UPI,Male,2,1,Grocery,1,Single,4,0,0,5,3,88,32.48,2351.95,754.64,0.5296,28,78,12,3,Free,3,4
CUST_04472,0,29,Mobile Phone,2,5,UPI,Female,1,7,Electronics,1,Single,2,0,33,19,5,71,211.11,2091.85,821.0,0.2236,53,6,10,3,Free,3,0
CUST_04473,1,8,Mobile Phone,1,26,UPI,Male,4,4,Electronics,1,Single,8,0,50,16,3,34,133.66,2538.82,2335.44,0.6304,30,2,5,18,Silver,2,3
CUST_04474,0,51,Mobile Phone,1,92,Credit Card,Female,3,3,Fashion,3,Married,5,0,35,7,15,34,219.74,6685.07,2470.99,0.165,20,46,3,13,Gold,5,10
CUST_04475,1,19,Mobile Phone,2,65,E-wallet,Female,1,3,Fashion,1,Married,3,1,15,1,17,57,29.32,11940.17,1369.94,0.329,20,88,0,10,Free,10,9
CUST_04476,0,57,Computer,1,73,UPI,Male,5,4,Fashion,2,Married,4,0,15,18,0,90,200.06,11223.19,1329.03,0.5883,32,31,11,15,Gold,0,8
CUST_04477,0,22,Mobile Phone,2,67,Debit Card,Male,4,4,Others,4,Married,10,0,17,5,14,12,203.49,1217.63,1373.75,0.3032,29,87,0,3,Silver,1,3
CUST_04478,0,53,Mobile Phone,2,59,UPI,Female,3,4,Laptop & Accessory,4,Married,6,0,7,5,6,23,337.44,2500.81,1618.29,0.6186,70,77,13,27,Free,7,3
CUST_04479,0,32,Computer,2,29,Debit Card,Male,2,6,Electronics,2,Divorced,7,0,30,14,10,39,22.44,8208.6,218.67,0.4525,68,67,14,15,Silver,8,4
CUST_04480,0,28,Mobile Phone,1,46,E-wallet,Male,1,10,Others,1,Single,9,0,39,2,7,73,49.3,8307.28,776.34,0.6462,18,84,15,28,Platinum,7,4
CUST_04481,1,18,Computer,3,57,Cash on Delivery,Female,3,5,Laptop & Accessory,1,Divorced,5,0,26,4,3,21,392.08,2601.72,1549.01,0.1762,70,54,4,12,Free,2,0
CUST_04482,0,50,Tablet,2,99,Debit Card,Male,4,2,Grocery,3,Married,4,0,2,10,16,41,194.9,11480.98,625.08,0.4766,66,56,3,9,Silver,8,2
CUST_04483,1,3,Mobile Phone,2,91,Cash on Delivery,Female,5,7,Grocery,3,Married,10,0,44,2,6,22,284.16,7084.76,1542.81,0.4968,68,90,11,19,Free,0,9
CUST_04484,0,28,Phone,2,75,Credit Card,Male,4,9,Fashion,5,Married,6,0,20,19,9,64,116.67,6394.16,2256.73,0.3109,61,33,8,1,Free,7,3
CUST_04485,0,22,Computer,2,83,E-wallet,Male,0,6,Laptop & Accessory,3,Single,3,0,26,20,12,21,252.04,9891.63,1932.7,0.3246,24,17,3,7,Free,10,3
CUST_04486,0,33,Computer,3,82,UPI,Male,5,6,Electronics,2,Single,9,0,25,17,11,8,169.31,4565.65,1357.44,0.688,56,48,15,15,Free,1,0
CUST_04487,0,15,Mobile Phone,2,69,Cash on Delivery,Female,1,7,Grocery,4,Married,8,0,32,11,3,43,332.71,8602.36,733.26,0.1662,58,70,7,4,Free,10,7
CUST_04488,0,40,Mobile Phone,2,84,Cash on Delivery,Male,0,9,Electronics,5,Married,5,0,0,11,14,0,173.66,11028.27,1058.45,0.0718,47,16,11,30,Silver,9,7
CUST_04489,0,23,Mobile Phone,1,12,Debit Card,Female,3,1,Laptop & Accessory,5,Married,3,0,12,5,3,26,270.67,11395.76,260.56,0.387,23,82,4,10,Platinum,3,0
CUST_04490,1,11,Tablet,1,7,Cash on Delivery,Male,2,10,Others,1,Single,7,0,30,3,16,87,132.9,573.39,405.42,0.6602,31,81,5,22,Free,4,6
CUST_04491,0,12,Computer,2,47,Debit Card,Male,0,9,Grocery,3,Single,6,0,19,3,13,74,81.87,966.56,2496.52,0.7324,45,45,15,28,Free,2,3
CUST_04492,1,42,Mobile Phone,1,10,Cash on Delivery,Male,1,10,Fashion,5,Married,3,0,6,3,7,57,87.1,8528.74,2296.18,0.6734,26,82,0,1,Free,7,3
CUST_04493,0,15,Mobile Phone,2,37,Credit Card,Female,1,5,Fashion,5,Married,1,0,46,0,7,40,226.35,152.88,1562.98,0.5785,69,27,7,6,Silver,8,1
CUST_04494,0,18,Mobile Phone,3,24,Credit Card,Male,2,9,Others,4,Single,9,0,12,15,3,73,196.36,7992.58,1591.43,0.0816,21,75,15,2,Silver,2,9
CUST_04495,0,38,Mobile Phone,1,96,E-wallet,Female,4,1,Grocery,1,Married,9,0,11,15,9,4,280.95,9884.91,737.52,0.4658,46,40,15,9,Platinum,7,8
CUST_04496,1,20,Computer,1,67,Cash on Delivery,Female,4,5,Grocery,2,Married,10,1,50,15,3,39,339.3,1170.05,1009.13,0.4882,47,75,10,17,Free,4,0
CUST_04497,0,23,Mobile Phone,2,9,Credit Card,Female,0,9,Grocery,5,Single,4,0,11,7,10,39,14.74,379.05,552.44,0.3712,42,88,1,24,Silver,2,8
CUST_04498,1,14,Computer,1,64,Debit Card,Male,1,3,Mobile Phone,1,Single,8,1,28,2,3,1,319.65,6151.34,2378.34,0.6316,64,9,13,13,Gold,6,4
CUST_04499,0,21,Computer,2,75,UPI,Male,3,8,Mobile Phone,4,Single,6,0,26,4,18,9,344.03,11849.11,2047.13,0.7369,24,67,3,23,Gold,5,8
CUST_04500,0,42,Computer,2,36,Credit Card,Male,4,4,Electronics,3,Married,3,0,49,17,2,39,284.37,6466.21,769.57,0.7293,26,31,1,25,Silver,7,10
CUST_04501,0,32,Phone,2,89,UPI,Female,0,6,Mobile Phone,4,Single,10,0,48,18,15,13,271.85,11704.83,938.27,0.0153,21,49,9,12,Gold,7,2
CUST_04502,0,60,Mobile Phone,2,98,Debit Card,Male,2,7,Laptop & Accessory,4,Married,4,1,25,1,9,90,375.47,8449.95,77.11,0.0269,30,65,9,10,Gold,3,3
CUST_04503,0,47,Computer,2,99,Credit Card,Female,0,9,Fashion,1,Married,1,0,2,14,7,12,355.89,3699.08,706.3,0.04,19,10,4,25,Silver,3,6
CUST_04504,0,1,Computer,1,13,Debit Card,Female,2,4,Laptop & Accessory,1,Single,2,0,40,18,3,2,146.9,2975.32,700.02,0.2343,25,68,14,7,Silver,6,4
CUST_04505,0,23,Mobile Phone,1,48,Debit Card,Male,2,8,Grocery,2,Single,10,0,32,17,13,72,257.38,7309.39,426.51,0.5592,50,62,9,23,Free,1,1
CUST_04506,0,17,Mobile Phone,1,79,Credit Card,Male,1,5,Grocery,5,Single,1,0,1,5,16,36,214.1,4057.3,2292.71,0.431,51,47,10,20,Platinum,0,0
CUST_04507,0,35,Mobile Phone,3,47,Cash on Delivery,Male,5,4,Others,5,Divorced,6,0,7,13,13,39,42.72,2940.65,106.74,0.3646,57,24,2,8,Platinum,0,1
CUST_04508,0,16,Mobile Phone,1,51,Debit Card,Female,4,1,Grocery,4,Married,5,0,14,17,0,24,92.03,4794.09,1423.59,0.5511,58,27,6,6,Gold,6,4
CUST_04509,0,58,Mobile Phone,1,36,Credit Card,Male,3,1,Fashion,2,Married,8,0,43,19,17,0,201.95,6439.31,1072.38,0.1925,58,89,9,19,Silver,7,10
CUST_04510,0,18,Mobile Phone,1,45,Credit Card,Male,4,8,Grocery,5,Married,9,0,14,14,20,65,180.86,11088.99,1030.79,0.7435,62,79,4,21,Silver,9,3
CUST_04511,0,31,Computer,1,71,E-wallet,Male,1,2,Grocery,4,Divorced,5,0,45,7,14,46,229.44,11472.48,418.82,0.1856,58,47,9,8,Free,8,5
CUST_04512,0,7,Mobile Phone,1,7,Credit Card,Male,5,2,Electronics,2,Married,7,0,3,14,0,36,318.86,8791.19,1993.21,0.2791,30,73,1,19,Gold,5,8
CUST_04513,0,55,Mobile Phone,2,81,E-wallet,Female,2,2,Others,4,Single,9,0,26,3,10,18,321.43,2977.18,844.07,0.6391,70,55,10,16,Gold,7,7
CUST_04514,0,55,Mobile Phone,1,74,Credit Card,Female,2,4,Laptop & Accessory,3,Married,9,0,48,1,6,12,108.77,5583.19,1726.71,0.5911,55,52,0,0,Silver,4,5
CUST_04515,0,48,Mobile Phone,2,18,Credit Card,Female,3,2,Electronics,3,Divorced,9,0,33,0,13,65,106.17,1267.55,823.8,0.1145,24,90,12,13,Free,9,0
CUST_04516,0,21,Tablet,1,79,UPI,Female,3,6,Electronics,2,Married,8,0,25,11,15,6,246.21,6888.18,2275.77,0.0464,41,4,5,7,Free,5,9
CUST_04517,1,3,Mobile Phone,2,55,E-wallet,Male,3,9,Mobile Phone,4,Married,4,1,19,0,18,85,151.54,7723.85,607.16,0.4906,66,68,14,14,Free,9,2
CUST_04518,0,43,Mobile Phone,1,35,Credit Card,Female,4,6,Fashion,2,Divorced,6,0,30,2,18,48,383.99,4830.71,2089.01,0.5216,70,15,9,3,Gold,0,9
CUST_04519,0,26,Mobile Phone,2,48,Debit Card,Female,1,7,Fashion,5,Married,8,0,12,17,20,15,253.76,2702.55,1871.63,0.6694,69,44,5,29,Silver,4,10
CUST_04520,1,60,Mobile Phone,3,54,Cash on Delivery,Male,4,9,Fashion,1,Married,3,0,26,8,1,80,103.19,11848.12,2181.76,0.0225,55,49,14,2,Gold,4,8
CUST_04521,0,42,Computer,1,25,Credit Card,Female,1,9,Others,2,Married,10,1,2,12,2,25,42.22,571.53,2467.53,0.6515,48,50,9,24,Platinum,4,0
CUST_04522,1,32,Computer,3,63,Credit Card,Male,1,7,Mobile Phone,1,Single,5,1,12,9,16,27,289.52,8804.4,1465.51,0.2531,23,69,15,7,Silver,9,7
CUST_04523,0,60,Mobile Phone,1,65,Debit Card,Male,2,1,Fashion,2,Single,8,0,37,0,15,64,128.27,8281.38,1838.33,0.2714,49,82,2,19,Free,4,5
CUST_04524,0,48,Computer,2,40,E-wallet,Female,3,8,Grocery,4,Married,6,0,47,12,15,11,76.53,6772.63,1447.8,0.4835,34,17,1,3,Silver,10,6
CUST_04525,1,27,Mobile Phone,2,49,E-wallet,Female,3,8,Mobile Phone,5,Divorced,10,0,21,2,4,57,100.99,2326.36,2241.06,0.645,32,85,15,1,Free,4,9
CUST_04526,1,1,Phone,1,64,Cash on Delivery,Male,0,4,Electronics,1,Divorced,7,1,34,14,9,24,277.83,10264.23,1561.5,0.31,53,35,4,28,Silver,1,7
CUST_04527,0,5,Computer,1,53,Cash on Delivery,Female,4,2,Grocery,2,Single,8,0,23,14,13,75,263.24,7363.46,2123.09,0.005,30,44,11,3,Free,10,9
CUST_04528,1,27,Mobile Phone,1,46,Credit Card,Female,3,2,Mobile Phone,1,Married,8,0,6,15,13,42,40.33,8169.35,698.23,0.486,55,42,0,17,Free,7,6
CUST_04529,0,34,Computer,2,96,Debit Card,Female,3,3,Mobile Phone,5,Single,4,0,49,8,18,59,265.93,8536.39,160.21,0.4152,40,31,1,19,Platinum,5,2
CUST_04530,1,1,Phone,1,89,E-wallet,Female,4,8,Laptop & Accessory,3,Married,4,0,23,10,7,42,246.63,1531.52,292.13,0.7286,38,37,5,6,Gold,5,6
CUST_04531,0,7,Mobile Phone,3,41,Cash on Delivery,Male,4,10,Grocery,2,Divorced,9,0,5,16,17,17,320.1,5649.2,1648.84,0.396,33,71,13,28,Platinum,4,0
CUST_04532,0,42,Tablet,1,73,Debit Card,Male,2,2,Electronics,4,Divorced,5,0,0,9,6,29,34.82,9494.24,2096.65,0.4728,33,2,10,24,Free,10,4
CUST_04533,0,45,Phone,3,82,Cash on Delivery,Male,2,5,Others,1,Married,7,0,10,19,15,76,108.92,4834.53,643.42,0.6553,59,14,1,1,Free,9,2
CUST_04534,1,1,Mobile Phone,1,15,Cash on Delivery,Female,1,9,Grocery,4,Married,6,1,34,13,0,46,321.42,8803.82,1496.16,0.2026,31,46,6,0,Free,4,10
CUST_04535,0,30,Computer,2,61,Cash on Delivery,Male,3,1,Others,1,Married,1,0,16,15,4,14,175.87,4571.9,1336.98,0.0107,52,36,5,30,Silver,7,6
CUST_04536,0,4,Computer,1,81,E-wallet,Male,1,10,Others,3,Married,5,0,26,13,0,6,363.57,9662.74,1664.35,0.5619,35,61,12,3,Gold,2,0
CUST_04537,0,44,Mobile Phone,1,10,UPI,Female,3,1,Grocery,1,Single,2,1,8,3,4,7,276.83,10162.75,614.68,0.5122,54,1,1,14,Platinum,4,6
CUST_04538,0,50,Mobile Phone,1,37,Credit Card,Male,2,3,Fashion,2,Single,1,0,46,9,11,74,21.69,10020.75,594.14,0.6606,22,27,1,23,Free,0,3
CUST_04539,0,53,Phone,2,81,E-wallet,Male,1,1,Others,4,Married,3,1,49,13,18,85,180.51,7872.07,1959.9,0.1748,66,76,5,11,Free,3,7
CUST_04540,0,36,Computer,1,94,Credit Card,Female,2,8,Grocery,3,Single,3,0,48,10,0,45,118.78,6102.03,168.83,0.3224,37,23,10,29,Silver,8,1
CUST_04541,0,38,Mobile Phone,2,100,Cash on Delivery,Female,5,5,Electronics,3,Married,8,0,31,12,12,53,304.37,10269.85,1750.27,0.0364,27,4,12,21,Silver,3,3
CUST_04542,0,56,Mobile Phone,3,62,Cash on Delivery,Male,3,5,Mobile Phone,4,Married,3,0,5,19,2,47,59.96,4613.72,225.25,0.5346,26,22,15,23,Silver,7,6
CUST_04543,0,37,Mobile Phone,1,9,Credit Card,Female,2,6,Others,5,Single,8,1,6,17,3,30,353.05,11551.27,302.77,0.1431,57,49,13,30,Silver,10,5
CUST_04544,0,27,Phone,1,7,Cash on Delivery,Male,2,3,Fashion,2,Single,3,0,4,4,2,69,291.88,9989.71,645.01,0.4155,29,53,2,3,Silver,10,4
CUST_04545,0,46,Computer,1,82,E-wallet,Male,3,8,Others,5,Single,9,0,25,4,12,23,234.35,3299.38,886.58,0.3785,32,90,6,6,Platinum,3,3
CUST_04546,1,36,Mobile Phone,1,75,Cash on Delivery,Female,0,5,Fashion,1,Single,6,1,45,3,13,66,224.49,4571.79,2467.61,0.3065,30,88,15,3,Gold,0,8
CUST_04547,0,51,Phone,2,23,Debit Card,Male,3,8,Others,5,Married,1,0,40,15,5,7,380.76,10761.69,1168.17,0.0365,34,29,9,29,Silver,9,9
CUST_04548,0,32,Phone,2,17,Debit Card,Male,0,7,Electronics,5,Married,2,0,26,10,14,52,345.47,3105.98,1100.99,0.4545,27,11,12,17,Free,10,2
CUST_04549,0,53,Mobile Phone,1,18,Cash on Delivery,Male,5,7,Mobile Phone,3,Married,1,0,38,12,8,50,368.78,1077.4,1938.56,0.3836,48,73,11,3,Gold,10,0
CUST_04550,1,2,Mobile Phone,1,89,Credit Card,Male,3,10,Laptop & Accessory,1,Married,5,0,23,18,15,12,328.89,1032.03,710.79,0.1817,44,80,5,9,Free,2,9
CUST_04551,0,2,Computer,2,78,Cash on Delivery,Male,0,6,Laptop & Accessory,3,Married,3,0,31,10,11,79,140.28,10411.26,1512.62,0.4966,22,12,7,25,Silver,0,3
CUST_04552,0,6,Mobile Phone,1,96,Credit Card,Male,2,4,Fashion,2,Married,1,0,29,13,20,17,67.9,4516.17,1764.59,0.7289,53,79,6,16,Free,6,5
CUST_04553,0,33,Mobile Phone,2,15,Debit Card,Female,5,8,Laptop & Accessory,3,Married,7,0,30,6,14,61,119.24,2613.03,2147.6,0.698,66,11,15,21,Free,7,8
CUST_04554,0,43,Computer,3,71,UPI,Male,5,8,Grocery,2,Married,9,0,23,17,20,43,384.66,3279.37,349.87,0.6664,64,58,1,15,Free,6,2
CUST_04555,1,13,Phone,1,93,Credit Card,Female,0,5,Grocery,1,Single,9,0,37,0,19,69,385.44,7153.57,1654.33,0.5637,35,20,2,15,Free,0,10
CUST_04556,0,9,Mobile Phone,2,56,Cash on Delivery,Male,1,4,Electronics,5,Single,2,0,31,12,4,39,81.49,5084.15,61.69,0.6005,45,67,10,27,Silver,0,0
CUST_04557,0,52,Phone,3,79,Cash on Delivery,Female,0,10,Others,5,Single,9,1,13,16,7,54,90.52,1796.05,1267.15,0.5348,41,73,9,16,Free,4,4
CUST_04558,0,45,Phone,2,62,Credit Card,Female,2,3,Electronics,3,Married,5,0,48,15,7,67,263.17,5952.56,933.57,0.3072,20,74,8,23,Platinum,6,0
CUST_04559,0,39,Mobile Phone,2,5,E-wallet,Female,5,1,Others,5,Married,3,0,25,2,12,0,221.4,7878.16,2046.08,0.1412,47,57,8,30,Gold,2,3
CUST_04560,0,29,Mobile Phone,2,46,Cash on Delivery,Male,4,7,Grocery,5,Divorced,2,0,30,17,11,19,225.76,4797.7,1831.63,0.5678,35,47,2,14,Free,3,4
CUST_04561,0,25,Computer,2,30,E-wallet,Male,1,1,Others,5,Single,8,0,27,7,9,40,362.82,7440.38,1744.19,0.4623,63,75,3,23,Gold,6,8
CUST_04562,1,1,Computer,2,13,Cash on Delivery,Female,1,8,Electronics,5,Married,3,0,16,10,0,32,222.82,8455.4,465.36,0.6057,46,85,8,27,Platinum,9,8
CUST_04563,0,11,Mobile Phone,2,62,Cash on Delivery,Female,3,9,Electronics,1,Single,7,0,4,10,9,3,232.13,7841.49,809.79,0.7152,37,25,1,30,Free,5,9
CUST_04564,0,54,Computer,2,94,Debit Card,Male,3,8,Fashion,4,Married,6,0,10,7,4,57,264.53,1794.83,754.73,0.2951,55,17,15,12,Silver,5,0
CUST_04565,0,20,Computer,2,10,Debit Card,Male,2,3,Grocery,5,Married,10,0,48,6,19,7,204.21,5292.56,525.33,0.6779,27,15,15,3,Platinum,2,5
CUST_04566,1,42,Computer,1,36,Debit Card,Male,2,10,Others,1,Married,8,1,49,19,17,69,232.64,10918.73,1082.13,0.0517,30,60,15,27,Free,0,3
CUST_04567,0,42,Computer,3,69,Debit Card,Female,5,1,Fashion,1,Married,8,0,8,13,3,15,298.71,1988.0,1091.72,0.1916,49,49,10,12,Gold,7,9
CUST_04568,0,18,Mobile Phone,1,35,Debit Card,Female,3,2,Grocery,2,Single,5,0,29,20,8,54,366.11,10512.52,907.25,0.3505,58,43,12,2,Free,6,1
CUST_04569,0,12,Mobile Phone,1,16,Cash on Delivery,Female,4,4,Grocery,5,Married,6,0,13,6,13,80,372.84,5412.8,1995.51,0.7045,60,3,3,7,Free,2,9
CUST_04570,0,42,Mobile Phone,1,23,UPI,Female,5,6,Mobile Phone,5,Married,2,0,28,6,10,33,267.16,7278.65,1741.91,0.7295,56,21,2,26,Gold,10,8
CUST_04571,0,5,Tablet,1,7,UPI,Male,2,8,Laptop & Accessory,3,Married,8,0,33,10,3,19,107.48,3846.5,1997.61,0.3832,54,44,10,10,Free,5,3
CUST_04572,0,30,Phone,2,100,Cash on Delivery,Male,4,3,Electronics,5,Single,8,0,1,12,15,20,346.83,8752.41,2030.22,0.4372,57,29,5,18,Gold,8,6
CUST_04573,0,54,Computer,1,52,Cash on Delivery,Female,4,10,Electronics,1,Married,4,0,48,1,19,41,277.6,2231.15,590.73,0.3371,60,87,14,29,Gold,3,3
CUST_04574,0,43,Mobile Phone,2,95,E-wallet,Male,1,9,Grocery,5,Married,2,0,46,7,16,26,147.07,9176.88,2368.28,0.6696,53,44,9,21,Platinum,8,10
CUST_04575,0,46,Computer,2,70,Debit Card,Male,1,3,Grocery,5,Divorced,8,0,48,9,7,79,250.97,1799.48,1643.69,0.6402,45,59,3,17,Free,2,1
CUST_04576,1,5,Mobile Phone,1,38,Debit Card,Female,0,1,Laptop & Accessory,5,Single,8,1,23,1,18,76,169.07,2150.81,2005.78,0.1899,30,82,2,11,Free,9,9
CUST_04577,0,12,Mobile Phone,1,95,Credit Card,Male,3,8,Mobile Phone,2,Divorced,8,1,36,12,18,61,333.38,201.99,2324.45,0.0504,57,46,3,25,Silver,8,1
CUST_04578,0,16,Mobile Phone,2,29,Credit Card,Male,4,2,Electronics,4,Married,1,0,50,2,18,31,134.66,10371.97,2047.37,0.0549,49,7,13,23,Gold,7,10
CUST_04579,0,17,Phone,2,22,Cash on Delivery,Female,4,3,Grocery,2,Single,9,0,9,18,17,12,175.87,10145.6,1421.05,0.6755,28,17,13,0,Silver,4,6
CUST_04580,1,11,Mobile Phone,1,82,E-wallet,Male,2,8,Mobile Phone,3,Married,4,0,8,10,6,21,317.18,4752.11,1225.73,0.5458,32,24,11,13,Free,1,10
CUST_04581,0,59,Computer,1,58,Cash on Delivery,Male,4,2,Grocery,5,Single,3,0,40,3,10,42,80.17,137.36,1392.46,0.129,69,41,10,16,Free,7,1
CUST_04582,0,10,Tablet,1,45,E-wallet,Female,0,4,Laptop & Accessory,3,Single,6,0,16,10,13,74,225.6,11203.56,2192.46,0.5269,66,1,4,10,Free,4,0
CUST_04583,0,43,Computer,1,61,Cash on Delivery,Male,3,10,Electronics,4,Married,9,1,9,7,17,70,179.54,2139.34,212.09,0.307,21,50,4,29,Free,7,8
CUST_04584,1,35,Mobile Phone,1,97,E-wallet,Female,2,7,Laptop & Accessory,3,Single,9,1,10,9,2,89,146.95,1873.99,998.02,0.4382,20,69,14,29,Free,1,8
CUST_04585,0,37,Phone,3,31,Debit Card,Female,4,7,Others,1,Single,2,0,35,5,1,40,44.0,2613.03,746.57,0.4489,63,45,7,10,Free,2,5
CUST_04586,1,13,Computer,1,91,Debit Card,Female,5,10,Mobile Phone,1,Married,10,0,19,8,20,50,4.66,3161.37,1143.96,0.5114,53,71,11,0,Silver,5,9
CUST_04587,0,18,Mobile Phone,1,92,E-wallet,Male,3,8,Mobile Phone,4,Divorced,8,0,15,3,14,19,245.47,11182.57,1525.28,0.2122,45,49,15,15,Gold,5,9
CUST_04588,1,36,Computer,3,77,Cash on Delivery,Male,3,5,Others,2,Single,10,0,49,6,5,62,224.06,7573.78,1942.55,0.6938,64,78,13,20,Free,2,6
CUST_04589,0,18,Phone,2,20,UPI,Male,5,7,Electronics,2,Single,10,0,49,8,20,58,374.46,4159.57,70.81,0.6585,43,87,10,9,Silver,5,7
CUST_04590,0,42,Mobile Phone,1,13,E-wallet,Female,2,6,Fashion,1,Single,6,0,21,16,8,6,120.49,9190.49,1107.38,0.0092,35,62,10,21,Gold,7,0
CUST_04591,0,2,Mobile Phone,2,16,Cash on Delivery,Female,0,4,Mobile Phone,5,Single,1,0,11,19,13,37,16.23,9298.05,761.29,0.5149,27,17,11,22,Platinum,0,4
CUST_04592,1,4,Mobile Phone,3,72,Debit Card,Male,3,10,Laptop & Accessory,1,Divorced,1,0,42,18,19,84,185.33,3031.93,1853.74,0.4051,31,69,15,0,Free,0,6
CUST_04593,0,44,Mobile Phone,1,43,Cash on Delivery,Female,2,6,Fashion,3,Married,7,0,38,7,17,46,16.79,2174.79,722.36,0.3805,33,36,10,0,Gold,5,2
CUST_04594,0,37,Computer,1,99,Debit Card,Female,3,8,Grocery,2,Married,1,0,38,7,13,39,103.53,1915.52,623.68,0.0844,23,80,13,17,Silver,0,5
CUST_04595,0,2,Mobile Phone,3,5,UPI,Female,4,5,Fashion,5,Married,7,0,10,5,11,11,267.3,4341.62,473.53,0.4036,40,13,15,17,Silver,0,4
CUST_04596,0,54,Mobile Phone,2,40,E-wallet,Male,3,2,Others,4,Divorced,2,1,15,10,6,72,182.84,435.79,1282.82,0.5528,45,53,15,25,Silver,10,10
CUST_04597,1,0,Mobile Phone,3,30,Cash on Delivery,Male,1,2,Electronics,1,Married,9,0,4,20,3,82,130.86,5347.78,177.64,0.0109,56,37,11,3,Gold,2,4
CUST_04598,0,58,Mobile Phone,1,89,Credit Card,Female,3,9,Mobile Phone,4,Divorced,3,0,29,5,1,82,319.74,2493.69,1759.43,0.3179,28,54,14,13,Gold,9,6
CUST_04599,0,44,Mobile Phone,3,16,UPI,Female,2,6,Others,1,Married,2,0,2,15,0,83,134.6,9231.69,2216.45,0.4658,70,8,7,14,Silver,4,8
CUST_04600,0,60,Computer,1,44,Cash on Delivery,Female,1,6,Fashion,3,Divorced,4,0,43,5,10,86,64.03,4024.22,529.99,0.1114,49,85,9,20,Platinum,3,10
CUST_04601,0,57,Mobile Phone,2,88,UPI,Male,4,2,Laptop & Accessory,2,Married,10,0,16,7,7,27,111.74,7846.85,1262.85,0.7413,28,32,11,15,Platinum,6,3
CUST_04602,0,19,Mobile Phone,3,98,Debit Card,Male,1,8,Others,4,Married,6,0,31,10,12,68,380.95,8220.47,2206.59,0.5161,48,24,13,21,Free,0,0
CUST_04603,0,46,Phone,1,92,Cash on Delivery,Male,3,3,Electronics,3,Single,10,0,8,15,10,26,100.05,9566.12,2138.61,0.5132,44,35,2,12,Free,3,1
CUST_04604,0,12,Tablet,1,67,E-wallet,Female,5,6,Fashion,3,Married,3,0,13,17,14,32,144.97,5755.41,1965.79,0.3387,24,29,5,3,Free,3,7
CUST_04605,0,28,Mobile Phone,2,20,Credit Card,Male,1,4,Others,5,Married,7,0,13,13,4,15,69.99,4858.49,507.15,0.0635,45,66,12,1,Free,0,6
CUST_04606,1,14,Mobile Phone,3,14,Cash on Delivery,Female,2,3,Others,3,Married,2,0,44,12,3,3,259.08,3160.64,1120.7,0.6769,54,36,1,1,Gold,2,8
CUST_04607,0,29,Mobile Phone,1,44,E-wallet,Male,1,2,Others,2,Married,5,0,49,17,2,53,110.75,214.54,2459.0,0.0423,19,83,6,17,Free,3,4
CUST_04608,0,53,Mobile Phone,3,50,UPI,Male,2,9,Others,3,Single,4,0,28,13,14,7,83.83,1973.82,643.03,0.5837,66,24,7,13,Silver,8,9
CUST_04609,0,26,Mobile Phone,1,54,Debit Card,Male,1,1,Mobile Phone,5,Divorced,7,0,5,2,19,18,234.8,2742.38,376.7,0.1266,68,46,6,7,Gold,4,4
CUST_04610,1,5,Tablet,1,9,Debit Card,Male,5,1,Grocery,1,Married,7,0,49,1,7,17,305.82,7933.86,1062.33,0.5389,67,73,2,18,Free,5,6
CUST_04611,1,19,Computer,1,69,Debit Card,Male,1,4,Mobile Phone,2,Single,1,0,14,11,3,55,236.63,9513.07,420.36,0.3667,69,70,10,13,Free,2,3
CUST_04612,0,47,Mobile Phone,3,42,Debit Card,Male,3,9,Electronics,3,Married,7,0,33,0,19,45,199.39,5559.77,1203.41,0.3403,25,69,3,9,Free,6,4
CUST_04613,0,31,Tablet,1,15,Cash on Delivery,Male,0,8,Fashion,2,Married,8,0,11,14,4,86,389.37,9879.09,1566.92,0.7492,27,36,1,2,Free,9,5
CUST_04614,0,34,Mobile Phone,2,92,Credit Card,Female,2,9,Others,4,Single,4,0,22,16,13,59,114.0,4548.45,1017.95,0.7481,61,89,9,3,Silver,9,5
CUST_04615,0,26,Mobile Phone,1,39,Debit Card,Male,5,3,Others,1,Single,1,0,1,20,18,16,189.13,7886.23,669.34,0.0409,24,25,0,5,Free,10,5
CUST_04616,1,17,Mobile Phone,3,27,E-wallet,Female,4,10,Mobile Phone,2,Married,5,1,22,0,19,22,76.46,6730.4,1177.99,0.6724,57,76,4,5,Free,4,8
CUST_04617,0,36,Mobile Phone,2,52,E-wallet,Male,1,2,Mobile Phone,3,Married,4,0,34,12,4,20,201.19,1887.42,1987.38,0.0042,23,13,13,19,Free,9,10
CUST_04618,0,38,Phone,1,96,Debit Card,Male,5,1,Laptop & Accessory,5,Single,8,0,44,19,0,41,194.23,5599.21,2053.2,0.4507,68,48,0,19,Free,0,2
CUST_04619,0,54,Mobile Phone,1,84,UPI,Female,4,5,Grocery,2,Single,2,0,48,2,8,8,308.66,11615.28,65.14,0.6152,47,35,0,30,Gold,5,3
CUST_04620,0,37,Computer,1,14,UPI,Male,2,5,Fashion,2,Married,3,0,50,16,18,38,182.81,1884.9,160.19,0.2412,31,66,4,2,Silver,10,3
CUST_04621,0,60,Mobile Phone,1,70,Debit Card,Female,5,3,Others,5,Single,8,1,49,20,9,28,57.21,4928.54,2297.31,0.5264,28,68,3,30,Free,6,3
CUST_04622,0,50,Phone,3,68,Credit Card,Female,1,2,Electronics,3,Married,10,0,20,1,18,9,379.87,4055.89,608.09,0.4539,48,2,8,22,Free,5,8
CUST_04623,1,4,Computer,2,90,Credit Card,Male,1,4,Fashion,2,Married,6,0,13,9,17,80,107.12,8980.03,1045.48,0.3445,27,54,3,3,Free,10,3
CUST_04624,0,23,Mobile Phone,1,97,Cash on Delivery,Male,5,4,Grocery,5,Married,1,0,8,1,10,31,97.95,558.43,325.44,0.6383,46,84,7,17,Gold,1,8
CUST_04625,0,23,Mobile Phone,2,76,Credit Card,Female,5,7,Grocery,1,Married,7,0,8,10,18,1,360.7,5491.75,869.59,0.5125,58,19,1,17,Free,8,10
CUST_04626,0,0,Phone,2,67,Cash on Delivery,Male,4,4,Others,4,Single,1,1,2,17,20,67,265.02,3247.58,1914.96,0.5966,61,71,5,3,Silver,9,1
CUST_04627,0,11,Mobile Phone,1,38,Credit Card,Male,1,3,Others,5,Married,1,1,36,5,14,57,354.36,3643.49,179.82,0.0571,69,68,4,28,Silver,7,0
CUST_04628,0,46,Mobile Phone,1,91,Credit Card,Male,1,6,Fashion,3,Single,7,1,16,16,15,31,115.11,4946.49,1148.52,0.1555,22,2,11,21,Silver,2,4
CUST_04629,0,21,Phone,1,95,Credit Card,Male,3,6,Fashion,5,Single,4,1,25,17,9,34,20.98,3570.72,1558.68,0.4499,63,8,2,12,Free,10,0
CUST_04630,1,9,Mobile Phone,2,100,Debit Card,Female,0,5,Electronics,4,Married,1,0,17,0,20,18,173.31,6856.14,752.0,0.6185,45,33,4,12,Silver,7,10
CUST_04631,0,17,Mobile Phone,1,96,Debit Card,Female,5,2,Mobile Phone,3,Married,5,0,27,11,7,28,98.04,3517.52,2061.96,0.5784,61,14,12,24,Platinum,7,9
CUST_04632,0,16,Mobile Phone,2,66,Debit Card,Female,5,10,Laptop & Accessory,1,Single,4,0,21,5,15,14,292.03,11016.37,58.98,0.3512,41,27,11,18,Free,3,7
CUST_04633,1,10,Mobile Phone,1,96,Debit Card,Female,4,6,Mobile Phone,1,Single,7,0,29,20,19,15,86.05,5424.33,1096.5,0.6155,44,16,5,4,Silver,0,2
CUST_04634,1,6,Mobile Phone,2,80,E-wallet,Female,5,3,Mobile Phone,4,Single,10,0,7,14,19,35,31.24,1945.5,2137.36,0.6648,70,75,3,18,Free,10,4
CUST_04635,0,46,Mobile Phone,1,28,UPI,Female,1,8,Grocery,4,Married,2,0,46,10,18,75,189.16,3540.64,335.8,0.4446,42,62,14,30,Free,9,6
CUST_04636,0,50,Mobile Phone,2,8,E-wallet,Male,5,5,Electronics,4,Single,7,1,25,13,4,15,112.82,9587.75,520.4,0.1122,61,16,1,27,Silver,6,8
CUST_04637,0,30,Mobile Phone,1,99,Debit Card,Male,1,2,Laptop & Accessory,2,Married,7,0,35,3,20,74,101.84,1396.26,1655.22,0.4544,61,25,13,19,Silver,4,4
CUST_04638,0,37,Mobile Phone,1,46,UPI,Female,0,8,Laptop & Accessory,1,Married,10,0,48,10,4,75,125.82,4618.69,820.51,0.2353,68,63,5,16,Free,3,3
CUST_04639,0,56,Tablet,1,88,Credit Card,Male,1,1,Laptop & Accessory,1,Married,4,0,4,16,4,3,122.48,11390.36,655.08,0.2684,26,80,4,19,Free,3,2
CUST_04640,0,51,Computer,2,32,Debit Card,Male,4,3,Others,1,Divorced,2,0,11,19,10,25,176.8,114.0,1329.1,0.6702,54,90,13,8,Silver,3,3
CUST_04641,1,1,Mobile Phone,2,39,Credit Card,Male,5,7,Mobile Phone,2,Divorced,10,1,27,3,3,52,230.77,11657.84,1598.62,0.739,54,8,14,18,Platinum,4,9
CUST_04642,0,58,Mobile Phone,1,84,Credit Card,Female,3,8,Grocery,5,Single,1,0,34,19,15,14,215.42,4373.09,1801.94,0.5323,30,56,11,25,Platinum,5,6
CUST_04643,0,4,Computer,2,55,Credit Card,Male,1,10,Grocery,4,Single,5,0,24,5,19,37,238.09,2611.68,986.21,0.2351,45,85,0,27,Free,0,5
CUST_04644,0,1,Mobile Phone,2,70,Credit Card,Male,3,8,Mobile Phone,1,Married,7,0,1,18,5,63,51.5,9923.48,1493.41,0.2099,53,81,11,18,Silver,9,5
CUST_04645,0,24,Mobile Phone,2,35,Debit Card,Female,3,3,Others,2,Married,2,1,35,19,6,0,23.99,5684.25,2298.91,0.0316,35,0,13,9,Silver,3,6
CUST_04646,0,45,Computer,2,63,Cash on Delivery,Female,3,8,Laptop & Accessory,5,Single,3,1,32,16,8,58,372.71,1357.13,2378.64,0.0448,62,4,1,6,Gold,4,10
CUST_04647,0,4,Mobile Phone,1,51,Credit Card,Male,2,8,Grocery,3,Divorced,2,0,0,20,1,27,89.19,8034.74,1599.66,0.056,51,83,14,6,Platinum,10,0
CUST_04648,1,17,Computer,2,94,Cash on Delivery,Female,0,7,Fashion,2,Married,9,0,47,11,3,71,332.15,9358.71,1367.9,0.5073,33,21,2,7,Free,6,8
CUST_04649,0,16,Phone,2,52,Debit Card,Female,2,8,Electronics,2,Married,3,0,45,16,19,17,26.42,5466.25,1868.93,0.1428,58,11,8,16,Silver,3,6
CUST_04650,0,24,Phone,2,13,UPI,Female,5,9,Mobile Phone,2,Single,7,0,14,19,19,63,270.36,8602.31,2275.91,0.0613,48,13,10,13,Free,2,7
CUST_04651,0,60,Mobile Phone,1,75,E-wallet,Male,2,6,Others,3,Married,3,0,31,4,10,69,241.26,1374.99,601.33,0.7429,69,2,5,30,Silver,3,1
CUST_04652,0,20,Mobile Phone,2,96,UPI,Male,0,10,Electronics,3,Married,7,0,41,14,15,39,185.06,479.11,962.95,0.5355,23,38,10,19,Silver,2,9
CUST_04653,0,12,Mobile Phone,1,89,Debit Card,Male,2,7,Electronics,3,Married,8,0,22,15,1,40,149.5,2705.59,104.4,0.4518,50,24,5,30,Free,6,10
CUST_04654,0,7,Computer,2,14,Debit Card,Female,2,1,Fashion,4,Single,1,0,4,10,0,36,345.75,11772.03,2419.85,0.4105,25,6,6,28,Free,1,8
CUST_04655,1,12,Phone,1,100,Credit Card,Male,3,2,Grocery,2,Single,8,0,20,12,18,72,281.24,2187.66,2053.12,0.718,62,30,0,2,Silver,0,4
CUST_04656,0,8,Tablet,1,38,E-wallet,Female,3,5,Mobile Phone,3,Married,7,0,18,13,0,37,258.72,11044.5,237.55,0.4615,39,27,14,8,Free,1,4
CUST_04657,0,34,Mobile Phone,2,85,Cash on Delivery,Male,2,5,Laptop & Accessory,5,Married,1,0,41,9,14,88,371.03,3635.43,2179.1,0.0271,36,66,3,1,Gold,5,10
CUST_04658,0,25,Phone,3,65,Debit Card,Male,0,9,Electronics,2,Married,3,0,0,12,20,14,26.87,5950.47,1783.1,0.4421,45,17,15,19,Gold,3,7
CUST_04659,0,30,Mobile Phone,1,98,UPI,Female,2,7,Fashion,5,Single,9,0,48,9,16,36,299.64,8480.04,2163.68,0.323,27,81,4,25,Silver,9,3
CUST_04660,0,50,Phone,2,37,UPI,Male,0,1,Fashion,3,Divorced,5,0,18,9,8,49,387.16,2121.75,2135.26,0.7494,40,9,2,28,Silver,3,9
CUST_04661,0,35,Mobile Phone,2,63,Credit Card,Female,3,5,Mobile Phone,2,Divorced,1,0,19,9,11,50,388.52,2475.94,656.39,0.364,48,35,6,19,Free,1,5
CUST_04662,1,9,Mobile Phone,3,70,E-wallet,Female,2,6,Grocery,4,Married,7,0,15,9,12,41,69.39,3111.64,764.64,0.5873,19,88,3,7,Silver,8,10
CUST_04663,0,22,Mobile Phone,2,19,Cash on Delivery,Male,2,10,Grocery,2,Single,8,0,1,6,9,88,323.94,5777.09,878.46,0.6138,52,22,12,19,Free,7,0
CUST_04664,0,19,Tablet,1,79,UPI,Female,3,7,Electronics,2,Single,5,0,35,2,19,44,23.55,4218.07,1753.85,0.0389,60,75,15,8,Platinum,7,5
CUST_04665,0,50,Mobile Phone,1,18,Cash on Delivery,Female,4,2,Others,2,Married,2,0,37,11,0,15,276.83,1122.8,1666.8,0.7227,58,25,10,21,Free,5,0
CUST_04666,0,18,Mobile Phone,2,84,Credit Card,Female,1,2,Others,3,Married,2,1,15,8,20,34,256.51,3280.3,1245.7,0.3897,33,6,12,1,Free,2,7
CUST_04667,1,8,Mobile Phone,1,17,E-wallet,Male,3,4,Mobile Phone,1,Divorced,4,0,6,0,18,4,182.29,9946.6,1383.46,0.6222,55,79,13,0,Free,8,7
CUST_04668,0,44,Mobile Phone,3,22,Cash on Delivery,Male,3,5,Mobile Phone,2,Single,5,0,41,11,2,26,137.8,6246.97,1154.69,0.4807,66,72,3,18,Gold,2,5
CUST_04669,0,26,Tablet,3,52,E-wallet,Male,3,2,Laptop & Accessory,4,Single,8,0,35,17,11,42,95.65,11374.36,846.05,0.3382,33,4,15,12,Silver,5,0
CUST_04670,0,5,Mobile Phone,3,22,E-wallet,Female,2,8,Grocery,2,Married,7,1,14,5,13,7,139.76,3400.81,2044.49,0.2054,30,45,14,4,Silver,3,8
CUST_04671,0,42,Mobile Phone,1,12,UPI,Male,1,1,Electronics,3,Married,3,0,34,18,20,44,39.76,3218.07,1449.75,0.141,69,39,15,14,Free,5,10
CUST_04672,1,12,Computer,2,10,Debit Card,Male,1,1,Mobile Phone,2,Married,7,1,11,11,20,20,120.92,5165.76,1925.8,0.5341,53,64,10,19,Free,4,8
CUST_04673,0,52,Mobile Phone,2,32,Cash on Delivery,Male,0,2,Others,5,Married,2,0,32,8,9,84,203.1,1045.03,439.91,0.0582,22,20,14,20,Silver,0,10
CUST_04674,0,50,Mobile Phone,1,52,UPI,Male,0,2,Fashion,2,Married,2,0,25,18,3,12,205.88,3863.48,654.24,0.1825,42,28,8,1,Gold,5,4
CUST_04675,0,22,Mobile Phone,1,9,UPI,Female,4,6,Electronics,4,Single,8,1,9,19,16,41,230.77,4389.57,1043.37,0.3941,66,32,11,17,Silver,6,2
CUST_04676,0,33,Mobile Phone,1,18,Cash on Delivery,Female,0,9,Mobile Phone,4,Married,10,1,33,19,13,16,290.86,7497.59,599.71,0.1648,19,75,11,2,Gold,7,0
CUST_04677,0,34,Mobile Phone,1,63,E-wallet,Female,5,10,Laptop & Accessory,3,Married,7,0,9,16,10,40,46.65,1789.56,1545.12,0.4123,63,23,14,23,Gold,7,8
CUST_04678,0,39,Mobile Phone,3,35,Credit Card,Female,5,9,Grocery,5,Married,5,0,45,13,16,43,340.03,10675.0,1800.25,0.2709,50,25,3,22,Free,6,10
CUST_04679,1,4,Mobile Phone,3,77,UPI,Female,1,7,Grocery,5,Married,9,0,5,17,1,45,146.34,10527.05,606.3,0.2019,49,71,0,16,Free,6,9
CUST_04680,0,19,Computer,1,85,Cash on Delivery,Female,2,6,Fashion,1,Married,4,0,41,18,1,43,76.5,6404.15,82.01,0.5369,19,16,6,25,Silver,3,0
CUST_04681,0,10,Phone,2,7,Debit Card,Female,2,4,Fashion,3,Married,7,0,14,18,10,40,71.75,5108.06,1536.26,0.1819,57,22,13,19,Platinum,2,1
CUST_04682,0,42,Phone,1,96,Debit Card,Female,2,5,Grocery,1,Single,7,0,26,17,8,26,322.37,8412.66,2453.83,0.1479,20,37,6,18,Gold,5,1
CUST_04683,0,4,Mobile Phone,1,70,Credit Card,Male,2,9,Grocery,5,Married,1,0,43,7,3,81,191.2,2526.42,851.91,0.1273,36,81,5,0,Silver,2,8
CUST_04684,0,31,Mobile Phone,1,83,Debit Card,Male,2,2,Laptop & Accessory,5,Divorced,10,0,49,20,4,59,103.03,6811.45,1604.08,0.152,53,31,6,5,Silver,9,6
CUST_04685,0,44,Tablet,2,50,UPI,Female,4,9,Electronics,3,Single,7,0,25,17,10,56,372.56,3516.85,167.47,0.0094,68,64,10,19,Free,9,9
CUST_04686,0,57,Computer,2,5,E-wallet,Female,2,9,Mobile Phone,2,Single,3,0,15,18,1,37,234.47,11081.7,1443.57,0.5365,44,26,1,29,Platinum,6,9
CUST_04687,0,17,Mobile Phone,3,89,UPI,Male,1,1,Electronics,5,Single,9,0,38,3,14,72,253.71,5817.44,1422.02,0.4241,53,26,13,15,Gold,8,4
CUST_04688,1,0,Mobile Phone,3,59,Debit Card,Male,2,3,Fashion,2,Married,4,1,50,0,2,61,99.17,6121.97,1439.82,0.0358,64,88,6,30,Free,1,10
CUST_04689,0,44,Mobile Phone,1,8,E-wallet,Female,5,4,Mobile Phone,4,Married,1,0,15,20,14,14,159.92,9174.23,1240.06,0.3619,64,5,10,12,Silver,4,7
CUST_04690,1,0,Mobile Phone,2,20,Credit Card,Female,5,10,Mobile Phone,4,Single,7,1,19,12,7,39,122.8,9433.35,1153.82,0.6262,42,12,2,4,Free,5,10
CUST_04691,0,4,Mobile Phone,1,24,Credit Card,Female,0,5,Others,2,Single,2,1,42,12,3,79,98.37,2900.15,2169.06,0.3595,63,15,15,21,Platinum,1,2
CUST_04692,0,60,Mobile Phone,1,41,UPI,Female,3,8,Electronics,2,Married,6,0,13,14,12,80,359.52,7354.69,82.5,0.7499,70,14,10,22,Silver,10,5
CUST_04693,0,52,Tablet,2,47,E-wallet,Male,5,7,Mobile Phone,5,Married,7,0,28,14,13,88,51.42,10404.73,968.02,0.0768,39,47,2,0,Platinum,10,6
CUST_04694,0,43,Computer,1,46,Debit Card,Female,1,1,Grocery,3,Single,2,0,19,0,20,68,35.73,5015.97,1070.88,0.4604,19,14,14,27,Silver,6,9
CUST_04695,0,50,Computer,1,88,Credit Card,Male,0,7,Laptop & Accessory,3,Married,8,0,25,6,9,87,152.07,1422.24,2080.64,0.3948,26,75,9,23,Silver,10,6
CUST_04696,0,4,Mobile Phone,1,95,Cash on Delivery,Female,1,7,Others,5,Single,5,0,29,11,19,22,263.09,10434.97,1004.65,0.4393,66,60,11,18,Platinum,1,3
CUST_04697,0,5,Computer,1,70,UPI,Female,1,9,Electronics,3,Single,4,0,26,0,9,89,126.29,10760.85,268.74,0.3886,55,34,12,27,Free,7,1
CUST_04698,0,18,Computer,3,65,Cash on Delivery,Female,5,10,Electronics,3,Single,2,1,24,18,18,86,80.94,1921.6,350.21,0.4218,29,39,7,22,Free,9,9
CUST_04699,1,1,Mobile Phone,1,87,Debit Card,Female,1,6,Fashion,2,Single,8,0,19,3,5,63,21.81,2657.24,344.82,0.6823,55,36,5,3,Gold,2,10
CUST_04700,0,54,Computer,2,30,Credit Card,Male,1,9,Laptop & Accessory,4,Single,2,0,2,9,16,61,333.07,2945.85,1529.47,0.2733,28,44,7,20,Platinum,3,10
CUST_04701,1,3,Computer,3,58,Debit Card,Female,1,2,Fashion,1,Single,2,0,39,2,4,61,294.55,10036.17,1348.84,0.495,64,83,13,10,Free,3,10
CUST_04702,0,33,Phone,2,66,UPI,Female,2,7,Grocery,2,Single,3,0,18,1,0,10,257.92,11473.74,660.84,0.1665,43,24,9,30,Free,4,10
CUST_04703,0,52,Mobile Phone,1,32,UPI,Male,5,6,Mobile Phone,5,Married,5,0,3,9,2,6,293.24,4799.58,512.9,0.2664,63,38,0,26,Silver,3,10
CUST_04704,0,44,Phone,3,96,E-wallet,Male,0,2,Fashion,2,Married,9,0,25,16,8,21,336.6,11218.74,2278.39,0.4032,52,31,15,22,Platinum,10,9
CUST_04705,0,14,Mobile Phone,1,27,Debit Card,Female,2,6,Laptop & Accessory,5,Single,8,0,41,6,2,25,106.37,345.65,1485.57,0.5316,29,15,6,1,Platinum,1,5
CUST_04706,0,28,Mobile Phone,1,10,Debit Card,Female,3,7,Grocery,5,Married,8,0,33,9,16,5,316.3,4818.23,2116.18,0.6851,51,55,15,28,Platinum,2,7
CUST_04707,0,33,Mobile Phone,2,36,Credit Card,Female,0,5,Mobile Phone,2,Single,2,0,30,19,1,71,41.22,1481.66,698.15,0.5278,53,16,0,7,Gold,5,2
CUST_04708,0,46,Mobile Phone,1,83,UPI,Male,0,7,Others,5,Married,7,0,48,7,20,3,373.32,11826.85,1212.98,0.517,36,65,11,24,Free,3,7
CUST_04709,0,26,Mobile Phone,2,40,E-wallet,Female,5,8,Electronics,4,Single,4,0,34,17,7,32,225.92,2437.56,679.63,0.3207,46,77,0,24,Free,8,8
CUST_04710,0,17,Mobile Phone,1,25,E-wallet,Female,1,6,Grocery,5,Single,5,0,48,20,9,9,305.44,11217.73,440.95,0.1776,50,58,7,15,Silver,10,4
CUST_04711,0,48,Computer,2,88,Debit Card,Male,1,4,Mobile Phone,3,Married,7,0,45,11,15,56,194.82,9341.31,1003.52,0.5325,21,43,12,11,Platinum,3,7
CUST_04712,0,54,Mobile Phone,2,19,UPI,Female,2,3,Electronics,1,Single,2,0,26,12,14,86,160.12,10700.24,57.62,0.2803,41,64,3,6,Silver,9,4
CUST_04713,1,29,Tablet,3,20,Cash on Delivery,Male,0,7,Others,3,Single,4,0,3,17,17,53,282.4,6146.55,2230.39,0.656,56,71,1,10,Silver,7,9
CUST_04714,0,1,Mobile Phone,1,91,Credit Card,Female,0,10,Grocery,5,Single,4,0,29,14,20,50,131.8,6191.03,1152.14,0.6463,29,45,2,2,Gold,0,2
CUST_04715,0,30,Computer,1,35,Cash on Delivery,Female,0,5,Electronics,1,Married,9,0,48,12,6,52,239.97,1855.92,352.77,0.0588,26,52,3,12,Silver,0,9
CUST_04716,0,54,Tablet,3,5,Credit Card,Male,3,6,Others,1,Single,10,0,35,18,13,24,0.53,1585.25,1194.12,0.0288,19,29,0,12,Gold,8,8
CUST_04717,0,60,Phone,2,46,Credit Card,Female,2,10,Others,5,Single,10,0,11,19,14,33,335.23,7964.12,2182.78,0.3455,54,19,15,29,Free,0,3
CUST_04718,0,24,Computer,1,76,Credit Card,Female,1,3,Laptop & Accessory,3,Married,6,0,42,6,16,28,66.76,3367.02,2395.48,0.1682,52,5,5,14,Silver,1,1
CUST_04719,0,9,Computer,1,77,E-wallet,Male,5,9,Others,3,Single,7,0,42,15,6,80,245.44,5749.44,54.27,0.1796,19,22,9,1,Silver,8,6
CUST_04720,0,34,Mobile Phone,2,13,Cash on Delivery,Female,1,3,Electronics,4,Single,8,0,38,5,20,33,342.1,1559.53,2438.05,0.308,49,30,0,4,Silver,6,10
CUST_04721,0,50,Mobile Phone,2,32,Cash on Delivery,Male,0,3,Electronics,4,Married,8,0,8,15,5,22,272.18,7113.99,842.84,0.5861,38,12,13,11,Free,5,4
CUST_04722,0,57,Mobile Phone,2,64,Cash on Delivery,Male,0,3,Mobile Phone,3,Single,7,0,36,1,14,46,189.49,1025.76,1782.15,0.124,44,79,11,9,Silver,7,2
CUST_04723,0,3,Mobile Phone,3,68,Cash on Delivery,Male,4,1,Fashion,4,Married,10,0,44,5,18,70,201.8,2172.91,1894.28,0.714,52,9,8,11,Platinum,1,10
CUST_04724,1,17,Mobile Phone,1,64,UPI,Male,3,5,Others,3,Single,4,0,22,16,2,34,175.68,1848.73,2270.85,0.4545,41,30,2,13,Free,5,6
CUST_04725,0,29,Mobile Phone,1,37,E-wallet,Male,1,4,Others,2,Single,8,0,34,16,11,2,13.84,1737.75,1053.89,0.5741,38,55,7,30,Free,3,4
CUST_04726,0,5,Phone,2,87,Credit Card,Male,1,3,Laptop & Accessory,4,Married,7,1,44,9,20,37,309.63,7540.01,1927.4,0.1186,44,14,12,1,Platinum,10,4
CUST_04727,0,54,Phone,3,12,UPI,Female,1,8,Fashion,2,Married,8,0,37,16,3,76,382.52,534.83,1728.84,0.1125,67,71,10,8,Free,0,0
CUST_04728,0,6,Phone,1,83,Cash on Delivery,Female,2,6,Grocery,5,Married,10,0,33,10,16,78,288.2,8112.24,847.23,0.2373,23,61,4,10,Free,5,9
CUST_04729,1,40,Computer,2,95,E-wallet,Female,4,2,Laptop & Accessory,2,Single,1,0,21,1,17,68,359.49,8118.29,2074.05,0.6711,36,62,2,29,Free,0,5
CUST_04730,0,56,Mobile Phone,1,70,Debit Card,Female,3,2,Mobile Phone,1,Married,9,0,8,17,5,48,348.59,2473.25,2234.89,0.6277,54,70,13,19,Gold,1,8
CUST_04731,0,41,Mobile Phone,1,46,Credit Card,Male,4,9,Grocery,5,Divorced,9,0,13,1,14,89,142.12,5729.33,1438.82,0.1995,43,82,14,12,Free,3,2
CUST_04732,0,46,Computer,3,41,Cash on Delivery,Female,0,3,Grocery,1,Married,9,1,30,16,20,9,145.19,2195.01,2056.82,0.3122,63,47,0,1,Silver,0,0
CUST_04733,0,16,Computer,1,46,Credit Card,Male,3,4,Laptop & Accessory,5,Divorced,3,0,37,18,8,10,183.79,3647.96,1580.83,0.3748,32,82,2,14,Free,7,0
CUST_04734,0,50,Mobile Phone,1,20,Cash on Delivery,Male,4,2,Fashion,4,Married,6,1,15,0,1,64,36.62,9358.39,1983.36,0.2435,24,85,1,26,Silver,7,6
CUST_04735,0,25,Mobile Phone,2,26,Cash on Delivery,Female,1,9,Grocery,3,Married,1,0,19,20,5,73,17.88,6127.34,1564.48,0.7126,29,86,15,20,Silver,8,10
CUST_04736,1,3,Mobile Phone,1,66,Cash on Delivery,Male,3,4,Others,2,Single,1,0,10,12,19,19,0.97,11579.95,1747.83,0.5095,58,79,12,28,Free,4,8
CUST_04737,0,22,Mobile Phone,1,57,Debit Card,Male,0,8,Others,2,Divorced,6,0,17,12,19,28,211.51,11264.65,142.06,0.3234,50,70,8,14,Silver,6,7
CUST_04738,0,21,Mobile Phone,2,52,Credit Card,Female,5,5,Mobile Phone,1,Married,10,0,33,6,17,20,215.46,2679.15,286.11,0.0059,40,89,10,8,Free,7,5
CUST_04739,0,31,Mobile Phone,1,50,Cash on Delivery,Male,4,9,Electronics,5,Married,3,0,0,3,12,22,31.1,9775.49,1062.99,0.0434,29,43,6,6,Gold,9,1
CUST_04740,0,16,Computer,2,12,Debit Card,Female,3,5,Grocery,2,Divorced,8,0,32,0,5,1,70.96,4171.44,1983.99,0.411,59,17,2,18,Platinum,7,6
CUST_04741,0,28,Tablet,1,88,Debit Card,Male,3,9,Mobile Phone,1,Married,1,0,3,8,12,18,296.6,4662.96,206.02,0.5666,35,31,14,26,Silver,1,4
CUST_04742,0,26,Mobile Phone,1,96,Credit Card,Male,4,8,Grocery,1,Married,1,0,48,16,18,62,212.74,7187.2,83.48,0.4624,44,23,14,17,Free,4,1
CUST_04743,1,19,Computer,2,28,Debit Card,Male,2,5,Laptop & Accessory,4,Married,7,1,37,0,17,65,311.47,6100.72,584.28,0.6085,60,7,3,8,Free,1,3
CUST_04744,1,42,Phone,1,35,E-wallet,Male,5,5,Laptop & Accessory,3,Married,3,1,49,4,1,79,80.22,11231.41,2157.81,0.5805,29,46,10,19,Gold,4,7
CUST_04745,1,18,Mobile Phone,3,65,E-wallet,Male,1,7,Fashion,2,Married,1,0,18,17,14,85,228.71,10877.09,2223.54,0.6025,38,85,14,26,Free,5,8
CUST_04746,0,46,Computer,3,5,Debit Card,Male,4,7,Mobile Phone,5,Married,10,0,20,9,19,19,95.84,5429.02,771.22,0.4569,39,80,8,18,Free,5,3
CUST_04747,1,15,Mobile Phone,3,14,Credit Card,Female,4,8,Laptop & Accessory,2,Married,9,0,24,2,2,59,384.1,9938.48,1720.44,0.6469,22,25,0,30,Platinum,1,7
CUST_04748,0,52,Computer,1,91,Credit Card,Female,5,1,Laptop & Accessory,5,Married,1,0,9,20,12,36,369.72,10975.28,1773.34,0.2529,24,36,11,8,Silver,5,10
CUST_04749,0,22,Mobile Phone,1,21,Credit Card,Male,0,3,Grocery,1,Single,10,0,36,7,13,24,130.39,8713.42,52.28,0.1154,30,14,6,16,Silver,0,1
CUST_04750,1,2,Phone,3,60,Credit Card,Female,2,5,Laptop & Accessory,3,Married,1,0,7,3,10,62,61.98,8405.25,966.61,0.6004,18,39,10,7,Platinum,2,4
CUST_04751,0,9,Tablet,2,89,Cash on Delivery,Male,3,6,Electronics,1,Married,8,0,43,11,15,36,59.0,6814.0,417.72,0.2236,40,7,11,5,Silver,8,0
CUST_04752,0,49,Mobile Phone,2,75,Cash on Delivery,Female,3,1,Laptop & Accessory,1,Married,8,0,49,1,20,54,70.55,8337.9,898.09,0.1725,19,9,0,3,Silver,0,1
CUST_04753,0,53,Mobile Phone,3,31,Cash on Delivery,Male,4,2,Grocery,4,Single,3,0,13,14,13,21,252.62,1864.26,699.78,0.4174,50,22,13,5,Free,4,9
CUST_04754,1,12,Mobile Phone,1,19,Debit Card,Female,3,5,Laptop & Accessory,4,Married,2,0,20,13,0,38,71.7,2552.42,236.9,0.4212,68,65,14,9,Gold,9,8
CUST_04755,0,36,Computer,1,73,E-wallet,Male,1,5,Grocery,3,Single,6,0,1,19,10,6,73.58,4475.88,2465.78,0.0565,45,77,3,26,Gold,0,10
CUST_04756,0,35,Computer,2,43,Credit Card,Female,4,7,Laptop & Accessory,3,Married,9,0,17,6,10,3,161.09,11326.47,1277.81,0.4683,70,77,13,6,Free,9,6
CUST_04757,0,8,Mobile Phone,2,97,Debit Card,Female,2,1,Fashion,2,Married,1,0,10,8,5,69,317.52,3654.44,405.3,0.1709,45,86,9,8,Gold,9,10
CUST_04758,0,27,Phone,1,66,E-wallet,Male,5,8,Grocery,4,Married,9,0,31,14,15,80,53.42,1631.37,624.28,0.0999,20,10,9,22,Silver,8,8
CUST_04759,0,42,Mobile Phone,2,6,E-wallet,Male,3,4,Mobile Phone,1,Married,7,0,40,4,12,9,62.75,5608.67,140.15,0.7235,39,22,9,15,Silver,2,1
CUST_04760,0,58,Mobile Phone,2,29,UPI,Male,3,6,Laptop & Accessory,3,Single,10,0,2,7,2,61,30.18,4137.47,785.17,0.2187,28,48,8,20,Platinum,4,5
CUST_04761,0,51,Mobile Phone,1,76,Cash on Delivery,Male,3,10,Grocery,5,Married,3,1,8,2,16,59,25.49,11886.82,207.83,0.3087,43,76,15,24,Free,7,4
CUST_04762,0,5,Mobile Phone,1,72,Cash on Delivery,Male,5,4,Grocery,4,Married,7,0,32,14,0,25,65.67,4706.62,656.55,0.1074,43,7,12,14,Silver,5,1
CUST_04763,0,14,Mobile Phone,2,76,E-wallet,Female,5,4,Fashion,5,Married,5,0,23,13,18,38,318.3,6801.06,1116.61,0.71,56,53,8,1,Silver,3,1
CUST_04764,0,26,Mobile Phone,2,27,Debit Card,Female,3,3,Laptop & Accessory,2,Single,7,0,44,1,12,26,394.09,11589.33,1695.6,0.0117,52,13,2,14,Silver,0,10
CUST_04765,1,9,Mobile Phone,3,28,Credit Card,Male,3,7,Mobile Phone,1,Married,2,0,40,2,20,6,81.98,10703.37,2089.68,0.007,27,26,13,13,Free,8,10
CUST_04766,0,34,Phone,1,25,Credit Card,Female,0,10,Mobile Phone,5,Married,5,0,36,8,7,74,72.82,10841.94,184.98,0.3043,27,64,15,29,Free,10,10
CUST_04767,0,0,Mobile Phone,3,71,Debit Card,Male,0,6,Grocery,3,Married,10,0,49,13,4,27,66.15,9526.83,654.23,0.0907,26,26,12,20,Free,9,4
CUST_04768,0,6,Phone,2,6,Debit Card,Female,4,2,Mobile Phone,4,Married,9,0,21,16,10,48,17.52,4411.94,382.32,0.146,29,67,14,19,Gold,3,4
CUST_04769,0,2,Computer,2,83,UPI,Female,2,10,Fashion,5,Divorced,3,0,33,9,16,6,336.31,9309.45,902.85,0.2157,69,36,10,17,Free,7,10
CUST_04770,0,18,Computer,1,32,Credit Card,Female,2,1,Mobile Phone,2,Married,1,0,5,16,13,3,204.03,7222.7,482.0,0.3519,45,87,6,11,Silver,7,2
CUST_04771,0,46,Mobile Phone,1,51,UPI,Female,3,5,Mobile Phone,1,Single,5,0,4,8,9,57,132.08,4419.51,626.24,0.6675,30,13,7,12,Free,6,4
CUST_04772,0,10,Computer,2,28,Cash on Delivery,Male,1,2,Electronics,5,Married,3,0,12,12,8,37,83.75,6420.06,2297.87,0.3167,20,19,9,7,Silver,4,8
CUST_04773,0,60,Mobile Phone,1,45,Credit Card,Female,1,1,Fashion,2,Married,3,0,15,5,16,60,69.84,10388.05,1621.47,0.5919,44,59,0,10,Free,7,0
CUST_04774,1,16,Mobile Phone,1,78,Debit Card,Male,0,10,Grocery,1,Married,2,0,13,13,4,80,44.02,880.69,2172.93,0.7205,46,88,10,22,Gold,0,2
CUST_04775,0,2,Mobile Phone,3,24,UPI,Male,4,1,Mobile Phone,3,Single,6,1,34,18,0,81,266.48,10794.61,1381.59,0.633,51,3,0,2,Gold,6,3
CUST_04776,1,20,Mobile Phone,1,59,Credit Card,Female,3,10,Laptop & Accessory,1,Single,1,0,19,6,5,6,263.81,8550.37,2058.48,0.6399,64,54,12,16,Platinum,7,10
CUST_04777,0,45,Tablet,3,10,Cash on Delivery,Male,1,6,Electronics,1,Married,10,1,35,15,4,26,50.98,3989.94,906.73,0.5993,38,81,12,18,Gold,5,10
CUST_04778,0,6,Tablet,2,22,Cash on Delivery,Female,3,4,Electronics,4,Married,1,1,6,9,3,18,84.56,4889.22,648.92,0.086,70,76,13,4,Platinum,2,2
CUST_04779,1,4,Computer,3,70,Debit Card,Male,0,9,Laptop & Accessory,1,Single,2,0,18,11,6,16,327.32,5241.97,1394.56,0.1281,43,68,5,1,Platinum,3,9
CUST_04780,0,51,Mobile Phone,1,59,Credit Card,Male,4,1,Others,4,Divorced,6,0,29,12,15,41,213.81,5253.86,2358.25,0.2057,46,45,11,13,Free,6,6
CUST_04781,0,36,Phone,2,63,UPI,Female,1,7,Others,3,Single,2,1,50,8,5,43,71.1,345.24,2095.87,0.5061,68,31,4,16,Silver,10,5
CUST_04782,0,20,Computer,2,26,E-wallet,Male,1,8,Others,1,Single,6,0,18,13,2,88,260.66,2253.93,645.7,0.3142,37,56,13,5,Silver,9,2
CUST_04783,0,46,Mobile Phone,3,24,Debit Card,Female,5,4,Fashion,5,Single,1,0,28,7,8,74,336.8,5286.22,2389.07,0.3769,20,45,5,4,Free,7,3
CUST_04784,0,51,Mobile Phone,1,45,E-wallet,Female,4,4,Electronics,1,Single,9,1,25,3,20,5,131.49,1180.28,1336.23,0.6095,58,29,4,9,Gold,3,6
CUST_04785,0,21,Computer,1,17,E-wallet,Female,4,1,Laptop & Accessory,4,Single,6,0,0,8,19,51,304.68,1770.58,1081.31,0.0247,50,37,1,1,Silver,6,1
CUST_04786,0,34,Mobile Phone,3,90,Debit Card,Female,3,1,Grocery,1,Married,4,0,14,9,0,20,336.25,11150.02,756.02,0.6493,65,12,7,19,Platinum,9,5
CUST_04787,0,0,Mobile Phone,1,30,UPI,Female,3,1,Laptop & Accessory,3,Single,7,0,14,17,0,85,139.04,6836.17,1586.45,0.4232,66,86,2,15,Silver,5,1
CUST_04788,0,18,Computer,2,74,Credit Card,Female,1,5,Others,1,Married,6,1,23,13,6,23,369.69,10860.0,1468.19,0.4436,43,14,14,18,Free,4,0
CUST_04789,0,36,Mobile Phone,1,20,UPI,Female,1,6,Others,5,Married,9,0,9,8,3,8,161.11,7830.76,2071.29,0.2104,55,44,10,9,Gold,10,1
CUST_04790,0,12,Mobile Phone,1,67,E-wallet,Male,5,5,Laptop & Accessory,3,Married,8,1,36,17,16,85,42.7,4336.52,2291.19,0.1236,62,39,11,18,Gold,4,8
CUST_04791,0,60,Mobile Phone,2,24,E-wallet,Female,5,8,Grocery,1,Divorced,9,0,24,0,3,65,302.91,9754.66,1878.83,0.429,58,86,15,15,Free,4,5
CUST_04792,0,59,Computer,2,32,Credit Card,Male,4,4,Grocery,1,Divorced,9,0,4,14,1,63,69.55,6978.03,503.25,0.6317,40,44,12,29,Platinum,9,9
CUST_04793,1,15,Tablet,2,44,Cash on Delivery,Male,5,8,Electronics,3,Married,2,0,18,19,4,60,82.49,6363.26,374.53,0.5668,40,71,4,5,Silver,3,7
CUST_04794,0,24,Phone,2,16,Credit Card,Male,4,7,Fashion,3,Married,8,0,26,14,12,66,262.21,1193.28,1363.36,0.5998,41,51,7,13,Free,7,0
CUST_04795,0,11,Computer,2,16,Debit Card,Female,2,10,Others,2,Married,10,0,11,12,3,22,202.74,2544.35,426.31,0.2531,56,70,1,29,Gold,5,3
CUST_04796,0,30,Computer,3,77,E-wallet,Male,4,8,Fashion,4,Married,2,0,31,11,6,60,31.77,582.42,1561.91,0.4716,48,35,8,29,Gold,6,3
CUST_04797,1,7,Computer,1,38,Cash on Delivery,Male,4,2,Mobile Phone,4,Married,9,0,38,3,10,18,320.15,1117.01,446.05,0.424,24,64,9,0,Free,6,10
CUST_04798,1,23,Mobile Phone,1,59,Debit Card,Female,0,6,Electronics,4,Married,7,0,34,3,20,82,8.13,10703.73,619.0,0.0666,40,82,2,10,Free,1,6
CUST_04799,0,33,Mobile Phone,1,67,E-wallet,Male,5,7,Grocery,4,Single,7,0,34,2,18,34,76.4,9515.02,255.11,0.4043,35,61,12,4,Platinum,4,5
CUST_04800,0,37,Computer,2,64,Cash on Delivery,Female,2,1,Laptop & Accessory,5,Married,8,0,47,19,4,84,250.37,2738.66,2100.89,0.0012,31,37,10,21,Free,0,10
CUST_04801,0,36,Computer,1,65,Credit Card,Female,1,1,Grocery,2,Married,4,1,26,7,6,29,307.76,2980.95,1494.4,0.5516,65,36,6,22,Silver,4,6
CUST_04802,1,13,Mobile Phone,2,98,Credit Card,Female,2,1,Mobile Phone,1,Married,9,0,39,20,1,16,182.25,5933.68,898.87,0.6667,64,46,9,17,Free,7,8
CUST_04803,0,48,Phone,1,65,Cash on Delivery,Male,1,2,Others,1,Married,8,0,17,12,6,30,180.88,4031.33,1021.87,0.6658,50,9,4,28,Gold,6,5
CUST_04804,0,42,Computer,2,38,E-wallet,Male,1,9,Others,1,Married,5,0,37,15,12,50,375.94,6702.3,379.94,0.2429,68,15,15,1,Free,4,4
CUST_04805,1,45,Mobile Phone,3,32,Credit Card,Female,3,3,Fashion,2,Married,7,1,29,19,10,65,121.05,2680.24,2127.48,0.4579,28,45,9,1,Silver,2,8
CUST_04806,0,28,Mobile Phone,2,81,UPI,Male,5,2,Others,1,Single,10,0,44,10,7,2,219.32,4948.04,797.47,0.5596,46,23,8,28,Platinum,0,4
CUST_04807,0,54,Mobile Phone,2,45,E-wallet,Female,2,5,Others,5,Married,4,0,3,1,0,8,257.89,11001.11,224.58,0.4803,54,71,6,0,Gold,3,10
CUST_04808,0,23,Mobile Phone,1,58,E-wallet,Female,1,4,Electronics,2,Single,9,0,46,17,18,25,371.04,5566.27,929.93,0.0103,59,32,7,29,Silver,0,3
CUST_04809,0,49,Mobile Phone,2,83,Cash on Delivery,Male,4,10,Grocery,2,Married,1,0,11,7,8,68,305.8,10516.13,645.46,0.3935,38,11,9,17,Silver,10,9
CUST_04810,0,12,Mobile Phone,1,27,E-wallet,Male,1,2,Others,3,Single,8,0,42,3,19,26,47.35,6424.35,1048.59,0.3862,30,41,8,19,Platinum,0,0
CUST_04811,0,15,Mobile Phone,3,26,E-wallet,Male,3,9,Others,3,Divorced,6,0,19,5,15,45,306.15,5179.67,2157.7,0.6071,39,43,11,13,Silver,3,5
CUST_04812,0,32,Mobile Phone,1,10,E-wallet,Male,1,3,Fashion,1,Married,8,0,31,20,16,90,248.7,6174.29,1875.01,0.603,54,25,13,19,Platinum,5,5
CUST_04813,0,33,Computer,1,11,Cash on Delivery,Male,1,4,Laptop & Accessory,5,Single,6,1,17,8,8,15,309.8,8918.34,646.94,0.4941,68,23,7,6,Free,3,10
CUST_04814,0,45,Computer,1,64,E-wallet,Male,1,5,Grocery,4,Married,5,1,42,12,2,17,39.18,11981.92,837.41,0.1163,34,51,9,3,Gold,8,4
CUST_04815,0,18,Mobile Phone,2,53,Credit Card,Female,2,10,Fashion,5,Married,2,0,37,16,4,60,368.25,451.82,1111.06,0.4197,36,41,15,4,Free,6,4
CUST_04816,0,53,Mobile Phone,3,33,Credit Card,Male,5,3,Fashion,5,Married,3,0,16,12,13,70,317.44,6251.65,445.62,0.6645,27,65,7,5,Free,8,0
CUST_04817,0,20,Mobile Phone,1,25,UPI,Female,4,4,Mobile Phone,5,Single,10,0,6,3,12,34,339.07,8097.4,748.27,0.1222,37,18,7,26,Silver,9,0
CUST_04818,1,32,Mobile Phone,1,71,Cash on Delivery,Male,4,7,Electronics,2,Married,5,0,48,1,1,17,352.36,4915.73,805.68,0.6431,43,75,4,13,Gold,2,6
CUST_04819,0,56,Mobile Phone,1,13,E-wallet,Female,0,7,Others,4,Married,2,0,49,19,18,12,38.35,6902.16,512.74,0.0621,47,61,10,3,Silver,10,1
CUST_04820,1,32,Mobile Phone,3,72,Cash on Delivery,Male,0,4,Grocery,1,Married,2,1,8,4,0,88,319.24,737.34,719.85,0.7224,19,12,15,7,Free,7,3
CUST_04821,1,41,Mobile Phone,3,91,Debit Card,Male,2,2,Mobile Phone,2,Married,3,0,16,5,9,53,280.05,3436.8,1090.44,0.7238,26,58,10,21,Free,1,10
CUST_04822,0,55,Tablet,1,48,E-wallet,Female,5,8,Laptop & Accessory,4,Single,8,0,11,0,4,34,272.21,4588.69,2127.1,0.738,33,40,11,11,Platinum,10,3
CUST_04823,0,59,Mobile Phone,2,52,Credit Card,Female,0,10,Electronics,4,Married,4,0,11,15,3,29,152.98,4934.43,1715.96,0.2555,44,39,15,25,Free,9,10
CUST_04824,0,30,Phone,2,56,Credit Card,Male,4,7,Laptop & Accessory,4,Divorced,5,0,8,10,10,14,105.5,8210.94,214.07,0.6402,29,51,1,0,Gold,8,4
CUST_04825,0,25,Mobile Phone,2,14,Cash on Delivery,Female,4,9,Laptop & Accessory,4,Single,7,0,37,13,6,25,243.57,10838.2,1295.51,0.2575,23,22,4,0,Gold,5,10
CUST_04826,1,12,Mobile Phone,2,65,E-wallet,Female,1,3,Mobile Phone,1,Single,7,0,39,3,9,70,114.32,826.75,625.35,0.0757,44,84,2,24,Gold,4,3
CUST_04827,0,32,Tablet,2,40,UPI,Female,0,9,Mobile Phone,3,Single,1,0,30,11,19,43,366.87,5446.07,53.11,0.3234,69,25,14,23,Free,5,8
CUST_04828,0,56,Mobile Phone,2,49,Credit Card,Female,0,9,Fashion,4,Married,4,0,22,11,16,82,243.33,4833.77,1435.4,0.6016,44,83,8,2,Gold,8,1
CUST_04829,0,29,Computer,1,7,Credit Card,Female,0,10,Mobile Phone,1,Single,8,0,49,17,6,47,143.55,11580.89,537.83,0.0183,66,17,11,21,Platinum,2,7
CUST_04830,0,21,Tablet,1,89,E-wallet,Female,5,10,Mobile Phone,2,Married,8,0,37,14,10,55,8.5,8501.19,1635.1,0.3308,54,18,10,6,Gold,1,3
CUST_04831,0,6,Computer,1,37,Debit Card,Male,4,4,Electronics,3,Married,5,0,3,12,7,63,64.09,11463.13,688.72,0.4521,59,87,13,16,Silver,5,9
CUST_04832,0,23,Mobile Phone,1,12,Cash on Delivery,Female,4,2,Electronics,4,Single,3,0,26,14,5,16,116.33,6088.8,643.11,0.6117,24,54,5,22,Free,8,5
CUST_04833,0,14,Mobile Phone,1,80,Debit Card,Female,0,8,Mobile Phone,5,Married,2,0,8,16,9,44,64.82,7569.96,1497.51,0.1871,59,20,4,2,Silver,9,4
CUST_04834,0,59,Mobile Phone,3,99,Debit Card,Male,5,7,Fashion,4,Married,1,0,20,4,2,79,218.16,10267.56,1497.11,0.0823,41,42,0,30,Gold,2,7
CUST_04835,0,32,Mobile Phone,3,54,Cash on Delivery,Male,4,7,Electronics,5,Single,2,0,20,12,4,48,288.49,536.05,2129.45,0.152,60,38,15,28,Free,3,6
CUST_04836,0,8,Mobile Phone,1,8,Cash on Delivery,Male,4,7,Others,2,Married,10,0,45,19,11,22,353.6,11111.08,535.88,0.4592,20,69,10,9,Silver,4,6
CUST_04837,0,4,Phone,1,100,UPI,Female,2,1,Electronics,2,Married,5,0,41,15,15,51,257.94,5766.72,2468.01,0.4635,32,45,8,28,Platinum,7,9
CUST_04838,0,51,Computer,2,24,UPI,Female,1,7,Grocery,2,Single,4,0,22,17,14,60,231.32,11540.47,954.7,0.27,60,6,2,16,Silver,6,8
CUST_04839,0,56,Mobile Phone,2,28,UPI,Female,4,5,Others,5,Married,5,0,39,0,20,84,95.89,211.31,2426.45,0.388,21,61,10,10,Silver,3,0
CUST_04840,0,46,Mobile Phone,1,72,UPI,Female,0,1,Electronics,4,Married,6,0,31,17,4,69,349.5,1218.31,430.7,0.2798,65,75,8,27,Gold,6,10
CUST_04841,1,7,Computer,3,36,E-wallet,Female,1,9,Electronics,3,Married,2,1,28,13,2,9,126.38,990.72,2384.15,0.0681,27,68,15,10,Gold,2,6
CUST_04842,0,5,Phone,1,13,Cash on Delivery,Male,0,1,Laptop & Accessory,3,Married,10,0,43,3,13,53,281.24,766.39,2412.03,0.0675,70,19,14,13,Silver,6,0
CUST_04843,0,12,Mobile Phone,1,70,Debit Card,Female,0,3,Grocery,2,Married,5,0,31,18,11,60,299.02,1691.18,761.51,0.3812,62,35,0,16,Silver,10,4
CUST_04844,0,45,Mobile Phone,2,30,Debit Card,Male,3,3,Mobile Phone,5,Single,6,1,10,18,18,67,17.9,4064.92,547.74,0.6972,45,3,7,6,Gold,8,0
CUST_04845,0,46,Phone,2,87,Cash on Delivery,Female,1,8,Grocery,4,Married,6,0,20,13,2,3,260.31,1695.86,1527.33,0.3282,20,47,10,27,Gold,6,6
CUST_04846,0,51,Phone,1,19,Cash on Delivery,Female,5,1,Grocery,3,Single,10,0,20,20,5,25,372.48,1827.06,386.4,0.3914,62,28,2,26,Platinum,2,6
CUST_04847,0,5,Phone,2,91,Debit Card,Male,5,4,Laptop & Accessory,4,Married,10,0,43,17,8,23,277.46,5454.98,773.06,0.6065,19,81,13,28,Silver,1,10
CUST_04848,0,9,Mobile Phone,3,74,E-wallet,Female,1,4,Fashion,4,Married,2,0,7,8,17,18,190.69,7557.1,2458.18,0.4088,42,22,8,26,Gold,9,7
CUST_04849,0,54,Mobile Phone,1,27,UPI,Female,4,5,Grocery,2,Single,8,0,24,20,4,71,161.01,634.94,1924.13,0.0409,57,10,15,7,Silver,5,8
CUST_04850,0,56,Mobile Phone,2,60,Debit Card,Female,0,9,Laptop & Accessory,4,Single,2,0,27,9,19,41,59.96,6936.33,2000.2,0.2821,28,65,1,18,Platinum,0,8
CUST_04851,0,44,Mobile Phone,1,95,UPI,Male,1,4,Others,4,Married,1,0,48,3,2,32,89.95,7024.8,2189.95,0.0167,20,40,5,17,Gold,5,5
CUST_04852,0,6,Phone,2,11,Credit Card,Female,3,4,Others,4,Single,6,0,40,2,19,49,355.61,3918.75,1738.97,0.6897,62,57,12,24,Gold,1,4
CUST_04853,1,4,Mobile Phone,1,83,Cash on Delivery,Male,1,5,Laptop & Accessory,1,Single,5,0,13,14,14,2,156.1,2343.27,1805.76,0.7348,62,17,5,11,Silver,5,7
CUST_04854,0,3,Computer,1,49,E-wallet,Female,0,4,Laptop & Accessory,1,Married,5,0,2,2,2,21,64.95,7627.15,1844.71,0.1676,20,79,8,16,Silver,10,0
CUST_04855,1,42,Phone,1,96,E-wallet,Female,0,10,Laptop & Accessory,1,Married,1,1,6,18,20,46,159.38,9397.53,1009.05,0.4086,24,4,2,6,Gold,1,6
CUST_04856,0,51,Tablet,3,25,UPI,Female,3,3,Fashion,2,Single,7,1,3,19,1,18,175.24,3480.42,295.37,0.0571,49,36,6,16,Free,8,1
CUST_04857,1,38,Computer,1,74,Debit Card,Male,1,2,Grocery,1,Married,6,1,20,0,8,39,135.75,6167.15,1544.52,0.1658,18,14,1,0,Silver,6,2
CUST_04858,1,15,Tablet,3,97,UPI,Female,1,5,Mobile Phone,3,Single,1,0,37,3,15,29,6.77,1276.85,2009.76,0.0657,67,65,8,0,Free,1,9
CUST_04859,0,46,Mobile Phone,1,38,Credit Card,Male,1,1,Others,5,Married,4,1,33,3,7,84,146.91,9404.2,624.39,0.003,40,22,13,9,Silver,3,5
CUST_04860,1,3,Mobile Phone,3,15,Cash on Delivery,Female,5,8,Mobile Phone,1,Married,2,0,36,14,8,80,358.72,7986.24,496.79,0.4899,32,42,3,21,Silver,4,6
CUST_04861,0,50,Mobile Phone,2,42,UPI,Male,5,9,Mobile Phone,2,Single,10,0,27,5,6,85,109.92,5197.59,2394.66,0.3272,30,51,0,10,Silver,9,1
CUST_04862,0,54,Tablet,1,62,Credit Card,Male,4,9,Grocery,1,Married,8,0,20,14,3,34,144.93,7302.48,389.18,0.5215,31,24,4,21,Free,0,3
CUST_04863,0,43,Phone,2,65,UPI,Male,0,9,Others,1,Married,5,0,42,18,12,25,286.25,11465.36,1394.49,0.7273,58,69,14,20,Platinum,5,5
CUST_04864,0,53,Mobile Phone,2,51,Cash on Delivery,Female,1,5,Mobile Phone,1,Divorced,1,0,18,13,9,46,62.32,6786.8,1865.79,0.6719,23,23,5,9,Silver,5,9
CUST_04865,0,35,Mobile Phone,2,94,Debit Card,Male,5,7,Fashion,4,Married,9,0,29,20,17,74,336.49,5183.34,282.8,0.0271,48,85,4,19,Free,5,4
CUST_04866,0,28,Mobile Phone,1,60,UPI,Female,3,4,Fashion,5,Married,4,0,14,10,11,73,218.13,5487.32,1423.43,0.3067,44,60,10,12,Gold,10,6
CUST_04867,0,19,Mobile Phone,2,66,E-wallet,Female,0,9,Fashion,4,Married,6,0,18,19,10,46,213.42,2264.75,1716.45,0.7016,29,87,13,30,Gold,7,7
CUST_04868,0,56,Phone,2,96,Cash on Delivery,Female,1,2,Fashion,4,Married,8,0,3,16,3,51,51.08,10928.77,157.05,0.7218,51,6,9,0,Silver,7,2
CUST_04869,0,42,Mobile Phone,1,95,Cash on Delivery,Male,4,2,Others,1,Married,4,0,31,9,5,49,27.02,6656.03,1078.58,0.5427,36,79,4,20,Free,3,2
CUST_04870,0,11,Computer,2,37,UPI,Male,5,10,Laptop & Accessory,5,Married,10,0,26,5,0,42,339.26,4800.36,1212.02,0.1898,45,88,1,25,Free,6,5
CUST_04871,0,58,Computer,1,32,UPI,Male,2,4,Fashion,3,Married,3,0,16,14,20,10,88.48,11241.77,1411.95,0.323,29,46,9,4,Free,9,4
CUST_04872,0,3,Mobile Phone,2,76,UPI,Female,0,4,Mobile Phone,5,Single,4,0,31,16,16,30,174.34,6656.73,147.26,0.2116,35,80,14,30,Silver,9,8
CUST_04873,0,35,Mobile Phone,2,55,UPI,Female,0,7,Grocery,2,Divorced,2,0,6,2,5,76,203.03,1839.88,2239.09,0.1904,57,38,12,18,Silver,2,4
CUST_04874,0,11,Tablet,3,47,Credit Card,Male,1,4,Electronics,4,Single,4,0,44,6,9,78,9.53,8351.28,2158.32,0.194,40,41,4,17,Gold,6,4
CUST_04875,0,40,Computer,1,72,Credit Card,Female,4,8,Others,3,Single,8,0,1,20,11,55,281.51,11607.63,2140.5,0.5168,50,40,2,5,Silver,4,1
CUST_04876,0,25,Mobile Phone,1,68,E-wallet,Female,4,5,Fashion,3,Single,5,0,27,2,5,89,217.05,9939.24,1323.14,0.5281,62,58,13,18,Free,7,7
CUST_04877,0,26,Mobile Phone,1,92,UPI,Female,1,8,Mobile Phone,1,Divorced,9,0,13,19,2,86,363.59,4626.81,1980.83,0.4272,53,87,13,4,Platinum,6,8
CUST_04878,1,40,Phone,2,40,UPI,Male,5,1,Others,3,Married,9,0,7,2,20,45,52.35,9723.15,2013.03,0.7054,68,19,5,12,Free,3,5
CUST_04879,1,46,Phone,1,77,UPI,Male,5,8,Laptop & Accessory,1,Married,4,1,8,12,7,71,67.29,5827.05,2409.71,0.5707,33,53,10,28,Silver,9,7
CUST_04880,0,23,Phone,1,26,UPI,Female,5,4,Laptop & Accessory,4,Divorced,8,0,15,6,15,19,103.41,4915.57,2049.76,0.3153,35,45,8,7,Free,6,10
CUST_04881,0,60,Computer,1,94,E-wallet,Male,4,5,Others,4,Single,5,0,32,3,13,42,121.97,6711.07,342.54,0.6174,30,67,2,5,Free,10,4
CUST_04882,0,30,Phone,3,13,UPI,Female,3,10,Others,5,Single,5,0,40,4,8,37,377.09,1013.82,399.56,0.1817,51,40,7,0,Gold,8,0
CUST_04883,0,9,Mobile Phone,1,77,UPI,Female,5,5,Grocery,3,Single,3,0,47,19,12,78,227.1,3244.54,1295.98,0.3116,58,5,6,14,Silver,6,1
CUST_04884,0,0,Computer,2,14,UPI,Male,4,1,Mobile Phone,5,Married,1,0,31,5,5,37,108.16,6993.02,1788.13,0.0396,61,72,10,22,Silver,5,7
CUST_04885,0,12,Mobile Phone,1,89,Credit Card,Male,4,5,Others,5,Married,5,0,25,18,5,28,85.96,1495.6,2096.54,0.6863,35,88,5,28,Free,0,8
CUST_04886,0,42,Computer,1,97,Credit Card,Female,2,3,Others,3,Single,7,0,39,13,15,35,208.84,4981.95,79.02,0.207,51,86,4,3,Gold,4,5
CUST_04887,0,32,Tablet,1,83,Credit Card,Male,1,5,Others,5,Single,9,0,41,20,16,78,80.46,9947.34,1112.34,0.0771,31,47,8,18,Platinum,6,7
CUST_04888,0,20,Tablet,1,80,Debit Card,Female,3,3,Electronics,4,Married,5,0,21,9,15,56,32.14,10736.71,1087.56,0.5796,65,31,10,4,Gold,2,0
CUST_04889,0,29,Mobile Phone,2,50,Credit Card,Male,2,7,Grocery,2,Single,2,0,21,10,14,10,249.58,2272.92,1751.49,0.7086,22,54,3,14,Free,7,7
CUST_04890,0,51,Computer,1,28,Debit Card,Male,2,3,Fashion,3,Married,5,0,3,1,18,2,267.33,11341.03,1407.95,0.6293,53,76,6,8,Free,2,7
CUST_04891,1,34,Phone,1,99,E-wallet,Female,4,5,Fashion,1,Married,3,0,0,7,6,30,29.67,5657.72,2016.73,0.2425,33,73,15,10,Free,7,10
CUST_04892,1,3,Tablet,1,55,Debit Card,Male,3,10,Grocery,2,Single,10,0,45,12,0,74,202.2,1909.57,1765.16,0.7483,31,50,11,16,Free,10,4
CUST_04893,1,2,Computer,1,83,Cash on Delivery,Female,1,7,Fashion,2,Single,7,0,44,7,5,79,228.71,9031.67,1227.41,0.2069,19,7,7,3,Free,2,8
CUST_04894,0,29,Mobile Phone,1,73,Debit Card,Male,1,8,Others,2,Married,10,0,17,3,13,14,254.12,1114.94,632.55,0.1727,49,22,8,27,Free,1,2
CUST_04895,0,24,Mobile Phone,1,72,E-wallet,Male,3,8,Laptop & Accessory,2,Married,4,0,48,10,12,2,3.27,8806.39,1628.49,0.1505,30,1,15,26,Gold,10,9
CUST_04896,0,51,Phone,1,38,Cash on Delivery,Female,1,10,Laptop & Accessory,1,Married,5,0,4,20,5,23,317.61,8411.03,605.85,0.0112,47,46,12,7,Gold,6,6
CUST_04897,0,35,Computer,2,45,E-wallet,Male,1,9,Fashion,3,Married,1,0,48,19,16,79,211.41,7686.1,1636.5,0.4357,33,86,11,24,Free,10,8
CUST_04898,0,46,Computer,3,47,Debit Card,Male,1,9,Mobile Phone,2,Divorced,2,0,29,7,20,38,165.02,9951.19,420.52,0.5514,35,55,14,20,Gold,8,5
CUST_04899,0,35,Computer,2,62,Credit Card,Male,3,4,Electronics,2,Married,4,0,26,2,2,3,175.75,9893.55,569.45,0.4564,27,19,1,28,Gold,1,8
CUST_04900,0,21,Mobile Phone,1,73,Debit Card,Male,2,7,Others,4,Single,4,0,37,0,0,45,181.22,5345.35,1102.64,0.3995,22,3,6,23,Silver,2,8
CUST_04901,0,40,Mobile Phone,3,24,Cash on Delivery,Male,2,9,Others,5,Married,7,0,11,13,14,59,340.42,6242.87,1321.01,0.4811,64,9,13,24,Free,7,8
CUST_04902,1,37,Phone,3,26,Cash on Delivery,Male,0,6,Fashion,1,Married,3,0,24,14,10,8,275.1,5071.21,2386.55,0.6534,62,30,3,15,Gold,1,10
CUST_04903,0,43,Mobile Phone,2,9,Cash on Delivery,Male,0,2,Others,3,Married,10,0,11,19,14,58,114.41,7400.46,1538.53,0.2315,53,85,3,15,Gold,10,10
CUST_04904,0,11,Computer,1,55,E-wallet,Male,4,6,Laptop & Accessory,5,Married,8,0,31,12,14,72,5.01,6318.43,1090.59,0.357,59,3,1,7,Free,2,8
CUST_04905,0,39,Computer,2,69,Debit Card,Male,5,3,Others,4,Married,9,0,21,5,0,5,150.66,3627.31,2078.72,0.677,64,34,14,6,Free,2,5
CUST_04906,0,17,Phone,3,25,UPI,Male,1,7,Mobile Phone,1,Married,4,0,21,0,15,4,75.86,5134.75,391.22,0.2035,19,35,5,16,Free,6,1
CUST_04907,0,48,Mobile Phone,2,73,UPI,Male,5,9,Laptop & Accessory,4,Single,6,0,38,11,3,76,242.76,6821.22,86.2,0.0354,37,77,2,27,Gold,5,4
CUST_04908,0,48,Computer,2,5,Credit Card,Female,3,8,Electronics,1,Married,6,0,41,6,13,42,256.33,9621.6,676.23,0.2497,56,55,9,15,Platinum,2,6
CUST_04909,0,38,Mobile Phone,2,88,Cash on Delivery,Female,1,6,Grocery,4,Single,8,0,43,16,20,7,129.05,1705.27,1355.38,0.4979,20,84,14,6,Silver,9,10
CUST_04910,0,57,Mobile Phone,3,71,Credit Card,Male,3,6,Fashion,3,Married,9,1,39,13,9,12,345.21,6791.21,1609.18,0.0474,52,77,11,18,Gold,3,3
CUST_04911,0,32,Mobile Phone,1,70,E-wallet,Male,0,6,Mobile Phone,3,Single,6,1,9,10,7,77,392.87,11267.18,2013.75,0.1473,51,17,0,14,Gold,5,10
CUST_04912,0,1,Mobile Phone,1,72,Credit Card,Female,2,5,Fashion,2,Married,10,0,36,15,19,77,187.97,4963.4,1528.08,0.3233,37,55,10,7,Platinum,3,6
CUST_04913,0,36,Tablet,3,39,Credit Card,Female,4,3,Grocery,5,Married,5,1,36,11,8,89,188.99,915.23,334.54,0.2813,64,6,5,20,Gold,8,9
CUST_04914,0,47,Phone,1,100,Credit Card,Female,5,7,Laptop & Accessory,1,Single,3,0,1,13,12,62,31.36,10210.1,1989.14,0.6918,59,60,2,10,Platinum,0,7
CUST_04915,0,6,Mobile Phone,1,76,E-wallet,Male,1,4,Others,5,Single,2,0,9,16,4,61,351.36,2625.6,80.54,0.3973,54,3,14,26,Platinum,6,6
CUST_04916,1,6,Phone,1,22,E-wallet,Female,5,2,Electronics,1,Married,4,0,26,1,10,81,57.32,8399.54,1778.16,0.6663,61,57,7,25,Free,0,8
CUST_04917,0,16,Mobile Phone,1,93,E-wallet,Female,3,9,Others,2,Married,3,0,15,3,1,84,251.39,5594.93,1327.34,0.3001,24,25,13,26,Silver,2,6
CUST_04918,0,51,Computer,1,75,E-wallet,Male,1,6,Laptop & Accessory,3,Single,3,0,40,10,17,2,258.11,11295.76,1263.13,0.4372,63,64,12,28,Free,0,8
CUST_04919,0,32,Phone,2,34,E-wallet,Male,4,6,Others,3,Single,5,0,39,15,12,56,138.17,9308.79,1875.78,0.4235,49,16,5,11,Gold,5,4
CUST_04920,0,59,Computer,1,96,UPI,Female,5,6,Others,2,Single,3,0,12,8,9,68,39.71,9643.44,158.11,0.1206,22,25,12,22,Silver,9,0
CUST_04921,0,53,Mobile Phone,2,28,Credit Card,Female,1,1,Fashion,2,Single,10,0,0,19,15,89,261.77,7251.26,1056.08,0.0111,47,82,4,3,Platinum,4,2
CUST_04922,0,33,Mobile Phone,1,66,UPI,Female,0,6,Grocery,3,Married,4,0,13,20,12,4,136.78,1759.06,2356.69,0.2016,38,56,9,22,Platinum,10,5
CUST_04923,0,41,Mobile Phone,3,69,Debit Card,Female,1,6,Grocery,1,Single,7,0,46,2,8,72,61.16,2116.84,83.74,0.0386,49,84,11,15,Silver,2,1
CUST_04924,1,20,Tablet,2,97,Debit Card,Female,4,6,Electronics,1,Married,8,0,46,13,6,50,365.58,626.94,2199.57,0.5593,19,69,2,10,Silver,6,5
CUST_04925,1,5,Computer,3,59,Cash on Delivery,Female,0,1,Mobile Phone,2,Single,10,0,25,1,1,61,194.63,7591.02,1638.95,0.6341,18,40,13,27,Free,1,0
CUST_04926,1,24,Mobile Phone,1,100,Credit Card,Male,1,8,Others,1,Divorced,7,0,42,16,4,90,280.17,8314.4,2274.81,0.2555,56,33,7,11,Silver,0,5
CUST_04927,0,36,Mobile Phone,1,32,Debit Card,Male,1,7,Grocery,1,Married,3,0,28,1,8,89,120.24,2550.48,162.52,0.1316,61,32,14,8,Gold,1,2
CUST_04928,1,11,Phone,2,81,Debit Card,Male,0,8,Laptop & Accessory,1,Married,6,1,50,2,9,16,59.26,10322.51,2027.92,0.1121,40,43,0,19,Free,5,8
CUST_04929,0,13,Mobile Phone,3,28,Credit Card,Female,3,6,Mobile Phone,5,Married,1,0,7,15,20,44,13.79,4306.57,1351.87,0.382,36,37,13,16,Free,8,5
CUST_04930,1,0,Computer,1,100,Cash on Delivery,Female,4,4,Laptop & Accessory,1,Single,3,0,25,8,7,37,137.83,2708.14,658.76,0.332,57,11,10,24,Platinum,9,9
CUST_04931,1,44,Computer,2,78,Cash on Delivery,Female,0,9,Electronics,1,Single,10,0,9,8,10,44,20.07,9034.94,1204.01,0.7078,34,75,14,4,Silver,5,9
CUST_04932,0,54,Mobile Phone,2,65,UPI,Male,5,4,Fashion,4,Married,1,0,6,9,0,38,396.04,7556.24,2311.62,0.6807,60,21,6,30,Silver,9,4
CUST_04933,0,50,Mobile Phone,1,11,Credit Card,Female,5,5,Fashion,3,Married,4,0,7,9,1,77,93.32,2476.07,1126.53,0.7118,48,13,2,23,Gold,5,4
CUST_04934,0,23,Mobile Phone,2,52,Cash on Delivery,Female,5,1,Fashion,3,Single,1,0,0,14,10,80,50.36,10008.48,385.31,0.4896,21,15,3,10,Silver,6,5
CUST_04935,0,36,Mobile Phone,1,18,UPI,Female,4,2,Electronics,4,Married,6,0,48,15,7,61,328.49,1348.38,210.49,0.6366,54,13,12,18,Silver,9,7
CUST_04936,0,58,Computer,1,93,Debit Card,Female,2,2,Others,4,Married,8,0,36,20,13,58,319.66,2361.97,85.11,0.6054,68,57,3,0,Free,1,7
CUST_04937,0,36,Phone,3,41,E-wallet,Female,1,5,Others,3,Married,1,0,25,10,17,13,398.68,9233.02,567.52,0.2235,58,25,2,22,Silver,10,5
CUST_04938,1,18,Mobile Phone,2,84,E-wallet,Female,5,3,Others,5,Married,2,1,41,17,1,31,97.58,6533.71,1395.92,0.4618,44,1,0,1,Free,3,5
CUST_04939,0,20,Mobile Phone,2,91,UPI,Male,3,4,Mobile Phone,2,Married,9,0,28,12,3,28,19.26,5251.83,908.24,0.3797,50,53,0,8,Silver,0,0
CUST_04940,0,44,Mobile Phone,2,15,UPI,Female,2,8,Grocery,2,Married,3,0,21,1,11,10,289.3,1908.73,2193.84,0.4271,69,39,13,24,Silver,10,0
CUST_04941,0,27,Mobile Phone,3,77,E-wallet,Male,2,7,Grocery,3,Married,1,0,24,17,2,53,323.19,1165.6,1975.78,0.3295,46,64,6,20,Free,1,4
CUST_04942,0,51,Computer,1,34,Credit Card,Female,1,8,Mobile Phone,5,Married,1,0,21,9,6,58,140.0,5276.16,1188.73,0.1871,25,16,0,16,Gold,9,10
CUST_04943,0,52,Computer,1,15,UPI,Female,2,9,Others,5,Married,10,1,20,9,14,1,374.36,11808.18,614.31,0.5966,26,90,15,5,Free,4,4
CUST_04944,0,2,Computer,1,30,UPI,Male,4,3,Others,4,Single,10,0,42,17,0,41,308.72,7505.73,1066.12,0.1156,36,11,5,23,Gold,7,10
CUST_04945,0,44,Mobile Phone,2,57,Debit Card,Female,3,7,Others,1,Married,2,0,49,18,12,46,163.95,3883.0,1612.89,0.2025,63,3,13,12,Free,8,3
CUST_04946,0,22,Computer,2,87,Debit Card,Male,2,9,Others,4,Single,3,1,9,20,2,41,287.91,11989.67,106.89,0.6117,42,32,10,20,Platinum,3,0
CUST_04947,1,31,Mobile Phone,2,71,Credit Card,Female,0,4,Laptop & Accessory,1,Single,2,1,37,10,15,21,0.38,11972.86,2228.61,0.6732,55,32,6,26,Free,5,3
CUST_04948,0,16,Tablet,1,27,Debit Card,Female,2,4,Laptop & Accessory,5,Single,5,0,3,9,15,2,135.81,4119.64,1654.11,0.7015,67,82,13,30,Free,2,4
CUST_04949,1,22,Computer,1,33,Debit Card,Male,1,6,Electronics,1,Married,9,0,40,8,1,21,68.0,2688.65,2408.26,0.7156,53,28,4,15,Free,2,1
CUST_04950,1,20,Tablet,3,34,E-wallet,Male,2,8,Electronics,1,Single,8,0,49,7,11,89,122.11,2410.11,1677.32,0.1086,23,56,15,18,Silver,4,4
CUST_04951,0,3,Mobile Phone,3,75,Debit Card,Female,0,2,Fashion,3,Married,4,0,36,5,9,81,83.61,7095.22,938.64,0.4046,67,3,1,27,Silver,0,6
CUST_04952,0,47,Mobile Phone,1,54,Credit Card,Female,5,5,Laptop & Accessory,3,Single,7,1,27,6,20,63,286.01,3838.4,1123.24,0.1344,47,53,4,14,Free,2,2
CUST_04953,0,8,Computer,2,7,E-wallet,Male,1,3,Mobile Phone,2,Married,3,0,48,15,0,25,331.62,9379.31,67.05,0.3648,41,72,15,25,Gold,9,8
CUST_04954,0,22,Mobile Phone,2,12,Debit Card,Male,0,8,Laptop & Accessory,3,Married,10,0,39,6,14,1,72.09,4316.84,190.21,0.5538,25,65,0,23,Free,3,1
CUST_04955,0,11,Computer,2,12,E-wallet,Male,3,3,Laptop & Accessory,4,Divorced,6,0,40,13,11,81,166.92,7347.38,302.32,0.7314,42,38,1,16,Platinum,10,9
CUST_04956,0,9,Mobile Phone,1,97,Credit Card,Male,2,4,Mobile Phone,4,Single,10,0,48,5,20,38,239.46,3061.34,1014.07,0.7267,29,49,11,30,Silver,8,1
CUST_04957,0,22,Tablet,2,53,Credit Card,Female,5,4,Grocery,4,Single,3,0,27,16,15,48,57.78,5823.28,752.94,0.4332,38,55,5,10,Silver,6,2
CUST_04958,0,56,Mobile Phone,1,52,E-wallet,Female,2,1,Grocery,2,Single,10,0,41,8,5,88,144.3,7931.15,1031.76,0.2941,50,39,8,29,Gold,1,3
CUST_04959,0,57,Tablet,1,78,Credit Card,Male,3,7,Fashion,3,Married,3,1,45,11,2,84,78.19,11888.35,1044.94,0.2695,25,41,6,23,Gold,8,3
CUST_04960,0,23,Mobile Phone,2,23,Credit Card,Female,5,3,Grocery,1,Married,7,0,23,20,12,50,224.84,3719.69,909.76,0.41,32,85,6,17,Gold,2,7
CUST_04961,0,30,Mobile Phone,1,8,Cash on Delivery,Female,5,5,Electronics,2,Single,1,0,37,18,17,66,360.82,9084.29,1308.79,0.088,46,33,15,23,Free,7,3
CUST_04962,0,60,Mobile Phone,1,30,Debit Card,Female,4,7,Laptop & Accessory,5,Divorced,3,0,33,6,11,50,185.14,7304.86,2342.2,0.2831,33,83,11,8,Gold,2,1
CUST_04963,0,14,Mobile Phone,1,25,UPI,Male,3,8,Mobile Phone,1,Single,6,0,50,6,12,37,268.42,9084.34,1330.9,0.1002,44,12,4,16,Free,5,1
CUST_04964,0,57,Tablet,1,81,UPI,Male,4,10,Mobile Phone,3,Married,6,0,32,11,10,21,288.13,7390.53,2059.51,0.0463,53,43,15,22,Silver,10,9
CUST_04965,1,6,Phone,2,83,Debit Card,Female,1,2,Laptop & Accessory,3,Married,2,0,36,15,7,3,396.26,1386.59,1959.76,0.7206,32,81,4,4,Silver,6,6
CUST_04966,0,13,Tablet,1,65,UPI,Male,5,7,Laptop & Accessory,2,Divorced,1,0,47,20,18,85,251.16,2930.78,1072.75,0.2382,60,19,3,30,Free,1,10
CUST_04967,0,20,Tablet,2,92,Debit Card,Male,5,4,Electronics,1,Married,9,0,0,8,3,81,74.02,8581.12,637.15,0.3547,33,10,11,9,Gold,2,1
CUST_04968,1,2,Computer,3,49,Debit Card,Female,2,8,Others,1,Married,3,0,7,12,11,35,4.16,8932.15,127.6,0.522,19,58,10,23,Platinum,5,7
CUST_04969,0,49,Mobile Phone,1,28,Debit Card,Male,0,4,Laptop & Accessory,4,Single,8,0,16,2,18,64,55.58,7591.63,186.42,0.3824,64,52,0,14,Free,0,4
CUST_04970,0,52,Phone,3,36,Credit Card,Female,4,1,Electronics,3,Married,2,0,35,15,5,9,49.87,2453.27,586.71,0.6746,29,42,9,26,Free,10,9
CUST_04971,1,23,Mobile Phone,1,18,UPI,Female,0,9,Mobile Phone,3,Married,3,0,22,11,8,12,209.2,1379.88,2199.04,0.6822,39,88,9,29,Free,1,5
CUST_04972,0,51,Phone,1,91,UPI,Male,0,8,Laptop & Accessory,1,Single,1,0,44,13,14,78,175.7,8861.5,308.28,0.2084,45,35,9,3,Platinum,9,1
CUST_04973,0,47,Mobile Phone,1,63,Credit Card,Female,5,4,Mobile Phone,3,Married,6,0,3,4,2,85,245.84,7685.03,2072.26,0.3213,57,26,3,23,Free,8,7
CUST_04974,0,48,Computer,1,79,UPI,Female,3,9,Others,1,Single,6,0,18,9,5,55,31.08,6745.46,1170.2,0.1502,66,35,8,17,Gold,7,6
CUST_04975,0,48,Mobile Phone,1,32,Cash on Delivery,Male,3,5,Fashion,2,Married,6,0,7,1,15,44,328.14,325.35,1631.61,0.6983,39,43,1,24,Free,4,10
CUST_04976,0,34,Mobile Phone,1,73,Credit Card,Male,5,5,Electronics,5,Married,8,0,36,7,1,59,43.57,7470.25,402.36,0.0451,37,61,15,27,Silver,7,8
CUST_04977,0,6,Mobile Phone,3,36,Debit Card,Female,5,3,Fashion,3,Single,7,1,13,7,7,2,273.4,9369.37,1995.35,0.6048,28,67,15,6,Platinum,3,8
CUST_04978,0,56,Mobile Phone,2,47,E-wallet,Female,5,5,Fashion,1,Married,3,0,12,9,12,29,277.16,5625.91,269.83,0.6233,33,35,4,26,Free,7,4
CUST_04979,0,37,Mobile Phone,3,67,UPI,Female,0,10,Electronics,3,Divorced,5,0,31,20,17,26,227.17,706.94,1331.38,0.659,47,23,5,4,Gold,4,4
CUST_04980,0,54,Mobile Phone,2,99,Credit Card,Male,1,1,Others,1,Single,1,0,4,12,2,47,69.94,3549.64,302.51,0.4875,22,56,13,9,Gold,1,6
CUST_04981,0,58,Mobile Phone,2,58,UPI,Male,4,6,Grocery,1,Single,7,0,47,18,11,78,245.17,2172.3,2144.95,0.3869,63,20,6,30,Free,8,9
CUST_04982,0,11,Computer,1,73,UPI,Female,0,2,Others,4,Single,4,0,1,4,14,7,369.93,7459.63,1491.6,0.4527,29,13,10,6,Platinum,0,2
CUST_04983,0,24,Mobile Phone,2,62,Debit Card,Female,1,2,Laptop & Accessory,4,Married,2,0,17,20,8,38,322.07,1549.53,1386.85,0.1435,49,10,15,8,Gold,5,3
CUST_04984,0,11,Phone,1,45,Credit Card,Male,3,1,Others,2,Married,9,0,27,12,9,69,51.97,587.33,718.07,0.1316,44,23,14,23,Free,0,10
CUST_04985,1,3,Mobile Phone,3,94,E-wallet,Female,2,3,Mobile Phone,4,Divorced,5,0,0,0,9,73,132.43,9836.58,1302.03,0.5943,27,2,10,20,Free,1,7
CUST_04986,0,58,Computer,3,97,E-wallet,Female,1,8,Mobile Phone,1,Married,1,0,2,18,18,78,315.94,11070.7,100.6,0.4088,33,60,12,25,Gold,5,5
CUST_04987,0,56,Mobile Phone,1,34,Cash on Delivery,Male,5,8,Others,3,Single,1,0,50,3,12,36,78.72,10142.98,1228.08,0.6991,45,25,13,23,Free,4,2
CUST_04988,0,56,Mobile Phone,2,90,Credit Card,Female,2,8,Fashion,3,Single,3,0,30,16,8,86,285.97,7045.64,575.17,0.2007,49,6,10,7,Platinum,7,3
CUST_04989,0,53,Computer,2,48,E-wallet,Female,2,2,Mobile Phone,1,Single,10,0,1,4,0,12,367.34,4343.61,2235.62,0.2119,27,61,5,16,Free,6,4
CUST_04990,0,39,Computer,2,76,UPI,Male,3,2,Laptop & Accessory,4,Married,1,0,19,14,8,74,113.72,1055.89,717.2,0.3828,33,80,0,1,Platinum,5,9
CUST_04991,0,31,Mobile Phone,1,54,UPI,Female,4,10,Mobile Phone,3,Divorced,5,0,16,15,17,17,37.68,4745.64,1302.63,0.0592,43,6,14,2,Free,8,6
CUST_04992,0,60,Mobile Phone,2,78,E-wallet,Male,2,10,Electronics,3,Single,4,0,0,2,9,61,184.09,2284.32,57.7,0.5569,30,20,9,24,Gold,0,3
CUST_04993,0,33,Mobile Phone,2,88,UPI,Male,5,8,Laptop & Accessory,4,Married,7,0,29,20,8,80,125.35,9716.41,1870.04,0.1251,25,69,1,10,Platinum,2,8
CUST_04994,0,39,Mobile Phone,1,45,Debit Card,Female,1,9,Others,4,Married,6,0,11,18,14,62,203.6,10020.59,443.69,0.4217,52,72,3,15,Free,7,7
CUST_04995,0,12,Mobile Phone,2,72,Debit Card,Male,5,9,Electronics,3,Married,5,0,33,8,20,16,121.1,5689.28,2497.0,0.074,28,38,0,28,Gold,10,10
CUST_04996,0,45,Computer,1,53,E-wallet,Female,5,6,Mobile Phone,5,Married,9,0,37,5,3,79,201.53,3757.88,767.41,0.3069,56,43,5,21,Gold,4,5
CUST_04997,1,49,Mobile Phone,3,81,UPI,Female,0,5,Electronics,1,Married,1,0,21,12,19,85,63.13,8420.89,1680.32,0.419,25,50,3,17,Gold,5,10
CUST_04998,0,41,Computer,1,23,UPI,Female,4,10,Grocery,4,Married,4,0,19,16,7,44,69.09,7567.11,2401.86,0.3977,66,47,6,17,Free,8,7
CUST_04999,1,30,Mobile Phone,1,74,UPI,Male,0,7,Fashion,2,Single,1,0,32,1,12,26,153.9,7012.84,1902.96,0.7314,46,28,15,29,Gold,5,9
CUST_05000,0,12,Mobile Phone,1,62,Debit Card,Female,2,9,Grocery,3,Single,4,0,37,3,5,58,35.87,11113.77,906.83,0.5027,47,73,13,11,Platinum,10,5
CUST_05001,0,2,Mobile Phone,3,48,UPI,Male,5,3,Laptop & Accessory,4,Single,3,0,20,13,0,88,393.59,3429.5,2305.9,0.3999,39,59,13,5,Free,3,2
CUST_05002,0,38,Mobile Phone,2,40,E-wallet,Male,1,3,Others,5,Married,9,0,41,6,8,88,129.05,4038.87,571.06,0.4901,68,44,14,28,Gold,5,5
CUST_05003,0,41,Mobile Phone,1,72,Credit Card,Male,3,7,Electronics,3,Divorced,7,0,14,18,18,8,79.98,749.11,1604.46,0.5547,21,68,1,2,Free,9,9
CUST_05004,0,47,Phone,1,38,E-wallet,Female,4,10,Mobile Phone,1,Married,3,1,40,11,19,12,281.32,2714.97,1875.34,0.716,29,22,12,26,Free,5,8
CUST_05005,0,57,Computer,2,8,Debit Card,Female,2,7,Laptop & Accessory,5,Married,7,0,18,13,7,49,168.42,5687.83,924.4,0.1105,56,7,13,20,Silver,4,6
CUST_05006,1,30,Mobile Phone,1,96,Debit Card,Male,0,5,Fashion,3,Single,9,0,34,7,13,78,383.16,9864.28,2086.61,0.5356,46,27,2,5,Platinum,4,0
CUST_05007,0,50,Mobile Phone,1,47,Credit Card,Female,0,1,Fashion,1,Married,2,0,50,13,16,3,21.18,2349.85,1207.7,0.0096,46,80,5,8,Gold,0,4
CUST_05008,0,43,Phone,3,20,Cash on Delivery,Female,3,2,Electronics,1,Single,6,0,38,5,10,62,191.65,6324.33,2160.73,0.0048,42,65,6,12,Platinum,4,1
CUST_05009,0,16,Mobile Phone,1,26,Debit Card,Male,0,3,Others,1,Single,5,0,16,10,17,23,93.82,3776.02,575.68,0.5353,44,53,9,17,Silver,4,3
CUST_05010,1,51,Mobile Phone,2,84,UPI,Female,0,3,Laptop & Accessory,2,Single,10,0,29,0,2,26,281.27,9447.23,2244.32,0.4157,54,51,0,15,Gold,6,10
CUST_05011,1,3,Phone,1,36,UPI,Female,5,8,Mobile Phone,2,Married,4,0,10,9,19,77,218.23,7692.75,1356.0,0.5997,45,59,1,11,Gold,9,7
CUST_05012,0,36,Mobile Phone,2,32,Cash on Delivery,Female,3,7,Grocery,5,Married,7,0,23,16,12,26,95.24,752.98,1100.32,0.2832,30,84,13,16,Free,8,0
CUST_05013,0,57,Mobile Phone,2,51,E-wallet,Male,2,4,Fashion,5,Divorced,6,0,31,7,3,17,210.03,2036.9,626.63,0.1145,62,47,6,7,Free,10,4
CUST_05014,1,40,Mobile Phone,1,7,UPI,Male,0,10,Others,1,Married,4,0,3,1,16,87,311.44,9189.11,302.55,0.4826,24,29,2,0,Free,4,6
CUST_05015,0,57,Computer,2,58,Credit Card,Female,4,4,Grocery,2,Married,4,0,20,17,19,81,389.91,8173.27,763.47,0.3906,66,8,4,2,Silver,4,9
CUST_05016,0,3,Mobile Phone,3,8,Cash on Delivery,Male,3,5,Mobile Phone,2,Married,9,0,49,6,7,84,90.7,1483.49,1024.25,0.2238,41,8,10,10,Silver,2,3
CUST_05017,1,32,Computer,3,85,Credit Card,Female,1,6,Electronics,3,Married,9,0,50,13,9,53,21.72,3692.56,1517.85,0.3493,43,40,1,17,Free,5,10
CUST_05018,0,47,Mobile Phone,1,46,E-wallet,Female,4,6,Fashion,1,Single,3,0,42,15,18,23,226.32,3336.86,1822.15,0.4113,54,59,8,3,Free,1,9
CUST_05019,1,39,Mobile Phone,1,25,Debit Card,Female,1,2,Fashion,2,Single,5,1,36,6,11,66,123.35,5709.72,154.76,0.1546,62,16,12,1,Gold,2,9
CUST_05020,0,53,Mobile Phone,3,48,Cash on Delivery,Male,3,4,Electronics,3,Single,2,0,34,6,7,69,297.95,408.71,2381.03,0.5503,56,14,4,23,Free,8,3
CUST_05021,0,28,Phone,1,21,Credit Card,Female,3,7,Fashion,3,Married,5,1,27,10,13,32,307.28,6409.73,659.16,0.4556,26,46,4,22,Gold,1,5
CUST_05022,0,41,Mobile Phone,1,35,UPI,Female,1,9,Electronics,5,Single,9,1,32,9,3,52,75.69,2080.04,1712.6,0.0494,53,13,9,15,Silver,4,4
CUST_05023,1,25,Computer,1,17,Cash on Delivery,Female,5,5,Fashion,5,Married,8,1,12,2,7,89,178.89,8840.32,2026.4,0.3754,58,82,11,8,Free,0,9
CUST_05024,0,53,Mobile Phone,3,69,Cash on Delivery,Female,4,2,Grocery,2,Married,5,0,29,1,17,52,9.48,6621.72,1072.42,0.2024,52,78,4,19,Gold,7,0
CUST_05025,1,7,Mobile Phone,1,98,Credit Card,Male,1,9,Fashion,5,Divorced,8,0,28,0,1,75,290.22,9468.39,1122.4,0.6666,38,42,15,4,Gold,3,6
CUST_05026,0,15,Mobile Phone,1,51,Credit Card,Male,0,6,Grocery,5,Married,6,0,4,6,11,2,218.78,7596.16,167.16,0.3379,26,70,5,0,Silver,3,0
CUST_05027,0,5,Mobile Phone,2,14,E-wallet,Female,1,5,Fashion,2,Married,5,0,14,2,14,82,391.62,10921.88,1049.94,0.1077,23,19,8,25,Silver,1,2
CUST_05028,0,42,Mobile Phone,1,12,UPI,Male,2,6,Laptop & Accessory,3,Married,1,1,16,15,10,87,135.25,11462.67,2345.99,0.4994,59,12,2,23,Free,7,0
CUST_05029,0,14,Phone,1,84,E-wallet,Male,3,9,Mobile Phone,4,Single,2,0,34,18,8,13,262.77,7508.81,954.6,0.1982,64,45,11,27,Platinum,1,0
CUST_05030,0,19,Phone,2,38,Credit Card,Female,2,1,Fashion,5,Single,6,0,17,16,19,39,229.09,7565.97,2248.38,0.7195,47,70,8,25,Platinum,4,10
CUST_05031,0,51,Computer,1,33,UPI,Male,0,4,Mobile Phone,4,Married,1,0,10,5,16,24,221.95,4329.08,1767.19,0.0264,65,30,10,3,Platinum,3,0
CUST_05032,0,21,Computer,3,14,UPI,Female,4,10,Fashion,5,Divorced,1,0,40,7,17,50,169.71,11213.62,2217.94,0.0984,21,20,14,1,Gold,10,10
CUST_05033,0,8,Mobile Phone,1,68,E-wallet,Female,2,4,Fashion,4,Single,4,0,25,20,2,76,149.18,9795.41,529.88,0.7447,66,84,4,29,Silver,8,0
CUST_05034,1,1,Computer,3,11,Cash on Delivery,Male,2,10,Mobile Phone,1,Married,6,0,30,2,20,16,92.01,3066.75,1688.37,0.7111,31,40,5,27,Platinum,5,6
CUST_05035,0,13,Mobile Phone,2,91,Cash on Delivery,Male,3,3,Fashion,2,Married,8,0,17,7,10,60,276.5,3238.09,293.62,0.0458,37,38,4,14,Platinum,9,8
CUST_05036,0,55,Phone,1,24,Debit Card,Male,5,5,Mobile Phone,5,Single,10,0,20,9,14,11,281.49,8927.64,1244.11,0.2842,32,24,9,17,Platinum,7,8
CUST_05037,0,33,Phone,1,11,E-wallet,Female,0,1,Grocery,3,Divorced,7,0,29,8,7,35,266.77,4277.92,1824.44,0.7055,37,72,4,3,Free,3,1
CUST_05038,0,60,Mobile Phone,2,72,Debit Card,Male,5,8,Fashion,1,Divorced,10,0,16,19,12,49,391.16,9888.74,446.28,0.2031,25,19,6,6,Gold,6,7
CUST_05039,0,13,Phone,1,39,Debit Card,Female,3,3,Grocery,2,Single,3,0,48,17,14,42,130.32,11008.58,2398.96,0.6446,44,43,4,11,Silver,0,9
CUST_05040,0,21,Phone,1,71,Cash on Delivery,Female,3,9,Fashion,3,Married,7,0,43,20,11,11,64.45,1473.91,1201.06,0.3909,25,7,4,7,Gold,9,7
CUST_05041,0,9,Mobile Phone,3,8,E-wallet,Male,0,2,Others,3,Single,1,0,49,4,11,39,23.66,6297.96,1146.5,0.6057,26,21,1,17,Free,2,3
CUST_05042,1,24,Phone,2,87,E-wallet,Female,4,2,Fashion,1,Married,2,0,40,1,7,30,53.19,10665.72,2220.64,0.4977,65,88,7,11,Silver,7,5
CUST_05043,0,34,Mobile Phone,3,34,Credit Card,Female,4,5,Grocery,2,Married,7,0,4,19,20,50,106.0,6663.77,2157.48,0.6033,23,60,12,8,Platinum,4,10
CUST_05044,0,49,Mobile Phone,1,77,E-wallet,Female,3,1,Fashion,2,Single,4,1,41,2,3,30,23.96,1831.5,2296.09,0.2583,41,22,4,7,Silver,4,0
CUST_05045,0,22,Mobile Phone,1,94,Debit Card,Female,4,4,Electronics,2,Divorced,6,0,12,13,7,44,377.5,9516.84,1691.01,0.7385,45,1,12,24,Free,0,4
CUST_05046,0,47,Computer,2,56,Debit Card,Female,5,7,Grocery,5,Divorced,10,1,20,18,17,86,130.07,2543.36,1671.85,0.2967,39,30,11,19,Platinum,1,3
CUST_05047,0,38,Mobile Phone,1,37,E-wallet,Male,5,6,Laptop & Accessory,1,Married,8,0,21,1,9,41,372.29,5995.23,612.84,0.0286,44,74,1,3,Free,9,1
CUST_05048,0,17,Tablet,1,35,E-wallet,Female,1,6,Electronics,4,Married,4,0,24,13,0,66,150.45,11616.29,1868.56,0.576,60,59,14,23,Platinum,4,4
CUST_05049,0,55,Mobile Phone,1,70,Debit Card,Male,4,1,Electronics,2,Single,7,0,40,20,2,29,216.02,10686.28,1572.72,0.1632,36,81,3,27,Free,0,2
CUST_05050,0,26,Mobile Phone,1,5,Credit Card,Female,0,7,Fashion,3,Married,10,0,29,20,18,61,237.88,7353.48,890.53,0.0695,37,66,6,7,Silver,10,6
CUST_05051,0,9,Computer,2,19,Debit Card,Female,3,1,Grocery,2,Single,3,0,27,6,20,40,159.48,1967.57,2418.14,0.5138,28,49,2,12,Free,9,2
CUST_05052,0,58,Mobile Phone,1,67,UPI,Male,0,6,Laptop & Accessory,5,Single,6,0,9,5,5,56,143.02,4695.07,1241.2,0.5848,34,88,10,3,Platinum,8,3
CUST_05053,0,55,Computer,3,7,Credit Card,Female,1,8,Others,5,Single,8,1,40,4,4,16,265.23,2921.53,1822.25,0.4749,64,22,6,30,Gold,5,1
CUST_05054,0,3,Mobile Phone,1,32,Debit Card,Female,4,8,Electronics,2,Married,7,0,18,12,5,75,360.41,8145.55,1681.62,0.184,28,13,3,22,Free,4,5
CUST_05055,0,55,Tablet,1,67,Credit Card,Female,2,4,Others,1,Single,5,1,34,18,19,17,299.14,9158.16,75.8,0.1573,27,15,8,13,Gold,5,8
CUST_05056,0,57,Computer,1,29,E-wallet,Female,5,2,Grocery,1,Single,5,0,25,19,0,15,176.32,7527.59,1169.0,0.2349,22,54,8,2,Platinum,4,7
CUST_05057,0,50,Mobile Phone,2,94,Debit Card,Female,0,9,Mobile Phone,4,Married,6,0,33,6,2,62,314.13,7337.29,1537.1,0.516,69,65,4,0,Platinum,2,1
CUST_05058,0,15,Mobile Phone,3,98,Debit Card,Female,5,3,Mobile Phone,5,Single,5,0,34,10,7,26,253.11,3824.65,2499.79,0.0445,28,64,9,14,Free,0,5
CUST_05059,0,38,Mobile Phone,3,8,UPI,Male,4,5,Others,1,Single,4,0,28,15,20,87,204.51,5485.14,428.12,0.6458,28,19,10,12,Gold,4,5
CUST_05060,0,32,Tablet,1,21,Credit Card,Female,2,3,Laptop & Accessory,1,Single,9,1,22,14,1,62,353.94,11791.05,1720.78,0.7222,61,65,13,13,Platinum,3,3
CUST_05061,0,37,Computer,1,92,UPI,Male,0,1,Electronics,3,Single,8,0,36,0,6,19,201.87,10917.79,1119.71,0.6637,65,46,14,12,Platinum,5,9
CUST_05062,0,37,Mobile Phone,3,8,E-wallet,Male,0,5,Laptop & Accessory,5,Single,7,0,7,18,3,88,175.69,8582.89,1202.76,0.3176,47,90,11,29,Platinum,7,6
CUST_05063,0,38,Mobile Phone,1,51,E-wallet,Male,2,6,Electronics,4,Single,2,0,49,19,6,83,266.84,10421.93,437.94,0.3954,33,78,12,11,Platinum,5,6
CUST_05064,0,31,Phone,2,96,Debit Card,Female,3,8,Grocery,1,Married,6,0,21,13,14,26,173.42,8525.61,1348.8,0.3856,49,12,4,12,Platinum,9,3
CUST_05065,0,42,Mobile Phone,1,61,Credit Card,Male,3,8,Fashion,5,Single,3,0,50,8,4,56,114.74,7704.01,162.32,0.4479,61,69,12,23,Free,3,8
CUST_05066,0,32,Computer,1,34,Cash on Delivery,Female,1,9,Electronics,2,Single,2,0,27,16,8,40,206.02,9108.3,1064.56,0.6411,37,9,12,10,Platinum,7,8
CUST_05067,0,1,Computer,1,5,E-wallet,Female,3,9,Fashion,2,Married,3,0,6,3,3,86,375.18,3039.87,1043.52,0.6491,60,1,10,18,Gold,9,1
CUST_05068,1,2,Mobile Phone,1,42,E-wallet,Female,3,5,Grocery,2,Married,2,1,33,4,0,87,200.71,11572.67,475.13,0.2332,44,16,13,22,Free,0,7
CUST_05069,0,58,Mobile Phone,3,57,UPI,Female,2,4,Electronics,4,Married,8,0,26,20,10,35,395.93,5266.9,2494.25,0.0832,54,64,11,28,Silver,6,9
CUST_05070,0,55,Mobile Phone,2,12,UPI,Male,1,7,Fashion,2,Divorced,6,0,43,7,6,82,328.05,624.52,1795.44,0.4169,52,80,8,0,Free,3,4
CUST_05071,0,35,Mobile Phone,3,55,Cash on Delivery,Female,2,5,Laptop & Accessory,4,Married,8,0,42,15,15,62,194.11,2331.33,2391.34,0.0289,41,1,9,19,Gold,6,6
CUST_05072,1,10,Tablet,2,43,Cash on Delivery,Female,4,3,Others,2,Married,10,0,11,8,0,8,135.0,7979.65,1869.1,0.5081,40,88,9,16,Free,8,10
CUST_05073,0,47,Computer,1,36,Cash on Delivery,Female,3,1,Grocery,1,Married,3,0,39,16,1,49,258.23,8010.56,1260.1,0.5347,60,29,5,18,Free,5,0
CUST_05074,0,8,Phone,2,98,Debit Card,Female,0,5,Fashion,1,Single,2,0,28,16,19,35,381.89,6550.14,1551.23,0.5035,35,25,10,30,Gold,9,6
CUST_05075,0,23,Mobile Phone,1,90,E-wallet,Female,5,5,Laptop & Accessory,3,Married,2,0,23,10,9,88,165.61,6075.07,461.37,0.1939,52,34,12,8,Gold,0,9
CUST_05076,0,20,Mobile Phone,3,71,Credit Card,Female,1,10,Laptop & Accessory,1,Married,1,0,21,7,18,17,85.43,7642.54,424.68,0.5569,31,3,7,25,Silver,1,2
CUST_05077,0,0,Computer,1,61,Credit Card,Female,4,9,Mobile Phone,3,Divorced,1,0,34,14,2,5,52.37,8685.56,1241.53,0.2196,52,42,12,20,Silver,9,7
CUST_05078,0,49,Mobile Phone,3,50,Cash on Delivery,Male,0,3,Others,4,Divorced,6,0,35,4,7,12,206.76,2502.13,547.49,0.3183,29,64,9,12,Gold,2,6
CUST_05079,0,31,Mobile Phone,2,11,UPI,Female,1,2,Electronics,3,Single,7,0,44,6,14,5,177.65,2546.3,1936.54,0.5243,44,59,11,21,Silver,7,0
CUST_05080,0,19,Mobile Phone,2,34,UPI,Female,3,8,Fashion,3,Divorced,3,0,44,1,5,45,205.68,530.93,777.54,0.2328,48,64,11,24,Silver,3,0
CUST_05081,1,30,Computer,2,6,E-wallet,Male,5,5,Electronics,1,Married,6,0,12,10,4,78,194.45,7287.06,264.0,0.6653,25,90,0,1,Free,1,8
CUST_05082,0,0,Computer,2,40,E-wallet,Female,3,1,Fashion,1,Married,3,0,24,13,2,44,229.68,4541.08,1484.24,0.2445,21,47,4,17,Platinum,9,4
CUST_05083,1,26,Mobile Phone,2,50,Cash on Delivery,Male,0,8,Others,1,Divorced,8,0,50,7,7,4,125.57,11244.82,1410.85,0.645,31,16,11,1,Free,4,10
CUST_05084,1,31,Phone,2,63,Credit Card,Female,5,4,Mobile Phone,1,Single,8,0,43,15,14,78,190.22,4089.58,689.83,0.7052,26,25,1,0,Silver,6,9
CUST_05085,0,20,Mobile Phone,1,39,Credit Card,Male,1,2,Electronics,3,Married,8,0,22,8,6,82,170.96,6822.29,365.47,0.2809,34,61,3,6,Platinum,9,7
CUST_05086,0,50,Mobile Phone,2,29,Credit Card,Female,2,7,Fashion,2,Married,6,0,0,4,2,69,210.73,4216.99,1589.94,0.0386,49,59,5,6,Silver,2,4
CUST_05087,0,15,Mobile Phone,1,73,Cash on Delivery,Female,0,8,Electronics,4,Single,9,0,11,0,13,8,179.88,4339.04,1863.86,0.1904,35,16,12,18,Free,7,9
CUST_05088,0,8,Phone,2,19,Cash on Delivery,Male,4,8,Mobile Phone,2,Married,1,0,46,17,14,20,260.04,4418.09,513.26,0.5777,60,64,6,25,Gold,6,2
CUST_05089,0,32,Mobile Phone,2,17,Cash on Delivery,Male,2,3,Others,2,Married,5,1,35,17,8,10,284.18,7362.2,1877.45,0.0714,42,30,14,19,Free,9,9
CUST_05090,0,54,Mobile Phone,1,71,Credit Card,Female,1,6,Mobile Phone,3,Married,1,0,40,9,5,60,160.16,4461.86,1656.06,0.6566,32,10,14,26,Gold,7,4
CUST_05091,0,22,Mobile Phone,2,61,Debit Card,Female,3,5,Grocery,2,Single,9,0,39,4,15,30,292.72,1859.56,1947.57,0.4489,18,74,10,11,Free,5,10
CUST_05092,1,2,Computer,2,88,Debit Card,Male,1,9,Electronics,1,Married,1,1,6,12,15,4,364.94,2063.72,206.56,0.5978,18,27,14,28,Free,3,6
CUST_05093,0,59,Computer,2,75,Cash on Delivery,Female,3,2,Grocery,1,Single,5,1,29,9,12,66,307.4,6373.89,2416.83,0.5693,67,6,0,7,Free,7,2
CUST_05094,0,27,Mobile Phone,2,91,Credit Card,Male,3,9,Grocery,5,Married,2,0,34,7,8,67,310.01,5264.53,1665.91,0.5648,53,87,9,22,Free,10,6
CUST_05095,0,10,Tablet,2,68,E-wallet,Male,4,4,Others,1,Married,8,0,4,13,10,52,293.2,10487.85,683.99,0.0183,63,1,10,5,Silver,7,5
CUST_05096,0,37,Mobile Phone,2,85,Credit Card,Male,4,7,Others,2,Married,5,0,26,4,2,15,157.42,599.93,2199.02,0.5542,20,19,1,17,Gold,9,3
CUST_05097,0,19,Mobile Phone,1,21,UPI,Male,3,6,Electronics,3,Married,6,0,13,0,0,82,381.95,3251.59,1472.82,0.5083,29,32,10,9,Platinum,3,4
CUST_05098,0,57,Computer,1,55,E-wallet,Male,0,4,Mobile Phone,3,Married,10,0,49,3,5,36,76.81,8335.3,443.31,0.4513,35,50,2,19,Silver,6,6
CUST_05099,0,17,Computer,2,95,Credit Card,Male,1,3,Electronics,4,Married,10,0,12,7,10,57,117.27,8242.97,2138.83,0.6427,23,40,1,14,Free,9,7
CUST_05100,0,33,Mobile Phone,1,80,Cash on Delivery,Male,3,4,Grocery,4,Married,5,0,15,17,14,1,83.02,1011.29,1819.35,0.3967,41,27,0,3,Silver,4,2
CUST_05101,0,33,Computer,1,43,UPI,Male,3,7,Grocery,4,Married,4,0,45,5,4,54,193.74,3037.51,736.81,0.4278,66,37,12,18,Gold,1,6
CUST_05102,0,14,Mobile Phone,1,93,E-wallet,Male,3,7,Others,2,Married,3,0,31,20,14,81,299.09,2812.55,1382.26,0.3883,58,72,7,23,Platinum,0,3
CUST_05103,0,30,Computer,1,35,UPI,Male,4,7,Grocery,5,Married,7,0,48,2,6,51,103.36,11517.26,1028.01,0.5583,32,53,5,26,Free,5,4
CUST_05104,0,6,Computer,3,7,E-wallet,Male,5,7,Others,1,Single,10,1,26,20,12,25,384.26,11058.2,66.69,0.6979,58,41,10,28,Free,0,1
CUST_05105,0,39,Tablet,1,81,UPI,Male,3,1,Grocery,2,Single,6,1,9,17,2,36,264.33,11785.1,1220.46,0.4494,29,66,2,19,Platinum,10,10
CUST_05106,0,46,Mobile Phone,1,44,Credit Card,Female,0,4,Laptop & Accessory,2,Married,6,0,11,1,6,24,374.42,1842.22,627.24,0.2651,40,44,15,19,Free,8,9
CUST_05107,0,57,Computer,3,8,Cash on Delivery,Male,2,4,Electronics,2,Single,10,0,8,11,4,58,242.37,8375.25,428.32,0.3837,58,58,0,16,Silver,7,9
CUST_05108,0,19,Computer,3,24,E-wallet,Male,1,4,Fashion,3,Married,2,0,41,14,13,48,234.89,6319.75,276.98,0.7093,64,58,3,28,Free,9,4
CUST_05109,0,17,Mobile Phone,1,11,UPI,Female,3,4,Grocery,1,Married,1,0,1,9,14,88,385.89,9041.29,597.4,0.1376,56,67,11,10,Silver,4,1
CUST_05110,0,33,Mobile Phone,3,100,E-wallet,Male,3,2,Mobile Phone,5,Single,1,0,37,20,0,2,378.26,2617.13,1910.79,0.6797,38,29,2,15,Silver,1,3
CUST_05111,1,42,Tablet,1,86,E-wallet,Female,3,10,Mobile Phone,1,Married,6,0,22,2,8,88,277.51,454.12,928.92,0.6238,32,47,4,13,Silver,7,4
CUST_05112,0,60,Mobile Phone,2,94,Cash on Delivery,Male,3,1,Electronics,2,Single,9,0,27,11,12,25,45.84,1447.66,390.7,0.2764,43,19,4,10,Silver,0,1
CUST_05113,1,1,Computer,1,22,Cash on Delivery,Male,1,6,Mobile Phone,3,Married,3,1,42,10,15,10,47.25,6115.7,465.45,0.6582,61,40,0,19,Silver,1,0
CUST_05114,0,14,Mobile Phone,1,82,UPI,Male,1,5,Laptop & Accessory,5,Single,8,0,48,12,16,23,13.49,11756.99,1648.2,0.5618,39,0,8,1,Platinum,7,9
CUST_05115,0,16,Phone,1,59,E-wallet,Female,5,8,Fashion,3,Single,9,1,14,5,16,41,58.97,516.74,1038.33,0.7113,42,11,12,19,Platinum,3,6
CUST_05116,0,15,Mobile Phone,2,33,Debit Card,Male,2,9,Electronics,3,Single,10,0,47,10,2,68,218.92,7088.69,1573.88,0.3814,50,29,0,25,Free,6,3
CUST_05117,1,28,Tablet,1,69,UPI,Male,1,7,Mobile Phone,2,Married,8,0,46,2,13,53,178.2,2450.72,177.88,0.5375,49,89,5,6,Silver,2,9
CUST_05118,0,53,Computer,2,96,Credit Card,Female,5,8,Fashion,4,Married,4,0,41,2,17,20,277.56,961.0,1834.76,0.2649,39,64,13,7,Silver,4,4
CUST_05119,0,1,Mobile Phone,2,49,Credit Card,Female,0,3,Fashion,3,Married,7,0,6,11,11,65,356.86,7524.99,2408.69,0.287,31,59,10,25,Silver,5,6
CUST_05120,0,49,Computer,1,7,UPI,Female,2,10,Others,1,Single,6,1,7,15,19,3,150.61,4560.92,1977.01,0.1351,67,72,9,9,Free,3,10
CUST_05121,0,37,Computer,3,85,Cash on Delivery,Male,4,1,Laptop & Accessory,3,Married,5,0,1,14,17,27,347.72,8944.19,1818.25,0.4316,70,20,0,25,Silver,10,3
CUST_05122,0,37,Mobile Phone,1,23,Credit Card,Male,2,7,Others,5,Married,8,0,45,20,20,87,358.47,4487.02,536.61,0.0028,62,89,12,19,Free,2,5
CUST_05123,0,41,Mobile Phone,1,22,Credit Card,Female,5,2,Laptop & Accessory,5,Married,7,0,48,1,19,89,271.21,1290.99,1043.76,0.689,27,62,9,30,Free,6,10
CUST_05124,0,7,Computer,1,64,Credit Card,Female,2,3,Grocery,2,Single,9,0,15,9,0,28,334.18,8819.6,431.44,0.2486,38,38,15,14,Gold,2,0
CUST_05125,0,45,Computer,1,81,UPI,Female,3,9,Others,4,Married,6,0,26,1,8,37,370.35,7871.75,1917.1,0.4668,38,48,7,27,Platinum,5,9
CUST_05126,0,15,Mobile Phone,1,81,Debit Card,Male,2,7,Others,2,Married,7,0,29,7,18,32,182.72,10849.05,1868.37,0.7306,19,31,11,28,Free,2,3
CUST_05127,0,31,Phone,2,88,Credit Card,Female,2,7,Grocery,4,Married,3,0,19,15,1,25,201.23,8388.74,351.83,0.3139,45,36,8,3,Gold,1,9
CUST_05128,0,41,Mobile Phone,2,89,Cash on Delivery,Female,2,9,Fashion,3,Married,5,0,49,12,1,17,206.49,252.62,1875.79,0.0536,46,83,12,6,Silver,3,6
CUST_05129,0,36,Mobile Phone,1,17,UPI,Male,5,3,Electronics,2,Single,9,0,48,4,5,70,184.09,9964.73,1449.22,0.2815,56,55,8,13,Free,9,8
CUST_05130,0,19,Computer,1,33,Credit Card,Female,4,7,Others,5,Single,8,0,11,1,7,59,379.24,6681.65,2452.78,0.7353,30,47,10,8,Silver,5,2
CUST_05131,1,24,Mobile Phone,2,74,Cash on Delivery,Male,2,3,Laptop & Accessory,2,Married,6,1,28,3,13,53,36.6,236.28,2474.51,0.7184,42,20,6,1,Silver,4,0
CUST_05132,1,29,Mobile Phone,1,42,E-wallet,Male,2,5,Mobile Phone,2,Married,6,0,10,8,11,70,145.3,9647.99,247.82,0.5117,34,73,4,30,Silver,10,5
CUST_05133,0,2,Mobile Phone,2,73,UPI,Female,2,5,Mobile Phone,5,Married,3,1,4,20,15,82,362.57,9269.5,2100.21,0.5098,25,88,2,23,Silver,7,6
CUST_05134,0,44,Mobile Phone,3,48,E-wallet,Male,4,7,Others,2,Married,4,0,43,8,4,77,309.74,11995.8,443.28,0.3624,42,73,3,10,Silver,0,2
CUST_05135,0,6,Mobile Phone,1,48,UPI,Male,3,1,Laptop & Accessory,1,Single,7,0,44,3,10,9,115.33,5844.31,1397.18,0.3786,28,39,9,27,Free,5,6
CUST_05136,0,27,Computer,2,7,Credit Card,Female,3,1,Laptop & Accessory,5,Single,2,1,0,5,7,69,265.42,9367.34,1287.57,0.4148,60,80,15,28,Silver,8,3
CUST_05137,0,39,Mobile Phone,3,63,Credit Card,Male,2,1,Laptop & Accessory,3,Married,1,0,27,14,18,4,0.77,8587.29,721.0,0.2973,43,52,4,15,Free,2,10
CUST_05138,1,4,Phone,2,87,Credit Card,Male,2,3,Others,5,Single,6,1,8,5,19,64,213.07,5991.34,1819.17,0.6127,57,34,6,4,Free,1,4
CUST_05139,0,60,Computer,3,83,Debit Card,Male,3,6,Laptop & Accessory,1,Divorced,8,0,28,17,17,85,367.38,2169.51,1362.84,0.6813,29,9,6,5,Free,4,8
CUST_05140,0,23,Mobile Phone,1,37,Debit Card,Male,4,2,Mobile Phone,4,Single,10,0,16,0,3,84,247.32,5384.84,1574.14,0.647,47,54,8,25,Platinum,6,1
CUST_05141,0,0,Mobile Phone,2,69,UPI,Female,5,10,Grocery,1,Married,5,0,27,6,1,40,363.64,1960.57,1743.26,0.2121,34,80,13,14,Free,4,2
CUST_05142,0,40,Computer,1,24,UPI,Female,0,5,Fashion,3,Single,2,0,37,5,11,88,30.22,3725.07,1040.97,0.1509,56,89,3,15,Free,2,8
CUST_05143,0,34,Mobile Phone,1,65,E-wallet,Female,1,4,Laptop & Accessory,2,Married,7,0,4,9,14,19,213.48,10483.96,151.56,0.7318,65,61,3,4,Platinum,9,8
CUST_05144,0,39,Mobile Phone,3,44,Credit Card,Female,4,9,Fashion,3,Married,4,0,24,8,17,83,273.7,3116.48,681.36,0.1177,34,27,1,1,Silver,0,7
CUST_05145,0,45,Phone,1,93,E-wallet,Female,0,2,Electronics,2,Single,2,0,17,11,16,67,13.3,9935.3,480.27,0.28,42,9,1,2,Platinum,2,4
CUST_05146,0,29,Computer,3,73,Debit Card,Male,3,2,Mobile Phone,5,Married,7,0,20,6,5,72,346.56,484.99,1895.69,0.0377,44,62,7,21,Free,1,10
CUST_05147,1,50,Computer,2,12,E-wallet,Female,2,4,Grocery,4,Divorced,8,1,47,4,7,90,102.59,5913.3,661.6,0.1575,29,38,2,3,Silver,2,4
CUST_05148,0,22,Mobile Phone,3,88,Credit Card,Female,1,1,Fashion,1,Married,1,0,46,13,19,69,345.92,8915.28,944.82,0.3205,21,38,10,26,Free,2,1
CUST_05149,1,33,Mobile Phone,3,74,Credit Card,Female,3,7,Mobile Phone,3,Single,8,0,33,6,14,90,111.88,10399.6,1142.93,0.0459,58,23,2,3,Silver,6,10
CUST_05150,0,9,Mobile Phone,2,25,Credit Card,Male,3,8,Laptop & Accessory,4,Married,6,0,38,18,20,39,392.6,399.33,2096.38,0.4306,20,7,13,5,Gold,3,6
CUST_05151,0,37,Computer,3,32,Debit Card,Female,4,4,Others,3,Married,8,1,19,20,4,87,354.98,9576.4,2118.99,0.3229,18,44,3,27,Gold,6,0
CUST_05152,0,15,Mobile Phone,2,21,E-wallet,Male,4,9,Others,4,Single,7,1,32,4,5,74,342.53,10706.44,588.79,0.3232,26,35,5,16,Silver,2,0
CUST_05153,0,42,Mobile Phone,2,34,UPI,Male,5,1,Grocery,3,Married,5,1,24,5,13,14,274.98,1926.61,1050.46,0.572,42,37,15,0,Free,10,1
CUST_05154,0,48,Mobile Phone,2,95,Credit Card,Female,2,6,Electronics,5,Divorced,4,0,17,20,9,33,160.59,722.8,648.88,0.2965,57,9,6,5,Platinum,3,8
CUST_05155,0,52,Computer,1,91,Cash on Delivery,Female,4,8,Fashion,4,Single,7,0,40,17,20,77,183.22,2530.63,2441.27,0.0513,66,70,12,8,Free,5,4
CUST_05156,0,56,Computer,1,57,UPI,Female,4,4,Others,3,Married,2,0,43,9,0,56,234.85,2918.58,1356.2,0.5125,66,55,13,8,Silver,3,2
CUST_05157,0,7,Mobile Phone,1,39,Cash on Delivery,Male,5,10,Grocery,5,Single,6,0,17,11,13,11,106.94,2364.52,51.97,0.5229,67,51,8,6,Free,3,4
CUST_05158,0,8,Mobile Phone,1,40,Cash on Delivery,Female,3,5,Electronics,2,Married,8,1,12,5,20,54,102.54,7129.37,272.03,0.3854,50,5,11,10,Silver,9,6
CUST_05159,0,56,Mobile Phone,1,96,Cash on Delivery,Female,1,10,Electronics,4,Married,3,0,20,13,11,32,194.14,3111.2,2147.18,0.0041,44,40,1,13,Free,4,9
CUST_05160,0,23,Mobile Phone,2,24,Credit Card,Female,2,7,Others,4,Divorced,1,0,48,19,2,10,211.55,8683.43,1025.25,0.7116,20,32,4,2,Free,8,9
CUST_05161,0,1,Mobile Phone,2,77,UPI,Male,1,3,Grocery,2,Single,1,0,39,9,1,16,318.97,6229.33,2268.1,0.228,42,15,1,7,Gold,8,6
CUST_05162,0,17,Mobile Phone,2,100,Cash on Delivery,Female,1,9,Others,5,Single,6,0,13,9,8,18,297.96,5531.41,1674.95,0.2296,51,84,14,30,Free,2,1
CUST_05163,0,51,Computer,3,87,UPI,Male,1,1,Others,2,Married,5,0,31,12,16,32,250.07,10429.18,1356.45,0.1386,55,86,14,7,Free,1,6
CUST_05164,1,21,Computer,3,74,E-wallet,Female,2,2,Electronics,5,Single,7,0,41,17,14,81,261.7,7189.77,2046.65,0.4776,32,84,0,4,Free,7,9
CUST_05165,0,4,Tablet,3,91,E-wallet,Female,4,8,Fashion,1,Single,9,0,18,11,2,22,348.67,3246.76,1839.38,0.4465,34,27,8,27,Gold,2,7
CUST_05166,0,44,Tablet,2,25,E-wallet,Female,1,10,Laptop & Accessory,2,Single,10,0,46,9,13,16,23.24,1163.69,1475.5,0.6664,64,15,10,2,Silver,4,4
CUST_05167,0,11,Mobile Phone,1,99,Debit Card,Male,1,4,Fashion,2,Married,4,0,47,10,19,81,228.25,6511.21,258.18,0.469,62,5,8,20,Gold,10,0
CUST_05168,1,21,Mobile Phone,3,13,UPI,Male,0,7,Electronics,2,Married,2,0,11,0,13,44,24.2,8993.61,2016.07,0.2037,56,49,15,1,Silver,5,10
CUST_05169,1,0,Mobile Phone,1,6,E-wallet,Male,1,7,Others,3,Married,8,1,30,16,5,89,44.01,8122.75,2086.78,0.5886,38,26,0,9,Silver,3,5
CUST_05170,0,36,Computer,1,24,Debit Card,Female,2,8,Electronics,4,Single,1,0,11,7,0,27,190.26,9677.91,2239.7,0.2173,37,82,0,21,Silver,3,2
CUST_05171,0,27,Mobile Phone,1,63,Cash on Delivery,Female,2,10,Grocery,3,Married,7,0,34,18,11,15,156.69,9365.3,299.07,0.6721,45,16,15,9,Gold,7,7
CUST_05172,0,52,Mobile Phone,2,28,Debit Card,Male,2,1,Grocery,3,Married,3,1,4,7,15,78,293.57,6282.36,2431.77,0.0797,41,85,8,19,Free,7,7
CUST_05173,0,20,Mobile Phone,2,65,Credit Card,Female,1,2,Others,1,Single,4,0,32,5,18,11,327.46,3250.74,1121.88,0.3183,60,33,9,11,Free,7,9
CUST_05174,1,12,Mobile Phone,1,15,Debit Card,Female,2,10,Mobile Phone,1,Married,2,0,17,18,15,67,316.01,9913.19,583.72,0.7349,56,80,5,10,Free,0,1
CUST_05175,1,10,Computer,2,71,E-wallet,Female,3,6,Electronics,2,Married,1,1,26,2,9,14,231.88,5332.38,1791.38,0.5668,27,74,3,12,Silver,1,0
CUST_05176,1,12,Computer,1,27,E-wallet,Male,0,6,Grocery,1,Single,2,0,25,16,11,77,2.4,1754.36,1947.55,0.2583,67,62,6,1,Free,4,8
CUST_05177,0,27,Mobile Phone,1,55,E-wallet,Male,5,5,Grocery,1,Married,5,0,50,17,4,51,9.35,10727.09,51.33,0.5589,42,34,10,5,Free,7,2
CUST_05178,0,5,Phone,1,16,Debit Card,Male,1,4,Fashion,1,Married,3,0,4,4,15,12,76.07,2546.26,846.45,0.0113,33,67,3,18,Platinum,8,6
CUST_05179,1,24,Mobile Phone,1,98,Cash on Delivery,Male,0,3,Grocery,2,Married,4,0,29,4,13,80,107.31,2082.3,1197.49,0.0134,40,41,1,10,Free,4,2
CUST_05180,0,52,Mobile Phone,2,41,Debit Card,Female,1,4,Others,1,Married,2,0,7,6,0,25,184.36,2372.75,2130.25,0.3037,58,87,14,30,Free,10,3
CUST_05181,1,46,Mobile Phone,1,63,Credit Card,Male,3,1,Fashion,1,Married,2,0,33,18,6,67,152.02,2573.67,98.81,0.7188,36,72,11,27,Silver,5,9
CUST_05182,0,38,Computer,1,51,Debit Card,Female,3,3,Laptop & Accessory,2,Married,8,0,21,7,3,16,60.46,3394.2,1891.7,0.4252,54,51,2,22,Gold,1,0
CUST_05183,0,54,Computer,1,62,Credit Card,Male,0,10,Laptop & Accessory,2,Single,9,0,8,2,20,38,38.57,6837.32,2331.91,0.0757,50,46,1,22,Free,9,4
CUST_05184,0,47,Mobile Phone,2,48,Cash on Delivery,Male,2,2,Mobile Phone,5,Married,8,0,9,8,1,23,8.65,2633.25,2356.9,0.4332,30,6,1,24,Silver,3,3
CUST_05185,1,39,Tablet,3,12,Cash on Delivery,Female,1,8,Fashion,4,Married,10,0,6,1,10,87,27.65,10390.58,601.65,0.6767,48,65,14,1,Free,3,10
CUST_05186,0,52,Mobile Phone,2,84,Credit Card,Male,5,1,Laptop & Accessory,4,Divorced,8,0,39,11,6,10,0.24,5214.34,1562.73,0.4307,31,73,1,6,Free,4,9
CUST_05187,0,7,Mobile Phone,2,66,Credit Card,Male,1,8,Mobile Phone,4,Married,2,0,46,3,19,49,12.91,5725.6,1217.92,0.2123,60,43,0,25,Free,9,8
CUST_05188,0,49,Computer,3,29,UPI,Female,5,3,Electronics,1,Married,8,0,16,5,4,24,178.92,8312.25,1559.62,0.7299,29,40,0,28,Gold,6,4
CUST_05189,0,18,Tablet,1,13,Credit Card,Male,3,8,Electronics,3,Married,3,0,19,0,19,71,270.22,770.24,1388.84,0.7058,35,31,7,12,Free,4,9
CUST_05190,0,44,Computer,1,90,E-wallet,Female,5,5,Electronics,4,Married,8,0,2,0,3,50,167.46,3854.23,2266.35,0.3535,27,48,9,16,Free,5,2
CUST_05191,0,55,Tablet,2,36,UPI,Male,3,8,Electronics,5,Single,7,0,8,15,0,45,105.04,8266.57,1845.01,0.6281,34,45,4,22,Silver,10,9
CUST_05192,0,30,Mobile Phone,1,92,UPI,Male,0,7,Laptop & Accessory,3,Married,9,0,7,19,8,73,246.2,4660.72,1387.77,0.2302,34,76,4,13,Platinum,9,6
CUST_05193,0,5,Computer,2,78,Credit Card,Male,3,6,Others,2,Married,10,0,48,8,10,60,252.93,1203.41,2493.53,0.1655,38,89,14,12,Silver,1,1
CUST_05194,0,22,Phone,2,97,Cash on Delivery,Male,2,8,Mobile Phone,4,Married,7,0,15,0,13,59,284.41,5940.7,2349.91,0.3387,24,27,14,30,Silver,7,1
CUST_05195,0,24,Mobile Phone,1,68,Cash on Delivery,Male,4,10,Laptop & Accessory,1,Married,10,0,39,19,11,34,113.72,2687.24,416.82,0.6674,55,9,3,24,Gold,9,0
CUST_05196,0,57,Mobile Phone,2,22,Cash on Delivery,Male,2,6,Electronics,5,Divorced,6,1,7,8,11,21,382.56,10592.99,1607.68,0.5741,31,47,12,28,Silver,8,10
CUST_05197,0,57,Tablet,1,8,UPI,Male,1,2,Fashion,2,Married,10,0,9,7,6,4,68.81,1517.74,2342.81,0.7469,37,80,8,20,Gold,3,6
CUST_05198,0,34,Mobile Phone,1,28,Debit Card,Male,0,2,Fashion,1,Married,1,0,10,16,17,50,385.39,1004.08,2120.32,0.591,37,20,9,2,Free,7,1
CUST_05199,0,57,Mobile Phone,3,47,Credit Card,Female,4,6,Fashion,2,Married,5,0,9,14,11,55,253.25,6764.3,2240.4,0.5894,70,56,13,20,Free,6,0
CUST_05200,0,26,Phone,2,64,Debit Card,Male,1,5,Grocery,5,Married,8,0,10,15,8,21,108.91,2486.99,1560.94,0.6345,47,6,4,11,Silver,10,1
CUST_05201,0,25,Phone,1,91,UPI,Male,4,7,Grocery,3,Married,10,0,14,14,1,26,79.66,10329.8,241.33,0.0331,63,88,14,27,Free,6,6
CUST_05202,0,51,Tablet,1,18,Credit Card,Female,0,7,Laptop & Accessory,1,Single,9,0,21,0,8,5,92.68,2217.25,91.69,0.5352,41,12,15,28,Free,8,0
CUST_05203,0,40,Phone,1,65,Credit Card,Female,0,2,Laptop & Accessory,2,Married,4,0,9,6,9,50,258.44,5738.73,788.99,0.0588,60,22,10,25,Silver,2,2
CUST_05204,0,31,Mobile Phone,1,13,Debit Card,Female,4,8,Others,4,Single,7,0,26,14,0,86,383.2,9045.72,1559.99,0.3741,34,23,2,16,Free,1,10
CUST_05205,0,27,Tablet,1,51,Credit Card,Male,2,10,Fashion,1,Married,1,0,18,18,16,59,347.11,705.09,2317.42,0.3584,46,34,6,15,Silver,7,10
CUST_05206,0,43,Mobile Phone,1,12,Credit Card,Male,3,4,Others,5,Single,2,0,31,13,15,6,392.55,11995.88,1015.85,0.5653,24,70,14,9,Platinum,7,9
CUST_05207,0,45,Computer,3,40,UPI,Female,0,10,Grocery,4,Married,8,0,29,8,4,41,128.83,9228.96,1585.7,0.7052,32,9,12,20,Free,9,4
CUST_05208,0,29,Mobile Phone,3,63,Cash on Delivery,Male,1,10,Electronics,4,Single,4,1,46,18,12,83,155.11,4097.57,1357.35,0.1292,47,12,5,19,Silver,0,4
CUST_05209,1,1,Phone,2,75,UPI,Female,0,5,Mobile Phone,4,Married,6,0,31,11,2,14,298.8,5706.96,628.21,0.6994,38,4,14,11,Silver,5,6
CUST_05210,1,6,Computer,2,82,Credit Card,Male,1,8,Others,1,Married,3,1,35,2,2,23,100.12,1952.5,818.46,0.5323,62,8,11,29,Free,1,1
CUST_05211,0,8,Phone,2,55,Debit Card,Female,1,10,Grocery,5,Single,8,0,42,8,14,73,134.85,4784.84,964.26,0.4592,44,42,13,20,Silver,1,6
CUST_05212,0,28,Mobile Phone,2,29,Credit Card,Female,2,9,Electronics,2,Single,1,0,10,17,4,61,114.6,3843.58,1923.17,0.5544,50,17,11,8,Free,10,1
CUST_05213,0,37,Mobile Phone,3,92,Cash on Delivery,Male,1,4,Mobile Phone,1,Divorced,7,0,44,9,19,15,163.18,3758.89,1687.95,0.1643,26,8,15,8,Silver,8,10
CUST_05214,0,49,Mobile Phone,2,94,Debit Card,Male,2,7,Grocery,1,Single,7,0,22,11,3,0,308.78,9271.12,1212.39,0.0463,48,63,8,4,Silver,10,2
CUST_05215,1,14,Mobile Phone,2,97,Debit Card,Male,5,6,Fashion,1,Married,9,1,33,1,13,11,3.55,9636.87,2478.78,0.1607,22,54,0,17,Platinum,6,9
CUST_05216,0,47,Computer,3,81,E-wallet,Male,0,5,Others,1,Married,3,0,37,13,8,50,10.41,4456.46,781.25,0.2649,38,5,5,13,Free,1,0
CUST_05217,0,40,Mobile Phone,2,79,UPI,Male,5,7,Others,5,Married,4,1,10,6,1,28,1.47,1480.86,1846.28,0.3219,23,51,8,25,Gold,9,8
CUST_05218,1,3,Computer,1,12,Cash on Delivery,Female,2,10,Fashion,1,Single,6,0,28,1,0,15,255.76,615.66,321.04,0.0904,46,33,4,2,Free,4,10
CUST_05219,0,21,Mobile Phone,1,59,Debit Card,Female,3,1,Laptop & Accessory,4,Married,3,0,14,19,2,5,146.63,11424.3,1156.6,0.5671,52,86,8,15,Silver,0,3
CUST_05220,0,18,Mobile Phone,1,44,E-wallet,Male,4,10,Mobile Phone,1,Divorced,8,0,8,8,16,8,188.43,1327.7,1956.53,0.4139,53,64,6,3,Silver,10,1
CUST_05221,0,54,Computer,1,29,Cash on Delivery,Female,4,4,Mobile Phone,5,Married,8,1,44,17,20,32,186.52,7876.29,1221.48,0.4958,65,82,2,21,Free,10,3
CUST_05222,0,56,Mobile Phone,1,11,UPI,Female,5,9,Laptop & Accessory,3,Married,8,0,40,14,6,20,81.25,1176.25,1485.27,0.0639,33,60,14,17,Platinum,0,5
CUST_05223,0,49,Mobile Phone,1,25,UPI,Male,5,2,Others,3,Single,5,0,9,18,5,68,316.21,9545.73,1220.58,0.3753,57,26,7,8,Silver,2,4
CUST_05224,0,32,Mobile Phone,1,92,Cash on Delivery,Female,0,9,Fashion,1,Divorced,7,0,10,9,19,68,74.67,4391.92,603.03,0.656,68,38,5,30,Platinum,10,1
CUST_05225,0,30,Mobile Phone,3,92,Credit Card,Female,2,5,Laptop & Accessory,5,Single,2,1,4,14,8,71,273.71,4019.41,2184.28,0.6453,46,84,6,25,Silver,1,4
CUST_05226,0,19,Computer,1,76,Debit Card,Male,3,10,Grocery,3,Single,2,1,17,19,5,64,295.76,394.09,1676.37,0.5259,19,66,9,6,Platinum,10,8
CUST_05227,0,47,Mobile Phone,1,14,Cash on Delivery,Female,3,5,Fashion,1,Single,4,0,12,13,11,41,102.2,11577.79,1870.9,0.4545,59,4,3,14,Platinum,3,9
CUST_05228,0,5,Mobile Phone,1,70,UPI,Male,5,8,Mobile Phone,4,Divorced,3,0,37,13,7,16,283.68,5861.41,2375.33,0.6934,35,19,1,21,Free,9,10
CUST_05229,0,16,Computer,1,17,Cash on Delivery,Male,3,6,Fashion,5,Married,9,1,20,18,6,16,86.8,1880.11,1746.41,0.0803,22,66,9,12,Free,3,5
CUST_05230,0,8,Mobile Phone,2,70,UPI,Female,2,3,Grocery,1,Single,3,0,49,7,19,56,210.35,1613.94,209.18,0.0304,70,39,2,14,Platinum,8,4
CUST_05231,0,30,Computer,2,8,Credit Card,Male,5,3,Grocery,2,Single,10,0,28,11,15,88,286.79,8208.45,1592.0,0.5453,39,52,15,0,Free,2,7
CUST_05232,0,18,Mobile Phone,1,32,Cash on Delivery,Male,4,6,Mobile Phone,4,Married,5,0,45,15,3,66,58.26,2570.27,1287.41,0.2654,60,41,0,15,Silver,6,5
CUST_05233,0,12,Tablet,2,16,Cash on Delivery,Female,4,5,Grocery,1,Single,8,0,4,19,12,74,270.86,5998.01,592.71,0.0997,34,32,13,3,Free,8,2
CUST_05234,0,22,Mobile Phone,1,94,Debit Card,Male,3,7,Electronics,4,Married,1,0,49,16,17,76,53.31,2403.79,1503.51,0.7024,20,31,14,26,Gold,10,10
CUST_05235,0,52,Mobile Phone,2,59,Cash on Delivery,Male,0,9,Grocery,4,Married,8,0,16,8,10,0,28.47,4663.06,1698.94,0.0151,46,74,10,3,Free,2,10
CUST_05236,0,34,Phone,3,93,Debit Card,Female,5,8,Others,3,Married,5,0,20,16,3,82,139.67,9213.99,1419.91,0.5923,37,41,9,1,Silver,1,6
CUST_05237,0,50,Computer,3,6,Credit Card,Male,4,1,Others,2,Married,9,0,30,12,10,55,87.32,430.13,425.41,0.3022,53,32,14,15,Silver,6,10
CUST_05238,0,55,Computer,1,75,Credit Card,Female,0,5,Fashion,3,Married,2,0,22,9,10,79,59.66,2818.69,1605.87,0.2852,54,84,11,12,Silver,1,3
CUST_05239,1,55,Phone,2,51,E-wallet,Female,1,2,Fashion,1,Single,3,0,16,9,4,86,103.38,11064.36,110.83,0.3095,64,48,0,2,Gold,2,6
CUST_05240,0,21,Mobile Phone,2,50,Debit Card,Female,2,6,Fashion,4,Married,9,1,8,15,18,11,304.82,7941.19,440.61,0.2622,47,65,11,17,Free,7,8
CUST_05241,0,53,Phone,3,88,UPI,Male,1,6,Fashion,4,Single,6,0,21,0,0,84,344.23,10612.59,2005.61,0.0812,55,62,7,19,Free,2,10
CUST_05242,0,55,Computer,1,9,Debit Card,Male,3,10,Mobile Phone,3,Married,6,0,24,19,3,49,374.81,388.88,1250.11,0.5322,67,24,0,18,Free,0,6
CUST_05243,0,58,Mobile Phone,2,95,Cash on Delivery,Female,3,4,Others,4,Married,6,0,6,4,2,36,380.47,10546.92,1496.88,0.3878,69,24,3,4,Gold,1,9
CUST_05244,0,21,Mobile Phone,1,7,Cash on Delivery,Male,1,5,Grocery,3,Married,4,0,39,14,0,88,251.47,9397.88,881.04,0.2978,59,46,7,1,Silver,7,6
CUST_05245,0,13,Mobile Phone,1,39,E-wallet,Male,4,6,Laptop & Accessory,3,Divorced,10,0,9,19,6,55,277.4,1597.77,1436.91,0.3999,51,10,1,19,Silver,0,1
CUST_05246,0,35,Tablet,2,18,E-wallet,Male,1,2,Others,5,Divorced,6,0,3,4,5,59,122.08,5366.59,142.81,0.3595,52,28,14,29,Silver,6,7
CUST_05247,0,56,Mobile Phone,1,55,E-wallet,Male,0,1,Others,5,Single,1,1,16,12,17,56,358.01,4713.22,108.5,0.1842,63,63,4,15,Free,2,10
CUST_05248,0,54,Mobile Phone,1,62,Debit Card,Male,5,8,Grocery,5,Married,3,0,16,11,5,57,139.42,10381.9,2264.52,0.1165,50,19,11,23,Silver,6,5
CUST_05249,0,34,Computer,3,66,UPI,Male,1,4,Others,3,Married,10,0,15,0,5,66,293.93,7986.87,751.5,0.5998,50,16,3,8,Silver,10,3
CUST_05250,1,9,Computer,2,81,Debit Card,Female,1,4,Others,2,Divorced,5,0,47,13,8,32,313.93,8885.61,2018.82,0.536,70,86,11,2,Gold,1,0
CUST_05251,0,25,Mobile Phone,3,77,Cash on Delivery,Female,4,10,Others,1,Single,8,0,30,20,1,85,391.16,10976.18,1314.95,0.1443,59,19,14,14,Gold,3,2
CUST_05252,0,43,Phone,2,96,Cash on Delivery,Male,4,3,Others,3,Married,1,0,9,18,15,61,12.81,3826.9,234.39,0.0915,44,55,9,1,Gold,10,4
CUST_05253,0,34,Mobile Phone,3,48,Debit Card,Male,0,10,Laptop & Accessory,5,Married,1,0,26,19,17,42,100.45,912.11,203.72,0.4124,47,18,14,14,Free,4,10
CUST_05254,0,21,Phone,2,21,E-wallet,Male,0,7,Laptop & Accessory,5,Single,3,1,15,10,1,48,188.61,5281.99,201.98,0.4894,18,81,4,10,Gold,8,4
CUST_05255,0,20,Mobile Phone,1,19,Debit Card,Male,5,3,Grocery,1,Married,6,1,48,14,13,5,318.98,11279.45,1280.93,0.4391,44,68,2,4,Silver,6,1
CUST_05256,0,3,Mobile Phone,1,31,E-wallet,Male,3,10,Electronics,3,Single,7,1,47,4,12,8,290.21,8138.86,867.41,0.2057,57,65,5,28,Platinum,3,9
CUST_05257,0,17,Computer,3,62,E-wallet,Female,2,7,Others,4,Single,1,0,29,5,20,65,30.19,533.48,2446.03,0.5489,34,28,11,14,Silver,10,7
CUST_05258,0,40,Mobile Phone,1,10,Credit Card,Male,2,4,Grocery,4,Married,10,0,17,19,15,34,342.83,11810.63,313.39,0.1588,45,57,0,19,Free,6,8
CUST_05259,1,14,Mobile Phone,1,96,Debit Card,Male,3,5,Mobile Phone,5,Single,7,0,6,6,19,86,164.98,6525.13,1022.07,0.3844,43,67,6,19,Silver,7,10
CUST_05260,0,60,Mobile Phone,2,99,Debit Card,Male,4,4,Others,1,Single,4,0,42,15,16,38,342.1,4813.45,84.11,0.1426,62,57,10,27,Silver,4,10
CUST_05261,0,5,Computer,1,20,E-wallet,Male,0,9,Grocery,3,Married,5,0,1,18,12,79,353.52,5985.02,1553.9,0.2627,34,51,10,21,Silver,7,10
CUST_05262,0,35,Phone,1,79,Cash on Delivery,Female,1,5,Electronics,1,Married,6,0,14,13,20,65,367.2,6491.81,281.51,0.3741,41,48,4,8,Gold,8,8
CUST_05263,0,30,Phone,2,62,Credit Card,Female,5,1,Mobile Phone,4,Married,8,0,27,1,12,2,314.3,11050.65,1717.8,0.4293,29,46,3,27,Silver,5,9
CUST_05264,0,50,Tablet,1,51,E-wallet,Male,1,7,Electronics,3,Divorced,1,0,13,19,17,30,301.35,4427.3,1811.02,0.0812,26,52,5,25,Silver,5,5
CUST_05265,0,54,Phone,2,75,Debit Card,Male,5,8,Laptop & Accessory,3,Married,6,0,37,4,9,80,204.19,7975.47,2465.85,0.2676,48,82,5,22,Platinum,5,9
CUST_05266,0,33,Mobile Phone,1,60,Debit Card,Female,2,4,Others,5,Single,6,0,9,20,2,72,222.51,1463.07,591.85,0.4033,52,21,1,4,Silver,3,10
CUST_05267,0,38,Mobile Phone,2,36,Credit Card,Male,1,10,Others,5,Single,8,1,43,3,13,13,206.61,5146.17,1658.42,0.5982,48,52,5,16,Silver,6,5
CUST_05268,0,42,Phone,1,58,Credit Card,Male,3,5,Electronics,2,Married,4,0,3,7,3,20,206.27,11153.0,799.16,0.1938,66,74,14,30,Gold,8,3
CUST_05269,0,31,Tablet,2,18,UPI,Male,3,3,Others,5,Married,4,0,17,15,10,89,84.27,9182.02,795.85,0.5928,55,21,10,9,Gold,10,10
CUST_05270,1,11,Tablet,1,29,Credit Card,Male,2,8,Others,5,Divorced,9,0,21,1,15,42,131.2,11159.36,2148.72,0.7235,22,9,2,27,Free,4,8
CUST_05271,0,26,Computer,1,98,Credit Card,Female,4,2,Laptop & Accessory,1,Married,9,0,50,8,18,67,70.92,1632.16,2231.51,0.4854,48,89,15,14,Silver,9,2
CUST_05272,1,14,Mobile Phone,3,22,Cash on Delivery,Female,0,10,Mobile Phone,4,Married,9,0,36,18,4,44,287.08,5650.55,709.0,0.5538,27,71,7,16,Free,10,2
CUST_05273,0,28,Tablet,1,62,Debit Card,Female,0,7,Laptop & Accessory,1,Married,9,0,50,19,18,11,168.17,6343.97,1515.83,0.6014,22,28,4,30,Silver,5,2
CUST_05274,0,37,Tablet,2,33,Cash on Delivery,Female,3,4,Mobile Phone,4,Married,2,0,25,11,5,51,97.29,1220.8,1863.48,0.6497,30,5,5,8,Silver,4,8
CUST_05275,0,12,Computer,1,49,E-wallet,Female,3,1,Grocery,4,Married,7,0,47,16,16,9,319.71,6298.06,881.35,0.0733,59,43,13,29,Silver,5,2
CUST_05276,0,15,Phone,1,28,Credit Card,Male,4,6,Laptop & Accessory,5,Married,7,0,20,16,17,84,358.17,4617.86,427.24,0.2367,25,64,3,25,Silver,6,3
CUST_05277,0,50,Computer,1,59,Cash on Delivery,Female,5,6,Laptop & Accessory,3,Single,3,0,1,20,13,25,1.86,206.77,2050.18,0.3797,70,34,15,22,Silver,5,7
CUST_05278,0,23,Tablet,3,58,Credit Card,Male,5,8,Grocery,2,Married,5,1,10,9,9,75,351.26,1398.31,1331.25,0.2512,47,65,13,1,Platinum,4,3
CUST_05279,0,12,Mobile Phone,1,64,Cash on Delivery,Female,3,3,Grocery,4,Single,10,0,19,6,12,20,10.69,5912.41,730.62,0.1656,37,67,2,1,Platinum,10,0
CUST_05280,0,43,Phone,1,34,Debit Card,Female,3,3,Fashion,2,Married,2,0,34,18,8,6,283.92,1389.44,117.57,0.6859,22,25,4,10,Platinum,5,9
CUST_05281,0,43,Mobile Phone,2,60,Credit Card,Female,5,5,Electronics,1,Married,9,0,10,9,2,0,350.78,4851.93,2151.67,0.5773,34,42,8,2,Silver,0,2
CUST_05282,0,50,Mobile Phone,1,74,Debit Card,Female,5,9,Grocery,1,Married,4,0,12,12,9,9,94.31,11851.49,1139.85,0.1675,70,71,5,10,Gold,10,9
CUST_05283,0,46,Mobile Phone,2,74,Debit Card,Female,0,10,Fashion,5,Single,9,1,33,13,0,81,377.41,5332.48,1408.91,0.1808,40,31,13,30,Free,1,4
CUST_05284,0,60,Mobile Phone,3,59,Cash on Delivery,Male,3,4,Laptop & Accessory,2,Single,6,0,1,16,5,9,288.07,6825.59,378.65,0.4743,26,32,13,24,Free,1,4
CUST_05285,0,35,Mobile Phone,2,33,Cash on Delivery,Female,5,1,Electronics,1,Married,1,1,45,20,20,11,393.51,5067.15,252.61,0.3498,67,58,14,25,Free,5,4
CUST_05286,0,17,Tablet,2,56,Cash on Delivery,Male,0,2,Grocery,1,Single,2,0,49,7,1,19,79.82,1374.56,922.18,0.2308,20,36,6,18,Free,8,0
CUST_05287,1,52,Computer,1,56,Credit Card,Female,5,6,Laptop & Accessory,1,Married,9,0,41,7,1,90,51.32,9725.68,611.35,0.6262,43,44,1,15,Free,9,0
CUST_05288,0,16,Phone,3,96,E-wallet,Male,4,1,Mobile Phone,4,Married,8,0,48,18,20,73,264.66,8834.54,134.08,0.7003,35,53,9,12,Silver,9,6
CUST_05289,0,17,Mobile Phone,2,41,UPI,Male,0,8,Mobile Phone,1,Single,3,0,8,6,15,24,205.97,5388.16,481.5,0.2719,39,1,14,12,Silver,6,2
CUST_05290,0,50,Mobile Phone,1,35,Credit Card,Female,3,1,Mobile Phone,5,Married,7,1,10,13,6,39,325.91,2369.79,1651.75,0.4844,43,62,12,12,Silver,7,3
CUST_05291,0,53,Computer,3,76,E-wallet,Male,2,5,Electronics,3,Single,6,0,44,13,2,52,171.62,8798.07,664.72,0.2515,41,58,4,5,Platinum,2,0
CUST_05292,1,20,Computer,3,65,Cash on Delivery,Female,2,8,Others,2,Married,1,1,12,9,10,25,0.8,4019.09,2416.29,0.716,61,72,5,1,Platinum,5,7
CUST_05293,0,44,Mobile Phone,1,46,Credit Card,Male,3,5,Laptop & Accessory,5,Single,8,0,35,13,19,63,194.01,5902.1,2257.11,0.3036,22,14,9,16,Silver,10,2
CUST_05294,0,56,Phone,1,5,UPI,Male,4,7,Mobile Phone,3,Single,2,0,29,15,1,24,266.36,3140.78,897.02,0.1556,50,2,7,16,Platinum,5,0
CUST_05295,1,48,Phone,2,72,E-wallet,Male,5,4,Mobile Phone,2,Single,5,1,15,3,20,27,124.89,5118.8,1988.73,0.2991,50,87,10,20,Free,1,5
CUST_05296,0,0,Computer,3,75,Cash on Delivery,Male,2,8,Others,4,Married,1,0,21,3,3,83,200.85,10948.43,490.31,0.2388,70,4,5,5,Silver,7,3
CUST_05297,0,40,Tablet,2,94,Credit Card,Male,0,5,Grocery,4,Married,3,0,22,9,20,41,241.36,3654.57,1189.86,0.3819,66,67,4,3,Platinum,7,3
CUST_05298,0,10,Computer,1,53,Cash on Delivery,Male,5,8,Others,4,Married,10,1,45,18,2,83,287.24,4713.58,1101.32,0.07,39,66,1,29,Platinum,10,7
CUST_05299,0,51,Computer,1,54,Credit Card,Female,2,10,Mobile Phone,4,Married,6,0,27,7,5,70,94.26,6140.62,2188.74,0.4635,47,33,12,14,Platinum,9,9
CUST_05300,0,4,Mobile Phone,1,25,Debit Card,Female,4,4,Laptop & Accessory,5,Married,8,0,21,9,1,28,107.54,3481.96,1042.47,0.5804,22,32,10,8,Gold,3,8
CUST_05301,0,60,Mobile Phone,1,49,Credit Card,Male,4,3,Fashion,3,Married,3,0,34,8,9,5,274.71,11628.12,448.37,0.1973,61,5,14,11,Free,9,4
CUST_05302,0,10,Mobile Phone,2,5,Cash on Delivery,Female,0,10,Electronics,2,Married,1,1,6,16,13,13,141.74,1345.6,1761.93,0.188,66,74,5,1,Gold,10,1
CUST_05303,0,25,Computer,1,53,E-wallet,Male,2,7,Others,1,Married,7,1,16,2,2,32,300.16,1561.12,1619.05,0.2507,64,29,11,27,Free,9,4
CUST_05304,1,14,Computer,1,72,Credit Card,Female,0,9,Fashion,2,Single,3,1,27,12,0,68,107.03,7579.73,838.95,0.3849,48,86,0,24,Gold,3,2
CUST_05305,0,49,Mobile Phone,3,80,Cash on Delivery,Female,3,4,Mobile Phone,4,Divorced,2,0,31,13,2,71,301.96,7347.81,1867.37,0.0773,63,59,14,22,Free,4,3
CUST_05306,0,24,Computer,1,68,Debit Card,Female,4,4,Laptop & Accessory,5,Divorced,5,0,5,4,9,36,63.02,3486.62,1618.53,0.4144,45,2,15,24,Gold,4,10
CUST_05307,0,45,Mobile Phone,1,82,Cash on Delivery,Male,3,2,Fashion,2,Single,5,0,15,3,10,30,180.93,1005.47,428.7,0.4954,25,81,6,27,Platinum,9,1
CUST_05308,1,4,Mobile Phone,3,68,Credit Card,Male,1,8,Grocery,1,Divorced,2,0,22,14,13,65,76.61,1665.49,545.15,0.7343,41,82,7,20,Free,4,1
CUST_05309,0,27,Tablet,1,79,Debit Card,Male,5,9,Laptop & Accessory,4,Single,6,0,0,0,19,5,206.34,2744.33,1672.56,0.7239,20,68,2,11,Free,3,2
CUST_05310,0,55,Mobile Phone,3,46,Debit Card,Female,0,9,Others,4,Married,5,0,29,4,7,36,280.07,4859.83,1520.44,0.2384,27,83,0,2,Gold,1,4
CUST_05311,0,56,Mobile Phone,1,62,E-wallet,Female,0,3,Electronics,1,Married,10,0,43,10,12,17,210.97,6764.7,135.38,0.4999,43,70,2,5,Silver,6,10
CUST_05312,1,12,Mobile Phone,1,66,Credit Card,Male,2,5,Mobile Phone,1,Single,1,0,48,0,3,61,64.01,7473.25,676.56,0.5496,37,54,5,13,Free,2,5
CUST_05313,0,24,Mobile Phone,2,59,UPI,Male,5,5,Fashion,2,Single,5,0,32,0,7,61,368.54,8377.07,277.17,0.6242,19,11,6,25,Silver,0,5
CUST_05314,0,24,Computer,1,59,Credit Card,Male,5,2,Fashion,3,Married,8,0,14,13,4,77,1.91,679.23,2436.41,0.0643,35,41,11,10,Free,9,1
CUST_05315,0,34,Tablet,2,80,UPI,Female,3,1,Others,1,Married,5,0,36,13,3,88,292.22,6606.43,1233.71,0.0972,41,20,3,13,Gold,1,10
CUST_05316,0,32,Computer,1,27,Cash on Delivery,Male,5,4,Electronics,3,Married,3,1,33,20,3,19,289.04,625.7,1291.78,0.2238,36,33,4,29,Platinum,10,9
CUST_05317,0,6,Computer,2,35,Cash on Delivery,Female,5,6,Laptop & Accessory,3,Married,10,0,1,12,0,20,358.42,7852.94,408.87,0.2006,42,71,15,17,Free,5,6
CUST_05318,0,46,Mobile Phone,1,54,Credit Card,Female,3,10,Mobile Phone,4,Single,4,1,0,2,6,37,344.48,3892.62,1197.91,0.5868,32,77,0,27,Silver,10,2
CUST_05319,0,13,Computer,2,66,Cash on Delivery,Female,0,9,Electronics,5,Single,10,0,50,11,1,47,60.11,7332.2,2410.93,0.6114,38,34,13,22,Gold,5,3
CUST_05320,0,19,Mobile Phone,2,54,Debit Card,Male,5,8,Fashion,1,Divorced,9,0,44,0,7,66,378.45,5776.28,2169.01,0.3507,44,17,15,16,Free,2,6
CUST_05321,1,51,Mobile Phone,2,24,Cash on Delivery,Female,3,10,Electronics,3,Married,7,0,20,1,1,21,60.39,9803.28,1230.1,0.3567,27,78,4,19,Platinum,5,10
CUST_05322,0,42,Phone,1,84,E-wallet,Male,0,8,Grocery,5,Married,8,0,16,4,8,51,225.53,1263.49,2207.65,0.389,57,59,9,22,Free,3,6
CUST_05323,0,24,Mobile Phone,2,57,Credit Card,Male,5,6,Electronics,1,Single,6,0,4,2,17,84,62.58,6456.58,1083.14,0.024,31,3,2,24,Platinum,3,0
CUST_05324,0,55,Mobile Phone,2,46,Debit Card,Female,2,10,Grocery,5,Divorced,7,0,12,20,4,6,151.65,3810.04,1550.58,0.2981,68,39,7,21,Free,1,1
CUST_05325,0,24,Mobile Phone,1,89,E-wallet,Female,4,10,Electronics,2,Single,3,0,4,13,1,81,317.05,250.03,986.78,0.0686,36,56,0,5,Free,5,10
CUST_05326,0,34,Phone,2,46,Credit Card,Female,1,3,Fashion,4,Single,1,0,5,12,4,16,374.43,6503.6,1717.69,0.0999,24,11,12,7,Silver,7,7
CUST_05327,1,15,Mobile Phone,1,20,Debit Card,Female,0,3,Mobile Phone,4,Single,7,1,43,0,8,35,128.35,9407.38,1769.72,0.5138,46,46,11,2,Free,7,4
CUST_05328,1,11,Mobile Phone,1,99,UPI,Male,2,10,Others,5,Married,9,0,40,2,13,13,174.4,7404.5,304.43,0.4082,64,46,4,8,Gold,0,10
CUST_05329,1,29,Phone,2,41,E-wallet,Female,2,1,Fashion,1,Single,9,0,40,2,13,3,320.94,658.95,2251.49,0.3265,46,73,6,10,Gold,1,8
CUST_05330,0,34,Mobile Phone,1,90,Debit Card,Male,5,6,Laptop & Accessory,5,Single,8,1,2,13,0,25,238.47,7807.6,664.06,0.5692,36,36,10,3,Free,7,5
CUST_05331,0,49,Tablet,1,54,Debit Card,Female,0,4,Fashion,3,Married,10,0,18,16,19,55,359.01,8630.87,1916.8,0.4358,63,15,14,16,Free,5,8
CUST_05332,0,23,Mobile Phone,2,28,Cash on Delivery,Female,5,8,Fashion,4,Married,6,0,31,12,9,34,131.49,957.82,2358.3,0.197,45,37,0,29,Silver,2,0
CUST_05333,0,54,Computer,2,41,Credit Card,Male,0,10,Mobile Phone,4,Single,2,0,28,3,6,57,75.02,4690.13,768.38,0.4974,42,18,1,23,Platinum,6,3
CUST_05334,0,37,Tablet,1,92,Debit Card,Male,5,4,Others,3,Married,3,0,16,5,19,67,219.3,3652.76,2439.09,0.2154,24,71,4,26,Gold,7,8
CUST_05335,0,4,Mobile Phone,1,95,Debit Card,Male,4,3,Fashion,3,Married,3,0,20,10,3,56,186.69,9019.81,1946.99,0.0832,53,44,7,24,Silver,2,0
CUST_05336,0,45,Computer,1,18,UPI,Male,2,4,Fashion,5,Single,10,1,36,9,15,61,352.4,4482.04,1846.97,0.7165,25,46,0,26,Free,2,0
CUST_05337,0,35,Mobile Phone,2,99,UPI,Female,5,8,Electronics,3,Single,9,0,43,2,20,26,35.58,2574.63,309.67,0.6251,57,54,13,17,Gold,0,8
CUST_05338,1,23,Computer,2,86,Debit Card,Male,2,4,Grocery,5,Divorced,8,0,49,9,6,73,18.18,6419.41,1185.33,0.4105,61,78,3,14,Free,10,7
CUST_05339,0,28,Phone,2,67,Debit Card,Male,3,7,Fashion,4,Married,9,0,36,4,9,2,69.59,9137.82,1209.92,0.0718,48,14,7,23,Gold,2,8
CUST_05340,1,18,Computer,2,22,E-wallet,Male,0,4,Others,4,Single,4,0,14,4,11,77,268.73,4770.15,2242.9,0.3191,45,3,13,18,Free,1,10
CUST_05341,0,37,Tablet,3,61,E-wallet,Male,0,8,Others,3,Married,8,0,46,18,17,2,130.18,10768.43,1251.37,0.4318,66,82,8,17,Gold,4,2
CUST_05342,0,34,Computer,1,45,E-wallet,Female,2,1,Fashion,2,Single,2,0,31,2,20,57,38.98,7844.52,995.03,0.2493,30,87,5,26,Free,0,0
CUST_05343,0,27,Computer,1,16,Cash on Delivery,Female,1,4,Electronics,4,Married,2,0,39,15,11,70,354.58,1482.54,1089.72,0.1446,22,76,10,7,Silver,1,9
CUST_05344,0,17,Mobile Phone,1,99,UPI,Female,1,4,Laptop & Accessory,2,Married,7,0,18,1,15,82,304.92,11717.9,2411.09,0.3805,66,16,1,2,Gold,1,5
CUST_05345,0,24,Computer,1,62,Debit Card,Male,2,6,Fashion,4,Single,8,0,28,3,18,48,353.76,8709.83,1553.92,0.6651,31,11,5,23,Free,7,6
CUST_05346,0,30,Phone,1,14,Credit Card,Male,3,7,Fashion,4,Divorced,6,0,25,18,12,73,44.75,2908.54,1270.24,0.2382,63,32,15,21,Platinum,2,8
CUST_05347,1,28,Computer,3,37,UPI,Male,0,8,Fashion,3,Married,5,1,37,4,16,24,126.07,3784.98,1921.53,0.6541,26,77,15,18,Free,2,8
CUST_05348,0,18,Mobile Phone,1,85,UPI,Female,4,10,Others,5,Single,7,0,4,1,11,26,250.05,5716.23,738.14,0.2849,38,80,7,5,Silver,7,7
CUST_05349,0,35,Mobile Phone,1,47,Cash on Delivery,Male,5,8,Grocery,1,Single,4,0,27,9,11,83,31.57,357.74,2145.78,0.2109,60,83,12,17,Platinum,5,5
CUST_05350,0,13,Computer,2,52,Credit Card,Female,5,1,Fashion,2,Single,3,0,10,5,18,49,396.62,10749.62,1576.69,0.6483,28,25,2,15,Platinum,4,4
CUST_05351,0,30,Tablet,3,18,E-wallet,Female,1,7,Fashion,2,Married,3,1,8,13,7,80,397.12,1056.96,697.59,0.0704,28,22,15,25,Platinum,0,1
CUST_05352,0,7,Mobile Phone,1,15,Credit Card,Female,5,1,Grocery,5,Married,4,0,40,11,4,46,207.44,2137.43,288.99,0.5733,36,27,5,7,Platinum,5,10
CUST_05353,0,28,Mobile Phone,2,98,Debit Card,Female,0,5,Mobile Phone,3,Married,4,1,27,12,15,74,397.48,6478.89,1281.12,0.3568,54,78,5,1,Gold,1,0
CUST_05354,0,47,Mobile Phone,3,96,Debit Card,Male,0,6,Mobile Phone,2,Single,2,0,17,0,12,16,374.77,9583.69,1918.19,0.0595,54,6,0,20,Free,6,9
CUST_05355,0,49,Mobile Phone,1,14,E-wallet,Female,4,4,Grocery,5,Single,6,0,34,5,11,56,243.61,11267.38,852.1,0.5056,55,51,6,7,Free,1,7
CUST_05356,0,42,Tablet,2,57,Cash on Delivery,Male,4,7,Mobile Phone,3,Married,5,0,0,0,7,18,33.85,1473.49,2409.51,0.2776,35,9,6,11,Gold,7,3
CUST_05357,0,45,Mobile Phone,1,70,Credit Card,Female,0,8,Electronics,2,Married,2,0,46,19,15,55,50.59,284.42,1362.55,0.5677,57,73,15,21,Gold,4,10
CUST_05358,0,4,Mobile Phone,1,89,E-wallet,Female,2,7,Others,5,Single,10,0,16,1,9,29,118.97,8419.77,2134.14,0.3858,43,26,5,10,Silver,7,4
CUST_05359,0,20,Mobile Phone,1,58,Cash on Delivery,Male,2,6,Fashion,1,Single,6,0,5,17,13,48,329.48,3317.87,353.28,0.6037,37,54,14,6,Free,4,8
CUST_05360,0,39,Mobile Phone,1,88,Credit Card,Female,4,10,Grocery,5,Divorced,2,0,34,18,0,82,215.86,1673.51,1386.19,0.0178,68,38,14,0,Free,4,4
CUST_05361,0,48,Tablet,2,16,Cash on Delivery,Female,3,7,Mobile Phone,1,Married,1,0,43,13,19,16,332.34,150.89,2446.08,0.3638,70,27,13,5,Silver,10,5
CUST_05362,0,35,Mobile Phone,3,6,Credit Card,Male,3,3,Electronics,3,Single,1,0,49,16,16,66,284.79,11571.86,1114.61,0.375,67,70,10,0,Silver,1,10
CUST_05363,0,52,Mobile Phone,1,49,UPI,Male,0,7,Mobile Phone,3,Married,5,0,38,19,10,66,325.99,8832.43,1956.65,0.6414,46,62,8,29,Silver,6,9
CUST_05364,0,16,Mobile Phone,2,30,Credit Card,Male,5,5,Grocery,5,Married,3,0,43,18,3,28,106.27,4185.33,1777.5,0.6437,42,73,10,9,Free,1,4
CUST_05365,1,9,Tablet,1,77,Credit Card,Male,3,1,Fashion,5,Married,10,0,15,6,20,47,280.21,7214.35,885.01,0.3599,23,63,15,28,Silver,1,5
CUST_05366,0,5,Tablet,1,37,UPI,Male,4,10,Electronics,5,Divorced,5,0,38,16,11,82,30.98,10694.48,2084.03,0.2068,65,69,15,11,Free,2,0
CUST_05367,0,35,Mobile Phone,2,44,Cash on Delivery,Male,2,8,Mobile Phone,5,Single,8,0,0,6,9,49,275.86,10950.97,1134.4,0.3302,32,65,1,14,Free,1,6
CUST_05368,0,40,Computer,1,56,UPI,Male,1,7,Mobile Phone,5,Divorced,3,0,47,2,19,12,194.88,6463.71,992.24,0.5439,38,10,2,3,Free,1,10
CUST_05369,0,17,Mobile Phone,2,97,Debit Card,Male,4,7,Electronics,3,Single,1,0,40,6,19,62,134.17,11270.06,1675.37,0.0577,36,69,8,3,Free,8,3
CUST_05370,0,47,Computer,1,11,UPI,Male,1,6,Grocery,5,Single,4,0,33,19,5,10,278.49,9117.56,573.78,0.733,43,36,8,7,Silver,4,3
CUST_05371,0,45,Mobile Phone,3,58,Credit Card,Female,1,4,Grocery,4,Married,7,0,47,3,14,33,2.7,6609.5,2273.22,0.4783,37,58,10,24,Free,8,7
CUST_05372,0,21,Phone,1,42,Credit Card,Male,3,10,Electronics,2,Married,8,0,26,12,6,76,308.68,4636.77,213.61,0.32,29,6,10,29,Silver,10,5
CUST_05373,0,14,Tablet,1,8,Credit Card,Male,2,6,Mobile Phone,5,Single,2,0,16,2,0,64,214.31,11246.7,2248.64,0.4456,36,39,6,24,Free,2,6
CUST_05374,1,45,Mobile Phone,2,83,Credit Card,Male,5,4,Mobile Phone,1,Single,3,1,27,9,8,61,172.24,2416.95,1376.13,0.6701,31,30,7,9,Silver,3,3
CUST_05375,0,40,Mobile Phone,2,92,Cash on Delivery,Male,3,7,Others,1,Single,5,1,2,19,5,22,211.88,6576.42,1689.03,0.3017,58,30,13,11,Free,2,10
CUST_05376,0,10,Mobile Phone,1,21,Cash on Delivery,Female,2,2,Laptop & Accessory,1,Single,4,0,48,19,11,1,108.64,1680.63,2395.11,0.1698,54,38,3,7,Silver,10,4
CUST_05377,1,15,Mobile Phone,3,77,Credit Card,Female,0,4,Grocery,3,Single,3,0,25,18,9,78,246.8,1689.13,2404.27,0.501,18,82,4,23,Free,0,4
CUST_05378,0,29,Mobile Phone,1,72,UPI,Female,2,2,Fashion,1,Single,10,0,0,17,4,21,91.44,813.09,2138.95,0.0412,59,63,4,26,Gold,7,10
CUST_05379,1,31,Mobile Phone,1,72,UPI,Female,0,1,Laptop & Accessory,2,Divorced,10,0,30,11,9,89,370.97,3789.99,1921.29,0.2818,51,74,4,2,Free,2,5
CUST_05380,0,10,Tablet,1,49,Credit Card,Male,1,9,Others,2,Married,4,0,26,0,15,28,311.93,9608.8,1444.26,0.1563,48,52,0,4,Free,0,8
CUST_05381,0,57,Mobile Phone,2,35,E-wallet,Female,1,5,Electronics,2,Divorced,1,0,50,13,13,53,353.53,2291.31,603.05,0.564,43,76,0,14,Platinum,5,1
CUST_05382,0,23,Phone,2,11,E-wallet,Male,3,9,Mobile Phone,1,Single,4,0,39,9,13,64,286.08,10006.19,1128.51,0.6442,51,67,4,28,Gold,8,3
CUST_05383,1,23,Mobile Phone,3,8,Cash on Delivery,Male,0,7,Electronics,2,Single,9,1,13,5,2,34,32.37,11924.81,1467.7,0.6039,21,8,15,1,Gold,9,8
CUST_05384,0,3,Mobile Phone,2,22,E-wallet,Male,0,3,Electronics,2,Married,9,0,1,14,1,72,208.46,6352.51,646.38,0.0768,34,59,8,7,Free,7,2
CUST_05385,0,53,Mobile Phone,1,55,UPI,Female,0,3,Grocery,4,Married,8,1,22,0,13,26,281.55,9473.06,1526.34,0.1068,49,36,13,27,Gold,0,10
CUST_05386,0,14,Tablet,1,18,E-wallet,Male,5,5,Others,3,Married,7,1,41,3,10,40,246.86,8049.22,1428.96,0.6976,65,44,13,14,Silver,7,0
CUST_05387,0,60,Mobile Phone,1,70,UPI,Male,5,1,Mobile Phone,2,Single,4,0,37,9,13,81,273.84,5568.85,1809.1,0.4655,30,32,4,10,Platinum,0,10
CUST_05388,0,30,Mobile Phone,2,64,Credit Card,Female,1,6,Laptop & Accessory,1,Married,5,0,43,3,7,28,214.27,3489.84,1595.63,0.2056,54,6,11,25,Gold,1,7
CUST_05389,0,53,Computer,1,38,Credit Card,Male,2,5,Electronics,3,Married,9,1,42,14,2,29,253.21,8089.91,2168.64,0.4489,67,79,9,5,Free,1,5
CUST_05390,0,10,Computer,2,13,E-wallet,Male,1,2,Fashion,2,Married,3,0,26,16,7,8,224.33,2844.51,1078.03,0.5471,64,20,15,5,Free,0,1
CUST_05391,1,10,Computer,2,54,UPI,Male,3,6,Laptop & Accessory,4,Married,5,0,41,14,13,74,31.31,4486.1,1462.68,0.5049,57,30,0,4,Free,10,5
CUST_05392,0,48,Mobile Phone,2,84,Cash on Delivery,Female,3,9,Others,2,Single,9,0,42,2,20,6,234.1,1939.97,1532.5,0.2754,58,57,15,25,Silver,9,4
CUST_05393,0,49,Mobile Phone,1,42,Credit Card,Female,1,10,Fashion,5,Single,7,0,5,12,11,37,186.39,6975.27,902.19,0.4638,51,85,6,3,Silver,9,3
CUST_05394,0,33,Phone,1,82,UPI,Male,3,5,Others,1,Divorced,2,0,7,19,8,25,201.88,2059.43,1671.65,0.066,42,24,4,20,Platinum,8,6
CUST_05395,1,1,Computer,3,32,Credit Card,Male,0,1,Electronics,5,Married,8,0,11,19,7,80,29.86,9644.73,859.4,0.6857,64,73,8,3,Gold,5,10
CUST_05396,0,57,Computer,2,12,Debit Card,Female,3,9,Mobile Phone,4,Single,1,0,48,3,0,42,361.58,5760.19,1955.98,0.6006,53,11,10,21,Free,6,7
CUST_05397,0,23,Mobile Phone,2,67,Credit Card,Female,4,6,Electronics,4,Single,3,0,43,4,4,39,335.56,8592.16,2274.22,0.6609,66,79,7,14,Platinum,6,1
CUST_05398,0,57,Mobile Phone,2,90,Debit Card,Female,0,8,Fashion,5,Single,10,1,2,3,7,47,20.01,5504.67,668.65,0.1953,25,20,11,8,Gold,8,10
CUST_05399,0,53,Tablet,3,89,Cash on Delivery,Male,4,1,Grocery,3,Divorced,1,0,47,5,12,52,359.8,9316.16,1483.81,0.1781,22,9,5,5,Free,0,8
CUST_05400,0,51,Computer,1,97,Credit Card,Female,4,3,Mobile Phone,4,Married,2,0,1,19,12,19,337.46,10632.93,2159.64,0.4208,37,54,0,20,Platinum,6,8
CUST_05401,0,42,Mobile Phone,3,15,Credit Card,Female,5,3,Laptop & Accessory,3,Married,9,1,39,1,6,11,310.76,5672.67,1481.02,0.2814,25,88,8,23,Gold,3,6
CUST_05402,0,41,Tablet,1,9,Cash on Delivery,Female,4,8,Mobile Phone,4,Divorced,7,0,26,11,11,16,372.1,4495.38,1080.59,0.1485,49,85,8,17,Silver,6,0
CUST_05403,0,32,Computer,3,59,Credit Card,Male,0,7,Mobile Phone,3,Married,3,0,32,19,4,88,263.88,8659.18,1749.89,0.5981,64,33,6,15,Free,2,7
CUST_05404,0,1,Mobile Phone,1,96,UPI,Male,0,8,Grocery,5,Married,4,0,37,17,1,4,49.02,11590.07,1035.72,0.0643,27,7,12,15,Gold,10,6
CUST_05405,0,23,Mobile Phone,1,100,E-wallet,Female,0,4,Others,2,Married,10,0,44,9,6,51,63.95,2196.15,1222.04,0.0199,63,7,13,27,Free,0,6
CUST_05406,0,44,Computer,1,31,Cash on Delivery,Male,3,4,Mobile Phone,4,Married,7,1,35,11,3,68,28.77,8982.87,2482.22,0.6215,61,17,7,11,Silver,1,4
CUST_05407,0,49,Mobile Phone,3,41,Credit Card,Female,4,2,Electronics,1,Divorced,4,0,27,8,11,56,167.71,141.93,979.78,0.1636,21,56,3,25,Platinum,9,4
CUST_05408,1,34,Computer,3,68,Credit Card,Male,3,3,Electronics,1,Married,2,1,28,14,16,74,65.5,11776.31,2273.2,0.6575,38,41,6,3,Gold,3,6
CUST_05409,0,43,Computer,1,92,Cash on Delivery,Male,1,2,Electronics,4,Single,5,0,49,20,3,11,13.83,9582.76,1868.08,0.4183,44,78,11,22,Silver,5,5
CUST_05410,1,1,Mobile Phone,1,21,Debit Card,Female,1,9,Electronics,2,Single,4,1,39,12,0,35,206.73,11358.97,1079.84,0.4524,66,8,8,29,Silver,1,8
CUST_05411,1,28,Tablet,1,98,UPI,Male,0,7,Laptop & Accessory,1,Single,5,0,31,8,1,62,122.8,1373.59,2260.28,0.0155,45,66,12,5,Gold,7,7
CUST_05412,1,30,Mobile Phone,1,83,UPI,Female,2,7,Mobile Phone,4,Single,1,0,30,18,4,5,79.45,708.43,418.99,0.3312,61,86,1,6,Silver,2,5
CUST_05413,0,54,Mobile Phone,2,11,UPI,Male,1,9,Others,4,Married,5,1,15,7,3,38,280.44,5298.51,2386.24,0.6855,40,64,15,14,Free,8,10
CUST_05414,0,18,Computer,1,85,UPI,Male,1,8,Grocery,4,Married,3,0,43,1,20,72,229.28,806.13,1781.02,0.5588,32,86,1,18,Gold,9,1
CUST_05415,0,14,Computer,3,66,Credit Card,Male,0,4,Mobile Phone,3,Single,10,0,36,4,4,38,220.61,746.15,1389.12,0.193,58,85,10,28,Free,4,4
CUST_05416,0,21,Mobile Phone,3,98,Credit Card,Female,1,4,Others,5,Divorced,3,0,5,13,13,71,141.2,1191.38,1146.62,0.0305,18,31,0,15,Free,7,3
CUST_05417,0,10,Computer,1,25,Credit Card,Male,5,2,Mobile Phone,1,Single,3,0,40,9,14,43,302.2,832.05,2328.36,0.1065,44,88,6,23,Free,4,4
CUST_05418,1,34,Phone,2,100,Debit Card,Male,1,8,Mobile Phone,1,Single,4,1,50,18,5,9,60.95,1261.16,2034.03,0.5957,21,15,6,11,Silver,6,1
CUST_05419,0,39,Phone,3,9,E-wallet,Male,5,9,Others,2,Single,7,0,37,14,3,48,177.78,4462.41,1396.33,0.3705,20,74,7,16,Free,0,1
CUST_05420,0,48,Phone,3,12,E-wallet,Male,0,8,Others,5,Divorced,8,0,44,12,4,37,154.84,6068.25,2047.4,0.3651,22,85,7,6,Platinum,2,6
CUST_05421,0,59,Mobile Phone,2,47,UPI,Male,3,5,Fashion,4,Married,3,0,39,19,18,73,318.56,1334.26,1418.73,0.6438,25,71,1,16,Silver,5,7
CUST_05422,0,4,Mobile Phone,1,68,Credit Card,Female,0,4,Grocery,3,Single,7,0,45,15,8,76,74.54,7723.9,1832.77,0.3416,33,72,15,27,Platinum,5,5
CUST_05423,0,15,Computer,1,21,Credit Card,Female,2,5,Grocery,5,Single,2,0,29,4,0,31,394.81,7336.15,1610.67,0.3345,68,31,9,10,Free,3,10
CUST_05424,0,18,Mobile Phone,2,31,E-wallet,Male,5,3,Mobile Phone,5,Married,2,0,18,14,13,82,63.59,3615.52,527.31,0.0479,19,65,14,26,Free,6,5
ANCHOR_HIGH_CHURN_000,1,3,Mobile Phone,3,36,Cash on Delivery,Male,0,5,Mobile Phone,1,Single,6,1,9,-1,3,47,30.0,341.0,195.0,0.65,24,52,1,-1,Free,1,9
ANCHOR_HIGH_CHURN_001,0,1,Mobile Phone,3,37,Cash on Delivery,Male,1,7,Mobile Phone,1,Single,7,1,9,-1,1,48,16.0,217.0,245.0,0.65,24,48,1,1,Free,0,7
ANCHOR_HIGH_CHURN_002,1,2,Mobile Phone,3,35,Cash on Delivery,Male,0,6,Mobile Phone,1,Single,8,1,9,-1,1,44,5.0,193.0,257.0,0.65,23,51,-1,0,Free,0,9
ANCHOR_HIGH_CHURN_003,1,1,Mobile Phone,3,41,Cash on Delivery,Male,0,5,Mobile Phone,2,Single,8,1,9,2,0,48,20.0,59.0,208.0,0.65,23,49,1,-1,Free,0,9
ANCHOR_HIGH_CHURN_004,1,4,Mobile Phone,3,38,Cash on Delivery,Male,0,6,Mobile Phone,1,Single,8,1,12,-1,1,43,17.0,402.0,251.0,0.65,25,52,0,-1,Free,0,7
ANCHOR_HIGH_CHURN_005,1,3,Mobile Phone,3,41,Cash on Delivery,Male,0,6,Mobile Phone,1,Single,7,1,11,0,3,46,18.0,126.0,240.0,0.65,25,52,0,1,Free,0,8
ANCHOR_HIGH_CHURN_006,1,3,Mobile Phone,3,41,Cash on Delivery,Male,0,7,Mobile Phone,2,Single,7,1,9,2,1,45,19.0,212.0,206.0,0.65,25,52,1,1,Free,0,8
ANCHOR_HIGH_CHURN_007,1,1,Mobile Phone,3,41,Cash on Delivery,Male,0,6,Mobile Phone,1,Single,7,1,11,0,1,45,12.0,239.0,257.0,0.65,23,48,1,2,Free,-1,9
ANCHOR_HIGH_CHURN_008,1,4,Mobile Phone,3,41,Cash on Delivery,Male,1,6,Mobile Phone,2,Single,7,1,9,-1,3,42,9.0,203.0,215.0,0.65,23,50,1,2,Free,-1,8
ANCHOR_HIGH_CHURN_009,1,3,Mobile Phone,3,41,Cash on Delivery,Male,1,5,Mobile Phone,1,Single,8,1,9,2,2,48,4.0,111.0,230.0,0.65,22,50,1,0,Free,1,9
ANCHOR_HIGH_CHURN_010,1,2,Mobile Phone,3,36,Cash on Delivery,Male,0,5,Mobile Phone,1,Single,7,1,11,-1,1,48,8.0,353.0,208.0,0.65,25,52,1,-2,Free,-1,7
ANCHOR_HIGH_CHURN_011,1,2,Mobile Phone,3,38,Cash on Delivery,Male,1,7,Mobile Phone,1,Single,8,1,9,1,1,42,30.0,48.0,174.0,0.65,23,51,1,-2,Free,0,9
ANCHOR_HIGH_CHURN_012,1,3,Mobile Phone,3,41,Cash on Delivery,Male,0,6,Mobile Phone,1,Single,8,1,10,0,3,43,23.0,288.0,268.0,0.65,22,49,1,-1,Free,-1,7
ANCHOR_HIGH_CHURN_013,1,4,Mobile Phone,3,37,Cash on Delivery,Male,0,6,Mobile Phone,1,Single,8,1,10,-1,0,48,30.0,83.0,188.0,0.65,26,52,-1,2,Free,-1,7
ANCHOR_HIGH_CHURN_014,1,3,Mobile Phone,3,39,Cash on Delivery,Male,0,7,Mobile Phone,2,Single,7,1,11,-1,3,42,11.0,40.0,232.0,0.65,22,50,1,-1,Free,0,9
ANCHOR_HIGH_CHURN_015,1,4,Mobile Phone,3,36,Cash on Delivery,Male,0,7,Mobile Phone,1,Single,7,1,12,2,2,45,26.0,209.0,200.0,0.65,26,50,1,0,Free,-1,9
ANCHOR_HIGH_CHURN_016,1,2,Mobile Phone,3,37,Cash on Delivery,Male,1,7,Mobile Phone,1,Single,6,1,10,-1,2,46,7.0,304.0,232.0,0.65,25,50,0,2,Free,-1,8
ANCHOR_HIGH_CHURN_017,1,1,Mobile Phone,3,41,Cash on Delivery,Male,0,5,Mobile Phone,2,Single,7,1,10,1,3,46,11.0,369.0,183.0,0.65,23,48,1,-1,Free,0,7
ANCHOR_HIGH_CHURN_018,1,4,Mobile Phone,3,41,Cash on Delivery,Male,0,6,Mobile Phone,1,Single,6,1,10,2,1,45,23.0,174.0,245.0,0.65,24,48,0,1,Free,0,9
ANCHOR_HIGH_CHURN_019,1,2,Mobile Phone,3,35,Cash on Delivery,Male,0,7,Mobile Phone,2,Single,6,1,11,1,0,44,5.0,372.0,249.0,0.65,23,51,1,-2,Free,0,9
ANCHOR_HIGH_CHURN_020,1,3,Mobile Phone,3,38,Cash on Delivery,Male,0,5,Mobile Phone,2,Single,8,1,8,2,2,42,19.0,301.0,218.0,0.65,22,50,1,-1,Free,-1,8
ANCHOR_HIGH_CHURN_021,1,2,Mobile Phone,3,39,Cash on Delivery,Male,0,7,Mobile Phone,1,Single,6,1,8,2,0,48,18.0,119.0,270.0,0.65,22,50,-1,-1,Free,0,7
ANCHOR_HIGH_CHURN_022,1,1,Mobile Phone,3,35,Cash on Delivery,Male,1,5,Mobile Phone,1,Single,7,1,9,0,2,43,6.0,88.0,172.0,0.65,26,50,0,-1,Free,0,7
ANCHOR_HIGH_CHURN_023,1,1,Mobile Phone,3,40,Cash on Delivery,Male,1,7,Mobile Phone,1,Single,6,1,8,-1,3,43,19.0,204.0,179.0,0.65,23,49,0,1,Free,1,7
ANCHOR_HIGH_CHURN_024,1,4,Mobile Phone,3,40,Cash on Delivery,Male,0,7,Mobile Phone,1,Single,6,1,12,2,0,45,3.0,150.0,192.0,0.65,25,51,1,1,Free,-1,7
ANCHOR_HIGH_CHURN_025,1,1,Mobile Phone,3,40,Cash on Delivery,Male,1,7,Mobile Phone,1,Single,7,1,11,0,3,43,24.0,27.0,193.0,0.65,26,51,1,-1,Free,-1,8
ANCHOR_HIGH_CHURN_026,1,3,Mobile Phone,3,39,Cash on Delivery,Male,0,6,Mobile Phone,2,Single,7,1,11,2,0,48,14.0,201.0,251.0,0.65,24,50,1,-2,Free,-1,8
ANCHOR_HIGH_CHURN_027,1,1,Mobile Phone,3,36,Cash on Delivery,Male,0,6,Mobile Phone,1,Single,6,1,9,2,2,47,31.0,237.0,205.0,0.65,22,52,1,0,Free,0,9
ANCHOR_HIGH_CHURN_028,1,3,Mobile Phone,3,41,Cash on Delivery,Male,0,7,Mobile Phone,1,Single,6,1,10,0,0,44,24.0,273.0,181.0,0.65,23,52,1,-1,Free,0,7
ANCHOR_HIGH_CHURN_029,1,3,Mobile Phone,3,39,Cash on Delivery,Male,0,5,Mobile Phone,1,Single,6,1,8,0,2,46,31.0,141.0,243.0,0.65,22,49,1,0,Free,0,7
ANCHOR_HIGH_CHURN_030,1,1,Mobile Phone,3,36,Cash on Delivery,Male,0,7,Mobile Phone,1,Single,8,1,10,1,0,42,16.0,179.0,244.0,0.65,22,51,-1,2,Free,-1,7
ANCHOR_HIGH_CHURN_031,1,2,Mobile Phone,3,40,Cash on Delivery,Male,0,6,Mobile Phone,1,Single,6,1,10,-1,3,42,9.0,90.0,220.0,0.65,26,50,0,1,Free,-1,9
ANCHOR_HIGH_CHURN_032,1,3,Mobile Phone,3,40,Cash on Delivery,Male,1,5,Mobile Phone,1,Single,8,1,11,-1,3,47,25.0,342.0,193.0,0.65,23,52,-1,-2,Free,1,7
ANCHOR_HIGH_CHURN_033,1,4,Mobile Phone,3,41,Cash on Delivery,Male,0,5,Mobile Phone,2,Single,7,1,12,1,1,42,7.0,156.0,206.0,0.65,23,52,0,0,Free,-1,8
ANCHOR_HIGH_CHURN_034,1,1,Mobile Phone,3,40,Cash on Delivery,Male,0,6,Mobile Phone,1,Single,7,1,8,2,2,43,10.0,420.0,175.0,0.65,24,51,1,-2,Free,1,9
ANCHOR_HIGH_CHURN_035,1,4,Mobile Phone,3,41,Cash on Delivery,Male,0,6,Mobile Phone,2,Single,7,1,10,0,0,42,21.0,350.0,256.0,0.65,23,51,0,-1,Free,1,8
ANCHOR_HIGH_CHURN_036,1,1,Mobile Phone,3,35,Cash on Delivery,Male,0,6,Mobile Phone,1,Single,7,1,12,0,1,47,27.0,327.0,197.0,0.65,22,50,-1,-1,Free,0,9
ANCHOR_HIGH_CHURN_037,1,2,Mobile Phone,3,38,Cash on Delivery,Male,0,7,Mobile Phone,1,Single,8,1,9,1,1,44,11.0,402.0,259.0,0.65,26,51,0,-2,Free,0,9
ANCHOR_HIGH_CHURN_038,1,2,Mobile Phone,3,39,Cash on Delivery,Male,0,5,Mobile Phone,1,Single,8,1,9,2,2,47,11.0,62.0,239.0,0.65,22,51,-1,0,Free,0,8
ANCHOR_HIGH_CHURN_039,1,1,Mobile Phone,3,37,Cash on Delivery,Male,0,7,Mobile Phone,2,Single,8,1,12,1,0,45,19.0,226.0,188.0,0.65,24,50,-1,-1,Free,0,9
ANCHOR_MODERATE_CHURN_000,0,12,Mobile Phone,2,21,Debit Card,Female,1,3,Fashion,4,Married,4,0,14,4,7,16,111.0,2758.0,584.0,0.2,33,16,3,5,Silver,0,2
ANCHOR_MODERATE_CHURN_001,0,13,Mobile Phone,2,20,Debit Card,Female,3,2,Fashion,2,Married,3,0,16,3,7,17,102.0,2815.0,523.0,0.2,33,13,1,6,Silver,2,3
ANCHOR_MODERATE_CHURN_002,0,12,Mobile Phone,2,19,Debit Card,Female,3,4,Fashion,3,Married,3,0,18,4,4,15,122.0,2691.0,596.0,0.2,31,14,1,7,Silver,2,4
ANCHOR_MODERATE_CHURN_003,1,11,Mobile Phone,2,21,Debit Card,Female,1,3,Fashion,4,Married,2,0,18,3,7,16,103.0,2870.0,565.0,0.2,29,15,3,6,Silver,2,2
ANCHOR_MODERATE_CHURN_004,1,11,Mobile Phone,2,21,Debit Card,Female,3,2,Fashion,4,Married,3,0,17,4,4,19,110.0,2950.0,594.0,0.2,29,15,1,5,Silver,0,2
ANCHOR_MODERATE_CHURN_005,1,11,Mobile Phone,2,24,Debit Card,Female,2,2,Fashion,4,Married,3,0,14,6,7,20,113.0,2606.0,586.0,0.2,32,12,1,6,Silver,2,2
ANCHOR_MODERATE_CHURN_006,0,11,Mobile Phone,2,25,Debit Card,Female,2,2,Fashion,2,Married,4,0,17,5,6,18,95.0,2638.0,558.0,0.2,29,13,3,7,Silver,0,2
ANCHOR_MODERATE_CHURN_007,1,13,Mobile Phone,2,23,Debit Card,Female,2,4,Fashion,4,Married,2,0,18,3,4,16,95.0,2988.0,568.0,0.2,32,15,1,6,Silver,2,2
ANCHOR_MODERATE_CHURN_008,0,13,Mobile Phone,2,21,Debit Card,Female,2,4,Fashion,4,Married,2,0,16,6,4,17,96.0,2786.0,535.0,0.2,30,15,1,5,Silver,1,2
ANCHOR_MODERATE_CHURN_009,0,11,Mobile Phone,2,25,Debit Card,Female,2,2,Fashion,2,Married,4,0,17,5,5,18,99.0,2695.0,585.0,0.2,33,13,1,7,Silver,2,2
ANCHOR_MODERATE_CHURN_010,0,13,Mobile Phone,2,22,Debit Card,Female,2,2,Fashion,3,Married,4,0,18,4,7,20,105.0,2905.0,551.0,0.2,31,12,3,7,Silver,2,4
ANCHOR_MODERATE_CHURN_011,0,11,Mobile Phone,2,19,Debit Card,Female,1,2,Fashion,4,Married,4,0,16,3,6,18,113.0,2766.0,516.0,0.2,31,12,3,7,Silver,2,2
ANCHOR_MODERATE_CHURN_012,0,13,Mobile Phone,2,25,Debit Card,Female,3,4,Fashion,3,Married,3,0,17,6,6,15,96.0,2718.0,529.0,0.2,30,14,2,5,Silver,2,2
ANCHOR_MODERATE_CHURN_013,0,14,Mobile Phone,2,20,Debit Card,Female,2,2,Fashion,4,Married,3,0,15,3,6,15,120.0,2887.0,571.0,0.2,30,12,2,5,Silver,1,2
ANCHOR_MODERATE_CHURN_014,0,13,Mobile Phone,2,21,Debit Card,Female,1,3,Fashion,4,Married,4,0,18,3,6,15,106.0,2926.0,527.0,0.2,29,16,1,5,Silver,0,3
ANCHOR_MODERATE_CHURN_015,1,13,Mobile Phone,2,20,Debit Card,Female,3,2,Fashion,2,Married,2,0,17,6,4,19,116.0,2943.0,510.0,0.2,32,15,3,8,Silver,2,4
ANCHOR_MODERATE_CHURN_016,1,11,Mobile Phone,2,20,Debit Card,Female,1,4,Fashion,2,Married,3,0,14,6,7,18,110.0,2651.0,527.0,0.2,29,16,1,6,Silver,2,4
ANCHOR_MODERATE_CHURN_017,1,12,Mobile Phone,2,19,Debit Card,Female,1,4,Fashion,2,Married,2,0,16,5,7,17,123.0,2980.0,551.0,0.2,29,14,2,4,Silver,1,3
ANCHOR_MODERATE_CHURN_018,0,14,Mobile Phone,2,19,Debit Card,Female,1,3,Fashion,4,Married,4,0,15,4,5,15,120.0,2719.0,548.0,0.2,32,15,2,5,Silver,1,4
ANCHOR_MODERATE_CHURN_019,1,12,Mobile Phone,2,23,Debit Card,Female,3,4,Fashion,4,Married,3,0,18,3,6,18,97.0,2620.0,585.0,0.2,33,12,3,4,Silver,0,4
ANCHOR_MODERATE_CHURN_020,1,13,Mobile Phone,2,25,Debit Card,Female,2,3,Fashion,2,Married,4,0,15,6,7,19,114.0,2687.0,610.0,0.2,33,13,3,7,Silver,0,2
ANCHOR_MODERATE_CHURN_021,0,12,Mobile Phone,2,23,Debit Card,Female,2,3,Fashion,4,Married,3,0,18,6,7,18,112.0,2961.0,547.0,0.2,29,15,3,8,Silver,0,4
ANCHOR_MODERATE_CHURN_022,1,13,Mobile Phone,2,22,Debit Card,Female,3,4,Fashion,2,Married,2,0,15,6,7,15,105.0,2764.0,584.0,0.2,29,12,2,4,Silver,0,4
ANCHOR_MODERATE_CHURN_023,0,14,Mobile Phone,2,21,Debit Card,Female,1,2,Fashion,3,Married,3,0,15,4,5,16,101.0,2946.0,551.0,0.2,29,16,1,5,Silver,1,2
ANCHOR_MODERATE_CHURN_024,0,11,Mobile Phone,2,23,Debit Card,Female,3,3,Fashion,4,Married,2,0,18,3,7,20,99.0,2670.0,513.0,0.2,33,14,2,7,Silver,1,2
ANCHOR_MODERATE_CHURN_025,0,11,Mobile Phone,2,22,Debit Card,Female,3,2,Fashion,3,Married,4,0,14,3,5,15,105.0,2715.0,574.0,0.2,32,12,3,5,Silver,0,3
ANCHOR_MODERATE_CHURN_026,0,11,Mobile Phone,2,19,Debit Card,Female,2,4,Fashion,3,Married,3,0,16,3,5,16,123.0,2606.0,599.0,0.2,31,14,1,5,Silver,0,2
ANCHOR_MODERATE_CHURN_027,0,13,Mobile Phone,2,24,Debit Card,Female,1,3,Fashion,4,Married,4,0,18,4,4,16,117.0,2855.0,603.0,0.2,30,16,2,6,Silver,2,2
ANCHOR_MODERATE_CHURN_028,1,11,Mobile Phone,2,24,Debit Card,Female,3,2,Fashion,2,Married,3,0,17,5,5,19,106.0,2716.0,540.0,0.2,33,13,1,7,Silver,0,3
ANCHOR_MODERATE_CHURN_029,1,12,Mobile Phone,2,23,Debit Card,Female,1,3,Fashion,3,Married,3,0,16,5,4,16,96.0,2782.0,557.0,0.2,30,16,1,4,Silver,1,2
ANCHOR_MODERATE_CHURN_030,0,11,Mobile Phone,2,23,Debit Card,Female,3,3,Fashion,4,Married,4,0,18,4,7,19,99.0,2787.0,536.0,0.2,30,14,2,8,Silver,2,2
ANCHOR_MODERATE_CHURN_031,1,14,Mobile Phone,2,24,Debit Card,Female,1,3,Fashion,3,Married,2,0,18,5,7,17,95.0,2725.0,549.0,0.2,30,12,1,5,Silver,0,3
ANCHOR_MODERATE_CHURN_032,0,13,Mobile Phone,2,21,Debit Card,Female,3,4,Fashion,4,Married,3,0,14,4,7,19,124.0,2795.0,544.0,0.2,29,13,2,6,Silver,0,3
ANCHOR_MODERATE_CHURN_033,1,14,Mobile Phone,2,23,Debit Card,Female,3,2,Fashion,4,Married,3,0,18,3,6,18,104.0,2904.0,554.0,0.2,31,13,1,6,Silver,1,3
ANCHOR_MODERATE_CHURN_034,0,12,Mobile Phone,2,24,Debit Card,Female,1,2,Fashion,2,Married,2,0,18,3,6,15,97.0,2696.0,585.0,0.2,29,13,1,6,Silver,1,4
ANCHOR_MODERATE_CHURN_035,1,13,Mobile Phone,2,20,Debit Card,Female,1,4,Fashion,2,Married,3,0,14,6,4,17,122.0,2772.0,607.0,0.2,31,14,1,4,Silver,1,2
ANCHOR_MODERATE_CHURN_036,0,13,Mobile Phone,2,22,Debit Card,Female,2,4,Fashion,4,Married,3,0,18,3,4,18,124.0,2981.0,552.0,0.2,30,13,1,7,Silver,1,3
ANCHOR_MODERATE_CHURN_037,1,14,Mobile Phone,2,24,Debit Card,Female,1,4,Fashion,2,Married,2,0,16,3,7,20,102.0,2945.0,532.0,0.2,32,13,1,6,Silver,0,3
ANCHOR_MODERATE_CHURN_038,1,11,Mobile Phone,2,25,Debit Card,Female,1,4,Fashion,4,Married,4,0,15,5,5,15,115.0,2708.0,601.0,0.2,30,12,3,7,Silver,1,3
ANCHOR_MODERATE_CHURN_039,1,14,Mobile Phone,2,19,Debit Card,Female,2,4,Fashion,2,Married,4,0,17,5,4,20,120.0,2762.0,590.0,0.2,29,15,3,5,Silver,2,4
ANCHOR_MODERATE_CHURN_040,0,12,Mobile Phone,2,22,Debit Card,Female,1,2,Fashion,3,Married,4,0,18,6,4,18,125.0,2822.0,599.0,0.2,33,15,2,8,Silver,1,3
ANCHOR_MODERATE_CHURN_041,0,11,Mobile Phone,2,20,Debit Card,Female,2,2,Fashion,4,Married,3,0,18,4,4,21,114.0,2718.0,549.0,0.2,29,13,3,7,Silver,0,4
ANCHOR_MODERATE_CHURN_042,1,12,Mobile Phone,2,19,Debit Card,Female,1,3,Fashion,3,Married,4,0,15,3,6,15,122.0,2617.0,521.0,0.2,30,15,1,8,Silver,2,2
ANCHOR_MODERATE_CHURN_043,1,13,Mobile Phone,2,23,Debit Card,Female,1,4,Fashion,3,Married,4,0,14,6,4,21,106.0,2750.0,606.0,0.2,33,16,1,5,Silver,1,3
ANCHOR_MODERATE_CHURN_044,0,12,Mobile Phone,2,23,Debit Card,Female,3,2,Fashion,2,Married,4,0,17,6,4,16,124.0,2636.0,596.0,0.2,32,16,1,7,Silver,2,2
ANCHOR_MODERATE_CHURN_045,1,11,Mobile Phone,2,21,Debit Card,Female,2,2,Fashion,2,Married,3,0,17,6,7,20,102.0,2812.0,599.0,0.2,30,13,2,7,Silver,2,3
ANCHOR_MODERATE_CHURN_046,0,11,Mobile Phone,2,24,Debit Card,Female,3,4,Fashion,3,Married,3,0,17,5,5,17,95.0,2825.0,526.0,0.2,32,15,1,6,Silver,1,2
ANCHOR_MODERATE_CHURN_047,1,11,Mobile Phone,2,23,Debit Card,Female,1,4,Fashion,3,Married,3,0,15,5,5,19,113.0,2641.0,558.0,0.2,30,15,1,4,Silver,1,2
ANCHOR_MODERATE_CHURN_048,0,12,Mobile Phone,2,25,Debit Card,Female,2,3,Fashion,3,Married,3,0,18,3,7,16,125.0,2779.0,604.0,0.2,29,15,1,5,Silver,0,4
ANCHOR_MODERATE_CHURN_049,0,12,Mobile Phone,2,22,Debit Card,Female,2,4,Fashion,3,Married,3,0,16,5,5,19,116.0,2907.0,553.0,0.2,32,15,3,6,Silver,1,2
ANCHOR_MODERATE_CHURN_050,0,11,Mobile Phone,2,21,Debit Card,Female,3,2,Fashion,2,Married,4,0,16,6,5,17,109.0,2652.0,585.0,0.2,30,13,2,8,Silver,0,3
ANCHOR_MODERATE_CHURN_051,0,14,Mobile Phone,2,20,Debit Card,Female,2,4,Fashion,4,Married,3,0,16,4,5,16,119.0,2944.0,597.0,0.2,33,16,3,7,Silver,2,2
ANCHOR_MODERATE_CHURN_052,0,13,Mobile Phone,2,25,Debit Card,Female,3,2,Fashion,2,Married,2,0,16,5,7,15,109.0,2665.0,601.0,0.2,31,15,1,5,Silver,2,3
ANCHOR_MODERATE_CHURN_053,0,14,Mobile Phone,2,21,Debit Card,Female,3,4,Fashion,3,Married,4,0,15,5,4,18,95.0,2928.0,586.0,0.2,30,14,3,4,Silver,2,2
ANCHOR_MODERATE_CHURN_054,0,12,Mobile Phone,2,22,Debit Card,Female,1,4,Fashion,2,Married,4,0,16,5,5,20,114.0,2815.0,589.0,0.2,32,15,1,5,Silver,0,2
ANCHOR_LOW_CHURN_000,0,48,Computer,1,13,Credit Card,Female,6,1,Grocery,4,Married,2,0,24,17,16,1,317.0,11577.0,684.0,0.02,38,0,12,25,Platinum,7,0
ANCHOR_LOW_CHURN_001,0,47,Computer,1,8,Credit Card,Female,6,1,Grocery,4,Married,2,0,24,18,15,1,312.0,11517.0,756.0,0.02,39,1,12,25,Platinum,8,0
ANCHOR_LOW_CHURN_002,0,48,Computer,1,9,Credit Card,Female,4,1,Grocery,5,Married,3,0,25,20,17,3,312.0,11313.0,748.0,0.02,37,-1,12,26,Platinum,7,-1
ANCHOR_LOW_CHURN_003,0,49,Computer,1,8,Credit Card,Female,4,3,Grocery,4,Married,3,0,25,20,18,1,311.0,11357.0,735.0,0.02,36,-1,12,23,Platinum,7,1
ANCHOR_LOW_CHURN_004,0,48,Computer,1,13,Credit Card,Female,6,2,Grocery,5,Married,1,0,24,20,16,3,307.0,11447.0,750.0,0.02,39,-1,12,24,Platinum,8,0
ANCHOR_LOW_CHURN_005,0,48,Computer,1,8,Credit Card,Female,4,1,Grocery,5,Married,3,0,27,18,18,2,304.0,11575.0,768.0,0.02,40,3,12,26,Platinum,8,-1
ANCHOR_LOW_CHURN_006,0,48,Computer,1,12,Credit Card,Female,5,1,Grocery,4,Married,2,0,24,18,16,6,308.0,11597.0,754.0,0.02,39,3,13,22,Platinum,9,-1
ANCHOR_LOW_CHURN_007,0,50,Computer,1,13,Credit Card,Female,5,2,Grocery,5,Married,3,0,25,20,17,4,308.0,11667.0,680.0,0.02,40,1,11,22,Platinum,8,1
ANCHOR_LOW_CHURN_008,0,49,Computer,1,13,Credit Card,Female,4,1,Grocery,5,Married,2,0,24,20,17,6,322.0,11488.0,672.0,0.02,36,1,12,26,Platinum,8,1
ANCHOR_LOW_CHURN_009,0,47,Computer,1,12,Credit Card,Female,6,2,Grocery,5,Married,1,0,24,18,18,5,314.0,11407.0,694.0,0.02,39,2,13,23,Platinum,9,1
ANCHOR_LOW_CHURN_010,0,50,Computer,1,7,Credit Card,Female,5,1,Grocery,5,Married,3,0,26,18,18,1,311.0,11620.0,739.0,0.02,40,2,11,23,Platinum,7,0
ANCHOR_LOW_CHURN_011,0,47,Computer,1,10,Credit Card,Female,4,2,Grocery,4,Married,3,0,24,17,16,1,309.0,11423.0,692.0,0.02,36,0,13,22,Platinum,8,1
ANCHOR_LOW_CHURN_012,0,47,Computer,1,8,Credit Card,Female,4,1,Grocery,5,Married,3,0,26,18,15,2,320.0,11425.0,710.0,0.02,38,2,11,24,Platinum,9,-1
ANCHOR_LOW_CHURN_013,0,48,Computer,1,9,Credit Card,Female,5,1,Grocery,4,Married,2,0,26,18,18,0,317.0,11506.0,717.0,0.02,39,0,12,24,Platinum,7,1
ANCHOR_LOW_CHURN_014,0,48,Computer,1,7,Credit Card,Female,6,2,Grocery,5,Married,1,0,24,18,18,1,323.0,11483.0,671.0,0.02,39,0,12,25,Platinum,7,-1
ANCHOR_LOW_CHURN_015,0,47,Computer,1,12,Credit Card,Female,4,3,Grocery,5,Married,2,0,24,19,16,2,307.0,11396.0,738.0,0.02,38,1,12,22,Platinum,9,-1
ANCHOR_LOW_CHURN_016,0,50,Computer,1,10,Credit Card,Female,6,2,Grocery,5,Married,2,0,25,19,15,5,297.0,11459.0,756.0,0.02,38,3,13,26,Platinum,8,-1
ANCHOR_LOW_CHURN_017,0,49,Computer,1,12,Credit Card,Female,4,2,Grocery,4,Married,2,0,24,17,18,1,309.0,11337.0,736.0,0.02,38,-1,12,24,Platinum,9,1
ANCHOR_LOW_CHURN_018,0,48,Computer,1,7,Credit Card,Female,4,2,Grocery,4,Married,1,0,25,18,18,5,313.0,11321.0,751.0,0.02,40,1,13,23,Platinum,7,0
ANCHOR_LOW_CHURN_019,0,48,Computer,1,8,Credit Card,Female,5,1,Grocery,5,Married,2,0,25,18,18,3,324.0,11336.0,708.0,0.02,38,1,13,26,Platinum,7,1
ANCHOR_LOW_CHURN_020,0,50,Computer,1,7,Credit Card,Female,4,2,Grocery,5,Married,2,0,23,17,18,0,311.0,11664.0,763.0,0.02,36,-1,13,23,Platinum,9,-1
ANCHOR_LOW_CHURN_021,0,49,Computer,1,8,Credit Card,Female,5,1,Grocery,5,Married,2,0,23,19,15,0,316.0,11330.0,737.0,0.02,38,2,12,25,Platinum,9,0
ANCHOR_LOW_CHURN_022,0,47,Computer,1,10,Credit Card,Female,4,2,Grocery,5,Married,1,0,25,20,18,2,304.0,11659.0,744.0,0.02,37,2,12,26,Platinum,9,0
ANCHOR_LOW_CHURN_023,0,50,Computer,1,13,Credit Card,Female,6,3,Grocery,4,Married,3,0,23,20,16,1,301.0,11348.0,751.0,0.02,40,3,11,22,Platinum,8,1
ANCHOR_LOW_CHURN_024,0,48,Computer,1,7,Credit Card,Female,5,3,Grocery,4,Married,3,0,26,17,18,3,319.0,11418.0,695.0,0.02,39,1,13,26,Platinum,8,-1
ANCHOR_LOW_CHURN_025,0,48,Computer,1,12,Credit Card,Female,4,3,Grocery,5,Married,3,0,25,19,17,6,313.0,11597.0,749.0,0.02,36,-1,12,22,Platinum,7,0
ANCHOR_LOW_CHURN_026,0,50,Computer,1,8,Credit Card,Female,4,1,Grocery,4,Married,2,0,24,20,16,2,295.0,11674.0,755.0,0.02,37,2,11,24,Platinum,7,0
ANCHOR_LOW_CHURN_027,0,49,Computer,1,10,Credit Card,Female,6,3,Grocery,5,Married,2,0,24,20,15,4,306.0,11411.0,675.0,0.02,36,1,13,22,Platinum,7,1
ANCHOR_LOW_CHURN_028,0,49,Computer,1,12,Credit Card,Female,5,2,Grocery,4,Married,2,0,26,20,18,0,304.0,11355.0,680.0,0.02,40,3,11,25,Platinum,9,-1
ANCHOR_LOW_CHURN_029,0,47,Computer,1,13,Credit Card,Female,6,2,Grocery,5,Married,3,0,26,17,16,3,323.0,11342.0,722.0,0.02,39,0,12,26,Platinum,8,1
ANCHOR_LOW_CHURN_030,0,49,Computer,1,9,Credit Card,Female,6,3,Grocery,5,Married,3,0,23,19,16,1,306.0,11590.0,680.0,0.02,40,0,11,22,Platinum,7,-1
ANCHOR_LOW_CHURN_031,0,50,Computer,1,7,Credit Card,Female,4,2,Grocery,5,Married,2,0,23,19,18,6,320.0,11465.0,684.0,0.02,40,2,13,23,Platinum,7,0
ANCHOR_LOW_CHURN_032,0,48,Computer,1,13,Credit Card,Female,6,2,Grocery,4,Married,3,0,23,18,18,0,295.0,11452.0,740.0,0.02,38,0,12,24,Platinum,7,-1
ANCHOR_LOW_CHURN_033,0,48,Computer,1,8,Credit Card,Female,5,1,Grocery,5,Married,1,0,24,18,15,4,316.0,11493.0,718.0,0.02,38,-1,11,22,Platinum,8,0
ANCHOR_LOW_CHURN_034,0,48,Computer,1,9,Credit Card,Female,4,3,Grocery,5,Married,3,0,23,20,16,5,307.0,11626.0,700.0,0.02,36,2,11,23,Platinum,9,0
ANCHOR_LOW_CHURN_035,0,48,Computer,1,12,Credit Card,Female,4,2,Grocery,5,Married,1,0,26,20,18,1,306.0,11333.0,741.0,0.02,40,1,13,23,Platinum,8,-1
ANCHOR_LOW_CHURN_036,0,49,Computer,1,8,Credit Card,Female,6,3,Grocery,4,Married,1,0,27,18,17,0,324.0,11582.0,762.0,0.02,36,3,12,23,Platinum,9,1
ANCHOR_LOW_CHURN_037,0,47,Computer,1,11,Credit Card,Female,6,1,Grocery,4,Married,2,0,27,17,17,3,301.0,11499.0,756.0,0.02,40,-1,13,24,Platinum,8,-1
ANCHOR_LOW_CHURN_038,0,50,Computer,1,11,Credit Card,Female,5,1,Grocery,4,Married,3,0,23,17,18,0,319.0,11610.0,753.0,0.02,36,-1,13,23,Platinum,9,-1
ANCHOR_LOW_CHURN_039,0,47,Computer,1,10,Credit Card,Female,5,1,Grocery,4,Married,2,0,27,20,16,1,297.0,11606.0,764.0,0.02,36,0,11,23,Platinum,9,0
ANCHOR_LOW_CHURN_040,0,50,Computer,1,13,Credit Card,Female,4,2,Grocery,5,Married,2,0,24,19,17,6,321.0,11602.0,694.0,0.02,36,-1,13,23,Platinum,8,-1
ANCHOR_LOW_CHURN_041,0,50,Computer,1,11,Credit Card,Female,6,2,Grocery,5,Married,3,0,26,19,16,5,320.0,11417.0,670.0,0.02,40,1,11,26,Platinum,7,1
ANCHOR_LOW_CHURN_042,0,47,Computer,1,7,Credit Card,Female,4,3,Grocery,5,Married,2,0,26,17,16,2,322.0,11324.0,694.0,0.02,38,3,12,22,Platinum,9,1
ANCHOR_LOW_CHURN_043,0,47,Computer,1,12,Credit Card,Female,5,2,Grocery,5,Married,3,0,27,19,18,3,296.0,11629.0,695.0,0.02,38,3,13,25,Platinum,9,1
ANCHOR_LOW_CHURN_044,0,49,Computer,1,7,Credit Card,Female,6,2,Grocery,5,Married,1,0,23,17,18,3,303.0,11495.0,753.0,0.02,37,2,12,25,Platinum,8,1
ANCHOR_LOW_CHURN_045,0,49,Computer,1,12,Credit Card,Female,6,1,Grocery,5,Married,2,0,27,19,15,0,317.0,11521.0,680.0,0.02,37,1,13,24,Platinum,9,-1
ANCHOR_LOW_CHURN_046,0,48,Computer,1,8,Credit Card,Female,6,1,Grocery,5,Married,2,0,26,19,15,6,314.0,11592.0,726.0,0.02,39,1,13,26,Platinum,7,-1
ANCHOR_LOW_CHURN_047,0,48,Computer,1,13,Credit Card,Female,5,2,Grocery,5,Married,1,0,25,19,15,5,300.0,11453.0,748.0,0.02,39,3,13,26,Platinum,8,1
ANCHOR_LOW_CHURN_048,0,50,Computer,1,9,Credit Card,Female,5,3,Grocery,5,Married,2,0,23,20,18,0,296.0,11546.0,670.0,0.02,37,3,12,26,Platinum,9,-1
ANCHOR_LOW_CHURN_049,0,49,Computer,1,9,Credit Card,Female,4,2,Grocery,5,Married,3,0,23,18,15,3,323.0,11390.0,743.0,0.02,36,-1,13,24,Platinum,8,1
ANCHOR_LOW_CHURN_050,0,50,Computer,1,12,Credit Card,Female,6,2,Grocery,4,Married,3,0,27,20,16,1,303.0,11672.0,707.0,0.02,37,0,11,24,Platinum,9,0
ANCHOR_LOW_CHURN_051,0,49,Computer,1,10,Credit Card,Female,5,3,Grocery,5,Married,1,0,27,19,17,5,322.0,11362.0,760.0,0.02,36,1,12,26,Platinum,9,1
ANCHOR_LOW_CHURN_052,0,49,Computer,1,10,Credit Card,Female,6,2,Grocery,5,Married,2,0,25,19,17,5,309.0,11540.0,735.0,0.02,40,-1,12,26,Platinum,8,1
ANCHOR_LOW_CHURN_053,0,50,Computer,1,12,Credit Card,Female,5,3,Grocery,5,Married,3,0,27,20,15,3,322.0,11308.0,731.0,0.02,38,0,12,22,Platinum,7,0
ANCHOR_LOW_CHURN_054,0,49,Computer,1,8,Credit Card,Female,4,1,Grocery,4,Married,2,0,26,20,16,6,314.0,11496.0,703.0,0.02,40,-1,11,26,Platinum,9,1
ANCHOR_LOYAL_W_COMPLAINT_000,0,37,Computer,1,13,Credit Card,Male,3,1,Electronics,2,Married,3,1,19,13,11,7,249.0,8259.0,830.0,0.1,47,3,5,13,Gold,5,2
ANCHOR_LOYAL_W_COMPLAINT_001,1,37,Computer,1,15,Credit Card,Male,5,2,Electronics,3,Married,2,1,21,12,11,7,242.0,8164.0,802.0,0.1,44,4,5,12,Gold,5,3
ANCHOR_LOYAL_W_COMPLAINT_002,0,37,Computer,1,9,Credit Card,Male,4,2,Electronics,4,Married,3,1,18,11,12,5,229.0,8266.0,822.0,0.1,45,1,7,16,Gold,5,1
ANCHOR_LOYAL_W_COMPLAINT_003,0,35,Computer,1,11,Credit Card,Male,4,2,Electronics,2,Married,3,1,18,14,12,5,246.0,8336.0,796.0,0.1,44,5,5,16,Gold,5,3
ANCHOR_LOYAL_W_COMPLAINT_004,1,36,Computer,1,11,Credit Card,Male,5,3,Electronics,3,Married,2,1,19,11,9,7,230.0,8022.0,833.0,0.1,43,3,6,15,Gold,4,1
ANCHOR_LOYAL_W_COMPLAINT_005,0,35,Computer,1,10,Credit Card,Male,3,3,Electronics,4,Married,1,1,19,11,9,4,254.0,8210.0,807.0,0.1,43,5,5,14,Gold,4,3
ANCHOR_LOYAL_W_COMPLAINT_006,1,35,Computer,1,11,Credit Card,Male,5,1,Electronics,4,Married,1,1,19,11,9,8,251.0,8348.0,843.0,0.1,46,2,5,16,Gold,5,1
ANCHOR_LOYAL_W_COMPLAINT_007,0,37,Computer,1,13,Credit Card,Male,3,2,Electronics,4,Married,2,1,20,13,11,6,245.0,8102.0,805.0,0.1,46,2,7,12,Gold,4,2
ANCHOR_LOYAL_W_COMPLAINT_008,1,35,Computer,1,14,Credit Card,Male,4,1,Electronics,2,Married,1,1,18,13,12,5,254.0,8383.0,844.0,0.1,43,2,6,15,Gold,3,2
ANCHOR_LOYAL_W_COMPLAINT_009,1,35,Computer,1,14,Credit Card,Male,4,3,Electronics,4,Married,3,1,19,14,12,9,225.0,8271.0,776.0,0.1,43,3,5,14,Gold,3,1
ANCHOR_LOYAL_W_COMPLAINT_010,0,35,Computer,1,10,Credit Card,Male,3,1,Electronics,4,Married,3,1,21,11,9,8,226.0,8394.0,843.0,0.1,45,2,5,16,Gold,3,3
ANCHOR_LOYAL_W_COMPLAINT_011,0,38,Computer,1,11,Credit Card,Male,5,3,Electronics,3,Married,1,1,22,13,11,4,233.0,8200.0,798.0,0.1,44,3,7,14,Gold,4,1
ANCHOR_LOYAL_W_COMPLAINT_012,0,36,Computer,1,10,Credit Card,Male,3,1,Electronics,2,Married,3,1,19,12,11,6,229.0,8072.0,820.0,0.1,44,4,5,16,Gold,5,2
ANCHOR_LOYAL_W_COMPLAINT_013,0,36,Computer,1,11,Credit Card,Male,5,2,Electronics,4,Married,1,1,19,11,9,8,244.0,8139.0,784.0,0.1,45,3,6,12,Gold,4,3
ANCHOR_LOYAL_W_COMPLAINT_014,0,35,Computer,1,12,Credit Card,Male,3,2,Electronics,3,Married,1,1,20,14,11,5,228.0,8318.0,794.0,0.1,46,5,7,15,Gold,3,1
ANCHOR_LOYAL_W_COMPLAINT_015,1,37,Computer,1,11,Credit Card,Male,4,3,Electronics,2,Married,1,1,20,12,12,7,234.0,8361.0,829.0,0.1,47,3,6,16,Gold,4,3
ANCHOR_LOYAL_W_COMPLAINT_016,1,36,Computer,1,11,Credit Card,Male,4,3,Electronics,4,Married,2,1,22,14,12,9,225.0,8175.0,805.0,0.1,43,4,7,16,Gold,5,1
ANCHOR_LOYAL_W_COMPLAINT_017,1,35,Computer,1,10,Credit Card,Male,5,3,Electronics,2,Married,2,1,22,12,10,7,228.0,8046.0,845.0,0.1,47,1,6,13,Gold,4,2
ANCHOR_LOYAL_W_COMPLAINT_018,0,38,Computer,1,15,Credit Card,Male,3,2,Electronics,2,Married,3,1,19,12,10,7,248.0,8315.0,855.0,0.1,44,1,7,12,Gold,3,1
ANCHOR_LOYAL_W_COMPLAINT_019,0,35,Computer,1,10,Credit Card,Male,5,3,Electronics,4,Married,1,1,22,11,10,6,228.0,8250.0,783.0,0.1,45,2,5,14,Gold,3,3
ANCHOR_LOYAL_W_COMPLAINT_020,1,36,Computer,1,10,Credit Card,Male,3,2,Electronics,4,Married,2,1,18,11,11,7,245.0,8063.0,831.0,0.1,47,3,6,13,Gold,5,1
ANCHOR_LOYAL_W_COMPLAINT_021,1,38,Computer,1,11,Credit Card,Male,5,2,Electronics,2,Married,3,1,18,12,10,7,227.0,8381.0,835.0,0.1,43,1,7,16,Gold,3,1
ANCHOR_LOYAL_W_COMPLAINT_022,1,36,Computer,1,14,Credit Card,Male,3,2,Electronics,2,Married,3,1,19,13,9,7,240.0,8233.0,857.0,0.1,45,5,6,16,Gold,3,2
ANCHOR_LOYAL_W_COMPLAINT_023,0,35,Computer,1,12,Credit Card,Male,4,2,Electronics,4,Married,3,1,18,12,12,9,238.0,8394.0,863.0,0.1,46,1,7,16,Gold,5,1
ANCHOR_LOYAL_W_COMPLAINT_024,0,38,Computer,1,9,Credit Card,Male,4,2,Electronics,3,Married,1,1,22,11,10,10,232.0,8066.0,847.0,0.1,47,1,5,15,Gold,4,2
ANCHOR_LOYAL_W_COMPLAINT_025,0,35,Computer,1,11,Credit Card,Male,4,1,Electronics,4,Married,2,1,21,12,10,7,233.0,8262.0,816.0,0.1,44,5,5,13,Gold,3,1
ANCHOR_LOYAL_W_COMPLAINT_026,0,37,Computer,1,13,Credit Card,Male,3,2,Electronics,2,Married,2,1,22,13,9,7,253.0,8212.0,770.0,0.1,47,3,6,16,Gold,4,3
ANCHOR_LOYAL_W_COMPLAINT_027,1,35,Computer,1,15,Credit Card,Male,5,3,Electronics,2,Married,1,1,22,11,9,8,248.0,8168.0,855.0,0.1,46,2,5,13,Gold,3,3
ANCHOR_LOYAL_W_COMPLAINT_028,0,37,Computer,1,15,Credit Card,Male,4,3,Electronics,3,Married,1,1,21,12,10,9,249.0,8101.0,778.0,0.1,43,1,7,14,Gold,3,3
ANCHOR_LOYAL_W_COMPLAINT_029,1,35,Computer,1,10,Credit Card,Male,5,3,Electronics,3,Married,2,1,19,13,10,4,243.0,8140.0,799.0,0.1,47,3,6,15,Gold,3,1
ANCHOR_LOYAL_W_COMPLAINT_030,0,36,Computer,1,9,Credit Card,Male,3,1,Electronics,4,Married,3,1,18,12,9,4,242.0,8041.0,819.0,0.1,46,1,6,16,Gold,5,3
ANCHOR_LOYAL_W_COMPLAINT_031,0,38,Computer,1,12,Credit Card,Male,4,2,Electronics,4,Married,2,1,22,11,10,8,252.0,8391.0,807.0,0.1,45,5,7,14,Gold,4,1
ANCHOR_LOYAL_W_COMPLAINT_032,0,36,Computer,1,15,Credit Card,Male,4,2,Electronics,3,Married,2,1,18,12,11,4,236.0,8054.0,849.0,0.1,43,2,5,16,Gold,5,3
ANCHOR_LOYAL_W_COMPLAINT_033,0,35,Computer,1,12,Credit Card,Male,5,2,Electronics,2,Married,2,1,22,14,11,5,232.0,8082.0,824.0,0.1,46,5,7,12,Gold,3,2
ANCHOR_LOYAL_W_COMPLAINT_034,1,38,Computer,1,15,Credit Card,Male,4,2,Electronics,3,Married,2,1,21,11,11,4,226.0,8002.0,867.0,0.1,46,3,7,13,Gold,5,2
ANCHOR_LOYAL_W_COMPLAINT_035,0,38,Computer,1,11,Credit Card,Male,3,3,Electronics,4,Married,2,1,19,11,11,7,241.0,8058.0,862.0,0.1,43,3,6,14,Gold,5,3
ANCHOR_LOYAL_W_COMPLAINT_036,0,35,Computer,1,13,Credit Card,Male,3,2,Electronics,2,Married,3,1,18,12,12,5,244.0,8169.0,811.0,0.1,47,1,5,12,Gold,5,1
ANCHOR_LOYAL_W_COMPLAINT_037,1,38,Computer,1,12,Credit Card,Male,3,1,Electronics,3,Married,3,1,18,13,9,10,239.0,8055.0,781.0,0.1,44,1,7,12,Gold,4,1
ANCHOR_LOYAL_W_COMPLAINT_038,0,37,Computer,1,13,Credit Card,Male,5,1,Electronics,4,Married,3,1,21,13,11,6,239.0,8252.0,807.0,0.1,46,2,7,13,Gold,5,1
ANCHOR_LOYAL_W_COMPLAINT_039,0,37,Computer,1,14,Credit Card,Male,4,1,Electronics,3,Married,2,1,21,12,9,7,239.0,8245.0,813.0,0.1,45,3,5,14,Gold,4,1
ANCHOR_LOYAL_W_COMPLAINT_040,1,35,Computer,1,11,Credit Card,Male,5,3,Electronics,4,Married,2,1,19,13,12,9,232.0,8352.0,851.0,0.1,44,2,7,13,Gold,5,2
ANCHOR_LOYAL_W_COMPLAINT_041,1,37,Computer,1,14,Credit Card,Male,3,2,Electronics,3,Married,3,1,22,14,10,8,251.0,8224.0,819.0,0.1,47,4,6,16,Gold,4,2
ANCHOR_LOYAL_W_COMPLAINT_042,1,37,Computer,1,14,Credit Card,Male,3,1,Electronics,2,Married,1,1,20,11,9,4,255.0,8282.0,784.0,0.1,43,5,6,15,Gold,5,3
ANCHOR_LOYAL_W_COMPLAINT_043,1,37,Computer,1,14,Credit Card,Male,5,2,Electronics,3,Married,1,1,18,13,12,7,237.0,8050.0,799.0,0.1,46,2,5,14,Gold,4,2
ANCHOR_LOYAL_W_COMPLAINT_044,0,37,Computer,1,14,Credit Card,Male,4,1,Electronics,3,Married,3,1,18,11,9,7,254.0,8039.0,832.0,0.1,44,5,7,14,Gold,5,1
ANCHOR_LOYAL_W_COMPLAINT_045,0,36,Computer,1,9,Credit Card,Male,4,1,Electronics,4,Married,1,1,21,13,11,4,254.0,8154.0,786.0,0.1,45,3,6,14,Gold,4,1
ANCHOR_LOYAL_W_COMPLAINT_046,1,38,Computer,1,12,Credit Card,Male,5,3,Electronics,3,Married,3,1,19,11,11,5,247.0,8122.0,809.0,0.1,45,3,7,14,Gold,5,3
ANCHOR_LOYAL_W_COMPLAINT_047,0,37,Computer,1,14,Credit Card,Male,3,2,Electronics,2,Married,2,1,20,11,10,7,245.0,8218.0,822.0,0.1,46,2,6,13,Gold,4,2
ANCHOR_LOYAL_W_COMPLAINT_048,1,37,Computer,1,11,Credit Card,Male,5,3,Electronics,4,Married,2,1,20,13,12,10,236.0,8110.0,860.0,0.1,43,2,7,12,Gold,3,2
ANCHOR_LOYAL_W_COMPLAINT_049,1,35,Computer,1,14,Credit Card,Male,5,3,Electronics,2,Married,3,1,22,12,10,5,241.0,8066.0,843.0,0.1,44,5,5,16,Gold,5,3
ANCHOR_LOYAL_W_COMPLAINT_050,1,37,Computer,1,12,Credit Card,Male,4,2,Electronics,3,Married,3,1,21,11,10,7,249.0,8209.0,865.0,0.1,47,5,6,15,Gold,4,1
ANCHOR_LOYAL_W_COMPLAINT_051,0,37,Computer,1,14,Credit Card,Male,3,1,Electronics,2,Married,3,1,20,13,12,9,226.0,8264.0,852.0,0.1,43,4,6,13,Gold,3,1
ANCHOR_LOYAL_W_COMPLAINT_052,1,35,Computer,1,11,Credit Card,Male,4,2,Electronics,3,Married,2,1,19,11,9,4,254.0,8064.0,855.0,0.1,45,2,5,16,Gold,3,3
ANCHOR_LOYAL_W_COMPLAINT_053,0,37,Computer,1,10,Credit Card,Male,4,2,Electronics,4,Married,2,1,19,13,11,9,237.0,8018.0,842.0,0.1,43,4,6,16,Gold,5,2
ANCHOR_LOYAL_W_COMPLAINT_054,0,35,Computer,1,10,Credit Card,Male,5,2,Electronics,2,Married,2,1,21,14,9,8,230.0,8069.0,864.0,0.1,47,1,6,13,Gold,4,2
